{
    "token_address": "0xECAC04D04fecf3db026100A31093D4d708CBca6F",
    "chain": "bsc",
    "token_name": "Temper Dree",
    "analyses": {
        "contract": {
            "contract_name": null,
            "compiler_version": null,
            "license_type": null,
            "implementation": null,
            "source_code": null,
            "abi": null,
            "verified": false,
            "owner": "0x5bc8f087397bfc7cbbdbd12bd3975271c0e448d3",
            "creator": "0x5bc8f087397bfc7cbbdbd12bd3975271c0e448d3",
            "is_hidden_owner": false,
            "is_proxy": null,
            "is_sellable": true,
            "is_hardcoded_owner": null,
            "code_analysis": null
        },
        "holder": {
            "total_holders": 29,
            "holders_list": {
                "0x83d1480abade0f6c97dc9268dd98012b130680e3": {
                    "balance": 1.536855068855249e+21,
                    "percentage_of_total_supply": 0.0002,
                    "percentage_of_circulating_supply": 0.0002
                },
                "0x3ff66467bc0d0ee3914f8702682b6e3d6d6ab2b0": {
                    "balance": 2.5025024108489584e+21,
                    "percentage_of_total_supply": 0.0003,
                    "percentage_of_circulating_supply": 0.0003
                },
                "0x4feb98cb8d3232e3e6fc591b30ba921bc82fd055": {
                    "balance": 4.7068015741876595e+22,
                    "percentage_of_total_supply": 0.0047,
                    "percentage_of_circulating_supply": 0.0047
                },
                "0x27d1609e2f04ea3b2c02d84f5b5ab89034f7bb09": {
                    "balance": 1.8602765948365557e+21,
                    "percentage_of_total_supply": 0.0002,
                    "percentage_of_circulating_supply": 0.0002
                },
                "0xd3b6d0b591e2a95b110c70d3e2cce85db3272593": {
                    "balance": 5.976815544344451e+21,
                    "percentage_of_total_supply": 0.0006,
                    "percentage_of_circulating_supply": 0.0006
                },
                "0x345408563f7a38398db8afade5af5782f5bbabe2": {
                    "balance": 7.207661950293312e+19,
                    "percentage_of_total_supply": 0.0,
                    "percentage_of_circulating_supply": 0.0
                },
                "0x17e91be433aed622a29f7d3cdca12f7c9bba57af": {
                    "balance": 1.78535902750942e+20,
                    "percentage_of_total_supply": 0.0,
                    "percentage_of_circulating_supply": 0.0
                },
                "0x08ab04cdff512b8b5bbf77954a0a790d99b9edf9": {
                    "balance": 1.2615173081013993e+22,
                    "percentage_of_total_supply": 0.0013,
                    "percentage_of_circulating_supply": 0.0013
                },
                "0x75febffccff590b440a67122319bc48db2a36fc4": {
                    "balance": 4.909042332222149e+21,
                    "percentage_of_total_supply": 0.0005,
                    "percentage_of_circulating_supply": 0.0005
                },
                "0xf6383b37cf97c82d2404afa09da9cde3bd11f602": {
                    "balance": 1.5746154698353867e+22,
                    "percentage_of_total_supply": 0.0016,
                    "percentage_of_circulating_supply": 0.0016
                },
                "0x423d16b4323fa9f7f4a79da0be8db7f916a4e47c": {
                    "balance": 1.1754932825771824e+21,
                    "percentage_of_total_supply": 0.0001,
                    "percentage_of_circulating_supply": 0.0001
                },
                "0xfd75d0de4c1da219356323832430e879ad1014e9": {
                    "balance": 1.462439909353705e+22,
                    "percentage_of_total_supply": 0.0015,
                    "percentage_of_circulating_supply": 0.0015
                },
                "0xf07da705951bb74fad8b57bd4f2af876ad0dc354": {
                    "balance": 1.0605566383018603e+20,
                    "percentage_of_total_supply": 0.0,
                    "percentage_of_circulating_supply": 0.0
                },
                "0xf5fc5ab00c88a488b05c3cf202390ba2d595865c": {
                    "balance": 1.457922615701474e+22,
                    "percentage_of_total_supply": 0.0015,
                    "percentage_of_circulating_supply": 0.0015
                },
                "0xdd643962d951863894ee8e1577bbe8c259b9b104": {
                    "balance": 5.306808170136728e+20,
                    "percentage_of_total_supply": 0.0001,
                    "percentage_of_circulating_supply": 0.0001
                },
                "0x45cd96366b94ebaf0166897b96d1b83766fd8409": {
                    "balance": 5.907087448603177e+21,
                    "percentage_of_total_supply": 0.0006,
                    "percentage_of_circulating_supply": 0.0006
                },
                "0x6a68498301cfab6d2a1ca505e5c252e5b9257c15": {
                    "balance": 1.407618839999186e+21,
                    "percentage_of_total_supply": 0.0001,
                    "percentage_of_circulating_supply": 0.0001
                },
                "0xd86ea46721d7bd584dabd37ea4f87d581162f990": {
                    "balance": 5.302717955669744e+21,
                    "percentage_of_total_supply": 0.0005,
                    "percentage_of_circulating_supply": 0.0005
                },
                "0x2e8e47af2d608d2e6c2c04c50cf977bfb634209e": {
                    "balance": 1.5600973357651941e+22,
                    "percentage_of_total_supply": 0.0016,
                    "percentage_of_circulating_supply": 0.0016
                },
                "0xb4369738713ba8ccc602be137e33a5d3bb027c56": {
                    "balance": 3.38744717198835e+18,
                    "percentage_of_total_supply": 0.0,
                    "percentage_of_circulating_supply": 0.0
                },
                "0xabe3101971ecfa09dea1397fe7c7b23fc6fbf9dd": {
                    "balance": 1.3863371731726303e+22,
                    "percentage_of_total_supply": 0.0014,
                    "percentage_of_circulating_supply": 0.0014
                },
                "0x87c5199efbbbb78a239cfb3ba08f605a1f86d133": {
                    "balance": 4.6185476297262964e+21,
                    "percentage_of_total_supply": 0.0005,
                    "percentage_of_circulating_supply": 0.0005
                },
                "0xad4e39a53e2d782561fbb1000267b2ea7c4785b8": {
                    "balance": 6.115580561646153e+21,
                    "percentage_of_total_supply": 0.0006,
                    "percentage_of_circulating_supply": 0.0006
                },
                "0xaadddbb4d5d5f2b5a11e9cc088f80f354fe9c51c": {
                    "balance": 2.775430616916206e+20,
                    "percentage_of_total_supply": 0.0,
                    "percentage_of_circulating_supply": 0.0
                },
                "0xc02360deb2102d7226dc751d3fb72993e91272e4": {
                    "balance": 6.446946987183189e+21,
                    "percentage_of_total_supply": 0.0006,
                    "percentage_of_circulating_supply": 0.0006
                },
                "0xdd1b9ef678c940aab192c4c937f4deabeb2b5b0e": {
                    "balance": 8.942548887532986e+21,
                    "percentage_of_total_supply": 0.0009,
                    "percentage_of_circulating_supply": 0.0009
                },
                "0xefbcdd1a7269b2c57e71cc9d02448b8b4704579c": {
                    "balance": 104482,
                    "percentage_of_total_supply": 0.0,
                    "percentage_of_circulating_supply": 0.0
                },
                "0x0ed943ce24baebf257488771759f9bf482c39706": {
                    "balance": 6.8482467730199716e+19,
                    "percentage_of_total_supply": 0.0,
                    "percentage_of_circulating_supply": 0.0
                }
            },