{
    "token_address": "0x83192cb5Ab04853dE08B4697bb20B931f214DCE4",
    "chain": "bsc",
    "token_name": "Moon Sense",
    "analyses": {
        "contract": {
            "contract_name": null,
            "compiler_version": null,
            "license_type": null,
            "implementation": null,
            "source_code": null,
            "abi": null,
            "verified": false,
            "owner": "0x4a4dc023c9bd472b67f2080f1df4b944382b11a4",
            "creator": "0x4a4dc023c9bd472b67f2080f1df4b944382b11a4",
            "is_hidden_owner": false,
            "is_proxy": null,
            "is_sellable": true,
            "is_hardcoded_owner": null,
            "code_analysis": null
        },
        "holder": {
            "total_holders": 26,
            "holders_list": {
                "0x6d3d9d78ac5129bf64e9b18d2f7df60155b4b59a": {
                    "balance": 1.512660027026733e+23,
                    "percentage_of_total_supply": 15.1266,
                    "percentage_of_circulating_supply": 16.7704
                },
                "0x0a551039c8c5dc9f658cfe578ca3567e161ca4ef": {
                    "balance": 5.634935030294689e+22,
                    "percentage_of_total_supply": 5.6349,
                    "percentage_of_circulating_supply": 6.2473
                },
                "0xa439ecd45cd8222b6fe8a6f098df22c20e911305": {
                    "balance": 9.136436864661537e+21,
                    "percentage_of_total_supply": 0.9136,
                    "percentage_of_circulating_supply": 1.0129
                },
                "0xf0e8704b0874e0f30b25a9911b7537111de0dc6c": {
                    "balance": 6.754876627375177e+21,
                    "percentage_of_total_supply": 0.6755,
                    "percentage_of_circulating_supply": 0.7489
                },
                "0xfdd32dd33e546830e7074ab75cbe7aa5daba460f": {
                    "balance": 4.2134914989712243e+21,
                    "percentage_of_total_supply": 0.4213,
                    "percentage_of_circulating_supply": 0.4671
                },
                "0x17a6a3391f751287fddb76d197c53ce785ea864e": {
                    "balance": 1.7515464953574062e+21,
                    "percentage_of_total_supply": 0.1752,
                    "percentage_of_circulating_supply": 0.1942
                },
                "0xf809a4156b5abd7b74a94d8a99c93ccbdadb7d07": {
                    "balance": 1.7133354615059448e+21,
                    "percentage_of_total_supply": 0.1713,
                    "percentage_of_circulating_supply": 0.19
                },
                "0x6f75810d4e90d9eac81640e29103cd0ba774d1ea": {
                    "balance": 1.700980160160777e+21,
                    "percentage_of_total_supply": 0.1701,
                    "percentage_of_circulating_supply": 0.1886
                },
                "0x2d42fe146950f7045d464fb9e03fbb88f3bd170e": {
                    "balance": 1.236404137420223e+21,
                    "percentage_of_total_supply": 0.1236,
                    "percentage_of_circulating_supply": 0.1371
                },
                "0x63cbea20f4e6339982f856b2ff57dd052767d11c": {
                    "balance": 7.283898999372616e+20,
                    "percentage_of_total_supply": 0.0728,
                    "percentage_of_circulating_supply": 0.0808
                },
                "0xb6d00d9e25d12401cef73ea04b7f3a82ddcf1133": {
                    "balance": 4.7400853215357875e+20,
                    "percentage_of_total_supply": 0.0474,
                    "percentage_of_circulating_supply": 0.0526
                },
                "0x171e92471be718e685f578ff54466af040f3d9fe": {
                    "balance": 4.7233608128817444e+20,
                    "percentage_of_total_supply": 0.0472,
                    "percentage_of_circulating_supply": 0.0524
                },
                "0x3ee23460f4ea12ad5f7d6dac5d188b2e8b60a859": {
                    "balance": 2.0120858966260292e+20,
                    "percentage_of_total_supply": 0.0201,
                    "percentage_of_circulating_supply": 0.0223
                },
                "0x93680debaa20ca94e969d671dfe2e12dec8d863c": {
                    "balance": 1.1637324235250434e+20,
                    "percentage_of_total_supply": 0.0116,
                    "percentage_of_circulating_supply": 0.0129
                },
                "0xdf82180d69858c3c7179b1302bfcf9121f7926dc": {
                    "balance": 9.318544525388402e+19,
                    "percentage_of_total_supply": 0.0093,
                    "percentage_of_circulating_supply": 0.0103
                },
                "0x0fceba7b6fb65e5923a45536a5c9dd83b58aabe8": {
                    "balance": 7.919564086431012e+19,
                    "percentage_of_total_supply": 0.0079,
                    "percentage_of_circulating_supply": 0.0088
                },
                "0x6310f86264f2e48d3a3581f5445e8c583305e811": {
                    "balance": 2.0698388777186337e+19,
                    "percentage_of_total_supply": 0.0021,
                    "percentage_of_circulating_supply": 0.0023
                },
                "0x2ae018d4ce7d267d69a9e4aab9482472d71fdda1": {
                    "balance": 1.9004403053239374e+19,
                    "percentage_of_total_supply": 0.0019,
                    "percentage_of_circulating_supply": 0.0021
                },
                "0x544341efcb54da0a81d5e2d9ab38b8f60cb80369": {
                    "balance": 1.5098158184655413e+19,
                    "percentage_of_total_supply": 0.0015,
                    "percentage_of_circulating_supply": 0.0017
                },
                "0xfdb7149e27d7e43dd668d72dc9dc1ae69c8297f0": {
                    "balance": 6.039123212818783e+18,
                    "percentage_of_total_supply": 0.0006,
                    "percentage_of_circulating_supply": 0.0007
                },
                "0xc6227e27df04f922140ceef503442506fe610149": {
                    "balance": 4.127450310008277e+18,
                    "percentage_of_total_supply": 0.0004,
                    "percentage_of_circulating_supply": 0.0005
                },
                "0x5d5c8ca86348b97cabae2ca9788cd027249dd9b9": {
                    "balance": 3.5160225977545513e+18,
                    "percentage_of_total_supply": 0.0004,
                    "percentage_of_circulating_supply": 0.0004
                },
                "0x5f4930b21ec909f4b909b56f81f6b1a2f439047e": {
                    "balance": 2.293584343829912e+17,
                    "percentage_of_total_supply": 0.0,
                    "percentage_of_circulating_supply": 0.0
                },
                "0x2143a39a1bc8bd290c1273432f649516d798f5ba": {
                    "balance": 2600604641682.0,
                    "percentage_of_total_supply": 0.0,
                    "percentage_of_circulating_supply": 0.0
                },
                "0xab178e1650d527bc26d5cb80be4e725b1e44adda": {
                    "balance": 3780589.0,
                    "percentage_of_total_supply": 0.0,
                    "percentage_of_circulating_supply": 0.0
                }
            },
            "total_supply": 1e+24,
            "total_circulating_supply": 9.01982656481579e+23,
            "owner": {
                "address": "0x4a4dc023c9bd472b67f2080f1df4b944382b11a4",
                "balance": 5.6760947837340245e+23,
                "percentage_of_supply": 62.9897,
                "exceeds_5_percent": true
            },
            "creator": {},
            "holders_exceeding_5_percent": [
                {
                    "address": "0x4a4dc023c9bd472b67f2080f1df4b944382b11a4",
                    "balance": 5.6760947837340245e+23,
                    "percentage_of_supply": 62.9291
                },
                {
                    "address": "0x6d3d9d78ac5129bf64e9b18d2f7df60155b4b59a",