{
    "token_address": "0xA2f4bEd518AA567996fec150f53871d30Ee9Aa15",
    "chain": "bsc",
    "token_name": "Vertex Labs",
    "analyses": {
        "contract": {
            "contract_name": null,
            "compiler_version": null,
            "license_type": null,
            "implementation": null,
            "source_code": null,
            "abi": null,
            "verified": false,
            "owner": "0x6acad119a43f569cb6f660962eb374304e4488a1",
            "creator": "0x6acad119a43f569cb6f660962eb374304e4488a1",
            "is_hidden_owner": false,
            "is_proxy": null,
            "is_sellable": true,
            "is_hardcoded_owner": null,
            "code_analysis": {
                "total_matches": 0,
                "patterns_found": {}
            }
        },
        "holder": {
            "total_holders": 40,
            "holders_list": {
                "0x36d500c838724be6eccb5d3f4f66beaa5dc9cb8d": {
                    "balance": 0.001926431059250283,
                    "percentage_of_total_supply": 1.926431059250283e-10,
                    "percentage_of_circulating_supply": 1.926431059250283e-10
                },
                "0x727dc797271905e1f26599bebd9851863c11fb28": {
                    "balance": 1476.4512907089115,
                    "percentage_of_total_supply": 0.00014764512907089117,
                    "percentage_of_circulating_supply": 0.00014764512907089117
                },
                "0x10a32229b7b3c1b1536d3fe4782312a94e02bd0b": {
                    "balance": 44.63473531159246,
                    "percentage_of_total_supply": 4.463473531159246e-06,
                    "percentage_of_circulating_supply": 4.463473531159246e-06
                },
                "0xe1f9447e77a35d2e9dc7338ef924ff5448412fb8": {
                    "balance": 960.1209100113102,
                    "percentage_of_total_supply": 9.601209100113102e-05,
                    "percentage_of_circulating_supply": 9.601209100113102e-05
                },
                "0xbc6d3291d955ec37f0108a2c2d87622653ffbf5f": {
                    "balance": 259.61852651733165,
                    "percentage_of_total_supply": 2.5961852651733162e-05,
                    "percentage_of_circulating_supply": 2.5961852651733162e-05
                },
                "0x14ac2b632138b189dc92d3fdc0cb7d84f0ce8956": {
                    "balance": 36.9115219716917,
                    "percentage_of_total_supply": 3.6911521971691703e-06,
                    "percentage_of_circulating_supply": 3.6911521971691703e-06
                },
                "0xa2e473dc3139aa3533a1656b3d32a6f1f5c52b5c": {
                    "balance": 67.92422105333266,
                    "percentage_of_total_supply": 6.792422105333266e-06,
                    "percentage_of_circulating_supply": 6.792422105333266e-06
                },
                "0x0ed943ce24baebf257488771759f9bf482c39706": {
                    "balance": 122.80387549034562,
                    "percentage_of_total_supply": 1.2280387549034562e-05,
                    "percentage_of_circulating_supply": 1.2280387549034562e-05
                },
                "0xf1d3d4406752c5ddec8dc56ef44e69bf642adb54": {
                    "balance": 122.07326641000307,
                    "percentage_of_total_supply": 1.2207326641000306e-05,
                    "percentage_of_circulating_supply": 1.2207326641000306e-05
                },
                "0x4c34f04c9fa210c77224083a4d2ca55c4b961aeb": {
                    "balance": 119.94865328109147,
                    "percentage_of_total_supply": 1.1994865328109148e-05,
                    "percentage_of_circulating_supply": 1.1994865328109148e-05
                },
                "0x85853f9c17451ac9d8fc9db5989641569d733b59": {
                    "balance": 134.00907941170905,
                    "percentage_of_total_supply": 1.3400907941170906e-05,
                    "percentage_of_circulating_supply": 1.3400907941170906e-05
                },
                "0xcc1caec132f098f5f9530117b741f07d228a2a2d": {
                    "balance": 737424.2240877919,
                    "percentage_of_total_supply": 0.07374242240877918,
                    "percentage_of_circulating_supply": 0.07374242240877918
                },
                "0xc19871132ff68d40ae80857ce033a617efacd969": {
                    "balance": 857.4953671856143,
                    "percentage_of_total_supply": 8.574953671856144e-05,
                    "percentage_of_circulating_supply": 8.574953671856144e-05
                },
                "0x68d1b4a374b1513de2035bfd9db1b00f2e7cf28c": {
                    "balance": 54.08073381312175,
                    "percentage_of_total_supply": 5.4080733813121755e-06,
                    "percentage_of_circulating_supply": 5.4080733813121755e-06
                },
                "0xcff49baeb89f42547ddb9cae059dfd6501eaa6cd": {
                    "balance": 2786.5971895589673,
                    "percentage_of_total_supply": 0.0002786597189558967,
                    "percentage_of_circulating_supply": 0.0002786597189558967
                },
                "0xb8712c7d1bf661d27b236ad508cacd7830cf3076": {
                    "balance": 1532.2406432029572,
                    "percentage_of_total_supply": 0.0001532240643202957,
                    "percentage_of_circulating_supply": 0.0001532240643202957
                },
                "0x54c96e952ba691158359aa4a154eeb1ffb5fb387": {
                    "balance": 587.0656648691483,
                    "percentage_of_total_supply": 5.8706566486914835e-05,
                    "percentage_of_circulating_supply": 5.8706566486914835e-05
                },
                "0xbc4c55c11bd6cd12701d7534710d0eddaac99289": {
                    "balance": 12119.564777078158,
                    "percentage_of_total_supply": 0.0012119564777078157,
                    "percentage_of_circulating_supply": 0.0012119564777078157
                },
                "0x79c2c7f6f67bec1a1187f56bf4c231142be60784": {
                    "balance": 19.940343634945307,
                    "percentage_of_total_supply": 1.9940343634945306e-06,
                    "percentage_of_circulating_supply": 1.9940343634945306e-06
                },
                "0x6acad119a43f569cb6f660962eb374304e4488a1": {
                    "balance": 999225954.2596964,
                    "percentage_of_total_supply": 99.92259542596963,
                    "percentage_of_circulating_supply": 99.92259542596963
                },
                "0x7a38169cdcac3082d0565dc6ccc729e3ae8e32c7": {
                    "balance": 251.76999760945236,
                    "percentage_of_total_supply": 2.5176999760945235e-05,
                    "percentage_of_circulating_supply": 2.5176999760945235e-05
                },
                "0x02a3d949c3f58551bb6c958a7f19a61ab2ab5619": {
                    "balance": 50.74667594171387,
                    "percentage_of_total_supply": 5.074667594171387e-06,
                    "percentage_of_circulating_supply": 5.074667594171387e-06
                },
                "0x7534a6ae921f9315196105a879d69eaf35024bd7": {
                    "balance": 61.10432065685769,
                    "percentage_of_total_supply": 6.1104320656857695e-06,
                    "percentage_of_circulating_supply": 6.1104320656857695e-06
                },
                "0x57f9fc3a41f45f34836651c73b2cd6a74b4111f5": {
                    "balance": 2.0,
                    "percentage_of_total_supply": 2.0000000000000002e-07,
                    "percentage_of_circulating_supply": 2.0000000000000002e-07
                },
                "0x2d9a588ff52a45bd1ef1cf80560f95276e42af04": {
                    "balance": 460.5395034527136,
                    "percentage_of_total_supply": 4.605395034527136e-05,
                    "percentage_of_circulating_supply": 4.605395034527136e-05
                },