{
    "token_address": "0x0788D570a89438d233f8D04A3bb81C5D3D7f04c1",
    "chain": "bsc",
    "token_name": "Hype Beast",
    "analyses": {
        "contract": {
            "contract_name": null,
            "compiler_version": null,
            "license_type": null,
            "implementation": null,
            "source_code": null,
            "abi": null,
            "verified": false,
            "owner": "0xda5c193c177a56380989331c0bb6bdc5ec42c892",
            "creator": "0xda5c193c177a56380989331c0bb6bdc5ec42c892",
            "is_hidden_owner": false,
            "is_proxy": null,
            "is_sellable": true,
            "is_hardcoded_owner": null,
            "code_analysis": {
                "total_matches": 0,
                "patterns_found": {}
            }
        },
        "holder": {
            "total_holders": 35,
            "holders_list": {
                "0xde80d023e47df3182e37501c02173d8ed1249b65": {
                    "balance": 379112492358784.9,
                    "percentage_of_total_supply": 37.911249235878486,
                    "percentage_of_circulating_supply": 37.911249235878486
                },
                "0xda5c193c177a56380989331c0bb6bdc5ec42c892": {
                    "balance": 278675061847501.6,
                    "percentage_of_total_supply": 27.867506184750162,
                    "percentage_of_circulating_supply": 27.867506184750162
                },
                "0xd18076982e8822e6d52c9e8a2171b7264546ac61": {
                    "balance": 37762792196316.85,
                    "percentage_of_total_supply": 3.7762792196316854,
                    "percentage_of_circulating_supply": 3.7762792196316854
                },
                "0xaeadaec053acb9d5c5acfaafb49cd3ae592fb3d0": {
                    "balance": 36587274111729.086,
                    "percentage_of_total_supply": 3.658727411172909,
                    "percentage_of_circulating_supply": 3.658727411172909
                },
                "0x2b72f0a2e5269951e3bcbeb50e8e35f182043f79": {
                    "balance": 33677984321470.855,
                    "percentage_of_total_supply": 3.3677984321470857,
                    "percentage_of_circulating_supply": 3.3677984321470857
                },
                "0x2704a1d0c6736f11ca3b019b0e1436b577511272": {
                    "balance": 33028386734172.375,
                    "percentage_of_total_supply": 3.3028386734172375,
                    "percentage_of_circulating_supply": 3.3028386734172375
                },
                "0x5f887510582347b5f5dec9f14a6320c6be31945e": {
                    "balance": 29646200439982.93,
                    "percentage_of_total_supply": 2.9646200439982935,
                    "percentage_of_circulating_supply": 2.9646200439982935
                },
                "0x67fa7b76e9e678d12a7703b75b81a83d34bd3f39": {
                    "balance": 22021857339746.484,
                    "percentage_of_total_supply": 2.2021857339746487,
                    "percentage_of_circulating_supply": 2.2021857339746487
                },
                "0x2397649f170e701f018e1d5d3638441e14d996ce": {
                    "balance": 20982153213405.184,
                    "percentage_of_total_supply": 2.0982153213405184,
                    "percentage_of_circulating_supply": 2.0982153213405184
                },
                "0xef5a1537f91da32e1dce0689176246879ce066c3": {
                    "balance": 17982162184728.44,
                    "percentage_of_total_supply": 1.7982162184728443,
                    "percentage_of_circulating_supply": 1.7982162184728443
                },
                "0xdc1b379ac9eeed4ad72faee78bbbabc8a4c03056": {
                    "balance": 17828693967677.12,
                    "percentage_of_total_supply": 1.7828693967677123,
                    "percentage_of_circulating_supply": 1.7828693967677123
                },
                "0xe09d2005d8bf9bc3f7ae0fe0e93531a9a10f1beb": {
                    "balance": 13774227537298.332,
                    "percentage_of_total_supply": 1.3774227537298334,
                    "percentage_of_circulating_supply": 1.3774227537298334
                },
                "0x73be4fe724f7072c39bc599cf6a1cf6ca423c725": {
                    "balance": 12887573016004.465,
                    "percentage_of_total_supply": 1.2887573016004465,
                    "percentage_of_circulating_supply": 1.2887573016004465
                },
                "0x21675937469b07717a39bcd76cfb60c4ddf0e475": {
                    "balance": 10545324537804.56,
                    "percentage_of_total_supply": 1.0545324537804561,
                    "percentage_of_circulating_supply": 1.0545324537804561
                },
                "0xac987c7d97177fca9b07548f21a0b5166c8c08d3": {
                    "balance": 8918386141726.148,
                    "percentage_of_total_supply": 0.8918386141726149,
                    "percentage_of_circulating_supply": 0.8918386141726149
                },
                "0xd159d70175c75cb7b38fd9e471e167429a72f2d7": {
                    "balance": 8905904348373.08,
                    "percentage_of_total_supply": 0.8905904348373079,
                    "percentage_of_circulating_supply": 0.8905904348373079
                },
                "0x335e57d42f6cf43988bb1964b30d3742a3e4cdd3": {
                    "balance": 6887562362038.875,
                    "percentage_of_total_supply": 0.6887562362038875,
                    "percentage_of_circulating_supply": 0.6887562362038875
                },
                "0x49ff011b63341c11fe09a20583768e2ff9580bc1": {
                    "balance": 5672799186928.011,
                    "percentage_of_total_supply": 0.5672799186928011,
                    "percentage_of_circulating_supply": 0.5672799186928011
                },
                "0x5db043cd64042879ef2da5cdb2790b69adc31a91": {
                    "balance": 5392963803819.688,
                    "percentage_of_total_supply": 0.5392963803819688,
                    "percentage_of_circulating_supply": 0.5392963803819688
                },
                "0x6bb8394e42876b6905505fa62d14dd44efece413": {
                    "balance": 4894483817085.845,
                    "percentage_of_total_supply": 0.4894483817085845,
                    "percentage_of_circulating_supply": 0.4894483817085845
                },
                "0xaebfb97eda8fd65d1f85f5429ce0344fe0bf8b38": {
                    "balance": 3431800658569.3726,
                    "percentage_of_total_supply": 0.34318006585693733,
                    "percentage_of_circulating_supply": 0.34318006585693733
                },
                "0xfd0af3427444d557bf8a9bec1174e07497d0e1ba": {
                    "balance": 2618127415534.2227,
                    "percentage_of_total_supply": 0.26181274155342227,
                    "percentage_of_circulating_supply": 0.26181274155342227
                },
                "0x328eade6fcf958b1c88aeddee60409659582d8d0": {
                    "balance": 2500000000000.0,
                    "percentage_of_total_supply": 0.25,
                    "percentage_of_circulating_supply": 0.25
                },
                "0x2229408d75fd753a5df1f2fd8b09188a5e03265c": {
                    "balance": 1692008743354.5442,
                    "percentage_of_total_supply": 0.16920087433545442,
                    "percentage_of_circulating_supply": 0.16920087433545442
                },
                "0xdb93fa164c04ad4692ede927bde68658827aafc1": {
                    "balance": 1557004861590.5264,
                    "percentage_of_total_supply": 0.15570048615905266,
                    "percentage_of_circulating_supply": 0.15570048615905266
                },
                "0xef93e77199a937bed5a73c02c9145124838a0175": {
                    "balance": 1094982576831.4341,