{
    "token_address": "0xB5DFb9021F2A6041D3cFE6fca2F68dB20EA1Cf92",
    "chain": "bsc",
    "token_name": "SpaceAssMoon",
    "analyses": {
        "contract": {
            "contract_name": null,
            "compiler_version": null,
            "license_type": null,
            "implementation": null,
            "source_code": null,
            "abi": null,
            "verified": false,
            "owner": null,
            "creator": "0x6b79a54b6d30e71eab11c1a05f0d5687b384c7ac",
            "is_hidden_owner": true,
            "is_proxy": null,
            "is_sellable": true,
            "is_hardcoded_owner": null,
            "code_analysis": {
                "total_matches": 0,
                "patterns_found": {}
            }
        },
        "holder": {
            "total_holders": 5,
            "holders_list": {
                "0x6b79a54b6d30e71eab11c1a05f0d5687b384c7ac": {
                    "balance": 9.999498164380576e+16,
                    "percentage_of_total_supply": 99.99498164380576,
                    "percentage_of_circulating_supply": 99.99498164380576
                },
                "0x2be87ad70cf11ea294d7c42044b5b8277a3e4874": {
                    "balance": 1659703718810.5935,
                    "percentage_of_total_supply": 0.0016597037188105935,
                    "percentage_of_circulating_supply": 0.0016597037188105935
                },
                "0x43d4b4551bc9cd2f1770e5fc59b043043a80d167": {
                    "balance": 1641632404759.1433,
                    "percentage_of_total_supply": 0.0016416324047591434,
                    "percentage_of_circulating_supply": 0.0016416324047591434
                },
                "0xcb692809bf98a8201648b3c81f7231230f5cdfb1": {
                    "balance": 1635670245591.7017,
                    "percentage_of_total_supply": 0.0016356702455917016,
                    "percentage_of_circulating_supply": 0.0016356702455917016
                },
                "0xc62c96f9499be6a888efdb59fa953bfaf50750ae": {
                    "balance": 81349825088.50824,
                    "percentage_of_total_supply": 8.134982508850823e-05,
                    "percentage_of_circulating_supply": 8.134982508850823e-05
                }
            },
            "total_supply": 1e+17,
            "total_circulating_supply": 1e+17,
            "owner": {},
            "creator": {
                "address": "0x6b79a54b6d30e71eab11c1a05f0d5687b384c7ac",
                "balance": 9.999498164380576e+16,
                "percentage_of_circulating_supply": 99.99498164380576,
                "exceeds_5_percent": true
            },
            "holders_exceeding_5_percent_circulating": [],
            "howmany_holders_exceeding_5_percent_circulating": 0,
            "top_10_holders": [
                {
                    "address": "0x6b79a54b6d30e71eab11c1a05f0d5687b384c7ac",
                    "balance": 9.999498164380576e+16,
                    "percentage_of_total_supply": 99.99498164380576,
                    "percentage_of_circulating_supply": 99.99498164380576
                },
                {
                    "address": "0x2be87ad70cf11ea294d7c42044b5b8277a3e4874",
                    "balance": 1659703718810.5935,
                    "percentage_of_total_supply": 0.0016597037188105935,
                    "percentage_of_circulating_supply": 0.0016597037188105935
                },
                {
                    "address": "0x43d4b4551bc9cd2f1770e5fc59b043043a80d167",
                    "balance": 1641632404759.1433,
                    "percentage_of_total_supply": 0.0016416324047591434,
                    "percentage_of_circulating_supply": 0.0016416324047591434
                },
                {
                    "address": "0xcb692809bf98a8201648b3c81f7231230f5cdfb1",
                    "balance": 1635670245591.7017,
                    "percentage_of_total_supply": 0.0016356702455917016,
                    "percentage_of_circulating_supply": 0.0016356702455917016
                },
                {
                    "address": "0xc62c96f9499be6a888efdb59fa953bfaf50750ae",
                    "balance": 81349825088.50824,
                    "percentage_of_total_supply": 8.134982508850823e-05,
                    "percentage_of_circulating_supply": 8.134982508850823e-05
                }
            ],
            "total_top_10_balance": 1.0000000000000002e+17,
            "top10_percentage_of_total_supply": 100.00000000000003,
            "top10_percentage_of_circulating_supply": 100.00000000000003,
            "top_10_less_than_70_percent_of_total": false,
            "top_10_less_than_70_percent_of_circulating": false
        },
        "liquidity": {
            "price_usd": 1.2128829509977957e-18,
            "liquidity_usd": 1.9733563183300875e-07,
            "market_cap_usd": 0.12128829509977958,
            "liquidity_to_market_cap_ratio": 1.6269965017701645e-06,
            "token_volume": 204416798085310.22,
            "volume_usd": 0.0002479336492952316,
            "volume_to_liquidity_ratio": 1256.4058857096848,
            "locked_liquidity_percent": 0.0,
            "locked_95_for_15_days": false,
            "creator_under_5_percent": false,
            "creator_percent_of_lp": 99.995,
            "owner_under_5_percent": true,
            "owner_percent_of_lp": 0.0,
            "total_lp_supply": 2598.13267922035,
            "lp_holders_count": 2,
            "lp_holders": [
                {
                    "address": "0x8cc7bc33f5188b1fb683bedc4dbffa77b136833b",
                    "balance": 2598.13267922035,
                    "is_locked": false,
                    "percent": 100.0,
                    "tag": ""
                },
                {
                    "address": "0x0000000000000000000000000000000000000000",
                    "balance": 1e-15,
                    "is_locked": true,
                    "percent": 0.0,
                    "tag": "Null Address"
                }
            ]
        },
        "security": {
            "warnings": null,
            "homany_warnings": 0,
            "suspicious_urls": null,
            "howmany_suspicious_urls": 0,
            "suspicious_addresses": null,
            "howmany_suspicious_addresses": 0,
            "error": "Security analysis data not available."
        },
        "lifecycle": {
            "token_age_seconds": 128274750.765236,
            "token_creation_date": "2021-08-02T17:38:58",
            "creation_to_first_trade_seconds": 0.0,
            "creation_to_first_trade_blocks": 0,
            "last_tx_hash": "0x29cf8b427f134f4df09f5ce20232d14b58524ed5d2ce39e316eaaa70527198be",
            "last_active_age": "2021-08-02T17:39:43",
            "inactive_days": 1484.660976074861
        }
    },
    "errors": []
}