{
    "token_address": "0x0f79Da55A9b2DE57B74C5b3Dcf0dAe9153CeAfAa",
    "chain": "bsc",
    "token_name": "MoonShots",
    "analyses": {
        "contract": {
            "contract_name": null,
            "compiler_version": null,
            "license_type": null,
            "implementation": null,
            "source_code": null,
            "abi": null,
            "verified": false,
            "owner": "0x351f76e5ac5d6005eaa7dc3c3b6f3805656e5d13",
            "creator": "0x351f76e5ac5d6005eaa7dc3c3b6f3805656e5d13",
            "is_hidden_owner": false,
            "is_proxy": null,
            "is_sellable": true,
            "is_hardcoded_owner": null,
            "code_analysis": {
                "total_matches": 0,
                "patterns_found": {}
            }
        },
        "holder": {
            "total_holders": 9,
            "holders_list": {
                "0x351f76e5ac5d6005eaa7dc3c3b6f3805656e5d13": {
                    "balance": 376364537003406.06,
                    "percentage_of_total_supply": 37.63645370034061,
                    "percentage_of_circulating_supply": 37.63645370034061
                },
                "0xf9c06fe6f8ae07ae3341d893a39b77dd3304ac5a": {
                    "balance": 244123841730573.88,
                    "percentage_of_total_supply": 24.412384173057387,
                    "percentage_of_circulating_supply": 24.412384173057387
                },
                "0x2088c5a6aa38ee59ab241020bb3b6c5f1b495b2f": {
                    "balance": 153520584840323.2,
                    "percentage_of_total_supply": 15.352058484032321,
                    "percentage_of_circulating_supply": 15.352058484032321
                },
                "0xf3555258126cbb12574728511b492ebc8e94276f": {
                    "balance": 84784598305094.61,
                    "percentage_of_total_supply": 8.478459830509461,
                    "percentage_of_circulating_supply": 8.478459830509461
                },
                "0xc9ceb7027c65fc4a28360888f03cbba99c202bdc": {
                    "balance": 66407012079666.16,
                    "percentage_of_total_supply": 6.640701207966616,
                    "percentage_of_circulating_supply": 6.640701207966616
                },
                "0xf135b530c1034d3b46d10d4ddebf655991626adb": {
                    "balance": 60190025455837.34,
                    "percentage_of_total_supply": 6.019002545583735,
                    "percentage_of_circulating_supply": 6.019002545583735
                },
                "0x0042bbc95de63341111d706623a250e6d833ba09": {
                    "balance": 7251692282064.701,
                    "percentage_of_total_supply": 0.7251692282064701,
                    "percentage_of_circulating_supply": 0.7251692282064701
                },
                "0xcd46a1fe658fdaecf39da6dea5b8234f02c9ae21": {
                    "balance": 7217816907621.54,
                    "percentage_of_total_supply": 0.721781690762154,
                    "percentage_of_circulating_supply": 0.721781690762154
                },
                "0xc3b46243e5bb1988742b21b373d5c8ecb85223c0": {
                    "balance": 139891395412.46826,
                    "percentage_of_total_supply": 0.01398913954124683,
                    "percentage_of_circulating_supply": 0.01398913954124683
                }
            },
            "total_supply": 1000000000000000.0,
            "total_circulating_supply": 1000000000000000.0,
            "owner": {
                "address": "0x351f76e5ac5d6005eaa7dc3c3b6f3805656e5d13",
                "balance": 376364537003406.06,
                "percentage_of_circulating_supply": 37.63645370034061,
                "exceeds_5_percent": true
            },
            "creator": {
                "address": "0x351f76e5ac5d6005eaa7dc3c3b6f3805656e5d13",
                "balance": 376364537003406.06,
                "percentage_of_circulating_supply": 37.63645370034061,
                "exceeds_5_percent": true
            },
            "holders_exceeding_5_percent_circulating": [
                {
                    "address": "0xf9c06fe6f8ae07ae3341d893a39b77dd3304ac5a",
                    "balance": 244123841730573.88,
                    "percentage_of_supply": 24.412384173057387
                },
                {
                    "address": "0x2088c5a6aa38ee59ab241020bb3b6c5f1b495b2f",
                    "balance": 153520584840323.2,
                    "percentage_of_supply": 15.352058484032321
                },
                {
                    "address": "0xf3555258126cbb12574728511b492ebc8e94276f",
                    "balance": 84784598305094.61,
                    "percentage_of_supply": 8.478459830509461
                },
                {
                    "address": "0xc9ceb7027c65fc4a28360888f03cbba99c202bdc",
                    "balance": 66407012079666.16,
                    "percentage_of_supply": 6.640701207966616
                },
                {
                    "address": "0xf135b530c1034d3b46d10d4ddebf655991626adb",
                    "balance": 60190025455837.34,
                    "percentage_of_supply": 6.019002545583735
                }
            ],
            "howmany_holders_exceeding_5_percent_circulating": 5,
            "top_10_holders": [
                {
                    "address": "0x351f76e5ac5d6005eaa7dc3c3b6f3805656e5d13",
                    "balance": 376364537003406.06,
                    "percentage_of_total_supply": 37.63645370034061,
                    "percentage_of_circulating_supply": 37.63645370034061
                },
                {
                    "address": "0xf9c06fe6f8ae07ae3341d893a39b77dd3304ac5a",
                    "balance": 244123841730573.88,
                    "percentage_of_total_supply": 24.412384173057387,
                    "percentage_of_circulating_supply": 24.412384173057387
                },
                {
                    "address": "0x2088c5a6aa38ee59ab241020bb3b6c5f1b495b2f",
                    "balance": 153520584840323.2,
                    "percentage_of_total_supply": 15.352058484032321,
                    "percentage_of_circulating_supply": 15.352058484032321
                },
                {
                    "address": "0xf3555258126cbb12574728511b492ebc8e94276f",
                    "balance": 84784598305094.61,
                    "percentage_of_total_supply": 8.478459830509461,
                    "percentage_of_circulating_supply": 8.478459830509461
                },
                {
                    "address": "0xc9ceb7027c65fc4a28360888f03cbba99c202bdc",
                    "balance": 66407012079666.16,
                    "percentage_of_total_supply": 6.640701207966616,
                    "percentage_of_circulating_supply": 6.640701207966616
                },
                {
                    "address": "0xf135b530c1034d3b46d10d4ddebf655991626adb",
                    "balance": 60190025455837.34,
                    "percentage_of_total_supply": 6.019002545583735,
                    "percentage_of_circulating_supply": 6.019002545583735
                },
                {
                    "address": "0x0042bbc95de63341111d706623a250e6d833ba09",
                    "balance": 7251692282064.701,
                    "percentage_of_total_supply": 0.7251692282064701,
                    "percentage_of_circulating_supply": 0.7251692282064701
                },
                {
                    "address": "0xcd46a1fe658fdaecf39da6dea5b8234f02c9ae21",
                    "balance": 7217816907621.54,
                    "percentage_of_total_supply": 0.721781690762154,
                    "percentage_of_circulating_supply": 0.721781690762154
                },
                {
                    "address": "0xc3b46243e5bb1988742b21b373d5c8ecb85223c0",
                    "balance": 139891395412.46826,