{
    "token_address": "0xc82cbD2184412995F8B1b1597e01797B1492Df6a",
    "chain": "bsc",
    "token_name": "Typerium",
    "analyses": {
        "contract": {
            "contract_name": null,
            "compiler_version": null,
            "license_type": null,
            "implementation": null,
            "source_code": null,
            "abi": null,
            "verified": false,
            "owner": "0x7b0203b954dcc412237705bc4583c98266218a0f",
            "creator": "0x7b0203b954dcc412237705bc4583c98266218a0f",
            "is_hidden_owner": false,
            "is_proxy": null,
            "is_sellable": true,
            "is_hardcoded_owner": null,
            "code_analysis": {
                "total_matches": 0,
                "patterns_found": {}
            }
        },
        "holder": {
            "total_holders": 2,
            "holders_list": {
                "0x510a7f9c343e1697b35ed36f3c2185961e3ca0e7": {
                    "balance": 0.000369749,
                    "percentage_of_total_supply": 3.69749e-08,
                    "percentage_of_circulating_supply": 3.825797781838588e-08
                },
                "0x7b0203b954dcc412237705bc4583c98266218a0f": {
                    "balance": 932924.953245062,
                    "percentage_of_total_supply": 93.29249532450619,
                    "percentage_of_circulating_supply": 96.5298680117276
                }
            },
            "total_supply": 1000000.0,
            "total_circulating_supply": 966462.4768074055,
            "owner": {
                "address": "0x7b0203b954dcc412237705bc4583c98266218a0f",
                "balance": 932924.953245062,
                "percentage_of_circulating_supply": 96.5298680117276,
                "exceeds_5_percent": true
            },
            "creator": {
                "address": "0x7b0203b954dcc412237705bc4583c98266218a0f",
                "balance": 932924.953245062,
                "percentage_of_circulating_supply": 96.5298680117276,
                "exceeds_5_percent": true
            },
            "holders_exceeding_5_percent_circulating": [],
            "howmany_holders_exceeding_5_percent_circulating": 0,
            "top_10_holders": [
                {
                    "address": "0x7b0203b954dcc412237705bc4583c98266218a0f",
                    "balance": 932924.953245062,
                    "percentage_of_total_supply": 93.29249532450619,
                    "percentage_of_circulating_supply": 96.5298680117276
                },
                {
                    "address": "0x510a7f9c343e1697b35ed36f3c2185961e3ca0e7",
                    "balance": 0.000369749,
                    "percentage_of_total_supply": 3.69749e-08,
                    "percentage_of_circulating_supply": 3.825797781838588e-08
                }
            ],
            "total_top_10_balance": 932924.953614811,
            "top10_percentage_of_total_supply": 93.2924953614811,
            "top10_percentage_of_circulating_supply": 96.52986804998558,
            "top_10_less_than_70_percent_of_total": false,
            "top_10_less_than_70_percent_of_circulating": false
        },
        "liquidity": {
            "price_usd": 125.69873478742225,
            "liquidity_usd": 9.295396297782917e-11,
            "market_cap_usd": 121483110.55420929,
            "liquidity_to_market_cap_ratio": 7.651595563677176e-19,
            "token_volume": 0.0,
            "volume_usd": 0.0,
            "volume_to_liquidity_ratio": 0.0,
            "locked_liquidity_percent": 0.0,
            "locked_95_for_15_days": false,
            "creator_under_5_percent": false,
            "creator_percent_of_lp": 93.2925,
            "owner_under_5_percent": true,
            "owner_percent_of_lp": 0.0,
            "total_lp_supply": 1.21113002e-10,
            "lp_holders_count": 2,
            "lp_holders": [
                {
                    "address": "0x0ed943ce24baebf257488771759f9bf482c39706",
                    "balance": 1.21112002e-10,
                    "is_locked": false,
                    "percent": 99.99917432481774,
                    "tag": ""
                },
                {
                    "address": "0x0000000000000000000000000000000000000000",
                    "balance": 1e-15,
                    "is_locked": true,
                    "percent": 0.0008256751822566,
                    "tag": "Null Address"
                }
            ],
            "error": "Liquidity pool info could not be retrieved."
        },
        "security": {
            "warnings": null,
            "homany_warnings": 0,
            "suspicious_urls": null,
            "howmany_suspicious_urls": 0,
            "suspicious_addresses": null,
            "howmany_suspicious_addresses": 0,
            "error": "Security analysis data not available."
        },
        "lifecycle": {
            "token_age_seconds": 83657079.989977,
            "token_creation_date": "2023-01-01T16:42:06",
            "creation_to_first_trade_seconds": 0.0,
            "creation_to_first_trade_blocks": 0,
            "last_tx_hash": "0xd7ebab385dcaa7b9d1961e598c7b5d139782b23ae616e0e025adc91508a07bb0",
            "last_active_age": "2023-10-10T04:25:30",
            "inactive_days": 686.7648030214004
        }
    },
    "errors": []
}