{
    "token_address": "0x5eF3AE9A8155A717026Ac17bB359F85272AF43Bd",
    "chain": "bsc",
    "token_name": "Rocket Moon",
    "analyses": {
        "contract": {
            "contract_name": null,
            "compiler_version": null,
            "license_type": null,
            "implementation": null,
            "source_code": null,
            "abi": null,
            "verified": false,
            "owner": null,
            "creator": "0x38d6ade31f523b7533f4221b7eb7b864aa39d521",
            "is_hidden_owner": true,
            "is_proxy": null,
            "is_sellable": true,
            "is_hardcoded_owner": null,
            "code_analysis": {
                "total_matches": 0,
                "patterns_found": {}
            }
        },
        "holder": {
            "total_holders": 6,
            "holders_list": {
                "0x38d6ade31f523b7533f4221b7eb7b864aa39d521": {
                    "balance": 6.823977041612758e+16,
                    "percentage_of_total_supply": 98.8982179943878,
                    "percentage_of_circulating_supply": 98.8982179943878
                },
                "0x60172cd1caecc9da2decb191fd0732e61931ce77": {
                    "balance": 457319300387891.0,
                    "percentage_of_total_supply": 0.6627815947650594,
                    "percentage_of_circulating_supply": 0.6627815947650594
                },
                "0xfb1b3cca6808cd6eceae84b744ff077f27baa773": {
                    "balance": 292550883526504.0,
                    "percentage_of_total_supply": 0.423986787719571,
                    "percentage_of_circulating_supply": 0.423986787719571
                },
                "0x8d21f3d473af9a2d7bad7558d55ab3573e291668": {
                    "balance": 5713373120324.0,
                    "percentage_of_total_supply": 0.00828025089902029,
                    "percentage_of_circulating_supply": 0.00828025089902029
                },
                "0x2be87ad70cf11ea294d7c42044b5b8277a3e4874": {
                    "balance": 4367234085079.0,
                    "percentage_of_total_supply": 0.006329324760984058,
                    "percentage_of_circulating_supply": 0.006329324760984058
                },
                "0xaa780f8ad977e342b94be913e3170b32d894c861": {
                    "balance": 278792752617.0,
                    "percentage_of_total_supply": 0.00040404746756086957,
                    "percentage_of_circulating_supply": 0.00040404746756086957
                }
            },
            "total_supply": 6.9e+16,
            "total_circulating_supply": 6.9e+16,
            "owner": {},
            "creator": {
                "address": "0x38d6ade31f523b7533f4221b7eb7b864aa39d521",
                "balance": 6.823977041612758e+16,
                "percentage_of_circulating_supply": 98.8982179943878,
                "exceeds_5_percent": true
            },
            "holders_exceeding_5_percent_circulating": [],
            "howmany_holders_exceeding_5_percent_circulating": 0,
            "top_10_holders": [
                {
                    "address": "0x38d6ade31f523b7533f4221b7eb7b864aa39d521",
                    "balance": 6.823977041612758e+16,
                    "percentage_of_total_supply": 98.8982179943878,
                    "percentage_of_circulating_supply": 98.8982179943878
                },
                {
                    "address": "0x60172cd1caecc9da2decb191fd0732e61931ce77",
                    "balance": 457319300387891.0,
                    "percentage_of_total_supply": 0.6627815947650594,
                    "percentage_of_circulating_supply": 0.6627815947650594
                },
                {
                    "address": "0xfb1b3cca6808cd6eceae84b744ff077f27baa773",
                    "balance": 292550883526504.0,
                    "percentage_of_total_supply": 0.423986787719571,
                    "percentage_of_circulating_supply": 0.423986787719571
                },
                {
                    "address": "0x8d21f3d473af9a2d7bad7558d55ab3573e291668",
                    "balance": 5713373120324.0,
                    "percentage_of_total_supply": 0.00828025089902029,
                    "percentage_of_circulating_supply": 0.00828025089902029
                },
                {
                    "address": "0x2be87ad70cf11ea294d7c42044b5b8277a3e4874",
                    "balance": 4367234085079.0,
                    "percentage_of_total_supply": 0.006329324760984058,
                    "percentage_of_circulating_supply": 0.006329324760984058
                },
                {
                    "address": "0xaa780f8ad977e342b94be913e3170b32d894c861",
                    "balance": 278792752617.0,
                    "percentage_of_total_supply": 0.00040404746756086957,
                    "percentage_of_circulating_supply": 0.00040404746756086957
                }
            ],
            "total_top_10_balance": 6.9e+16,
            "top10_percentage_of_total_supply": 100.0,
            "top10_percentage_of_circulating_supply": 100.0,
            "top_10_less_than_70_percent_of_total": false,
            "top_10_less_than_70_percent_of_circulating": false
        },
        "liquidity": {
            "price_usd": 0.6854823214760227,
            "liquidity_usd": 3.822150065491833e-07,
            "market_cap_usd": 4.729828018184557e+16,
            "liquidity_to_market_cap_ratio": 8.080949351217391e-24,
            "token_volume": 5713373120324.0,
            "volume_usd": 3916416269978.4033,
            "volume_to_liquidity_ratio": 1.0246631353744191e+19,
            "locked_liquidity_percent": 0.0,
            "locked_95_for_15_days": false,
            "creator_under_5_percent": false,
            "creator_percent_of_lp": 98.8982,
            "owner_under_5_percent": true,
            "owner_percent_of_lp": 0.0,
            "total_lp_supply": 6.694361643867e-06,
            "lp_holders_count": 2,
            "lp_holders": [
                {
                    "address": "0x8cc7bc33f5188b1fb683bedc4dbffa77b136833b",
                    "balance": 6.694361642867e-06,
                    "is_locked": false,
                    "percent": 99.99999998506206,
                    "tag": ""
                },
                {
                    "address": "0x0000000000000000000000000000000000000000",
                    "balance": 1e-15,
                    "is_locked": true,
                    "percent": 1.4937944e-08,
                    "tag": "Null Address"
                }
            ]
        },
        "security": {
            "warnings": null,
            "homany_warnings": 0,
            "suspicious_urls": null,
            "howmany_suspicious_urls": 0,
            "suspicious_addresses": null,
            "howmany_suspicious_addresses": 0,
            "error": "Security analysis data not available."
        },
        "lifecycle": {
            "token_age_seconds": 127286717.911537,
            "token_creation_date": "2021-08-14T04:05:09",
            "creation_to_first_trade_seconds": 0.0,
            "creation_to_first_trade_blocks": 0,
            "last_tx_hash": "0x6a449458b5f141728374e3790f9ee90b942db859101be66f98843d06de19a44c",
            "last_active_age": "2021-08-15T14:09:58",
            "inactive_days": 1471.805923021898
        }
    },
    "errors": []
}