{
    "token_address": "0xA18C2dDFd910FdCBED6B011a70d3D1Dc953ffD92",
    "chain": "bsc",
    "token_name": "SwapTC",
    "analyses": {
        "contract": {
            "contract_name": null,
            "compiler_version": null,
            "license_type": null,
            "implementation": null,
            "source_code": null,
            "abi": null,
            "verified": false,
            "owner": "0xc71b11482210b8c81ce5ac7f6001bd2aaf3c1e07",
            "creator": "0xc71b11482210b8c81ce5ac7f6001bd2aaf3c1e07",
            "is_hidden_owner": false,
            "is_proxy": null,
            "is_sellable": true,
            "is_hardcoded_owner": null,
            "code_analysis": {
                "total_matches": 0,
                "patterns_found": {}
            }
        },
        "holder": {
            "total_holders": 2,
            "holders_list": {
                "0xc71b11482210b8c81ce5ac7f6001bd2aaf3c1e07": {
                    "balance": 999914756.9616194,
                    "percentage_of_total_supply": 99.99147569616194,
                    "percentage_of_circulating_supply": 99.99147569616194
                },
                "0x5e28765b031aec8fd300225d359cf4053c00aeb3": {
                    "balance": 85243.038380631,
                    "percentage_of_total_supply": 0.0085243038380631,
                    "percentage_of_circulating_supply": 0.0085243038380631
                }
            },
            "total_supply": 1000000000.0,
            "total_circulating_supply": 1000000000.0,
            "owner": {
                "address": "0xc71b11482210b8c81ce5ac7f6001bd2aaf3c1e07",
                "balance": 999914756.9616194,
                "percentage_of_circulating_supply": 99.99147569616194,
                "exceeds_5_percent": true
            },
            "creator": {
                "address": "0xc71b11482210b8c81ce5ac7f6001bd2aaf3c1e07",
                "balance": 999914756.9616194,
                "percentage_of_circulating_supply": 99.99147569616194,
                "exceeds_5_percent": true
            },
            "holders_exceeding_5_percent_circulating": [],
            "howmany_holders_exceeding_5_percent_circulating": 0,
            "top_10_holders": [
                {
                    "address": "0xc71b11482210b8c81ce5ac7f6001bd2aaf3c1e07",
                    "balance": 999914756.9616194,
                    "percentage_of_total_supply": 99.99147569616194,
                    "percentage_of_circulating_supply": 99.99147569616194
                },
                {
                    "address": "0x5e28765b031aec8fd300225d359cf4053c00aeb3",
                    "balance": 85243.038380631,
                    "percentage_of_total_supply": 0.0085243038380631,
                    "percentage_of_circulating_supply": 0.0085243038380631
                }
            ],
            "total_top_10_balance": 1000000000.0,
            "top10_percentage_of_total_supply": 100.0,
            "top10_percentage_of_circulating_supply": 100.0,
            "top_10_less_than_70_percent_of_total": false,
            "top_10_less_than_70_percent_of_circulating": false
        },
        "liquidity": {
            "price_usd": 0.0011202998977918293,
            "liquidity_usd": 1.9099553437057178e-07,
            "market_cap_usd": 1120299.8977918294,
            "liquidity_to_market_cap_ratio": 1.7048607676126197e-13,
            "token_volume": 103396816.53810947,
            "volume_usd": 115835.44299964457,
            "volume_to_liquidity_ratio": 606482467673.298,
            "locked_liquidity_percent": 0.0,
            "locked_95_for_15_days": false,
            "creator_under_5_percent": false,
            "creator_percent_of_lp": 99.9915,
            "owner_under_5_percent": true,
            "owner_percent_of_lp": 0.0,
            "total_lp_supply": 8.2625611599421e-05,
            "lp_holders_count": 2,
            "lp_holders": [
                {
                    "address": "0x0ed943ce24baebf257488771759f9bf482c39706",
                    "balance": 8.2625611598421e-05,
                    "is_locked": false,
                    "percent": 99.99999999878972,
                    "tag": ""
                },
                {
                    "address": "0x0000000000000000000000000000000000000000",
                    "balance": 1e-15,
                    "is_locked": true,
                    "percent": 1.2102784e-09,
                    "tag": "Null Address"
                }
            ]
        },
        "security": {
            "warnings": null,
            "homany_warnings": 0,
            "suspicious_urls": null,
            "howmany_suspicious_urls": 0,
            "suspicious_addresses": null,
            "howmany_suspicious_addresses": 0,
            "error": "Security analysis data not available."
        },
        "lifecycle": {
            "token_age_seconds": 77248511.159473,
            "token_creation_date": "2023-03-15T23:33:50",
            "creation_to_first_trade_seconds": 0.0,
            "creation_to_first_trade_blocks": 0,
            "last_tx_hash": "0xdeb539293abd2f44544924eab70859d743b6b109e2e9b863ef44b3890b58a871",
            "last_active_age": "2023-03-15T23:46:10",
            "inactive_days": 894.0714615855787
        }
    },
    "errors": []
}