{
    "token_address": "0x34782a49402D407341F9D9F5159088371FA743dE",
    "chain": "bsc",
    "token_name": "Squid Gamers",
    "analyses": {
        "contract": {
            "contract_name": null,
            "compiler_version": null,
            "license_type": null,
            "implementation": null,
            "source_code": null,
            "abi": null,
            "verified": false,
            "owner": "0x59c3f39e850b2fca5afd7909cd7024c71e0baeae",
            "creator": "0x59c3f39e850b2fca5afd7909cd7024c71e0baeae",
            "is_hidden_owner": false,
            "is_proxy": null,
            "is_sellable": true,
            "is_hardcoded_owner": null,
            "code_analysis": {
                "total_matches": 0,
                "patterns_found": {}
            }
        },
        "holder": {
            "total_holders": 35,
            "holders_list": {
                "0x59c3f39e850b2fca5afd7909cd7024c71e0baeae": {
                    "balance": 207124146733669.34,
                    "percentage_of_total_supply": 20.712414673366936,
                    "percentage_of_circulating_supply": 20.712414673366936
                },
                "0x581539fc5568daf037eb8573a32c7f685ec24758": {
                    "balance": 161960646209824.97,
                    "percentage_of_total_supply": 16.196064620982497,
                    "percentage_of_circulating_supply": 16.196064620982497
                },
                "0x2a1203869dd2f1d8abc50d2c5718428b5e302e30": {
                    "balance": 101978267060269.1,
                    "percentage_of_total_supply": 10.197826706026909,
                    "percentage_of_circulating_supply": 10.197826706026909
                },
                "0xf306e658e6d8cdfaa0eb979d6e5cff0815f387e8": {
                    "balance": 101450232224975.88,
                    "percentage_of_total_supply": 10.145023222497588,
                    "percentage_of_circulating_supply": 10.145023222497588
                },
                "0x403756c0669783cc7eb9e929aeb881170b67dfb8": {
                    "balance": 79303711494429.3,
                    "percentage_of_total_supply": 7.930371149442929,
                    "percentage_of_circulating_supply": 7.930371149442929
                },
                "0xc49f1ba250eb51947f1ea0d5c1d4e11db6222dec": {
                    "balance": 46386517356171.26,
                    "percentage_of_total_supply": 4.638651735617126,
                    "percentage_of_circulating_supply": 4.638651735617126
                },
                "0xa9e0a4b2edc54f66ef7c2bc2f288f11fbcfe7d38": {
                    "balance": 42902967224341.37,
                    "percentage_of_total_supply": 4.290296722434137,
                    "percentage_of_circulating_supply": 4.290296722434137
                },
                "0xdd82288f6329e8c5f99d0e461b0966e7ef35ad92": {
                    "balance": 38692967497968.055,
                    "percentage_of_total_supply": 3.869296749796806,
                    "percentage_of_circulating_supply": 3.869296749796806
                },
                "0x00f311e557cfa981227fa32cbb7ce9ea98987fd2": {
                    "balance": 28668334588130.164,
                    "percentage_of_total_supply": 2.866833458813016,
                    "percentage_of_circulating_supply": 2.866833458813016
                },
                "0xd2526fe52c6b8ea9a25e2944357e12e361eae534": {
                    "balance": 27632445666582.656,
                    "percentage_of_total_supply": 2.7632445666582655,
                    "percentage_of_circulating_supply": 2.7632445666582655
                },
                "0x6580bbc79b329c56656d700d61b2a2edff3a56b9": {
                    "balance": 25228580445857.695,
                    "percentage_of_total_supply": 2.5228580445857696,
                    "percentage_of_circulating_supply": 2.5228580445857696
                },
                "0xab77bd85a084254819658fd8e3862c2c6d285078": {
                    "balance": 15701713901266.955,
                    "percentage_of_total_supply": 1.5701713901266956,
                    "percentage_of_circulating_supply": 1.5701713901266956
                },
                "0x40f621fd09b7fdc6bd2801b8354c51f0c11ab5c1": {
                    "balance": 15324658645292.441,
                    "percentage_of_total_supply": 1.5324658645292442,
                    "percentage_of_circulating_supply": 1.5324658645292442
                },
                "0xe7ef4a0d9ac3e214ff2f4c75ab9c651b7ab15f9c": {
                    "balance": 15012033640354.531,
                    "percentage_of_total_supply": 1.5012033640354532,
                    "percentage_of_circulating_supply": 1.5012033640354532
                },
                "0xa7d65db29d75a3ec2c179229fd3bc93bfa0d6f0d": {
                    "balance": 10718624819400.748,
                    "percentage_of_total_supply": 1.0718624819400748,
                    "percentage_of_circulating_supply": 1.0718624819400748
                },
                "0xadb85f4f15c6ec85e2ce20843a7ab23efecbcf7e": {
                    "balance": 9860849474537.01,
                    "percentage_of_total_supply": 0.986084947453701,
                    "percentage_of_circulating_supply": 0.986084947453701
                },
                "0x6be676eb7c231dc46d7340e8e2039b3266b74c31": {
                    "balance": 9827650429019.4,
                    "percentage_of_total_supply": 0.9827650429019402,
                    "percentage_of_circulating_supply": 0.9827650429019402
                },
                "0x231a3a02683c99b199a1e67f1620359a1d41ba31": {
                    "balance": 9172712699665.691,
                    "percentage_of_total_supply": 0.9172712699665693,
                    "percentage_of_circulating_supply": 0.9172712699665693
                },
                "0xd7f236bea64621615c606a7c2fbe436fe3363f65": {
                    "balance": 9154464759381.248,
                    "percentage_of_total_supply": 0.9154464759381248,
                    "percentage_of_circulating_supply": 0.9154464759381248
                },
                "0xac195d808f5f32637100077751f6d225274cc264": {
                    "balance": 8225968561962.435,
                    "percentage_of_total_supply": 0.8225968561962436,
                    "percentage_of_circulating_supply": 0.8225968561962436
                },
                "0x3a0a1379915944148b5687bf190366d7243628ec": {
                    "balance": 7357889938970.115,
                    "percentage_of_total_supply": 0.7357889938970116,
                    "percentage_of_circulating_supply": 0.7357889938970116
                },
                "0x525fcc6c1d51dce09cc5fdc5455b00ebcfc0c275": {
                    "balance": 7138936847176.104,
                    "percentage_of_total_supply": 0.7138936847176104,
                    "percentage_of_circulating_supply": 0.7138936847176104
                },
                "0xbf73f0d0a830774e0ec12d78c7d89b324c32be31": {
                    "balance": 6781396660776.682,
                    "percentage_of_total_supply": 0.6781396660776682,
                    "percentage_of_circulating_supply": 0.6781396660776682
                },
                "0x406e874a18ed7960205f3ed3c1fcab4bede5536d": {
                    "balance": 4160731163442.471,
                    "percentage_of_total_supply": 0.41607311634424715,
                    "percentage_of_circulating_supply": 0.41607311634424715
                },
                "0x975faf6a31850db6b454b5b3c677b1d7cf5d6f8c": {
                    "balance": 3157704737732.8306,
                    "percentage_of_total_supply": 0.3157704737732831,
                    "percentage_of_circulating_supply": 0.3157704737732831
                },
                "0x6c694d5bae61cf8dd840821f04939f4aa47c082b": {
                    "balance": 2903288499529.397,