{
    "token_address": "0x0dB6E4C01fDBDC93C8E33292578d82f65a10E1B2",
    "chain": "bsc",
    "token_name": "METAG",
    "analyses": {
        "contract": {
            "contract_name": null,
            "compiler_version": null,
            "license_type": null,
            "implementation": null,
            "source_code": null,
            "abi": null,
            "verified": false,
            "owner": "0xc71b11482210b8c81ce5ac7f6001bd2aaf3c1e07",
            "creator": "0xc71b11482210b8c81ce5ac7f6001bd2aaf3c1e07",
            "is_hidden_owner": false,
            "is_proxy": null,
            "is_sellable": true,
            "is_hardcoded_owner": null,
            "code_analysis": {
                "total_matches": 0,
                "patterns_found": {}
            }
        },
        "holder": {
            "total_holders": 3,
            "holders_list": {
                "0xc71b11482210b8c81ce5ac7f6001bd2aaf3c1e07": {
                    "balance": 9865.84428,
                    "percentage_of_total_supply": 98.6584428,
                    "percentage_of_circulating_supply": 98.66495779516065
                },
                "0x0000af8bc16fae70d2ee4697eddcc53d62dd2200": {
                    "balance": 132.51392,
                    "percentage_of_total_supply": 1.3251392000000002,
                    "percentage_of_circulating_supply": 1.325226706707284
                },
                "0x4ded2c413274b72338b7f36cfc1802c22d25bda3": {
                    "balance": 0.32117,
                    "percentage_of_total_supply": 0.0032116999999999996,
                    "percentage_of_circulating_supply": 0.0032119120873729972
                }
            },
            "total_supply": 10000.0,
            "total_circulating_supply": 9999.339685,
            "owner": {
                "address": "0xc71b11482210b8c81ce5ac7f6001bd2aaf3c1e07",
                "balance": 9865.84428,
                "percentage_of_circulating_supply": 98.67816476723684,
                "exceeds_5_percent": true
            },
            "creator": {
                "address": "0xc71b11482210b8c81ce5ac7f6001bd2aaf3c1e07",
                "balance": 9865.84428,
                "percentage_of_circulating_supply": 98.67816476723684,
                "exceeds_5_percent": true
            },
            "holders_exceeding_5_percent_circulating": [],
            "howmany_holders_exceeding_5_percent_circulating": 0,
            "top_10_holders": [
                {
                    "address": "0xc71b11482210b8c81ce5ac7f6001bd2aaf3c1e07",
                    "balance": 9865.84428,
                    "percentage_of_total_supply": 98.6584428,
                    "percentage_of_circulating_supply": 98.66495779516065
                },
                {
                    "address": "0x0000af8bc16fae70d2ee4697eddcc53d62dd2200",
                    "balance": 132.51392,
                    "percentage_of_total_supply": 1.3251392000000002,
                    "percentage_of_circulating_supply": 1.325226706707284
                },
                {
                    "address": "0x4ded2c413274b72338b7f36cfc1802c22d25bda3",
                    "balance": 0.32117,
                    "percentage_of_total_supply": 0.0032116999999999996,
                    "percentage_of_circulating_supply": 0.0032119120873729972
                }
            ],
            "total_top_10_balance": 9998.67937,
            "top10_percentage_of_total_supply": 99.98679369999999,
            "top10_percentage_of_circulating_supply": 99.99339641395531,
            "top_10_less_than_70_percent_of_total": false,
            "top_10_less_than_70_percent_of_circulating": false
        },
        "liquidity": {
            "price_usd": 18039436.768629834,
            "liquidity_usd": 1.1587451813961687e-06,
            "market_cap_usd": 180382455975.6085,
            "liquidity_to_market_cap_ratio": 6.423824174745993e-18,
            "token_volume": 1213.82171,
            "volume_usd": 21896659985.93514,
            "volume_to_liquidity_ratio": 1.8896872528567428e+16,
            "locked_liquidity_percent": 0.0,
            "locked_95_for_15_days": false,
            "creator_under_5_percent": false,
            "creator_percent_of_lp": 98.6716,
            "owner_under_5_percent": true,
            "owner_percent_of_lp": 0.0,
            "total_lp_supply": 3.949227406e-09,
            "lp_holders_count": 2,
            "lp_holders": [
                {
                    "address": "0x0ed943ce24baebf257488771759f9bf482c39706",
                    "balance": 3.949226406e-09,
                    "is_locked": false,
                    "percent": 99.99997467859161,
                    "tag": ""
                },
                {
                    "address": "0x0000000000000000000000000000000000000000",
                    "balance": 1e-15,
                    "is_locked": true,
                    "percent": 2.5321408397000002e-05,
                    "tag": "Null Address"
                }
            ]
        },
        "security": {
            "warnings": null,
            "homany_warnings": 0,
            "suspicious_urls": null,
            "howmany_suspicious_urls": 0,
            "suspicious_addresses": null,
            "howmany_suspicious_addresses": 0,
            "error": "Security analysis data not available."
        },
        "lifecycle": {
            "token_age_seconds": 87467577.541133,
            "token_creation_date": "2022-11-17T16:55:06",
            "creation_to_first_trade_seconds": 0.0,
            "creation_to_first_trade_blocks": 0,
            "last_tx_hash": "0x15e65800990a93cb18aa0c16755bf36609bd581efec78e14d8b1282a41c1cef6",
            "last_active_age": "2025-07-09T23:56:30",
            "inactive_days": 47.06362011341435
        }
    },
    "errors": []
}