{
    "token_address": "0xbe7a3eE31f47692A88427A307C8cE32256D3234d",
    "chain": "bsc",
    "token_name": "SEFAP",
    "analyses": {
        "contract": {
            "contract_name": null,
            "compiler_version": null,
            "license_type": null,
            "implementation": null,
            "source_code": null,
            "abi": null,
            "verified": false,
            "owner": "0x6fbe515cf3d13edacecbbd49b7aaf3c38e456066",
            "creator": "0x6fbe515cf3d13edacecbbd49b7aaf3c38e456066",
            "is_hidden_owner": false,
            "is_proxy": null,
            "is_sellable": true,
            "is_hardcoded_owner": null,
            "code_analysis": {
                "total_matches": 0,
                "patterns_found": {}
            }
        },
        "holder": {
            "total_holders": 8,
            "holders_list": {
                "0x6fbe515cf3d13edacecbbd49b7aaf3c38e456066": {
                    "balance": 700946842.4263574,
                    "percentage_of_total_supply": 70.09468424263574,
                    "percentage_of_circulating_supply": 70.09468424263574
                },
                "0x4a7bac7f9556420a0f41cdade81c21f598eeb2b7": {
                    "balance": 146547393.3590045,
                    "percentage_of_total_supply": 14.654739335900452,
                    "percentage_of_circulating_supply": 14.654739335900452
                },
                "0x398aad310f797b2b6124ac1be8862564bc91de22": {
                    "balance": 104404983.43142132,
                    "percentage_of_total_supply": 10.440498343142131,
                    "percentage_of_circulating_supply": 10.440498343142131
                },
                "0xc97bd542db361098efe2b30a5156325fe0301060": {
                    "balance": 35051735.2236123,
                    "percentage_of_total_supply": 3.5051735223612304,
                    "percentage_of_circulating_supply": 3.5051735223612304
                },
                "0xec2a1cba2850920fd84431dc4ea39feba8232803": {
                    "balance": 12523582.335796284,
                    "percentage_of_total_supply": 1.2523582335796284,
                    "percentage_of_circulating_supply": 1.2523582335796284
                },
                "0x5bcfcc78feadcaea82b922c61c2b5c3901aadd6c": {
                    "balance": 446909.574740468,
                    "percentage_of_total_supply": 0.0446909574740468,
                    "percentage_of_circulating_supply": 0.0446909574740468
                },
                "0x0ed943ce24baebf257488771759f9bf482c39706": {
                    "balance": 78553.649067443,
                    "percentage_of_total_supply": 0.0078553649067443,
                    "percentage_of_circulating_supply": 0.0078553649067443
                },
                "0x752a410fb383fd6e96a261a82b1c1ff9e2581fe5": {
                    "balance": 2.79e-07,
                    "percentage_of_total_supply": 2.79e-14,
                    "percentage_of_circulating_supply": 2.79e-14
                }
            },
            "total_supply": 1000000000.0,
            "total_circulating_supply": 1000000000.0,
            "owner": {
                "address": "0x6fbe515cf3d13edacecbbd49b7aaf3c38e456066",
                "balance": 700946842.4263574,
                "percentage_of_circulating_supply": 70.09468424263574,
                "exceeds_5_percent": true
            },
            "creator": {
                "address": "0x6fbe515cf3d13edacecbbd49b7aaf3c38e456066",
                "balance": 700946842.4263574,
                "percentage_of_circulating_supply": 70.09468424263574,
                "exceeds_5_percent": true
            },
            "holders_exceeding_5_percent_circulating": [
                {
                    "address": "0x4a7bac7f9556420a0f41cdade81c21f598eeb2b7",
                    "balance": 146547393.3590045,
                    "percentage_of_supply": 14.654739335900452
                },
                {
                    "address": "0x398aad310f797b2b6124ac1be8862564bc91de22",
                    "balance": 104404983.43142132,
                    "percentage_of_supply": 10.440498343142131
                }
            ],
            "howmany_holders_exceeding_5_percent_circulating": 2,
            "top_10_holders": [
                {
                    "address": "0x6fbe515cf3d13edacecbbd49b7aaf3c38e456066",
                    "balance": 700946842.4263574,
                    "percentage_of_total_supply": 70.09468424263574,
                    "percentage_of_circulating_supply": 70.09468424263574
                },
                {
                    "address": "0x4a7bac7f9556420a0f41cdade81c21f598eeb2b7",
                    "balance": 146547393.3590045,
                    "percentage_of_total_supply": 14.654739335900452,
                    "percentage_of_circulating_supply": 14.654739335900452
                },
                {
                    "address": "0x398aad310f797b2b6124ac1be8862564bc91de22",
                    "balance": 104404983.43142132,
                    "percentage_of_total_supply": 10.440498343142131,
                    "percentage_of_circulating_supply": 10.440498343142131
                },
                {
                    "address": "0xc97bd542db361098efe2b30a5156325fe0301060",
                    "balance": 35051735.2236123,
                    "percentage_of_total_supply": 3.5051735223612304,
                    "percentage_of_circulating_supply": 3.5051735223612304
                },
                {
                    "address": "0xec2a1cba2850920fd84431dc4ea39feba8232803",
                    "balance": 12523582.335796284,
                    "percentage_of_total_supply": 1.2523582335796284,
                    "percentage_of_circulating_supply": 1.2523582335796284
                },
                {
                    "address": "0x5bcfcc78feadcaea82b922c61c2b5c3901aadd6c",
                    "balance": 446909.574740468,
                    "percentage_of_total_supply": 0.0446909574740468,
                    "percentage_of_circulating_supply": 0.0446909574740468
                },
                {
                    "address": "0x0ed943ce24baebf257488771759f9bf482c39706",
                    "balance": 78553.649067443,
                    "percentage_of_total_supply": 0.0078553649067443,
                    "percentage_of_circulating_supply": 0.0078553649067443
                },
                {
                    "address": "0x752a410fb383fd6e96a261a82b1c1ff9e2581fe5",
                    "balance": 2.79e-07,
                    "percentage_of_total_supply": 2.79e-14,
                    "percentage_of_circulating_supply": 2.79e-14
                }
            ],
            "total_top_10_balance": 999999999.9999999,
            "top10_percentage_of_total_supply": 99.99999999999999,
            "top10_percentage_of_circulating_supply": 99.99999999999999,
            "top_10_less_than_70_percent_of_total": false,
            "top_10_less_than_70_percent_of_circulating": false
        },
        "liquidity": {
            "price_usd": 0.015375717871935615,
            "liquidity_usd": 8.579650572540072e-18,
            "market_cap_usd": 15375717.871935615,
            "liquidity_to_market_cap_ratio": 5.579999999999999e-25,
            "token_volume": 0.0,
            "volume_usd": 0.0,
            "volume_to_liquidity_ratio": 0.0,
            "locked_liquidity_percent": 100.0,
            "locked_95_for_15_days": false,
            "creator_under_5_percent": false,
            "creator_percent_of_lp": 70.0947,
            "owner_under_5_percent": true,
            "owner_percent_of_lp": 0.0,
            "total_lp_supply": 1e-15,
            "lp_holders_count": 1,
            "lp_holders": [
                {
                    "address": "0x0000000000000000000000000000000000000000",
                    "balance": 1e-15,