{
    "token_address": "0x70e954D9bC260c5DeD0c54c3F162429E9942aca6",
    "chain": "bsc",
    "token_name": "Stellar Pulse",
    "analyses": {
        "contract": {
            "contract_name": null,
            "compiler_version": null,
            "license_type": null,
            "implementation": null,
            "source_code": null,
            "abi": null,
            "verified": false,
            "owner": "0x584ca39967ab69c0698d240640bbe7b037e2dca8",
            "creator": "0x584ca39967ab69c0698d240640bbe7b037e2dca8",
            "is_hidden_owner": false,
            "is_proxy": null,
            "is_sellable": true,
            "is_hardcoded_owner": null,
            "code_analysis": {
                "total_matches": 0,
                "patterns_found": {}
            }
        },
        "holder": {
            "total_holders": 32,
            "holders_list": {
                "0x584ca39967ab69c0698d240640bbe7b037e2dca8": {
                    "balance": 999085788.464066,
                    "percentage_of_total_supply": 99.9085788464066,
                    "percentage_of_circulating_supply": 99.9085788464066
                },
                "0x269435454924f31c5d17812534471f3b5ce4f113": {
                    "balance": 901913.0400201561,
                    "percentage_of_total_supply": 0.09019130400201561,
                    "percentage_of_circulating_supply": 0.09019130400201561
                },
                "0x5fb2eb22f913193fd94eb8a34ea2073be3bfb231": {
                    "balance": 2095.543240165085,
                    "percentage_of_total_supply": 0.00020955432401650848,
                    "percentage_of_circulating_supply": 0.00020955432401650848
                },
                "0x71d3e448ef124419b718b2c6e9d17eda1c5a648e": {
                    "balance": 1636.6686196071148,
                    "percentage_of_total_supply": 0.0001636668619607115,
                    "percentage_of_circulating_supply": 0.0001636668619607115
                },
                "0xe425d3a96b993b1e574c04b4eaa4b4cd8a0ed207": {
                    "balance": 1548.6249817187188,
                    "percentage_of_total_supply": 0.00015486249817187186,
                    "percentage_of_circulating_supply": 0.00015486249817187186
                },
                "0xeb9e6106b5773cbfda3ebaf98129c63868c79cda": {
                    "balance": 1427.7797593798157,
                    "percentage_of_total_supply": 0.00014277797593798154,
                    "percentage_of_circulating_supply": 0.00014277797593798154
                },
                "0x7f21885ac02fb4290f52d9cecf49f4d738d060fa": {
                    "balance": 782.1857730162521,
                    "percentage_of_total_supply": 7.821857730162522e-05,
                    "percentage_of_circulating_supply": 7.821857730162522e-05
                },
                "0x28b9ef6d9bd250cc885996fdc267dfbc45c19a15": {
                    "balance": 763.1063816446657,
                    "percentage_of_total_supply": 7.631063816446656e-05,
                    "percentage_of_circulating_supply": 7.631063816446656e-05
                },
                "0x30aa470eb0721383bde4262118f4bf40fc415936": {
                    "balance": 716.6236192518354,
                    "percentage_of_total_supply": 7.166236192518354e-05,
                    "percentage_of_circulating_supply": 7.166236192518354e-05
                },
                "0xcbeb56fea9e125bca784dd5889926f581327041b": {
                    "balance": 657.273337764459,
                    "percentage_of_total_supply": 6.572733377644591e-05,
                    "percentage_of_circulating_supply": 6.572733377644591e-05
                },
                "0x9acdf0a662af7c8d2482baac49c1776aab6f8fd7": {
                    "balance": 488.42457736755176,
                    "percentage_of_total_supply": 4.884245773675518e-05,
                    "percentage_of_circulating_supply": 4.884245773675518e-05
                },
                "0x229fc2cc0285eac44663b1fa9d715a252aa4c26b": {
                    "balance": 431.7968574857285,
                    "percentage_of_total_supply": 4.317968574857285e-05,
                    "percentage_of_circulating_supply": 4.317968574857285e-05
                },
                "0xf0f8355138e6e0a908d2fbe4237e71a7238ca40d": {
                    "balance": 279.6972927385105,
                    "percentage_of_total_supply": 2.7969729273851048e-05,
                    "percentage_of_circulating_supply": 2.7969729273851048e-05
                },
                "0xf0d908343d42cf5eb511e364cab7b1a50d49eda1": {
                    "balance": 276.9375351311166,
                    "percentage_of_total_supply": 2.7693753513111662e-05,
                    "percentage_of_circulating_supply": 2.7693753513111662e-05
                },
                "0x1ee309938e094e7375e6621655fe2e48cd0afcfc": {
                    "balance": 209.6566910048714,
                    "percentage_of_total_supply": 2.0965669100487137e-05,
                    "percentage_of_circulating_supply": 2.0965669100487137e-05
                },
                "0x22f0695acad647831e7fffc59d70e2aa52e97c73": {
                    "balance": 200.6552807119834,
                    "percentage_of_total_supply": 2.006552807119834e-05,
                    "percentage_of_circulating_supply": 2.006552807119834e-05
                },
                "0x45b065f1663c36c2e790e28fd4748dd8b6875353": {
                    "balance": 140.97798307921235,
                    "percentage_of_total_supply": 1.4097798307921235e-05,
                    "percentage_of_circulating_supply": 1.4097798307921235e-05
                },
                "0x3f24dd2f215c2cbbdcfb6d0e17814f09404ca504": {
                    "balance": 93.45859759631826,
                    "percentage_of_total_supply": 9.345859759631825e-06,
                    "percentage_of_circulating_supply": 9.345859759631825e-06
                },
                "0x0ed943ce24baebf257488771759f9bf482c39706": {
                    "balance": 76.86196018633656,
                    "percentage_of_total_supply": 7.686196018633656e-06,
                    "percentage_of_circulating_supply": 7.686196018633656e-06
                },
                "0x4729a9b9e66f54767707dffc5cccac9043323bcd": {
                    "balance": 74.96818075533882,
                    "percentage_of_total_supply": 7.496818075533882e-06,
                    "percentage_of_circulating_supply": 7.496818075533882e-06
                },
                "0x43df7560968215be223b286d06bfb969a0a13a24": {
                    "balance": 67.6549601830477,
                    "percentage_of_total_supply": 6.7654960183047705e-06,
                    "percentage_of_circulating_supply": 6.7654960183047705e-06
                },
                "0xc981a72cc654c93b116b74f2fb2855e7f634cf1d": {
                    "balance": 63.570297224458464,
                    "percentage_of_total_supply": 6.357029722445846e-06,
                    "percentage_of_circulating_supply": 6.357029722445846e-06
                },
                "0x1913bbb4b9aab240c8ef6b9bc0c44ad04fe0cb6d": {
                    "balance": 63.36635686048601,
                    "percentage_of_total_supply": 6.336635686048601e-06,
                    "percentage_of_circulating_supply": 6.336635686048601e-06
                },
                "0x2839eaa5fb864b3300afcd382b50ea0b1f0778a6": {
                    "balance": 62.712428007949505,
                    "percentage_of_total_supply": 6.271242800794951e-06,
                    "percentage_of_circulating_supply": 6.271242800794951e-06
                },
                "0xf0204aaaa94f8a0ff6df05cfc474c170c12eab79": {
                    "balance": 56.24738187253864,
                    "percentage_of_total_supply": 5.624738187253864e-06,
                    "percentage_of_circulating_supply": 5.624738187253864e-06
                },