{
    "token_address": "0xe76Ac8686106668aAbF659926B01687F2921CBe4",
    "chain": "bsc",
    "token_name": "PokeMoon",
    "analyses": {
        "contract": {
            "contract_name": null,
            "compiler_version": null,
            "license_type": null,
            "implementation": null,
            "source_code": null,
            "abi": null,
            "verified": false,
            "owner": null,
            "creator": "0x6b79a54b6d30e71eab11c1a05f0d5687b384c7ac",
            "is_hidden_owner": true,
            "is_proxy": null,
            "is_sellable": true,
            "is_hardcoded_owner": null,
            "code_analysis": null
        },
        "holder": {
            "total_holders": 8,
            "holders_list": {
                "0x27086d1c1866bf284eb318da8dc5ec84de465b0b": {
                    "balance": 3.956140842329151e+27,
                    "percentage_of_total_supply": 0.0396,
                    "percentage_of_circulating_supply": 0.0396
                },
                "0x9097cbe8aae996db186ed7aa8837e3033abe8435": {
                    "balance": 1.63237e+27,
                    "percentage_of_total_supply": 0.0163,
                    "percentage_of_circulating_supply": 0.0163
                },
                "0x695e9f3ff6e535fed53ba7788bc86941b1b495cf": {
                    "balance": 6.053534414750625e+26,
                    "percentage_of_total_supply": 0.0061,
                    "percentage_of_circulating_supply": 0.0061
                },
                "0x5e3773713f0a20806168d633652b905ee7253f83": {
                    "balance": 2.9482083632385657e+26,
                    "percentage_of_total_supply": 0.0029,
                    "percentage_of_circulating_supply": 0.0029
                },
                "0xcb692809bf98a8201648b3c81f7231230f5cdfb1": {
                    "balance": 1.9752458071226422e+26,
                    "percentage_of_total_supply": 0.002,
                    "percentage_of_circulating_supply": 0.002
                },
                "0x9ac86daa132e13d246f7181b4e62f0d6eeb387c9": {
                    "balance": 1.9557614397779606e+26,
                    "percentage_of_total_supply": 0.002,
                    "percentage_of_circulating_supply": 0.002
                },
                "0x4c1c7bc31eb9bc4b47fac2ae337691ec79961f5f": {
                    "balance": 8.89182430321587e+24,
                    "percentage_of_total_supply": 0.0001,
                    "percentage_of_circulating_supply": 0.0001
                }
            },
            "total_supply": 1e+31,
            "total_circulating_supply": 1e+31,
            "owner": {},
            "creator": {
                "address": "0x6b79a54b6d30e71eab11c1a05f0d5687b384c7ac",
                "balance": 9.993109322330878e+30,
                "percentage_of_supply": 99.9311,
                "exceeds_5_percent": true
            },
            "holders_exceeding_5_percent": [
                {
                    "address": "0x6b79a54b6d30e71eab11c1a05f0d5687b384c7ac",
                    "balance": 9.993109322330878e+30,
                    "percentage_of_supply": 99.9311
                }
            ],
            "howmany_holders_exceeding_5_percent": 1,
            "top_10_holders": [
                {
                    "address": "0x6b79a54b6d30e71eab11c1a05f0d5687b384c7ac",
                    "balance": 9.993109322330878e+30,
                    "percentage_of_total_supply": 99.9311,
                    "percentage_of_circulating_supply": 99.9311
                },
                {
                    "address": "0x27086d1c1866bf284eb318da8dc5ec84de465b0b",
                    "balance": 3.956140842329151e+27,
                    "percentage_of_total_supply": 0.0396,
                    "percentage_of_circulating_supply": 0.0396
                },
                {
                    "address": "0x9097cbe8aae996db186ed7aa8837e3033abe8435",
                    "balance": 1.63237e+27,
                    "percentage_of_total_supply": 0.0163,
                    "percentage_of_circulating_supply": 0.0163
                },
                {
                    "address": "0x695e9f3ff6e535fed53ba7788bc86941b1b495cf",
                    "balance": 6.053534414750625e+26,
                    "percentage_of_total_supply": 0.0061,
                    "percentage_of_circulating_supply": 0.0061
                },
                {
                    "address": "0x5e3773713f0a20806168d633652b905ee7253f83",
                    "balance": 2.9482083632385657e+26,
                    "percentage_of_total_supply": 0.0029,
                    "percentage_of_circulating_supply": 0.0029
                },
                {
                    "address": "0xcb692809bf98a8201648b3c81f7231230f5cdfb1",
                    "balance": 1.9752458071226422e+26,
                    "percentage_of_total_supply": 0.002,
                    "percentage_of_circulating_supply": 0.002
                },
                {
                    "address": "0x9ac86daa132e13d246f7181b4e62f0d6eeb387c9",
                    "balance": 1.9557614397779606e+26,
                    "percentage_of_total_supply": 0.002,
                    "percentage_of_circulating_supply": 0.002
                },
                {
                    "address": "0x4c1c7bc31eb9bc4b47fac2ae337691ec79961f5f",
                    "balance": 8.89182430321587e+24,
                    "percentage_of_total_supply": 0.0001,
                    "percentage_of_circulating_supply": 0.0001
                }
            ],
            "total_top_10_balance": 1e+31,
            "top10_percentage_of_total_supply": 100.0,
            "top10_percentage_of_circulating_supply": 100.0,
            "top_10_less_than_70_percent_of_total": false,
            "top_10_less_than_70_percent_of_circulating": false
        },
        "liquidity": {
            "price_usd": 1.3762363143438039e-14,
            "liquidity_usd": 2.447450301370094e-07,
            "market_cap_usd": 1.3762363143438038e+17,
            "liquidity_to_market_cap_ratio": 1.778364860643174e-24,
            "token_volume": 22934448319.324615,
            "volume_usd": 0.0003156322062649576,
            "volume_to_liquidity_ratio": 1289.636835886985,
            "locked_liquidity_percent": 0.0,
            "locked_95_for_15_days": false,
            "creator_under_5_percent": false,
            "creator_percent_of_lp": 99.9311,
            "owner_under_5_percent": true,
            "owner_percent_of_lp": 0.0,
            "total_lp_supply": 30.19935775311368,
            "lp_holders_count": 2,
            "lp_holders": [
                {
                    "address": "0x8cc7bc33f5188b1fb683bedc4dbffa77b136833b",
                    "balance": 30.19935775311368,
                    "is_locked": false,
                    "percent": 1.0,
                    "tag": ""
                },
                {
                    "address": "0x0000000000000000000000000000000000000000",
                    "balance": 1e-15,
                    "is_locked": true,
                    "percent": 3.3e-17,
                    "tag": "Null Address"
                }
            ]
        },
        "security": {
            "warnings": null,
            "homany_warnings": 0,
            "suspicious_urls": null,
            "howmany_suspicious_urls": 0,
            "suspicious_addresses": null,
            "howmany_suspicious_addresses": 0,
            "error": "Security analysis data not available."
        },
        "lifecycle": {
            "token_age_seconds": 127256939.6993,
            "token_creation_date": "2021-07-23T15:39:11",
            "creation_to_first_trade_seconds": 0.0,
            "creation_to_first_trade_blocks": 0,
            "last_tx_hash": "0x3fe8d09ce6eed72e2a2480041c2dcdf8570ef166e71ab22f85d6417c24ddf1bf",
            "last_active_age": "2021-07-23T18:08:25",