{
    "token_address": "0x0788D570a89438d233f8D04A3bb81C5D3D7f04c1",
    "chain": "bsc",
    "token_name": "Hype Beast",
    "analyses": {
        "contract": {
            "contract_name": null,
            "compiler_version": null,
            "license_type": null,
            "implementation": null,
            "source_code": null,
            "abi": null,
            "verified": false,
            "owner": "0xda5c193c177a56380989331c0bb6bdc5ec42c892",
            "creator": "0xda5c193c177a56380989331c0bb6bdc5ec42c892",
            "is_hidden_owner": false,
            "is_proxy": null,
            "is_sellable": true,
            "is_hardcoded_owner": null,
            "code_analysis": null
        },
        "holder": {
            "total_holders": 35,
            "holders_list": {
                "0xde80d023e47df3182e37501c02173d8ed1249b65": {
                    "balance": 3.791124923587849e+32,
                    "percentage_of_total_supply": 37.9112,
                    "percentage_of_circulating_supply": 37.9112
                },
                "0xd18076982e8822e6d52c9e8a2171b7264546ac61": {
                    "balance": 3.7762792196316853e+31,
                    "percentage_of_total_supply": 3.7763,
                    "percentage_of_circulating_supply": 3.7763
                },
                "0xaeadaec053acb9d5c5acfaafb49cd3ae592fb3d0": {
                    "balance": 3.6587274111729087e+31,
                    "percentage_of_total_supply": 3.6587,
                    "percentage_of_circulating_supply": 3.6587
                },
                "0x2b72f0a2e5269951e3bcbeb50e8e35f182043f79": {
                    "balance": 3.3677984321470857e+31,
                    "percentage_of_total_supply": 3.3678,
                    "percentage_of_circulating_supply": 3.3678
                },
                "0x2704a1d0c6736f11ca3b019b0e1436b577511272": {
                    "balance": 3.3028386734172375e+31,
                    "percentage_of_total_supply": 3.3028,
                    "percentage_of_circulating_supply": 3.3028
                },
                "0x5f887510582347b5f5dec9f14a6320c6be31945e": {
                    "balance": 2.964620043998293e+31,
                    "percentage_of_total_supply": 2.9646,
                    "percentage_of_circulating_supply": 2.9646
                },
                "0x67fa7b76e9e678d12a7703b75b81a83d34bd3f39": {
                    "balance": 2.2021857339746484e+31,
                    "percentage_of_total_supply": 2.2022,
                    "percentage_of_circulating_supply": 2.2022
                },
                "0x2397649f170e701f018e1d5d3638441e14d996ce": {
                    "balance": 2.0982153213405183e+31,
                    "percentage_of_total_supply": 2.0982,
                    "percentage_of_circulating_supply": 2.0982
                },
                "0xef5a1537f91da32e1dce0689176246879ce066c3": {
                    "balance": 1.7982162184728443e+31,
                    "percentage_of_total_supply": 1.7982,
                    "percentage_of_circulating_supply": 1.7982
                },
                "0xdc1b379ac9eeed4ad72faee78bbbabc8a4c03056": {
                    "balance": 1.782869396767712e+31,
                    "percentage_of_total_supply": 1.7829,
                    "percentage_of_circulating_supply": 1.7829
                },
                "0xe09d2005d8bf9bc3f7ae0fe0e93531a9a10f1beb": {
                    "balance": 1.3774227537298332e+31,
                    "percentage_of_total_supply": 1.3774,
                    "percentage_of_circulating_supply": 1.3774
                },
                "0x73be4fe724f7072c39bc599cf6a1cf6ca423c725": {
                    "balance": 1.2887573016004464e+31,
                    "percentage_of_total_supply": 1.2888,
                    "percentage_of_circulating_supply": 1.2888
                },
                "0x21675937469b07717a39bcd76cfb60c4ddf0e475": {
                    "balance": 1.054532453780456e+31,
                    "percentage_of_total_supply": 1.0545,
                    "percentage_of_circulating_supply": 1.0545
                },
                "0xac987c7d97177fca9b07548f21a0b5166c8c08d3": {
                    "balance": 8.918386141726148e+30,
                    "percentage_of_total_supply": 0.8918,
                    "percentage_of_circulating_supply": 0.8918
                },
                "0xd159d70175c75cb7b38fd9e471e167429a72f2d7": {
                    "balance": 8.905904348373079e+30,
                    "percentage_of_total_supply": 0.8906,
                    "percentage_of_circulating_supply": 0.8906
                },
                "0x335e57d42f6cf43988bb1964b30d3742a3e4cdd3": {
                    "balance": 6.887562362038875e+30,
                    "percentage_of_total_supply": 0.6888,
                    "percentage_of_circulating_supply": 0.6888
                },
                "0x49ff011b63341c11fe09a20583768e2ff9580bc1": {
                    "balance": 5.672799186928011e+30,
                    "percentage_of_total_supply": 0.5673,
                    "percentage_of_circulating_supply": 0.5673
                },
                "0x5db043cd64042879ef2da5cdb2790b69adc31a91": {
                    "balance": 5.392963803819688e+30,
                    "percentage_of_total_supply": 0.5393,
                    "percentage_of_circulating_supply": 0.5393
                },
                "0x6bb8394e42876b6905505fa62d14dd44efece413": {
                    "balance": 4.8944838170858443e+30,
                    "percentage_of_total_supply": 0.4894,
                    "percentage_of_circulating_supply": 0.4894
                },
                "0xaebfb97eda8fd65d1f85f5429ce0344fe0bf8b38": {
                    "balance": 3.431800658569373e+30,
                    "percentage_of_total_supply": 0.3432,
                    "percentage_of_circulating_supply": 0.3432
                },
                "0xfd0af3427444d557bf8a9bec1174e07497d0e1ba": {
                    "balance": 2.6181274155342227e+30,
                    "percentage_of_total_supply": 0.2618,
                    "percentage_of_circulating_supply": 0.2618
                },
                "0x328eade6fcf958b1c88aeddee60409659582d8d0": {
                    "balance": 2.5e+30,
                    "percentage_of_total_supply": 0.25,
                    "percentage_of_circulating_supply": 0.25
                },
                "0x2229408d75fd753a5df1f2fd8b09188a5e03265c": {
                    "balance": 1.692008743354544e+30,
                    "percentage_of_total_supply": 0.1692,
                    "percentage_of_circulating_supply": 0.1692
                },
                "0xdb93fa164c04ad4692ede927bde68658827aafc1": {
                    "balance": 1.5570048615905265e+30,
                    "percentage_of_total_supply": 0.1557,
                    "percentage_of_circulating_supply": 0.1557
                },
                "0xef93e77199a937bed5a73c02c9145124838a0175": {
                    "balance": 1.0949825768314341e+30,
                    "percentage_of_total_supply": 0.1095,
                    "percentage_of_circulating_supply": 0.1095
                },
                "0x2f18e7858856b63060a97eba83ed9a708228aed9": {
                    "balance": 7.68371994011963e+29,
                    "percentage_of_total_supply": 0.0768,
                    "percentage_of_circulating_supply": 0.0768
                },
                "0xa59e0100eba824f72da69e116c7320f5f019d734": {
                    "balance": 7.053006208973847e+29,
                    "percentage_of_total_supply": 0.0705,
                    "percentage_of_circulating_supply": 0.0705
                },
                "0xd7f236bea64621615c606a7c2fbe436fe3363f65": {
                    "balance": 1.8779928930471603e+29,
                    "percentage_of_total_supply": 0.0188,