{
    "token_address": "0x4F2e51641C73948E23344b4cE92077EFA03E2200",
    "chain": "bsc",
    "token_name": "Catex Token",
    "analyses": {
        "contract": {
            "contract_name": null,
            "compiler_version": null,
            "license_type": null,
            "implementation": null,
            "source_code": null,
            "abi": null,
            "verified": false,
            "owner": "0x55d8f9da81c214c16ca782c81f894475bfcc0514",
            "creator": "0x55d8f9da81c214c16ca782c81f894475bfcc0514",
            "is_hidden_owner": false,
            "is_proxy": null,
            "is_sellable": true,
            "is_hardcoded_owner": null,
            "code_analysis": {
                "total_matches": 0,
                "patterns_found": {}
            }
        },
        "holder": {
            "total_holders": 2,
            "holders_list": {
                "0x55d8f9da81c214c16ca782c81f894475bfcc0514": {
                    "balance": 961912.116605406,
                    "percentage_of_total_supply": 96.1912116605406,
                    "percentage_of_circulating_supply": 98.05863458040626
                },
                "0x2394f10f7552dffd400dc33185ea5055ccc5d1e6": {
                    "balance": 3e-09,
                    "percentage_of_total_supply": 3e-13,
                    "percentage_of_circulating_supply": 3.058240962587803e-13
                }
            },
            "total_supply": 1000000.0,
            "total_circulating_supply": 980956.0583027045,
            "owner": {
                "address": "0x55d8f9da81c214c16ca782c81f894475bfcc0514",
                "balance": 961912.116605406,
                "percentage_of_circulating_supply": 98.05863458040626,
                "exceeds_5_percent": true
            },
            "creator": {
                "address": "0x55d8f9da81c214c16ca782c81f894475bfcc0514",
                "balance": 961912.116605406,
                "percentage_of_circulating_supply": 98.05863458040626,
                "exceeds_5_percent": true
            },
            "holders_exceeding_5_percent_circulating": [],
            "howmany_holders_exceeding_5_percent_circulating": 0,
            "top_10_holders": [
                {
                    "address": "0x55d8f9da81c214c16ca782c81f894475bfcc0514",
                    "balance": 961912.116605406,
                    "percentage_of_total_supply": 96.1912116605406,
                    "percentage_of_circulating_supply": 98.05863458040626
                },
                {
                    "address": "0x2394f10f7552dffd400dc33185ea5055ccc5d1e6",
                    "balance": 3e-09,
                    "percentage_of_total_supply": 3e-13,
                    "percentage_of_circulating_supply": 3.058240962587803e-13
                }
            ],
            "total_top_10_balance": 961912.116605409,
            "top10_percentage_of_total_supply": 96.1912116605409,
            "top10_percentage_of_circulating_supply": 98.05863458040656,
            "top_10_less_than_70_percent_of_total": false,
            "top_10_less_than_70_percent_of_circulating": false
        },
        "liquidity": {
            "price_usd": 133.26942526541055,
            "liquidity_usd": 7.996165515924632e-16,
            "market_cap_usd": 130731450.10062398,
            "liquidity_to_market_cap_ratio": 6.116481925175606e-24,
            "token_volume": 0.0,
            "volume_usd": 0.0,
            "volume_to_liquidity_ratio": 0.0,
            "locked_liquidity_percent": 100.0,
            "locked_95_for_15_days": false,
            "creator_under_5_percent": false,
            "creator_percent_of_lp": 96.1912,
            "owner_under_5_percent": true,
            "owner_percent_of_lp": 0.0,
            "total_lp_supply": 1e-15,
            "lp_holders_count": 1,
            "lp_holders": [
                {
                    "address": "0x0000000000000000000000000000000000000000",
                    "balance": 1e-15,
                    "is_locked": true,
                    "percent": 100.0,
                    "tag": "Null Address"
                }
            ],
            "error": "Liquidity pool info could not be retrieved."
        },
        "security": {
            "warnings": null,
            "homany_warnings": 0,
            "suspicious_urls": null,
            "howmany_suspicious_urls": 0,
            "suspicious_addresses": null,
            "howmany_suspicious_addresses": 0,
            "error": "Security analysis data not available."
        },
        "lifecycle": {
            "token_age_seconds": 79595819.038016,
            "token_creation_date": "2023-02-17T12:54:51",
            "creation_to_first_trade_seconds": 0.0,
            "creation_to_first_trade_blocks": 0,
            "last_tx_hash": "0xad6f59ddc3b30ac6571a93eb2f25986144117cb3b671ccc188f5f6f7d5b9d789",
            "last_active_age": "2023-02-17T21:56:52",
            "inactive_days": 920.871540044537
        }
    },
    "errors": []
}