{
    "token_address": "0x4bcC345BAc92dAA93d2C26d8Ab827A112203F9a4",
    "chain": "bsc",
    "token_name": "NaturalSystem",
    "analyses": {
        "contract": {
            "contract_name": null,
            "compiler_version": null,
            "license_type": null,
            "implementation": null,
            "source_code": null,
            "abi": null,
            "verified": false,
            "owner": "0x6b20998959dcac78e7f57130a7912c0b959d1f4d",
            "creator": "0x6b20998959dcac78e7f57130a7912c0b959d1f4d",
            "is_hidden_owner": false,
            "is_proxy": null,
            "is_sellable": true,
            "is_hardcoded_owner": null,
            "code_analysis": {
                "total_matches": 0,
                "patterns_found": {}
            }
        },
        "holder": {
            "total_holders": 25,
            "holders_list": {
                "0x6b20998959dcac78e7f57130a7912c0b959d1f4d": {
                    "balance": 355099219818406.06,
                    "percentage_of_total_supply": 35.509921981840606,
                    "percentage_of_circulating_supply": 35.509921981840606
                },
                "0xdf1aff70792fc98ec10ca11c7efa4cc4feeb63a2": {
                    "balance": 120240481452557.38,
                    "percentage_of_total_supply": 12.024048145255737,
                    "percentage_of_circulating_supply": 12.024048145255737
                },
                "0x68d8bfa07451dba40ec61fdb6b431e04c99368de": {
                    "balance": 94532338045142.98,
                    "percentage_of_total_supply": 9.4532338045143,
                    "percentage_of_circulating_supply": 9.4532338045143
                },
                "0xa236df4d5f5700cd3994927b7fde4346709856ea": {
                    "balance": 77798751973408.02,
                    "percentage_of_total_supply": 7.779875197340802,
                    "percentage_of_circulating_supply": 7.779875197340802
                },
                "0x43694d926fcddf57ed13f49b30ef48ae855fdcb3": {
                    "balance": 71392399759614.4,
                    "percentage_of_total_supply": 7.13923997596144,
                    "percentage_of_circulating_supply": 7.13923997596144
                },
                "0xdee91df511c6bb0e1983dfdd88d432fe4263816e": {
                    "balance": 47358940705004.01,
                    "percentage_of_total_supply": 4.735894070500401,
                    "percentage_of_circulating_supply": 4.735894070500401
                },
                "0x0284e9aa4578c64d9d004434622750bbf62e09c8": {
                    "balance": 44736029356824.18,
                    "percentage_of_total_supply": 4.473602935682418,
                    "percentage_of_circulating_supply": 4.473602935682418
                },
                "0x571bda78d00ed5e31f7db23edcbfb825cbfe8a1d": {
                    "balance": 39245512536434.53,
                    "percentage_of_total_supply": 3.924551253643453,
                    "percentage_of_circulating_supply": 3.924551253643453
                },
                "0x9e00f81fd1d1a4d92105df8dedffe0cf121a6801": {
                    "balance": 32592835809265.89,
                    "percentage_of_total_supply": 3.259283580926589,
                    "percentage_of_circulating_supply": 3.259283580926589
                },
                "0x74538baab379a1a777166c27de723a2eaf4f08ce": {
                    "balance": 32074866210502.785,
                    "percentage_of_total_supply": 3.207486621050279,
                    "percentage_of_circulating_supply": 3.207486621050279
                },
                "0x6cc89531c2369325ff18fe4a1862a96eb54d0041": {
                    "balance": 18237222195521.082,
                    "percentage_of_total_supply": 1.8237222195521083,
                    "percentage_of_circulating_supply": 1.8237222195521083
                },
                "0x2f909d1ec26d9c7920ac2f9ed3d27edf0817bf13": {
                    "balance": 16310858481810.654,
                    "percentage_of_total_supply": 1.6310858481810655,
                    "percentage_of_circulating_supply": 1.6310858481810655
                },
                "0x1bc24e00f780868cb183b181efec9c74cdb382d5": {
                    "balance": 11599314425798.1,
                    "percentage_of_total_supply": 1.1599314425798102,
                    "percentage_of_circulating_supply": 1.1599314425798102
                },
                "0x6ddc01a58bd9915d6f6bff2874141efe1c2a9cc7": {
                    "balance": 8675604021377.418,
                    "percentage_of_total_supply": 0.8675604021377419,
                    "percentage_of_circulating_supply": 0.8675604021377419
                },
                "0x9cc0eed8f51ee760171a884a7145626308b7a61f": {
                    "balance": 7287399566695.864,
                    "percentage_of_total_supply": 0.7287399566695865,
                    "percentage_of_circulating_supply": 0.7287399566695865
                },
                "0xc4122e62565100e46284eb56641f67afc9085e7d": {
                    "balance": 7172806223195.1875,
                    "percentage_of_total_supply": 0.7172806223195187,
                    "percentage_of_circulating_supply": 0.7172806223195187
                },
                "0x71591c91ad876d9bc10861a156659c0aab7ff037": {
                    "balance": 5000000000000.0,
                    "percentage_of_total_supply": 0.5,
                    "percentage_of_circulating_supply": 0.5
                },
                "0xb4a6873560f0f542b8bfceaa7395e21ae8e99999": {
                    "balance": 3094245474283.4487,
                    "percentage_of_total_supply": 0.3094245474283449,
                    "percentage_of_circulating_supply": 0.3094245474283449
                },
                "0x449fe35bd96018346c49c68249564eb9ed922ce2": {
                    "balance": 2235195973862.432,
                    "percentage_of_total_supply": 0.22351959738624322,
                    "percentage_of_circulating_supply": 0.22351959738624322
                },
                "0x945528dafaf53797de1c3fab92f10c112916c40d": {
                    "balance": 2080248881405.8582,
                    "percentage_of_total_supply": 0.20802488814058584,
                    "percentage_of_circulating_supply": 0.20802488814058584
                },
                "0x73ab4c9bcd4a5d8a29bb7e4dab0dfb62febfda8e": {
                    "balance": 1659740681117.642,
                    "percentage_of_total_supply": 0.1659740681117642,
                    "percentage_of_circulating_supply": 0.1659740681117642
                },
                "0xde430f30cfdad774c352f67964ac1eb7aefd6e44": {
                    "balance": 1054716088322.2628,
                    "percentage_of_total_supply": 0.1054716088322263,
                    "percentage_of_circulating_supply": 0.1054716088322263
                },
                "0x4c377dbd8b58f19f067072b4b6bc8715991b2222": {
                    "balance": 379513794238.85565,
                    "percentage_of_total_supply": 0.037951379423885566,
                    "percentage_of_circulating_supply": 0.037951379423885566
                },
                "0xc0181cc50d5024af2711a179cc2652b4c4668938": {
                    "balance": 123522842431.65999,
                    "percentage_of_total_supply": 0.012352284243166001,
                    "percentage_of_circulating_supply": 0.012352284243166001
                },
                "0x209576058881605e23c862272dd5aa1a2b61e058": {
                    "balance": 18235682779.320637,
                    "percentage_of_total_supply": 0.0018235682779320639,
                    "percentage_of_circulating_supply": 0.0018235682779320639
                }
            },
            "total_supply": 1000000000000000.0,
            "total_circulating_supply": 1000000000000000.0,