{
    "token_address": "0x7D3b62e233b4480047553a7BbCF98Ea642cD2DE7",
    "chain": "bsc",
    "token_name": "Lape Of Shape",
    "analyses": {
        "contract": {
            "contract_name": null,
            "compiler_version": null,
            "license_type": null,
            "implementation": null,
            "source_code": null,
            "abi": null,
            "verified": false,
            "owner": "0xc04a7b10c4f06c5246b0fdff1a8aa4476f1aef6e",
            "creator": "0xc04a7b10c4f06c5246b0fdff1a8aa4476f1aef6e",
            "is_hidden_owner": false,
            "is_proxy": null,
            "is_sellable": true,
            "is_hardcoded_owner": null,
            "code_analysis": {
                "total_matches": 0,
                "patterns_found": {}
            }
        },
        "holder": {
            "total_holders": 32,
            "holders_list": {
                "0xc04a7b10c4f06c5246b0fdff1a8aa4476f1aef6e": {
                    "balance": 99999903888.22102,
                    "percentage_of_total_supply": 99.99990388822103,
                    "percentage_of_circulating_supply": 99.99990388822103
                },
                "0xb5655b19d5f8071053b039efb7e0b2b2d2274f12": {
                    "balance": 94708.538347467,
                    "percentage_of_total_supply": 9.4708538347467e-05,
                    "percentage_of_circulating_supply": 9.4708538347467e-05
                },
                "0x9ae2c09e5483f089ef9a8a6211816cde21bdaaab": {
                    "balance": 716.535124345,
                    "percentage_of_total_supply": 7.16535124345e-07,
                    "percentage_of_circulating_supply": 7.16535124345e-07
                },
                "0xb700f9ba26a98094f6a0ed6a7df00259504795fa": {
                    "balance": 259.553231939,
                    "percentage_of_total_supply": 2.5955323193899996e-07,
                    "percentage_of_circulating_supply": 2.5955323193899996e-07
                },
                "0xa1496e58adc5416f297c1975cd1aa295872c4616": {
                    "balance": 113.022645517,
                    "percentage_of_total_supply": 1.1302264551700001e-07,
                    "percentage_of_circulating_supply": 1.1302264551700001e-07
                },
                "0x48f69772b7d45259a19bdfbeb5b40fd28f272868": {
                    "balance": 94.813736116,
                    "percentage_of_total_supply": 9.481373611600001e-08,
                    "percentage_of_circulating_supply": 9.481373611600001e-08
                },
                "0xf5e9d0acfe980705f12e4e6ab6eb0f2244a1bd1e": {
                    "balance": 42.256471894,
                    "percentage_of_total_supply": 4.2256471894000004e-08,
                    "percentage_of_circulating_supply": 4.2256471894000004e-08
                },
                "0x084112b4e210c40666af15c7dc8c1879a8010f75": {
                    "balance": 40.650488067,
                    "percentage_of_total_supply": 4.0650488066999995e-08,
                    "percentage_of_circulating_supply": 4.0650488066999995e-08
                },
                "0xe1badb094ebe66943ee18e2bff316cdd844df821": {
                    "balance": 21.780659699,
                    "percentage_of_total_supply": 2.1780659699e-08,
                    "percentage_of_circulating_supply": 2.1780659699e-08
                },
                "0x66e9ef0bd05853e80c00c3af669a6ec7b1153027": {
                    "balance": 15.503314107,
                    "percentage_of_total_supply": 1.5503314107000002e-08,
                    "percentage_of_circulating_supply": 1.5503314107000002e-08
                },
                "0x93f49f0c22605928050172b73dec8f2f02f1f0b2": {
                    "balance": 12.033560405,
                    "percentage_of_total_supply": 1.2033560405000002e-08,
                    "percentage_of_circulating_supply": 1.2033560405000002e-08
                },
                "0x5e1cb1f71ee5394aa745def7205959e3f37be0a4": {
                    "balance": 11.049779294,
                    "percentage_of_total_supply": 1.1049779294e-08,
                    "percentage_of_circulating_supply": 1.1049779294e-08
                },
                "0xd9651b40cb99f50c34bf693a6b4fe1ff0ee2f52c": {
                    "balance": 10.616406449,
                    "percentage_of_total_supply": 1.0616406449e-08,
                    "percentage_of_circulating_supply": 1.0616406449e-08
                },
                "0xa1c951ecf7fa16efa9a726fbd245f7371ef58a00": {
                    "balance": 9.67033508,
                    "percentage_of_total_supply": 9.67033508e-09,
                    "percentage_of_circulating_supply": 9.67033508e-09
                },
                "0xf053a74698babc5b1a3d8688bad47468b10e4e6b": {
                    "balance": 9.087285749,
                    "percentage_of_total_supply": 9.087285749e-09,
                    "percentage_of_circulating_supply": 9.087285749e-09
                },
                "0x26885ebb22f8999a67d90aa82b41f142fcb5267e": {
                    "balance": 8.409621817,
                    "percentage_of_total_supply": 8.409621817e-09,
                    "percentage_of_circulating_supply": 8.409621817e-09
                },
                "0x4a8ca9b9468bd1ce4fd15ad1bdfd97b0e03f6803": {
                    "balance": 7.159401408,
                    "percentage_of_total_supply": 7.159401408e-09,
                    "percentage_of_circulating_supply": 7.159401408e-09
                },
                "0x7b86e8f1f2424bbd7ae5ca98cc4c4082abe68869": {
                    "balance": 6.053031344,
                    "percentage_of_total_supply": 6.0530313440000005e-09,
                    "percentage_of_circulating_supply": 6.0530313440000005e-09
                },
                "0x361003ea86b877276701591cd696cadc583178c3": {
                    "balance": 5.380075804,
                    "percentage_of_total_supply": 5.380075804e-09,
                    "percentage_of_circulating_supply": 5.380075804e-09
                },
                "0xe65e3acd2ca6de2beb41a6eb44bb28a4ff24e98c": {
                    "balance": 4.565067507,
                    "percentage_of_total_supply": 4.565067507e-09,
                    "percentage_of_circulating_supply": 4.565067507e-09
                },
                "0x345791ce17e21f08b536624beecde5bdaea313db": {
                    "balance": 3.554697976,
                    "percentage_of_total_supply": 3.554697976e-09,
                    "percentage_of_circulating_supply": 3.554697976e-09
                },
                "0x926072463e6db6ffddac02b8435325a6a915d774": {
                    "balance": 3.43163788,
                    "percentage_of_total_supply": 3.43163788e-09,
                    "percentage_of_circulating_supply": 3.43163788e-09
                },
                "0xecf55f72bcf0b5db2ac3b18fff3baad31795cf60": {
                    "balance": 1.728282977,
                    "percentage_of_total_supply": 1.728282977e-09,
                    "percentage_of_circulating_supply": 1.728282977e-09
                },
                "0x815bada00972fb9689057aee7ab1781221c002f1": {
                    "balance": 1.56268768,
                    "percentage_of_total_supply": 1.56268768e-09,
                    "percentage_of_circulating_supply": 1.56268768e-09
                },
                "0x0ab86b27e728ca3c5740ed8a7d317b3dea6ea3a9": {
                    "balance": 1.363196764,
                    "percentage_of_total_supply": 1.363196764e-09,
                    "percentage_of_circulating_supply": 1.363196764e-09
                },
                "0xc897c20b0775c3bc540d9e29799bcc44f498a0fb": {
                    "balance": 1.07481937,
                    "percentage_of_total_supply": 1.07481937e-09,
                    "percentage_of_circulating_supply": 1.07481937e-09
                },