{
    "token_address": "0x566575FEc563DF73C40210cc73De8Bac60C9a2DB",
    "chain": "bsc",
    "token_name": "Meta Orbit",
    "analyses": {
        "contract": {
            "contract_name": null,
            "compiler_version": null,
            "license_type": null,
            "implementation": null,
            "source_code": null,
            "abi": null,
            "verified": false,
            "owner": "0x64d9953e092470f030ff5e8cc13caf018d8db232",
            "creator": "0x64d9953e092470f030ff5e8cc13caf018d8db232",
            "is_hidden_owner": false,
            "is_proxy": null,
            "is_sellable": true,
            "is_hardcoded_owner": null,
            "code_analysis": {
                "total_matches": 0,
                "patterns_found": {}
            }
        },
        "holder": {
            "total_holders": 20,
            "holders_list": {
                "0x64d9953e092470f030ff5e8cc13caf018d8db232": {
                    "balance": 664333278915626.1,
                    "percentage_of_total_supply": 66.43332789156263,
                    "percentage_of_circulating_supply": 66.43332789156261
                },
                "0xaaf882aabbbaedebcff0bfe100d0ae749000ba46": {
                    "balance": 68979597529705.93,
                    "percentage_of_total_supply": 6.897959752970594,
                    "percentage_of_circulating_supply": 6.897959752970592
                },
                "0x403756c0669783cc7eb9e929aeb881170b67dfb8": {
                    "balance": 67447423717235.53,
                    "percentage_of_total_supply": 6.744742371723554,
                    "percentage_of_circulating_supply": 6.744742371723553
                },
                "0x9f10bdbce46cd5512af0c48c28be29e0663a9e0d": {
                    "balance": 39927809591548.234,
                    "percentage_of_total_supply": 3.9927809591548242,
                    "percentage_of_circulating_supply": 3.992780959154824
                },
                "0xc63d24ba1eba9552e7c1b12e380b19b8b618f259": {
                    "balance": 39926458537845.555,
                    "percentage_of_total_supply": 3.992645853784556,
                    "percentage_of_circulating_supply": 3.992645853784555
                },
                "0xf9f691e0f08688c75c8db02529f708ffc32ece77": {
                    "balance": 29899555940951.438,
                    "percentage_of_total_supply": 2.989955594095144,
                    "percentage_of_circulating_supply": 2.9899555940951434
                },
                "0xd24980284af15648aa7e1feccf517bf502106c4c": {
                    "balance": 22136379167713.996,
                    "percentage_of_total_supply": 2.2136379167714,
                    "percentage_of_circulating_supply": 2.2136379167713995
                },
                "0x1770dff2e8d11fbbb9b9c554633007b7da0b7723": {
                    "balance": 18190731294736.96,
                    "percentage_of_total_supply": 1.8190731294736961,
                    "percentage_of_circulating_supply": 1.819073129473696
                },
                "0x3f2c6a992367847a838687aef793cf4a53d85c3b": {
                    "balance": 13315148398551.436,
                    "percentage_of_total_supply": 1.3315148398551437,
                    "percentage_of_circulating_supply": 1.3315148398551435
                },
                "0xf9b998ca60c1205721ef84ce47a3cad5f9e43211": {
                    "balance": 12887573016004.465,
                    "percentage_of_total_supply": 1.2887573016004465,
                    "percentage_of_circulating_supply": 1.2887573016004463
                },
                "0xaf1bfd67358f1ee8fe7fbd66d2336127ca818654": {
                    "balance": 11334521624850.428,
                    "percentage_of_total_supply": 1.1334521624850429,
                    "percentage_of_circulating_supply": 1.1334521624850427
                },
                "0xaa9f0c919090faaa03aaf877408c37246988166c": {
                    "balance": 4172809161158.4346,
                    "percentage_of_total_supply": 0.4172809161158435,
                    "percentage_of_circulating_supply": 0.41728091611584345
                },
                "0xfd0af3427444d557bf8a9bec1174e07497d0e1ba": {
                    "balance": 2618127415534.2227,
                    "percentage_of_total_supply": 0.26181274155342227,
                    "percentage_of_circulating_supply": 0.26181274155342227
                },
                "0x8bc6fbccc3587ae341fa1632c86582ac34217d0f": {
                    "balance": 2000000000000.0,
                    "percentage_of_total_supply": 0.2,
                    "percentage_of_circulating_supply": 0.2
                },
                "0xb0af1e65ed4d8a7242dbc34df5937fed38d51868": {
                    "balance": 1857550000000.0002,
                    "percentage_of_total_supply": 0.18575500000000003,
                    "percentage_of_circulating_supply": 0.185755
                },
                "0xb13733b3cfebf27117f53fff4f2d303cf2bfbc54": {
                    "balance": 600350020407.1508,
                    "percentage_of_total_supply": 0.060035002040715074,
                    "percentage_of_circulating_supply": 0.06003500204071506
                },
                "0xe06c026644b178dc569ce2efcab0e5bb1da2ec14": {
                    "balance": 266638364043.1133,
                    "percentage_of_total_supply": 0.026663836404311327,
                    "percentage_of_circulating_supply": 0.026663836404311327
                },
                "0x38af69b22eb3c53b1eea4a46f2581cd102f05632": {
                    "balance": 77014441903.95139,
                    "percentage_of_total_supply": 0.007701444190395138,
                    "percentage_of_circulating_supply": 0.007701444190395137
                },
                "0x915f1ae3d724f8f0f7bcf59563825e1e954f2c3b": {
                    "balance": 29030704882.037525,
                    "percentage_of_total_supply": 0.002903070488203753,
                    "percentage_of_circulating_supply": 0.0029030704882037524
                },
                "0x2432df1e707d13ce3fd21aec985edfcc77b85ab5": {
                    "balance": 2157301.0,
                    "percentage_of_total_supply": 2.1573010000000003e-07,
                    "percentage_of_circulating_supply": 2.1573009999999998e-07
                }
            },
            "total_supply": 1000000000000000.0,
            "total_circulating_supply": 1000000000000000.1,
            "owner": {
                "address": "0x64d9953e092470f030ff5e8cc13caf018d8db232",
                "balance": 664333278915626.1,
                "percentage_of_circulating_supply": 66.43332789156261,
                "exceeds_5_percent": true
            },
            "creator": {
                "address": "0x64d9953e092470f030ff5e8cc13caf018d8db232",
                "balance": 664333278915626.1,
                "percentage_of_circulating_supply": 66.43332789156261,
                "exceeds_5_percent": true
            },
            "holders_exceeding_5_percent_circulating": [
                {
                    "address": "0xaaf882aabbbaedebcff0bfe100d0ae749000ba46",
                    "balance": 68979597529705.93,
                    "percentage_of_supply": 6.897959752970592
                },
                {
                    "address": "0x403756c0669783cc7eb9e929aeb881170b67dfb8",
                    "balance": 67447423717235.53,
                    "percentage_of_supply": 6.744742371723553
                }
            ],
            "howmany_holders_exceeding_5_percent_circulating": 2,
            "top_10_holders": [
                {
                    "address": "0x64d9953e092470f030ff5e8cc13caf018d8db232",
                    "balance": 664333278915626.1,
                    "percentage_of_total_supply": 66.43332789156263,