{
    "token_address": "0x23fa93c822466407343730af516f6Dfed8853a35",
    "chain": "bsc",
    "token_name": "Arora",
    "analyses": {
        "contract": {
            "contract_name": null,
            "compiler_version": null,
            "license_type": null,
            "implementation": null,
            "source_code": null,
            "abi": null,
            "verified": false,
            "owner": "0xb027a54c2603f79debf75aeb23657b202900a1bf",
            "creator": "0xb027a54c2603f79debf75aeb23657b202900a1bf",
            "is_hidden_owner": false,
            "is_proxy": null,
            "is_sellable": true,
            "is_hardcoded_owner": null,
            "code_analysis": {
                "total_matches": 0,
                "patterns_found": {}
            }
        },
        "holder": {
            "total_holders": 2,
            "holders_list": {
                "0xfee6b3afeb8aa1d1d77c6c2b800845470e86bd4f": {
                    "balance": 0.011408044,
                    "percentage_of_total_supply": 1.1408044e-06,
                    "percentage_of_circulating_supply": 1.1759538985266515e-06
                },
                "0xb027a54c2603f79debf75aeb23657b202900a1bf": {
                    "balance": 940219.586365831,
                    "percentage_of_total_supply": 94.02195863658311,
                    "percentage_of_circulating_supply": 96.91888355777859
                }
            },
            "total_supply": 1000000.0,
            "total_circulating_supply": 970109.7988869376,
            "owner": {
                "address": "0xb027a54c2603f79debf75aeb23657b202900a1bf",
                "balance": 940219.586365831,
                "percentage_of_circulating_supply": 96.91888355777859,
                "exceeds_5_percent": true
            },
            "creator": {
                "address": "0xb027a54c2603f79debf75aeb23657b202900a1bf",
                "balance": 940219.586365831,
                "percentage_of_circulating_supply": 96.91888355777859,
                "exceeds_5_percent": true
            },
            "holders_exceeding_5_percent_circulating": [],
            "howmany_holders_exceeding_5_percent_circulating": 0,
            "top_10_holders": [
                {
                    "address": "0xb027a54c2603f79debf75aeb23657b202900a1bf",
                    "balance": 940219.586365831,
                    "percentage_of_total_supply": 94.02195863658311,
                    "percentage_of_circulating_supply": 96.91888355777859
                },
                {
                    "address": "0xfee6b3afeb8aa1d1d77c6c2b800845470e86bd4f",
                    "balance": 0.011408044,
                    "percentage_of_total_supply": 1.1408044e-06,
                    "percentage_of_circulating_supply": 1.1759538985266515e-06
                }
            ],
            "total_top_10_balance": 940219.597773875,
            "top10_percentage_of_total_supply": 94.0219597773875,
            "top10_percentage_of_circulating_supply": 96.9188847337325,
            "top_10_less_than_70_percent_of_total": false,
            "top_10_less_than_70_percent_of_circulating": false
        },
        "liquidity": {
            "price_usd": 4849.480438899899,
            "liquidity_usd": 1.1064617244821872e-07,
            "market_cap_usd": 4704528493.287319,
            "liquidity_to_market_cap_ratio": 2.3519077970533027e-17,
            "token_volume": 0.0,
            "volume_usd": 0.0,
            "volume_to_liquidity_ratio": 0.0,
            "locked_liquidity_percent": 0.0,
            "locked_95_for_15_days": false,
            "creator_under_5_percent": false,
            "creator_percent_of_lp": 94.022,
            "owner_under_5_percent": true,
            "owner_percent_of_lp": 0.0,
            "total_lp_supply": 2.3195551208e-08,
            "lp_holders_count": 2,
            "lp_holders": [
                {
                    "address": "0x0ed943ce24baebf257488771759f9bf482c39706",
                    "balance": 2.3195550208e-08,
                    "is_locked": false,
                    "percent": 99.99999568882846,
                    "tag": ""
                },
                {
                    "address": "0x0000000000000000000000000000000000000000",
                    "balance": 1e-15,
                    "is_locked": true,
                    "percent": 4.3111715304e-06,
                    "tag": "Null Address"
                }
            ],
            "error": "Liquidity pool info could not be retrieved."
        },
        "security": {
            "warnings": null,
            "homany_warnings": 0,
            "suspicious_urls": null,
            "howmany_suspicious_urls": 0,
            "suspicious_addresses": null,
            "howmany_suspicious_addresses": 0,
            "error": "Security analysis data not available."
        },
        "lifecycle": {
            "token_age_seconds": 83327790.761982,
            "token_creation_date": "2023-01-05T11:45:15",
            "creation_to_first_trade_seconds": 0.0,
            "creation_to_first_trade_blocks": 0,
            "last_tx_hash": "0x084f73094fd60dab82d792c09fb3971d62a393a4bec519e2b0e887b8e1447f0c",
            "last_active_age": "2023-10-29T14:29:44",
            "inactive_days": 667.3278280878935
        }
    },
    "errors": []
}