{
    "token_address": "0xefa976e606801A86B9e6D3403436341Bf2710748",
    "chain": "bsc",
    "token_name": "LIFECAKE",
    "analyses": {
        "contract": {
            "contract_name": null,
            "compiler_version": null,
            "license_type": null,
            "implementation": null,
            "source_code": null,
            "abi": null,
            "verified": false,
            "owner": "0x08ca4ba2d464e3a12e25010fc74ad154b214db32",
            "creator": "0x08ca4ba2d464e3a12e25010fc74ad154b214db32",
            "is_hidden_owner": false,
            "is_proxy": null,
            "is_sellable": true,
            "is_hardcoded_owner": null,
            "code_analysis": {
                "total_matches": 0,
                "patterns_found": {}
            }
        },
        "holder": {
            "total_holders": 12,
            "holders_list": {
                "0x2be87ad70cf11ea294d7c42044b5b8277a3e4874": {
                    "balance": 55414400.257700644,
                    "percentage_of_total_supply": 0.5541440025770065,
                    "percentage_of_circulating_supply": 0.5541440025770065
                },
                "0x23327a05647ba035e647992abe8dfd77c2577e7d": {
                    "balance": 282167872.4628827,
                    "percentage_of_total_supply": 2.8216787246288266,
                    "percentage_of_circulating_supply": 2.8216787246288266
                },
                "0x006004d6c39590d39310a0d34181e15d9ade3902": {
                    "balance": 22067.120566103014,
                    "percentage_of_total_supply": 0.00022067120566103012,
                    "percentage_of_circulating_supply": 0.00022067120566103012
                },
                "0xcd88d7573818abe26b02f4bf19c4db44aff3c591": {
                    "balance": 56095440.321859635,
                    "percentage_of_total_supply": 0.5609544032185964,
                    "percentage_of_circulating_supply": 0.5609544032185964
                },
                "0x9bf192ed743937b9dc16fa04fefdc3cbde4db3d9": {
                    "balance": 2184644.9360441985,
                    "percentage_of_total_supply": 0.021846449360441986,
                    "percentage_of_circulating_supply": 0.021846449360441986
                },
                "0x5e3773713f0a20806168d633652b905ee7253f83": {
                    "balance": 70132649.99376963,
                    "percentage_of_total_supply": 0.7013264999376964,
                    "percentage_of_circulating_supply": 0.7013264999376964
                },
                "0x9620e6cf14c87f1dace55cbf734a8793518a664d": {
                    "balance": 33819019.6105748,
                    "percentage_of_total_supply": 0.338190196105748,
                    "percentage_of_circulating_supply": 0.338190196105748
                },
                "0xc0a7004be7063ea87f3677bb0a4045bda61478da": {
                    "balance": 15967917.853935894,
                    "percentage_of_total_supply": 0.15967917853935892,
                    "percentage_of_circulating_supply": 0.15967917853935892
                },
                "0x6d803880590ed0362c1682f6bbcddf38851fa640": {
                    "balance": 124332642.80437917,
                    "percentage_of_total_supply": 1.2433264280437917,
                    "percentage_of_circulating_supply": 1.2433264280437917
                },
                "0x139ac15894417fc55878c8dbecf1ac704db9f562": {
                    "balance": 39977228.222791165,
                    "percentage_of_total_supply": 0.39977228222791167,
                    "percentage_of_circulating_supply": 0.39977228222791167
                },
                "0x19a05099364306a0979c0220b0ecde05337d335f": {
                    "balance": 6.254765577e-09,
                    "percentage_of_total_supply": 6.254765577000001e-17,
                    "percentage_of_circulating_supply": 6.254765577000001e-17
                },
                "0x08ca4ba2d464e3a12e25010fc74ad154b214db32": {
                    "balance": 9319886116.415497,
                    "percentage_of_total_supply": 93.19886116415496,
                    "percentage_of_circulating_supply": 93.19886116415496
                }
            },
            "total_supply": 10000000000.0,
            "total_circulating_supply": 10000000000.0,
            "owner": {
                "address": "0x08ca4ba2d464e3a12e25010fc74ad154b214db32",
                "balance": 9319886116.415497,
                "percentage_of_circulating_supply": 93.19886116415496,
                "exceeds_5_percent": true
            },
            "creator": {
                "address": "0x08ca4ba2d464e3a12e25010fc74ad154b214db32",
                "balance": 9319886116.415497,
                "percentage_of_circulating_supply": 93.19886116415496,
                "exceeds_5_percent": true
            },
            "holders_exceeding_5_percent_circulating": [],
            "howmany_holders_exceeding_5_percent_circulating": 0,
            "top_10_holders": [
                {
                    "address": "0x08ca4ba2d464e3a12e25010fc74ad154b214db32",
                    "balance": 9319886116.415497,
                    "percentage_of_total_supply": 93.19886116415496,
                    "percentage_of_circulating_supply": 93.19886116415496
                },
                {
                    "address": "0x23327a05647ba035e647992abe8dfd77c2577e7d",
                    "balance": 282167872.4628827,
                    "percentage_of_total_supply": 2.8216787246288266,
                    "percentage_of_circulating_supply": 2.8216787246288266
                },
                {
                    "address": "0x6d803880590ed0362c1682f6bbcddf38851fa640",
                    "balance": 124332642.80437917,
                    "percentage_of_total_supply": 1.2433264280437917,
                    "percentage_of_circulating_supply": 1.2433264280437917
                },
                {
                    "address": "0x5e3773713f0a20806168d633652b905ee7253f83",
                    "balance": 70132649.99376963,
                    "percentage_of_total_supply": 0.7013264999376964,
                    "percentage_of_circulating_supply": 0.7013264999376964
                },
                {
                    "address": "0xcd88d7573818abe26b02f4bf19c4db44aff3c591",
                    "balance": 56095440.321859635,
                    "percentage_of_total_supply": 0.5609544032185964,
                    "percentage_of_circulating_supply": 0.5609544032185964
                },
                {
                    "address": "0x2be87ad70cf11ea294d7c42044b5b8277a3e4874",
                    "balance": 55414400.257700644,
                    "percentage_of_total_supply": 0.5541440025770065,
                    "percentage_of_circulating_supply": 0.5541440025770065
                },
                {
                    "address": "0x139ac15894417fc55878c8dbecf1ac704db9f562",
                    "balance": 39977228.222791165,
                    "percentage_of_total_supply": 0.39977228222791167,
                    "percentage_of_circulating_supply": 0.39977228222791167
                },
                {
                    "address": "0x9620e6cf14c87f1dace55cbf734a8793518a664d",
                    "balance": 33819019.6105748,
                    "percentage_of_total_supply": 0.338190196105748,
                    "percentage_of_circulating_supply": 0.338190196105748
                },
                {
                    "address": "0xc0a7004be7063ea87f3677bb0a4045bda61478da",
                    "balance": 15967917.853935894,
                    "percentage_of_total_supply": 0.15967917853935892,
                    "percentage_of_circulating_supply": 0.15967917853935892
                },
                {
                    "address": "0x9bf192ed743937b9dc16fa04fefdc3cbde4db3d9",
                    "balance": 2184644.9360441985,