{
    "token_address": "0x774813BefE549EA9A238311f7B7e65F2f945D875",
    "chain": "bsc",
    "token_name": "Chimpion",
    "analyses": {
        "contract": {
            "contract_name": null,
            "compiler_version": null,
            "license_type": null,
            "implementation": null,
            "source_code": null,
            "abi": null,
            "verified": false,
            "owner": "0x46f447aba4551566bba2c828cbf173faa5ed0378",
            "creator": "0x46f447aba4551566bba2c828cbf173faa5ed0378",
            "is_hidden_owner": false,
            "is_proxy": null,
            "is_sellable": true,
            "is_hardcoded_owner": null,
            "code_analysis": {
                "total_matches": 0,
                "patterns_found": {}
            }
        },
        "holder": {
            "total_holders": 10,
            "holders_list": {
                "0x54f16329cb58489ea18395815c48e11be6b3c096": {
                    "balance": 539.010430672,
                    "percentage_of_total_supply": 0.00539010430672,
                    "percentage_of_circulating_supply": 0.00539010430672
                },
                "0x0ed943ce24baebf257488771759f9bf482c39706": {
                    "balance": 1672.164696493,
                    "percentage_of_total_supply": 0.01672164696493,
                    "percentage_of_circulating_supply": 0.01672164696493
                },
                "0x786336dda324aa773806baa288d7d121050d0679": {
                    "balance": 1.1e-08,
                    "percentage_of_total_supply": 1.1e-13,
                    "percentage_of_circulating_supply": 1.1e-13
                },
                "0x903bef5df186383eedca4b7b8d12c600a9a8820b": {
                    "balance": 266.532585297,
                    "percentage_of_total_supply": 0.0026653258529700003,
                    "percentage_of_circulating_supply": 0.0026653258529700003
                },
                "0xc69b0b2864933bcd2624dfa86745bc5b19378ff1": {
                    "balance": 1606.571475809,
                    "percentage_of_total_supply": 0.016065714758090002,
                    "percentage_of_circulating_supply": 0.016065714758090002
                },
                "0x46f447aba4551566bba2c828cbf173faa5ed0378": {
                    "balance": 9987187.04485713,
                    "percentage_of_total_supply": 99.8718704485713,
                    "percentage_of_circulating_supply": 99.8718704485713
                },
                "0x658198ae829571c9a8d654c0766a791f15b05a3d": {
                    "balance": 843.499630832,
                    "percentage_of_total_supply": 0.00843499630832,
                    "percentage_of_circulating_supply": 0.00843499630832
                },
                "0xe91902a239513fd1c677abdb73a21eac7a6d715a": {
                    "balance": 114.553462724,
                    "percentage_of_total_supply": 0.00114553462724,
                    "percentage_of_circulating_supply": 0.00114553462724
                },
                "0x00047f911de534dfb2176a3206eacd1d85ac368d": {
                    "balance": 7134.997864496,
                    "percentage_of_total_supply": 0.07134997864496,
                    "percentage_of_circulating_supply": 0.07134997864496
                },
                "0xf8aa285fb71e429bb621c46e3f56830df533ce7c": {
                    "balance": 635.624996536,
                    "percentage_of_total_supply": 0.00635624996536,
                    "percentage_of_circulating_supply": 0.00635624996536
                }
            },
            "total_supply": 10000000.0,
            "total_circulating_supply": 10000000.0,
            "owner": {
                "address": "0x46f447aba4551566bba2c828cbf173faa5ed0378",
                "balance": 9987187.04485713,
                "percentage_of_circulating_supply": 99.8718704485713,
                "exceeds_5_percent": true
            },
            "creator": {
                "address": "0x46f447aba4551566bba2c828cbf173faa5ed0378",
                "balance": 9987187.04485713,
                "percentage_of_circulating_supply": 99.8718704485713,
                "exceeds_5_percent": true
            },
            "holders_exceeding_5_percent_circulating": [],
            "howmany_holders_exceeding_5_percent_circulating": 0,
            "top_10_holders": [
                {
                    "address": "0x46f447aba4551566bba2c828cbf173faa5ed0378",
                    "balance": 9987187.04485713,
                    "percentage_of_total_supply": 99.8718704485713,
                    "percentage_of_circulating_supply": 99.8718704485713
                },
                {
                    "address": "0x00047f911de534dfb2176a3206eacd1d85ac368d",
                    "balance": 7134.997864496,
                    "percentage_of_total_supply": 0.07134997864496,
                    "percentage_of_circulating_supply": 0.07134997864496
                },
                {
                    "address": "0x0ed943ce24baebf257488771759f9bf482c39706",
                    "balance": 1672.164696493,
                    "percentage_of_total_supply": 0.01672164696493,
                    "percentage_of_circulating_supply": 0.01672164696493
                },
                {
                    "address": "0xc69b0b2864933bcd2624dfa86745bc5b19378ff1",
                    "balance": 1606.571475809,
                    "percentage_of_total_supply": 0.016065714758090002,
                    "percentage_of_circulating_supply": 0.016065714758090002
                },
                {
                    "address": "0x658198ae829571c9a8d654c0766a791f15b05a3d",
                    "balance": 843.499630832,
                    "percentage_of_total_supply": 0.00843499630832,
                    "percentage_of_circulating_supply": 0.00843499630832
                },
                {
                    "address": "0xf8aa285fb71e429bb621c46e3f56830df533ce7c",
                    "balance": 635.624996536,
                    "percentage_of_total_supply": 0.00635624996536,
                    "percentage_of_circulating_supply": 0.00635624996536
                },
                {
                    "address": "0x54f16329cb58489ea18395815c48e11be6b3c096",
                    "balance": 539.010430672,
                    "percentage_of_total_supply": 0.00539010430672,
                    "percentage_of_circulating_supply": 0.00539010430672
                },
                {
                    "address": "0x903bef5df186383eedca4b7b8d12c600a9a8820b",
                    "balance": 266.532585297,
                    "percentage_of_total_supply": 0.0026653258529700003,
                    "percentage_of_circulating_supply": 0.0026653258529700003
                },
                {
                    "address": "0xe91902a239513fd1c677abdb73a21eac7a6d715a",
                    "balance": 114.553462724,
                    "percentage_of_total_supply": 0.00114553462724,
                    "percentage_of_circulating_supply": 0.00114553462724
                },
                {
                    "address": "0x786336dda324aa773806baa288d7d121050d0679",
                    "balance": 1.1e-08,
                    "percentage_of_total_supply": 1.1e-13,
                    "percentage_of_circulating_supply": 1.1e-13
                }
            ],
            "total_top_10_balance": 10000000.0,
            "top10_percentage_of_total_supply": 100.0,
            "top10_percentage_of_circulating_supply": 100.0,
            "top_10_less_than_70_percent_of_total": false,
            "top_10_less_than_70_percent_of_circulating": false
        },
        "liquidity": {
            "price_usd": 10.399105979474506,
            "liquidity_usd": 2.2878033154843913e-16,
            "market_cap_usd": 103991059.79474506,
            "liquidity_to_market_cap_ratio": 2.2e-24,
            "token_volume": 0.0,
            "volume_usd": 0.0,