{
    "token_address": "0xfd17B774881d55eE0887DE954922d1658c952Ba6",
    "chain": "bsc",
    "token_name": "Oxbull.tech",
    "analyses": {
        "contract": {
            "contract_name": null,
            "compiler_version": null,
            "license_type": null,
            "implementation": null,
            "source_code": null,
            "abi": null,
            "verified": false,
            "owner": "0x17e315c758c5e6af7d96f2727b492e05cd9e91d3",
            "creator": "0x17e315c758c5e6af7d96f2727b492e05cd9e91d3",
            "is_hidden_owner": false,
            "is_proxy": null,
            "is_sellable": true,
            "is_hardcoded_owner": null,
            "code_analysis": {
                "total_matches": 0,
                "patterns_found": {}
            }
        },
        "holder": {
            "total_holders": 2,
            "holders_list": {
                "0xc052103742bf14097d4c9431707b15ba066aa7c3": {
                    "balance": 4e-09,
                    "percentage_of_total_supply": 4e-13,
                    "percentage_of_circulating_supply": 4.101366661185938e-13
                },
                "0x17e315c758c5e6af7d96f2727b492e05cd9e91d3": {
                    "balance": 950569.325027558,
                    "percentage_of_total_supply": 95.0569325027558,
                    "percentage_of_circulating_supply": 97.46583347035114
                }
            },
            "total_supply": 1000000.0,
            "total_circulating_supply": 975284.662513781,
            "owner": {
                "address": "0x17e315c758c5e6af7d96f2727b492e05cd9e91d3",
                "balance": 950569.325027558,
                "percentage_of_circulating_supply": 97.46583347035114,
                "exceeds_5_percent": true
            },
            "creator": {
                "address": "0x17e315c758c5e6af7d96f2727b492e05cd9e91d3",
                "balance": 950569.325027558,
                "percentage_of_circulating_supply": 97.46583347035114,
                "exceeds_5_percent": true
            },
            "holders_exceeding_5_percent_circulating": [],
            "howmany_holders_exceeding_5_percent_circulating": 0,
            "top_10_holders": [
                {
                    "address": "0x17e315c758c5e6af7d96f2727b492e05cd9e91d3",
                    "balance": 950569.325027558,
                    "percentage_of_total_supply": 95.0569325027558,
                    "percentage_of_circulating_supply": 97.46583347035114
                },
                {
                    "address": "0xc052103742bf14097d4c9431707b15ba066aa7c3",
                    "balance": 4e-09,
                    "percentage_of_total_supply": 4e-13,
                    "percentage_of_circulating_supply": 4.101366661185938e-13
                }
            ],
            "total_top_10_balance": 950569.325027562,
            "top10_percentage_of_total_supply": 95.0569325027562,
            "top10_percentage_of_circulating_supply": 97.46583347035155,
            "top_10_less_than_70_percent_of_total": false,
            "top_10_less_than_70_percent_of_circulating": false
        },
        "liquidity": {
            "price_usd": 82.15971732816077,
            "liquidity_usd": 6.572777386252861e-16,
            "market_cap_usd": 80129112.18662292,
            "liquidity_to_market_cap_ratio": 8.202733322371875e-24,
            "token_volume": 0.0,
            "volume_usd": 0.0,
            "volume_to_liquidity_ratio": 0.0,
            "locked_liquidity_percent": 100.0,
            "locked_95_for_15_days": false,
            "creator_under_5_percent": false,
            "creator_percent_of_lp": 95.0569,
            "owner_under_5_percent": true,
            "owner_percent_of_lp": 0.0,
            "total_lp_supply": 1e-15,
            "lp_holders_count": 1,
            "lp_holders": [
                {
                    "address": "0x0000000000000000000000000000000000000000",
                    "balance": 1e-15,
                    "is_locked": true,
                    "percent": 100.0,
                    "tag": "Null Address"
                }
            ],
            "error": "Liquidity pool info could not be retrieved."
        },
        "security": {
            "warnings": null,
            "homany_warnings": 0,
            "suspicious_urls": null,
            "howmany_suspicious_urls": 0,
            "suspicious_addresses": null,
            "howmany_suspicious_addresses": 0,
            "error": "Security analysis data not available."
        },
        "lifecycle": {
            "token_age_seconds": 92049041.055669,
            "token_creation_date": "2022-09-26T13:05:19",
            "creation_to_first_trade_seconds": 0.0,
            "creation_to_first_trade_blocks": 0,
            "last_tx_hash": "0x39b6d78f796a6206ea702ebe3632e6cab5455430b5f4cb8dba07c320bf36f0aa",
            "last_active_age": "2023-05-04T18:24:11",
            "inactive_days": 845.1610193856596
        }
    },
    "errors": []
}