{
    "token_address": "0x2b576084719c8489C1DaB0B45e266Da93E8455C9",
    "chain": "bsc",
    "token_name": "TermoOftend",
    "analyses": {
        "contract": {
            "contract_name": null,
            "compiler_version": null,
            "license_type": null,
            "implementation": null,
            "source_code": null,
            "abi": null,
            "verified": false,
            "owner": "0x3695c3fbb11e0e8883f10132fcecdbcdfab0888b",
            "creator": "0x3695c3fbb11e0e8883f10132fcecdbcdfab0888b",
            "is_hidden_owner": false,
            "is_proxy": null,
            "is_sellable": true,
            "is_hardcoded_owner": null,
            "code_analysis": {
                "total_matches": 0,
                "patterns_found": {}
            }
        },
        "holder": {
            "total_holders": 29,
            "holders_list": {
                "0x3695c3fbb11e0e8883f10132fcecdbcdfab0888b": {
                    "balance": 999874800.088215,
                    "percentage_of_total_supply": 99.9874800088215,
                    "percentage_of_circulating_supply": 99.9874800088215
                },
                "0x14037e853f7b641b0b7a878d6981efa334a40727": {
                    "balance": 42657.6863215651,
                    "percentage_of_total_supply": 0.00426576863215651,
                    "percentage_of_circulating_supply": 0.00426576863215651
                },
                "0x28f58eab186fa5277de88ba267a923075d7deea8": {
                    "balance": 16406.924626834985,
                    "percentage_of_total_supply": 0.0016406924626834985,
                    "percentage_of_circulating_supply": 0.0016406924626834985
                },
                "0x1375386cd3136c7223efdbf2de134bd7ed2af2e3": {
                    "balance": 15930.444468005611,
                    "percentage_of_total_supply": 0.0015930444468005612,
                    "percentage_of_circulating_supply": 0.0015930444468005612
                },
                "0xcac98e123d7e1a2ffedbf15f6971e75167ba2bb6": {
                    "balance": 14495.909985682141,
                    "percentage_of_total_supply": 0.0014495909985682142,
                    "percentage_of_circulating_supply": 0.0014495909985682142
                },
                "0x51edbc086341dc7b0e82a9e3bfa48708152c160b": {
                    "balance": 7989.029844705352,
                    "percentage_of_total_supply": 0.0007989029844705351,
                    "percentage_of_circulating_supply": 0.0007989029844705351
                },
                "0x60220e10dbbdf28798e986aab033170443bfc840": {
                    "balance": 3836.2406891198207,
                    "percentage_of_total_supply": 0.0003836240689119821,
                    "percentage_of_circulating_supply": 0.0003836240689119821
                },
                "0x89670655da3c27933f47a8440d447f761a7f31fa": {
                    "balance": 3392.8108720490545,
                    "percentage_of_total_supply": 0.00033928108720490544,
                    "percentage_of_circulating_supply": 0.00033928108720490544
                },
                "0x2cf5ea954b2a63f8911cbfa92cd77870176fe181": {
                    "balance": 3144.2660245769084,
                    "percentage_of_total_supply": 0.00031442660245769086,
                    "percentage_of_circulating_supply": 0.00031442660245769086
                },
                "0x6beb3c5e5ca6176ce000bdb705ce67196c7e94d4": {
                    "balance": 3053.1642407619197,
                    "percentage_of_total_supply": 0.00030531642407619194,
                    "percentage_of_circulating_supply": 0.00030531642407619194
                },
                "0x60f3330758fda6c7cb1a3af637703ce2b3f03708": {
                    "balance": 2435.2477629305563,
                    "percentage_of_total_supply": 0.00024352477629305567,
                    "percentage_of_circulating_supply": 0.00024352477629305567
                },
                "0xab323d30ff5271afcece425d2d03f30db4e1e04e": {
                    "balance": 1882.912178378045,
                    "percentage_of_total_supply": 0.00018829121783780448,
                    "percentage_of_circulating_supply": 0.00018829121783780448
                },
                "0xb8a1f2c286f26aaa657d79dd6f02a8e9d3570738": {
                    "balance": 1610.2652731040046,
                    "percentage_of_total_supply": 0.00016102652731040046,
                    "percentage_of_circulating_supply": 0.00016102652731040046
                },
                "0xb8ebe034669f1e736a3c947938a2464c55279a84": {
                    "balance": 1583.285746854825,
                    "percentage_of_total_supply": 0.0001583285746854825,
                    "percentage_of_circulating_supply": 0.0001583285746854825
                },
                "0x6bdd8a7c59b5f90b9d261e164fd4dd6abddad5f1": {
                    "balance": 1527.4111726598794,
                    "percentage_of_total_supply": 0.00015274111726598793,
                    "percentage_of_circulating_supply": 0.00015274111726598793
                },
                "0x2dad9815e3cbf0a2932802419d689682a18cf555": {
                    "balance": 1352.6592264714034,
                    "percentage_of_total_supply": 0.00013526592264714033,
                    "percentage_of_circulating_supply": 0.00013526592264714033
                },
                "0xf45380e519ab13e55ca41fb83724154f117d34da": {
                    "balance": 829.6361313646729,
                    "percentage_of_total_supply": 8.296361313646728e-05,
                    "percentage_of_circulating_supply": 8.296361313646728e-05
                },
                "0xffb1512cb023b796a5052224cfaa93f3c4bdfa08": {
                    "balance": 770.6617950109508,
                    "percentage_of_total_supply": 7.706617950109507e-05,
                    "percentage_of_circulating_supply": 7.706617950109507e-05
                },
                "0xcb3d2cb9c2f7cf1707308c2bd265f267e1012a3a": {
                    "balance": 474.5856936295174,
                    "percentage_of_total_supply": 4.7458569362951736e-05,
                    "percentage_of_circulating_supply": 4.7458569362951736e-05
                },
                "0x18eb6b500bb0511312796e167330f5f09de71958": {
                    "balance": 436.1245015866848,
                    "percentage_of_total_supply": 4.361245015866848e-05,
                    "percentage_of_circulating_supply": 4.361245015866848e-05
                },
                "0x350053c8d82b75f8c7c863e05db7799457810456": {
                    "balance": 365.2920353262391,
                    "percentage_of_total_supply": 3.652920353262391e-05,
                    "percentage_of_circulating_supply": 3.652920353262391e-05
                },
                "0xb64e62943bb62697c693a769ac86e2ac344bc7a8": {
                    "balance": 297.06393261069246,
                    "percentage_of_total_supply": 2.9706393261069244e-05,
                    "percentage_of_circulating_supply": 2.9706393261069244e-05
                },
                "0x5a53518120ba882c581ed5287cf6a2c20b818f8d": {
                    "balance": 231.17548451349236,
                    "percentage_of_total_supply": 2.311754845134924e-05,
                    "percentage_of_circulating_supply": 2.311754845134924e-05
                },
                "0xb3ff23fd3574516fdcd1445a3db24f5de67b39af": {
                    "balance": 173.12964634784893,
                    "percentage_of_total_supply": 1.731296463478489e-05,
                    "percentage_of_circulating_supply": 1.731296463478489e-05
                },
                "0x88d88d7825cf94c405f4ef6d70f5d8afe1a45846": {
                    "balance": 158.6119398712006,
                    "percentage_of_total_supply": 1.586119398712006e-05,
                    "percentage_of_circulating_supply": 1.586119398712006e-05
                },