{
    "token_address": "0xFB44106C2ceC49957E0076314A0568129d119876",
    "chain": "bsc",
    "token_name": "Wonderman Nation",
    "analyses": {
        "contract": {
            "contract_name": null,
            "compiler_version": null,
            "license_type": null,
            "implementation": null,
            "source_code": null,
            "abi": null,
            "verified": false,
            "owner": "0x4730e04a862dad68776c3371311102e57af13a93",
            "creator": "0x4730e04a862dad68776c3371311102e57af13a93",
            "is_hidden_owner": false,
            "is_proxy": null,
            "is_sellable": true,
            "is_hardcoded_owner": null,
            "code_analysis": null
        },
        "holder": {
            "total_holders": 52,
            "holders_list": {
                "0xe611f9a8a6e8df61f7c0e99540744f112cde734c": {
                    "balance": 9.14749106907643e+19,
                    "percentage_of_total_supply": 91.4749,
                    "percentage_of_circulating_supply": 91.4749
                },
                "0xd7e2742742a69ea5ffae3dfa9c37d8e27b53e89a": {
                    "balance": 8.510376411497335e+18,
                    "percentage_of_total_supply": 8.5104,
                    "percentage_of_circulating_supply": 8.5104
                },
                "0x2902f5d0a336ab5e7fe16df58d7c30b41b847abc": {
                    "balance": 1.0773298176827484e+16,
                    "percentage_of_total_supply": 0.0108,
                    "percentage_of_circulating_supply": 0.0108
                },
                "0xb5d2db2aa2f4d1314f6371a1f4c8f88afc6cee26": {
                    "balance": 1207891696117761.0,
                    "percentage_of_total_supply": 0.0012,
                    "percentage_of_circulating_supply": 0.0012
                },
                "0x11d612b263d2a0fe8b5414122601cb6f09db25f2": {
                    "balance": 422229376626554.0,
                    "percentage_of_total_supply": 0.0004,
                    "percentage_of_circulating_supply": 0.0004
                },
                "0x276d27e4a8c299c146d5e2a2ba16c06e3cfafc68": {
                    "balance": 321100482474537.0,
                    "percentage_of_total_supply": 0.0003,
                    "percentage_of_circulating_supply": 0.0003
                },
                "0x73d2cb8650608526f48f72f77fa91f69e432cc6e": {
                    "balance": 193177092470609.0,
                    "percentage_of_total_supply": 0.0002,
                    "percentage_of_circulating_supply": 0.0002
                },
                "0xae79bce94873ba8571c22d0aff867d5430eb1058": {
                    "balance": 175647104862864.0,
                    "percentage_of_total_supply": 0.0002,
                    "percentage_of_circulating_supply": 0.0002
                },
                "0x5c3331d44f89983be84ddcd3d009f2397bbd2c6a": {
                    "balance": 172161009331281.0,
                    "percentage_of_total_supply": 0.0002,
                    "percentage_of_circulating_supply": 0.0002
                },
                "0x6f2454c1e28b7ac9087f92585aa38a6ba59e4aaf": {
                    "balance": 154135831624288.0,
                    "percentage_of_total_supply": 0.0002,
                    "percentage_of_circulating_supply": 0.0002
                },
                "0xdec75e1119978ada44f1052bcf12da7fe3ff70a1": {
                    "balance": 148295995536866.0,
                    "percentage_of_total_supply": 0.0001,
                    "percentage_of_circulating_supply": 0.0001
                },
                "0xd5c2ef862911bd51c2cc70ec45e9a498b7b04a7f": {
                    "balance": 139838751319883.0,
                    "percentage_of_total_supply": 0.0001,
                    "percentage_of_circulating_supply": 0.0001
                },
                "0xd20bc64365320e60af7a8aa60fe9608bcf9efe4a": {
                    "balance": 118175651950791.0,
                    "percentage_of_total_supply": 0.0001,
                    "percentage_of_circulating_supply": 0.0001
                },
                "0x7eb3a66d625276a22e9713d019e43537082ea59e": {
                    "balance": 113467598453835.0,
                    "percentage_of_total_supply": 0.0001,
                    "percentage_of_circulating_supply": 0.0001
                },
                "0x5effbb8b067a7b39e8121da3b8c299771cc87674": {
                    "balance": 113029509358409.0,
                    "percentage_of_total_supply": 0.0001,
                    "percentage_of_circulating_supply": 0.0001
                },
                "0x114ac490e563c251aec945ef810b3f002c82418a": {
                    "balance": 99918299992684.0,
                    "percentage_of_total_supply": 0.0001,
                    "percentage_of_circulating_supply": 0.0001
                },
                "0xec68099511ad15645dc905418d8b2c3045b3867f": {
                    "balance": 86765669408183.0,
                    "percentage_of_total_supply": 0.0001,
                    "percentage_of_circulating_supply": 0.0001
                },
                "0xd42e497df6ab5e795e4d59dfc6a3474150c96bf7": {
                    "balance": 73809337691774.0,
                    "percentage_of_total_supply": 0.0001,
                    "percentage_of_circulating_supply": 0.0001
                },
                "0xd44fd7cffede065e3594121cc4aa75a57c1755ec": {
                    "balance": 53957555905165.0,
                    "percentage_of_total_supply": 0.0001,
                    "percentage_of_circulating_supply": 0.0001
                },
                "0x4599ac8bfe766164e744bb293f15313da301efba": {
                    "balance": 50847873861288.0,
                    "percentage_of_total_supply": 0.0001,
                    "percentage_of_circulating_supply": 0.0001
                },
                "0x03e01f24db06bb2b82033b20b8acb8e577817739": {
                    "balance": 40629754721979.0,
                    "percentage_of_total_supply": 0.0,
                    "percentage_of_circulating_supply": 0.0
                },
                "0x1f41aea29ecf1ca8e037693fa1620bf2bcf31c8f": {
                    "balance": 39624349160207.0,
                    "percentage_of_total_supply": 0.0,
                    "percentage_of_circulating_supply": 0.0
                },
                "0xc2b5cb8eb26cea083c075785422069c2bd831208": {
                    "balance": 31019152124352.0,
                    "percentage_of_total_supply": 0.0,
                    "percentage_of_circulating_supply": 0.0
                },
                "0xc535a30d1939e36fc173fa48b0bbb469072ae4e7": {
                    "balance": 29501166379515.0,
                    "percentage_of_total_supply": 0.0,
                    "percentage_of_circulating_supply": 0.0
                },
                "0x864827e97668661efe6ef65798080a76eddac931": {
                    "balance": 27677067807257.0,
                    "percentage_of_total_supply": 0.0,
                    "percentage_of_circulating_supply": 0.0
                },
                "0xb4935d8797e450c602089b0961f30d96793505ad": {
                    "balance": 26922077113993.0,
                    "percentage_of_total_supply": 0.0,
                    "percentage_of_circulating_supply": 0.0
                },
                "0x814217db524f6c1b9e840031bcacf89bd3bafb8b": {
                    "balance": 26309321096985.0,
                    "percentage_of_total_supply": 0.0,
                    "percentage_of_circulating_supply": 0.0
                },
                "0x56165c6f467bb3f7be558fd29422fca4aaf561e2": {
                    "balance": 16316342741197.0,
                    "percentage_of_total_supply": 0.0,
                    "percentage_of_circulating_supply": 0.0
                },
                "0x4d6bf0d1563c6825260001c2d45d929eb70033f6": {
                    "balance": 13729563337532.0,