{
    "token_address": "0xE8C40fF1345a0f23EA52Caf9291A4Dc3D6773A21",
    "chain": "bsc",
    "token_name": "SDA",
    "analyses": {
        "contract": {
            "contract_name": null,
            "compiler_version": null,
            "license_type": null,
            "implementation": null,
            "source_code": null,
            "abi": null,
            "verified": false,
            "owner": "0x6fbe515cf3d13edacecbbd49b7aaf3c38e456066",
            "creator": "0x6fbe515cf3d13edacecbbd49b7aaf3c38e456066",
            "is_hidden_owner": false,
            "is_proxy": null,
            "is_sellable": true,
            "is_hardcoded_owner": null,
            "code_analysis": {
                "total_matches": 0,
                "patterns_found": {}
            }
        },
        "holder": {
            "total_holders": 9,
            "holders_list": {
                "0x6fbe515cf3d13edacecbbd49b7aaf3c38e456066": {
                    "balance": 964557712.9295382,
                    "percentage_of_total_supply": 96.45577129295383,
                    "percentage_of_circulating_supply": 96.45577129295383
                },
                "0x117887893cd74fc360823f8b6a33a3b7e18c76f1": {
                    "balance": 30667020.75854038,
                    "percentage_of_total_supply": 3.066702075854038,
                    "percentage_of_circulating_supply": 3.066702075854038
                },
                "0x9154e299529fe85d103dcda234a350b7b7687463": {
                    "balance": 4744251.959235326,
                    "percentage_of_total_supply": 0.4744251959235326,
                    "percentage_of_circulating_supply": 0.4744251959235326
                },
                "0x803907bb3e7e5d17121b21e0ce79ca8c49fbc4db": {
                    "balance": 20338.173280865,
                    "percentage_of_total_supply": 0.0020338173280865,
                    "percentage_of_circulating_supply": 0.0020338173280865
                },
                "0xe457caac5c4146c677207f4310d63b30ef61ff7a": {
                    "balance": 10000.0,
                    "percentage_of_total_supply": 0.001,
                    "percentage_of_circulating_supply": 0.001
                },
                "0x5c732fafa991722f4a93f6f5c106625e616d098e": {
                    "balance": 459.166582864,
                    "percentage_of_total_supply": 4.59166582864e-05,
                    "percentage_of_circulating_supply": 4.59166582864e-05
                },
                "0x426603bac5e0ea73fd13aecad7a80c9f963f6eac": {
                    "balance": 217.012822233,
                    "percentage_of_total_supply": 2.17012822233e-05,
                    "percentage_of_circulating_supply": 2.17012822233e-05
                },
                "0x52f209c6ae7f43e50b0f6f70bc9fa119a5701798": {
                    "balance": 1e-09,
                    "percentage_of_total_supply": 1.0000000000000001e-16,
                    "percentage_of_circulating_supply": 1.0000000000000001e-16
                },
                "0xd1b47490209ccb7a806e8a45d9479490c040abf4": {
                    "balance": 1e-09,
                    "percentage_of_total_supply": 1.0000000000000001e-16,
                    "percentage_of_circulating_supply": 1.0000000000000001e-16
                }
            },
            "total_supply": 1000000000.0,
            "total_circulating_supply": 1000000000.0,
            "owner": {
                "address": "0x6fbe515cf3d13edacecbbd49b7aaf3c38e456066",
                "balance": 964557712.9295382,
                "percentage_of_circulating_supply": 96.45577129295383,
                "exceeds_5_percent": true
            },
            "creator": {
                "address": "0x6fbe515cf3d13edacecbbd49b7aaf3c38e456066",
                "balance": 964557712.9295382,
                "percentage_of_circulating_supply": 96.45577129295383,
                "exceeds_5_percent": true
            },
            "holders_exceeding_5_percent_circulating": [],
            "howmany_holders_exceeding_5_percent_circulating": 0,
            "top_10_holders": [
                {
                    "address": "0x6fbe515cf3d13edacecbbd49b7aaf3c38e456066",
                    "balance": 964557712.9295382,
                    "percentage_of_total_supply": 96.45577129295383,
                    "percentage_of_circulating_supply": 96.45577129295383
                },
                {
                    "address": "0x117887893cd74fc360823f8b6a33a3b7e18c76f1",
                    "balance": 30667020.75854038,
                    "percentage_of_total_supply": 3.066702075854038,
                    "percentage_of_circulating_supply": 3.066702075854038
                },
                {
                    "address": "0x9154e299529fe85d103dcda234a350b7b7687463",
                    "balance": 4744251.959235326,
                    "percentage_of_total_supply": 0.4744251959235326,
                    "percentage_of_circulating_supply": 0.4744251959235326
                },
                {
                    "address": "0x803907bb3e7e5d17121b21e0ce79ca8c49fbc4db",
                    "balance": 20338.173280865,
                    "percentage_of_total_supply": 0.0020338173280865,
                    "percentage_of_circulating_supply": 0.0020338173280865
                },
                {
                    "address": "0xe457caac5c4146c677207f4310d63b30ef61ff7a",
                    "balance": 10000.0,
                    "percentage_of_total_supply": 0.001,
                    "percentage_of_circulating_supply": 0.001
                },
                {
                    "address": "0x5c732fafa991722f4a93f6f5c106625e616d098e",
                    "balance": 459.166582864,
                    "percentage_of_total_supply": 4.59166582864e-05,
                    "percentage_of_circulating_supply": 4.59166582864e-05
                },
                {
                    "address": "0x426603bac5e0ea73fd13aecad7a80c9f963f6eac",
                    "balance": 217.012822233,
                    "percentage_of_total_supply": 2.17012822233e-05,
                    "percentage_of_circulating_supply": 2.17012822233e-05
                },
                {
                    "address": "0x52f209c6ae7f43e50b0f6f70bc9fa119a5701798",
                    "balance": 1e-09,
                    "percentage_of_total_supply": 1.0000000000000001e-16,
                    "percentage_of_circulating_supply": 1.0000000000000001e-16
                },
                {
                    "address": "0xd1b47490209ccb7a806e8a45d9479490c040abf4",
                    "balance": 1e-09,
                    "percentage_of_total_supply": 1.0000000000000001e-16,
                    "percentage_of_circulating_supply": 1.0000000000000001e-16
                }
            ],
            "total_top_10_balance": 1000000000.0000001,
            "top10_percentage_of_total_supply": 100.00000000000003,
            "top10_percentage_of_circulating_supply": 100.00000000000003,
            "top_10_less_than_70_percent_of_total": false,
            "top_10_less_than_70_percent_of_circulating": false
        },
        "liquidity": {
            "price_usd": 3.720499828715285,
            "liquidity_usd": 3.4166583857945897e-06,
            "market_cap_usd": 3720499828.715285,
            "liquidity_to_market_cap_ratio": 9.183331657280002e-16,
            "token_volume": 31198939.57820355,
            "volume_usd": 116075649.35680485,
            "volume_to_liquidity_ratio": 33973443127768.215,
            "locked_liquidity_percent": 0.0,
            "locked_95_for_15_days": false,
            "creator_under_5_percent": false,
            "creator_percent_of_lp": 96.4558,
            "owner_under_5_percent": true,
            "owner_percent_of_lp": 0.0,
            "total_lp_supply": 2.5603612659603e-05,
            "lp_holders_count": 2,