{
    "token_address": "0x4e2080bd9e1D3980224Fd931819FB8fB01055172",
    "chain": "bsc",
    "token_name": "CumRocketInYourAnus",
    "analyses": {
        "contract": {
            "contract_name": null,
            "compiler_version": null,
            "license_type": null,
            "implementation": null,
            "source_code": null,
            "abi": null,
            "verified": false,
            "owner": null,
            "creator": "0x6b79a54b6d30e71eab11c1a05f0d5687b384c7ac",
            "is_hidden_owner": true,
            "is_proxy": null,
            "is_sellable": true,
            "is_hardcoded_owner": null,
            "code_analysis": {
                "total_matches": 0,
                "patterns_found": {}
            }
        },
        "holder": {
            "total_holders": 6,
            "holders_list": {
                "0x6b79a54b6d30e71eab11c1a05f0d5687b384c7ac": {
                    "balance": 9.987614008724883e+16,
                    "percentage_of_total_supply": 99.87614008724883,
                    "percentage_of_circulating_supply": 99.87614008724883
                },
                "0xcdc53a6aaf8d526247bf3177b1be6d2ce5cdfaf5": {
                    "balance": 117850911460957.66,
                    "percentage_of_total_supply": 0.11785091146095768,
                    "percentage_of_circulating_supply": 0.11785091146095768
                },
                "0x2be87ad70cf11ea294d7c42044b5b8277a3e4874": {
                    "balance": 1991027899340.8152,
                    "percentage_of_total_supply": 0.001991027899340815,
                    "percentage_of_circulating_supply": 0.001991027899340815
                },
                "0x43d4b4551bc9cd2f1770e5fc59b043043a80d167": {
                    "balance": 1967417257965.8838,
                    "percentage_of_total_supply": 0.001967417257965884,
                    "percentage_of_circulating_supply": 0.001967417257965884
                },
                "0xcb692809bf98a8201648b3c81f7231230f5cdfb1": {
                    "balance": 1959635176824.9158,
                    "percentage_of_total_supply": 0.0019596351768249158,
                    "percentage_of_circulating_supply": 0.0019596351768249158
                },
                "0xd6ff1fda696cd99b5fd944e2d80bd4a73bc19f4b": {
                    "balance": 90920956088.85626,
                    "percentage_of_total_supply": 9.092095608885626e-05,
                    "percentage_of_circulating_supply": 9.092095608885626e-05
                }
            },
            "total_supply": 1e+17,
            "total_circulating_supply": 1e+17,
            "owner": {},
            "creator": {
                "address": "0x6b79a54b6d30e71eab11c1a05f0d5687b384c7ac",
                "balance": 9.987614008724883e+16,
                "percentage_of_circulating_supply": 99.87614008724883,
                "exceeds_5_percent": true
            },
            "holders_exceeding_5_percent_circulating": [],
            "howmany_holders_exceeding_5_percent_circulating": 0,
            "top_10_holders": [
                {
                    "address": "0x6b79a54b6d30e71eab11c1a05f0d5687b384c7ac",
                    "balance": 9.987614008724883e+16,
                    "percentage_of_total_supply": 99.87614008724883,
                    "percentage_of_circulating_supply": 99.87614008724883
                },
                {
                    "address": "0xcdc53a6aaf8d526247bf3177b1be6d2ce5cdfaf5",
                    "balance": 117850911460957.66,
                    "percentage_of_total_supply": 0.11785091146095768,
                    "percentage_of_circulating_supply": 0.11785091146095768
                },
                {
                    "address": "0x2be87ad70cf11ea294d7c42044b5b8277a3e4874",
                    "balance": 1991027899340.8152,
                    "percentage_of_total_supply": 0.001991027899340815,
                    "percentage_of_circulating_supply": 0.001991027899340815
                },
                {
                    "address": "0x43d4b4551bc9cd2f1770e5fc59b043043a80d167",
                    "balance": 1967417257965.8838,
                    "percentage_of_total_supply": 0.001967417257965884,
                    "percentage_of_circulating_supply": 0.001967417257965884
                },
                {
                    "address": "0xcb692809bf98a8201648b3c81f7231230f5cdfb1",
                    "balance": 1959635176824.9158,
                    "percentage_of_total_supply": 0.0019596351768249158,
                    "percentage_of_circulating_supply": 0.0019596351768249158
                },
                {
                    "address": "0xd6ff1fda696cd99b5fd944e2d80bd4a73bc19f4b",
                    "balance": 90920956088.85626,
                    "percentage_of_total_supply": 9.092095608885626e-05,
                    "percentage_of_circulating_supply": 9.092095608885626e-05
                }
            ],
            "total_top_10_balance": 1.0000000000000002e+17,
            "top10_percentage_of_total_supply": 100.00000000000003,
            "top10_percentage_of_circulating_supply": 100.00000000000003,
            "top_10_less_than_70_percent_of_total": false,
            "top_10_less_than_70_percent_of_circulating": false
        },
        "liquidity": {
            "price_usd": 1.5491787189357515e-18,
            "liquidity_usd": 2.817056205562961e-07,
            "market_cap_usd": 0.15491787189357514,
            "liquidity_to_market_cap_ratio": 1.818419121777125e-06,
            "token_volume": 244205448930959.53,
            "volume_usd": 0.00037831788453199396,
            "volume_to_liquidity_ratio": 1342.9546907332326,
            "locked_liquidity_percent": 0.0,
            "locked_95_for_15_days": false,
            "creator_under_5_percent": false,
            "creator_percent_of_lp": 99.8761,
            "owner_under_5_percent": true,
            "owner_percent_of_lp": 0.0,
            "total_lp_supply": 3281.6362641706864,
            "lp_holders_count": 2,
            "lp_holders": [
                {
                    "address": "0x8cc7bc33f5188b1fb683bedc4dbffa77b136833b",
                    "balance": 3281.6362641706864,
                    "is_locked": false,
                    "percent": 100.0,
                    "tag": ""
                },
                {
                    "address": "0x0000000000000000000000000000000000000000",
                    "balance": 1e-15,
                    "is_locked": true,
                    "percent": 0.0,
                    "tag": "Null Address"
                }
            ]
        },
        "security": {
            "warnings": null,
            "homany_warnings": 0,
            "suspicious_urls": null,
            "howmany_suspicious_urls": 0,
            "suspicious_addresses": null,
            "howmany_suspicious_addresses": 0,
            "error": "Security analysis data not available."
        },
        "lifecycle": {
            "token_age_seconds": 128360518.444186,
            "token_creation_date": "2021-08-01T17:49:10",
            "creation_to_first_trade_seconds": 0.0,
            "creation_to_first_trade_blocks": 0,
            "last_tx_hash": "0x2ce2228450ee32fdec1786231994f5d41504e5bd2696adc2c8e5d06e9a30d16e",
            "last_active_age": "2021-08-01T18:02:17",
            "inactive_days": 1485.6450689846413
        }
    },
    "errors": []
}