{
    "token_address": "0xB8bC95b84Fa4b17CeFb27aAfa12197131b407696",
    "chain": "bsc",
    "token_name": "Exodus Finance Token",
    "analyses": {
        "contract": {
            "contract_name": null,
            "compiler_version": null,
            "license_type": null,
            "implementation": null,
            "source_code": null,
            "abi": null,
            "verified": false,
            "owner": null,
            "creator": "0xbedf6439cafd18de88ff89c86e2d1cedf13393bb",
            "is_hidden_owner": true,
            "is_proxy": null,
            "is_sellable": true,
            "is_hardcoded_owner": null,
            "code_analysis": {
                "total_matches": 0,
                "patterns_found": {}
            }
        },
        "holder": {
            "total_holders": 32,
            "holders_list": {
                "0xbedf6439cafd18de88ff89c86e2d1cedf13393bb": {
                    "balance": 71750077.42577635,
                    "percentage_of_total_supply": 71.75007742577635,
                    "percentage_of_circulating_supply": 71.75007742577635
                },
                "0x232b36059476e9bc5a072faaca7e458073cad09e": {
                    "balance": 5964221.893274698,
                    "percentage_of_total_supply": 5.964221893274698,
                    "percentage_of_circulating_supply": 5.964221893274698
                },
                "0xdb69be492fc302fc6ca3b0ecc93638edeb722e66": {
                    "balance": 5222505.974063569,
                    "percentage_of_total_supply": 5.222505974063569,
                    "percentage_of_circulating_supply": 5.222505974063569
                },
                "0xce4354f5a31f3e31ae27c2e07c2452dee6df8d88": {
                    "balance": 2871432.528123433,
                    "percentage_of_total_supply": 2.871432528123433,
                    "percentage_of_circulating_supply": 2.871432528123433
                },
                "0x3e05687151564f0cfa9fd3248bf51a3a8624e18d": {
                    "balance": 2431860.0,
                    "percentage_of_total_supply": 2.43186,
                    "percentage_of_circulating_supply": 2.43186
                },
                "0xe43c025635536bee5a3937c855ed687d65393e98": {
                    "balance": 2122222.14630462,
                    "percentage_of_total_supply": 2.1222221463046202,
                    "percentage_of_circulating_supply": 2.1222221463046202
                },
                "0xbbf1ea8853ccd846470d8de640b4b70b2e9a231a": {
                    "balance": 1987538.989200575,
                    "percentage_of_total_supply": 1.987538989200575,
                    "percentage_of_circulating_supply": 1.987538989200575
                },
                "0x8ded210a084ef45e92b70037cb8c5baeb1ae6562": {
                    "balance": 1626321.097497917,
                    "percentage_of_total_supply": 1.626321097497917,
                    "percentage_of_circulating_supply": 1.626321097497917
                },
                "0x4923b96bf638e4e4b26a95faef5489537680f528": {
                    "balance": 1332515.169174755,
                    "percentage_of_total_supply": 1.332515169174755,
                    "percentage_of_circulating_supply": 1.332515169174755
                },
                "0x560b7e8905e190fa2d2e34b9d53ebf8e39689f74": {
                    "balance": 999638.085032555,
                    "percentage_of_total_supply": 0.999638085032555,
                    "percentage_of_circulating_supply": 0.999638085032555
                },
                "0xe06805d8a503d70b945218347d963e3fdc64bd9f": {
                    "balance": 981735.267300527,
                    "percentage_of_total_supply": 0.981735267300527,
                    "percentage_of_circulating_supply": 0.981735267300527
                },
                "0x851e743aa2d1ef70e1f6c091c5bb3873f221b1b8": {
                    "balance": 765508.631086647,
                    "percentage_of_total_supply": 0.765508631086647,
                    "percentage_of_circulating_supply": 0.765508631086647
                },
                "0xd81060f227b0fae3a94ad630cf2666286198e82e": {
                    "balance": 410325.812464259,
                    "percentage_of_total_supply": 0.410325812464259,
                    "percentage_of_circulating_supply": 0.410325812464259
                },
                "0xa0beca1b276a01ead9f2cebf44398ef6676834cf": {
                    "balance": 342889.036960337,
                    "percentage_of_total_supply": 0.342889036960337,
                    "percentage_of_circulating_supply": 0.342889036960337
                },
                "0x818774986123559c7b48a1be465b02f6f6151a19": {
                    "balance": 236526.117103244,
                    "percentage_of_total_supply": 0.236526117103244,
                    "percentage_of_circulating_supply": 0.236526117103244
                },
                "0x94c4ec67b05cd0aec813623bfe73b75df8ef8b9b": {
                    "balance": 211981.525461709,
                    "percentage_of_total_supply": 0.211981525461709,
                    "percentage_of_circulating_supply": 0.211981525461709
                },
                "0x42a8363edfc80b59b59ac54222304a475b475fe6": {
                    "balance": 177491.85071957,
                    "percentage_of_total_supply": 0.17749185071957,
                    "percentage_of_circulating_supply": 0.17749185071957
                },
                "0x0f2f1db35eca7d29326511677fcfcd0a1093717c": {
                    "balance": 171012.506648454,
                    "percentage_of_total_supply": 0.171012506648454,
                    "percentage_of_circulating_supply": 0.171012506648454
                },
                "0x52d96a78e51405e9ef7e3529d949c7d0599f2575": {
                    "balance": 129416.813457152,
                    "percentage_of_total_supply": 0.129416813457152,
                    "percentage_of_circulating_supply": 0.129416813457152
                },
                "0xcb692809bf98a8201648b3c81f7231230f5cdfb1": {
                    "balance": 85991.523863636,
                    "percentage_of_total_supply": 0.085991523863636,
                    "percentage_of_circulating_supply": 0.085991523863636
                },
                "0x5e3773713f0a20806168d633652b905ee7253f83": {
                    "balance": 85763.562830032,
                    "percentage_of_total_supply": 0.085763562830032,
                    "percentage_of_circulating_supply": 0.085763562830032
                },
                "0xd527864b7ca55e21b512a1dfb59bf8fefe072f36": {
                    "balance": 42643.106912474,
                    "percentage_of_total_supply": 0.042643106912474,
                    "percentage_of_circulating_supply": 0.042643106912474
                },
                "0xdc890388e4d54a2c0d3753381714f4be97a399ca": {
                    "balance": 35073.965444646,
                    "percentage_of_total_supply": 0.035073965444646,
                    "percentage_of_circulating_supply": 0.035073965444646
                },
                "0xf809f706717dd1624fc6442777ec219b853af718": {
                    "balance": 10168.521188632,
                    "percentage_of_total_supply": 0.010168521188632,
                    "percentage_of_circulating_supply": 0.010168521188632
                },
                "0xe4a2e4a00f35530812a5c65ab887931e4edc0b6f": {
                    "balance": 5131.575920922,
                    "percentage_of_total_supply": 0.005131575920922,
                    "percentage_of_circulating_supply": 0.005131575920922
                },
                "0x4dcd68833c204e1eb1592ce6fad82869743e1844": {
                    "balance": 5.872270989,
                    "percentage_of_total_supply": 5.872270989e-06,
                    "percentage_of_circulating_supply": 5.872270989e-06
                },