{
    "token_address": "0xd9028248B6e01e50EF68f17BA3FE21F785eE22Ab",
    "chain": "bsc",
    "token_name": "BABYBNB",
    "analyses": {
        "contract": {
            "contract_name": null,
            "compiler_version": null,
            "license_type": null,
            "implementation": null,
            "source_code": null,
            "abi": null,
            "verified": false,
            "owner": "0x6bde17075ac1c75bc6eae41bc716935154720d7d",
            "creator": "0x6bde17075ac1c75bc6eae41bc716935154720d7d",
            "is_hidden_owner": false,
            "is_proxy": null,
            "is_sellable": true,
            "is_hardcoded_owner": null,
            "code_analysis": null
        },
        "holder": {
            "total_holders": 9,
            "holders_list": {
                "0xcd88d7573818abe26b02f4bf19c4db44aff3c591": {
                    "balance": 3.66940335589927e+26,
                    "percentage_of_total_supply": 0.3669,
                    "percentage_of_circulating_supply": 0.3669
                },
                "0x00db3b946d7b8d5c45cf5baee94c8c41ff71d198": {
                    "balance": 2.077860001e+27,
                    "percentage_of_total_supply": 2.0779,
                    "percentage_of_circulating_supply": 2.0779
                },
                "0x15b508f27bf944cd45f2f9b00f1dea631ad0506e": {
                    "balance": 1.010911570471913e+26,
                    "percentage_of_total_supply": 0.1011,
                    "percentage_of_circulating_supply": 0.1011
                },
                "0x132d641e905e339b573ea9f17ff65ee90194cc5c": {
                    "balance": 1.1532835744426897e+22,
                    "percentage_of_total_supply": 0.0,
                    "percentage_of_circulating_supply": 0.0
                },
                "0x75ed387e63218f88240f7ca394613d71786e45f7": {
                    "balance": 3.594223336372103e+26,
                    "percentage_of_total_supply": 0.3594,
                    "percentage_of_circulating_supply": 0.3594
                },
                "0x2be87ad70cf11ea294d7c42044b5b8277a3e4874": {
                    "balance": 3.6333486783746346e+26,
                    "percentage_of_total_supply": 0.3633,
                    "percentage_of_circulating_supply": 0.3633
                },
                "0x97bd5855296a6a4ec303a95cf34e746386b104c6": {
                    "balance": 2.7468888840355476e+27,
                    "percentage_of_total_supply": 2.7469,
                    "percentage_of_circulating_supply": 2.7469
                },
                "0x0ed943ce24baebf257488771759f9bf482c39706": {
                    "balance": 4.025945516846928e+25,
                    "percentage_of_total_supply": 0.0403,
                    "percentage_of_circulating_supply": 0.0403
                }
            },
            "total_supply": 1e+29,
            "total_circulating_supply": 1e+29,
            "owner": {
                "address": "0x6bde17075ac1c75bc6eae41bc716935154720d7d",
                "balance": 9.394419143284844e+28,
                "percentage_of_supply": 93.9442,
                "exceeds_5_percent": true
            },
            "creator": {},
            "holders_exceeding_5_percent": [
                {
                    "address": "0x6bde17075ac1c75bc6eae41bc716935154720d7d",
                    "balance": 9.394419143284844e+28,
                    "percentage_of_supply": 93.9442
                }
            ],
            "howmany_holders_exceeding_5_percent": 1,
            "top_10_holders": [
                {
                    "address": "0x6bde17075ac1c75bc6eae41bc716935154720d7d",
                    "balance": 9.394419143284844e+28,
                    "percentage_of_total_supply": 93.9442,
                    "percentage_of_circulating_supply": 93.9442
                },
                {
                    "address": "0x97bd5855296a6a4ec303a95cf34e746386b104c6",
                    "balance": 2.7468888840355476e+27,
                    "percentage_of_total_supply": 2.7469,
                    "percentage_of_circulating_supply": 2.7469
                },
                {
                    "address": "0x00db3b946d7b8d5c45cf5baee94c8c41ff71d198",
                    "balance": 2.077860001e+27,
                    "percentage_of_total_supply": 2.0779,
                    "percentage_of_circulating_supply": 2.0779
                },
                {
                    "address": "0xcd88d7573818abe26b02f4bf19c4db44aff3c591",
                    "balance": 3.66940335589927e+26,
                    "percentage_of_total_supply": 0.3669,
                    "percentage_of_circulating_supply": 0.3669
                },
                {
                    "address": "0x2be87ad70cf11ea294d7c42044b5b8277a3e4874",
                    "balance": 3.6333486783746346e+26,
                    "percentage_of_total_supply": 0.3633,
                    "percentage_of_circulating_supply": 0.3633
                },
                {
                    "address": "0x75ed387e63218f88240f7ca394613d71786e45f7",
                    "balance": 3.594223336372103e+26,
                    "percentage_of_total_supply": 0.3594,
                    "percentage_of_circulating_supply": 0.3594
                },
                {
                    "address": "0x15b508f27bf944cd45f2f9b00f1dea631ad0506e",
                    "balance": 1.010911570471913e+26,
                    "percentage_of_total_supply": 0.1011,
                    "percentage_of_circulating_supply": 0.1011
                },
                {
                    "address": "0x0ed943ce24baebf257488771759f9bf482c39706",
                    "balance": 4.025945516846928e+25,
                    "percentage_of_total_supply": 0.0403,
                    "percentage_of_circulating_supply": 0.0403
                },
                {
                    "address": "0x132d641e905e339b573ea9f17ff65ee90194cc5c",
                    "balance": 1.1532835744426897e+22,
                    "percentage_of_total_supply": 0.0,
                    "percentage_of_circulating_supply": 0.0
                }
            ],
            "total_top_10_balance": 1e+29,
            "top10_percentage_of_total_supply": 100.0,
            "top10_percentage_of_circulating_supply": 100.0,
            "top_10_less_than_70_percent_of_total": false,
            "top_10_less_than_70_percent_of_circulating": false
        },
        "liquidity": {
            "price_usd": 4.1534807548632e-14,
            "liquidity_usd": 9.580282262695106e-10,
            "market_cap_usd": 4153480754863200.0,
            "liquidity_to_market_cap_ratio": 2.3065671488853797e-25,
            "token_volume": 0.0,
            "volume_usd": 0.0,
            "volume_to_liquidity_ratio": 0.0,
            "locked_liquidity_percent": 0.0,
            "locked_95_for_15_days": false,
            "creator_under_5_percent": false,
            "creator_percent_of_lp": 93.9442,
            "owner_under_5_percent": true,
            "owner_percent_of_lp": 0.0,
            "total_lp_supply": 0.06767680832366497,
            "lp_holders_count": 2,
            "lp_holders": [
                {
                    "address": "0x0ed943ce24baebf257488771759f9bf482c39706",
                    "balance": 0.06767680832366398,
                    "is_locked": false,
                    "percent": 0.9999999999999852,
                    "tag": ""
                },
                {
                    "address": "0x0000000000000000000000000000000000000000",
                    "balance": 1e-15,
                    "is_locked": true,
                    "percent": 1.4776e-14,
                    "tag": "Null Address"
                }
            ],
            "error": "Liquidity pool info could not be retrieved."
        },
        "security": {
            "warnings": null,
            "homany_warnings": 0,
            "suspicious_urls": null,