{
    "token_address": "0x6e56801426594fE427F172c8bE54e9516a7aa8fD",
    "chain": "bsc",
    "token_name": "DOGE BUNNY",
    "analyses": {
        "contract": {
            "contract_name": null,
            "compiler_version": null,
            "license_type": null,
            "implementation": null,
            "source_code": null,
            "abi": null,
            "verified": false,
            "owner": "0xffb20bc7dffa3f6e2ded9f06c7a1dba6e3981f85",
            "creator": "0xffb20bc7dffa3f6e2ded9f06c7a1dba6e3981f85",
            "is_hidden_owner": false,
            "is_proxy": null,
            "is_sellable": true,
            "is_hardcoded_owner": null,
            "code_analysis": {
                "total_matches": 0,
                "patterns_found": {}
            }
        },
        "holder": {
            "total_holders": 7,
            "holders_list": {
                "0xffb20bc7dffa3f6e2ded9f06c7a1dba6e3981f85": {
                    "balance": 866252.18689738,
                    "percentage_of_total_supply": 86.625218689738,
                    "percentage_of_circulating_supply": 86.625218689738
                },
                "0x7ee427a29d9e2318e55f3851530d2d44fad03161": {
                    "balance": 115081.16760908,
                    "percentage_of_total_supply": 11.508116760908,
                    "percentage_of_circulating_supply": 11.508116760908
                },
                "0x785c8ab41f1c511ad8827aefe14279dac32b982a": {
                    "balance": 11486.92496762,
                    "percentage_of_total_supply": 1.148692496762,
                    "percentage_of_circulating_supply": 1.148692496762
                },
                "0x52d96a78e51405e9ef7e3529d949c7d0599f2575": {
                    "balance": 3217.15534355,
                    "percentage_of_total_supply": 0.321715534355,
                    "percentage_of_circulating_supply": 0.321715534355
                },
                "0xcb692809bf98a8201648b3c81f7231230f5cdfb1": {
                    "balance": 3175.425108,
                    "percentage_of_total_supply": 0.3175425108,
                    "percentage_of_circulating_supply": 0.3175425108
                },
                "0x0ed943ce24baebf257488771759f9bf482c39706": {
                    "balance": 787.14007427,
                    "percentage_of_total_supply": 0.078714007427,
                    "percentage_of_circulating_supply": 0.078714007427
                },
                "0x33c36ecc68f34837fd80e57d32b163abaae2aec5": {
                    "balance": 1e-07,
                    "percentage_of_total_supply": 1.0000000000000001e-11,
                    "percentage_of_circulating_supply": 1.0000000000000001e-11
                }
            },
            "total_supply": 1000000.0,
            "total_circulating_supply": 1000000.0,
            "owner": {
                "address": "0xffb20bc7dffa3f6e2ded9f06c7a1dba6e3981f85",
                "balance": 866252.18689738,
                "percentage_of_circulating_supply": 86.625218689738,
                "exceeds_5_percent": true
            },
            "creator": {
                "address": "0xffb20bc7dffa3f6e2ded9f06c7a1dba6e3981f85",
                "balance": 866252.18689738,
                "percentage_of_circulating_supply": 86.625218689738,
                "exceeds_5_percent": true
            },
            "holders_exceeding_5_percent_circulating": [
                {
                    "address": "0x7ee427a29d9e2318e55f3851530d2d44fad03161",
                    "balance": 115081.16760908,
                    "percentage_of_supply": 11.508116760908
                }
            ],
            "howmany_holders_exceeding_5_percent_circulating": 1,
            "top_10_holders": [
                {
                    "address": "0xffb20bc7dffa3f6e2ded9f06c7a1dba6e3981f85",
                    "balance": 866252.18689738,
                    "percentage_of_total_supply": 86.625218689738,
                    "percentage_of_circulating_supply": 86.625218689738
                },
                {
                    "address": "0x7ee427a29d9e2318e55f3851530d2d44fad03161",
                    "balance": 115081.16760908,
                    "percentage_of_total_supply": 11.508116760908,
                    "percentage_of_circulating_supply": 11.508116760908
                },
                {
                    "address": "0x785c8ab41f1c511ad8827aefe14279dac32b982a",
                    "balance": 11486.92496762,
                    "percentage_of_total_supply": 1.148692496762,
                    "percentage_of_circulating_supply": 1.148692496762
                },
                {
                    "address": "0x52d96a78e51405e9ef7e3529d949c7d0599f2575",
                    "balance": 3217.15534355,
                    "percentage_of_total_supply": 0.321715534355,
                    "percentage_of_circulating_supply": 0.321715534355
                },
                {
                    "address": "0xcb692809bf98a8201648b3c81f7231230f5cdfb1",
                    "balance": 3175.425108,
                    "percentage_of_total_supply": 0.3175425108,
                    "percentage_of_circulating_supply": 0.3175425108
                },
                {
                    "address": "0x0ed943ce24baebf257488771759f9bf482c39706",
                    "balance": 787.14007427,
                    "percentage_of_total_supply": 0.078714007427,
                    "percentage_of_circulating_supply": 0.078714007427
                },
                {
                    "address": "0x33c36ecc68f34837fd80e57d32b163abaae2aec5",
                    "balance": 1e-07,
                    "percentage_of_total_supply": 1.0000000000000001e-11,
                    "percentage_of_circulating_supply": 1.0000000000000001e-11
                }
            ],
            "total_top_10_balance": 1000000.0,
            "top10_percentage_of_total_supply": 100.0,
            "top10_percentage_of_circulating_supply": 100.0,
            "top_10_less_than_70_percent_of_total": false,
            "top_10_less_than_70_percent_of_circulating": false
        },
        "liquidity": {
            "price_usd": 12.410845733317458,
            "liquidity_usd": 2.482169146663492e-16,
            "market_cap_usd": 12410845.733317459,
            "liquidity_to_market_cap_ratio": 2.0000000000000002e-23,
            "token_volume": 0.0,
            "volume_usd": 0.0,
            "volume_to_liquidity_ratio": 0.0,
            "locked_liquidity_percent": 100.0,
            "locked_95_for_15_days": false,
            "creator_under_5_percent": false,
            "creator_percent_of_lp": 86.6252,
            "owner_under_5_percent": true,
            "owner_percent_of_lp": 0.0,
            "total_lp_supply": 1e-15,
            "lp_holders_count": 1,
            "lp_holders": [
                {
                    "address": "0x0000000000000000000000000000000000000000",
                    "balance": 1e-15,
                    "is_locked": true,
                    "percent": 100.0,
                    "tag": "Null Address"
                }
            ],
            "error": "Liquidity pool info could not be retrieved."
        },
        "security": {
            "warnings": null,
            "homany_warnings": 0,
            "suspicious_urls": null,
            "howmany_suspicious_urls": 0,
            "suspicious_addresses": null,
            "howmany_suspicious_addresses": 0,
            "error": "Security analysis data not available."
        },
        "lifecycle": {
            "token_age_seconds": 131443895.55572,
            "token_creation_date": "2021-06-28T00:35:51",
            "creation_to_first_trade_seconds": 0.0,
            "creation_to_first_trade_blocks": 0,
            "last_tx_hash": "0x0a76b28507e6b1f5a13011b5736f96241f328dcd83752cb2846bf1c94ee691fd",
            "last_active_age": "2021-06-28T20:48:44",