{
    "token_address": "0x3a879bbA3bCDE3A4A0f0C150ea2D2b280F029397",
    "chain": "bsc",
    "token_name": "GemHalla",
    "analyses": {
        "contract": {
            "contract_name": null,
            "compiler_version": null,
            "license_type": null,
            "implementation": null,
            "source_code": null,
            "abi": null,
            "verified": false,
            "owner": "0x545fdef20e022b69ecbafaed2ca57da978676edb",
            "creator": "0x545fdef20e022b69ecbafaed2ca57da978676edb",
            "is_hidden_owner": false,
            "is_proxy": null,
            "is_sellable": true,
            "is_hardcoded_owner": null,
            "code_analysis": {
                "total_matches": 0,
                "patterns_found": {}
            }
        },
        "holder": {
            "total_holders": 29,
            "holders_list": {
                "0x91e743a48575bb1fda2f31f2c8e8d65a6d199745": {
                    "balance": 480.4026977479646,
                    "percentage_of_total_supply": 4.804026977479646e-05,
                    "percentage_of_circulating_supply": 4.8040269774796456e-05
                },
                "0xedb214b5861904bb0ba791cf315b81f347911a8f": {
                    "balance": 2.0061172833041025,
                    "percentage_of_total_supply": 2.0061172833041023e-07,
                    "percentage_of_circulating_supply": 2.0061172833041023e-07
                },
                "0x77eda0ab8c04e92d4ed81a5cb2de5be781e63736": {
                    "balance": 49.508475343576166,
                    "percentage_of_total_supply": 4.950847534357616e-06,
                    "percentage_of_circulating_supply": 4.9508475343576156e-06
                },
                "0x5c9d60a8b8690c9f1ad058ee83a6ddcd1c67335c": {
                    "balance": 20626.279024469444,
                    "percentage_of_total_supply": 0.0020626279024469445,
                    "percentage_of_circulating_supply": 0.002062627902446944
                },
                "0x0ed943ce24baebf257488771759f9bf482c39706": {
                    "balance": 57.073950454475856,
                    "percentage_of_total_supply": 5.707395045447585e-06,
                    "percentage_of_circulating_supply": 5.707395045447585e-06
                },
                "0xd1aadaf6295cfc01cfa8b37c65ab4e91f858497a": {
                    "balance": 53524.69192091244,
                    "percentage_of_total_supply": 0.005352469192091244,
                    "percentage_of_circulating_supply": 0.0053524691920912425
                },
                "0x98134f9aee861272824c7fd6e2ac4b861f3b00e1": {
                    "balance": 6721.009146009457,
                    "percentage_of_total_supply": 0.0006721009146009457,
                    "percentage_of_circulating_supply": 0.0006721009146009456
                },
                "0xcefa618165ec6e6514d9f0d6c5a2543b46a4fec3": {
                    "balance": 137.10001371785236,
                    "percentage_of_total_supply": 1.3710001371785234e-05,
                    "percentage_of_circulating_supply": 1.3710001371785234e-05
                },
                "0x5dc2c6c776b465f866be2382bb4e2a86220b8c60": {
                    "balance": 3343.1219543486955,
                    "percentage_of_total_supply": 0.00033431219543486953,
                    "percentage_of_circulating_supply": 0.0003343121954348695
                },
                "0x2cd604af012173c7a8f6a0dbc8e119e067d578b8": {
                    "balance": 884.1440388248485,
                    "percentage_of_total_supply": 8.841440388248485e-05,
                    "percentage_of_circulating_supply": 8.841440388248484e-05
                },
                "0x1da6b1d517f80d3f2d66ab34785fa3a3a1089093": {
                    "balance": 238.4431695260308,
                    "percentage_of_total_supply": 2.3844316952603077e-05,
                    "percentage_of_circulating_supply": 2.3844316952603077e-05
                },
                "0xfdf6d7816ff83506cd1a84e2b4554d8eda9dd754": {
                    "balance": 2741.221073100013,
                    "percentage_of_total_supply": 0.00027412210731000134,
                    "percentage_of_circulating_supply": 0.0002741221073100013
                },
                "0xbf4aa3a489d99a4066ded1b07a967e4a1b495e44": {
                    "balance": 7998.9551346808985,
                    "percentage_of_total_supply": 0.0007998955134680898,
                    "percentage_of_circulating_supply": 0.0007998955134680898
                },
                "0x545fdef20e022b69ecbafaed2ca57da978676edb": {
                    "balance": 999843190.3527756,
                    "percentage_of_total_supply": 99.98431903527757,
                    "percentage_of_circulating_supply": 99.98431903527755
                },
                "0x25736d08386755915af61db79d39b9701b50f071": {
                    "balance": 105.65537601646136,
                    "percentage_of_total_supply": 1.0565537601646136e-05,
                    "percentage_of_circulating_supply": 1.0565537601646134e-05
                },
                "0x54e577280d9f45670a674bf5b3db071b67da77e4": {
                    "balance": 1164.8410660036197,
                    "percentage_of_total_supply": 0.00011648410660036198,
                    "percentage_of_circulating_supply": 0.00011648410660036195
                },
                "0xed5837e3d9b628521fc66a5cd70dfec2161256bb": {
                    "balance": 7669.207530460271,
                    "percentage_of_total_supply": 0.0007669207530460272,
                    "percentage_of_circulating_supply": 0.000766920753046027
                },
                "0x752dd0569296e18e051e9e86c62bade7bd962e95": {
                    "balance": 1e-18,
                    "percentage_of_total_supply": 1e-25,
                    "percentage_of_circulating_supply": 9.999999999999998e-26
                },
                "0xdb5054db40d7fc5f9e67a7d19b3f1c6019a0b5d5": {
                    "balance": 887.0811721309533,
                    "percentage_of_total_supply": 8.870811721309533e-05,
                    "percentage_of_circulating_supply": 8.870811721309531e-05
                },
                "0xd8d379cc1716cfeff9ce4b13c851bf86907e2dbc": {
                    "balance": 4458.525921125954,
                    "percentage_of_total_supply": 0.0004458525921125954,
                    "percentage_of_circulating_supply": 0.0004458525921125953
                },
                "0x65fa56de03966739f42c0898269aca2755c6e9fe": {
                    "balance": 626.240310158493,
                    "percentage_of_total_supply": 6.262403101584929e-05,
                    "percentage_of_circulating_supply": 6.262403101584929e-05
                },
                "0x95267bda4e0e8214c2e5bdb669c58ca0a2b8c02e": {
                    "balance": 11140.2186653146,
                    "percentage_of_total_supply": 0.00111402186653146,
                    "percentage_of_circulating_supply": 0.0011140218665314598
                },
                "0xe14c5519427bba28250cf6785e416646853a58c8": {
                    "balance": 15188.4881693388,
                    "percentage_of_total_supply": 0.00151884881693388,
                    "percentage_of_circulating_supply": 0.0015188488169338799
                },
                "0x9efa805724b36338a6a0a0188c53bfada860b34e": {
                    "balance": 655.2660630354935,
                    "percentage_of_total_supply": 6.552660630354934e-05,
                    "percentage_of_circulating_supply": 6.552660630354934e-05
                },
                "0xad97991ff659ded646d3b07f9f5ed081bbdd53b5": {
                    "balance": 1543.5908587217502,
                    "percentage_of_total_supply": 0.00015435908587217503,
                    "percentage_of_circulating_supply": 0.000154359085872175
                },