{
    "token_address": "0xACff2ac3cee96E4b163b81C51A81a63cdbadAE2B",
    "chain": "bsc",
    "token_name": "Thoreum",
    "analyses": {
        "contract": {
            "contract_name": null,
            "compiler_version": null,
            "license_type": null,
            "implementation": null,
            "source_code": null,
            "abi": null,
            "verified": false,
            "owner": null,
            "creator": "0xfe85e0ea970957ee9d318da297833139634085d5",
            "is_hidden_owner": true,
            "is_proxy": null,
            "is_sellable": true,
            "is_hardcoded_owner": null,
            "code_analysis": {
                "total_matches": 0,
                "patterns_found": {}
            }
        },
        "holder": {
            "total_holders": 6,
            "holders_list": {
                "0xfe85e0ea970957ee9d318da297833139634085d5": {
                    "balance": 998557.2199581064,
                    "percentage_of_total_supply": 99.85572199581064,
                    "percentage_of_circulating_supply": 99.85572199581064
                },
                "0x5e3773713f0a20806168d633652b905ee7253f83": {
                    "balance": 721.7001088914869,
                    "percentage_of_total_supply": 0.0721700108891487,
                    "percentage_of_circulating_supply": 0.0721700108891487
                },
                "0x2be87ad70cf11ea294d7c42044b5b8277a3e4874": {
                    "balance": 361.67347990331683,
                    "percentage_of_total_supply": 0.03616734799033168,
                    "percentage_of_circulating_supply": 0.03616734799033168
                },
                "0x0ed943ce24baebf257488771759f9bf482c39706": {
                    "balance": 315.17769649722936,
                    "percentage_of_total_supply": 0.031517769649722936,
                    "percentage_of_circulating_supply": 0.031517769649722936
                },
                "0xa2d615ce04d2be86449414b1181cc946624fe382": {
                    "balance": 44.22875660152997,
                    "percentage_of_total_supply": 0.004422875660152997,
                    "percentage_of_circulating_supply": 0.004422875660152997
                },
                "0x466a19fb1d51f3aef61fb68f2da2c5d78fdad046": {
                    "balance": 5.89055e-13,
                    "percentage_of_total_supply": 5.89055e-17,
                    "percentage_of_circulating_supply": 5.89055e-17
                }
            },
            "total_supply": 1000000.0,
            "total_circulating_supply": 1000000.0,
            "owner": {},
            "creator": {
                "address": "0xfe85e0ea970957ee9d318da297833139634085d5",
                "balance": 998557.2199581064,
                "percentage_of_circulating_supply": 99.85572199581064,
                "exceeds_5_percent": true
            },
            "holders_exceeding_5_percent_circulating": [],
            "howmany_holders_exceeding_5_percent_circulating": 0,
            "top_10_holders": [
                {
                    "address": "0xfe85e0ea970957ee9d318da297833139634085d5",
                    "balance": 998557.2199581064,
                    "percentage_of_total_supply": 99.85572199581064,
                    "percentage_of_circulating_supply": 99.85572199581064
                },
                {
                    "address": "0x5e3773713f0a20806168d633652b905ee7253f83",
                    "balance": 721.7001088914869,
                    "percentage_of_total_supply": 0.0721700108891487,
                    "percentage_of_circulating_supply": 0.0721700108891487
                },
                {
                    "address": "0x2be87ad70cf11ea294d7c42044b5b8277a3e4874",
                    "balance": 361.67347990331683,
                    "percentage_of_total_supply": 0.03616734799033168,
                    "percentage_of_circulating_supply": 0.03616734799033168
                },
                {
                    "address": "0x0ed943ce24baebf257488771759f9bf482c39706",
                    "balance": 315.17769649722936,
                    "percentage_of_total_supply": 0.031517769649722936,
                    "percentage_of_circulating_supply": 0.031517769649722936
                },
                {
                    "address": "0xa2d615ce04d2be86449414b1181cc946624fe382",
                    "balance": 44.22875660152997,
                    "percentage_of_total_supply": 0.004422875660152997,
                    "percentage_of_circulating_supply": 0.004422875660152997
                },
                {
                    "address": "0x466a19fb1d51f3aef61fb68f2da2c5d78fdad046",
                    "balance": 5.89055e-13,
                    "percentage_of_total_supply": 5.89055e-17,
                    "percentage_of_circulating_supply": 5.89055e-17
                }
            ],
            "total_top_10_balance": 1000000.0,
            "top10_percentage_of_total_supply": 100.0,
            "top10_percentage_of_circulating_supply": 100.0,
            "top_10_less_than_70_percent_of_total": false,
            "top_10_less_than_70_percent_of_circulating": false
        },
        "liquidity": {
            "price_usd": 3.948514882348137e-09,
            "liquidity_usd": 4.651784868043164e-21,
            "market_cap_usd": 0.0039485148823481375,
            "liquidity_to_market_cap_ratio": 1.1781099999999999e-18,
            "token_volume": 0.0,
            "volume_usd": 0.0,
            "volume_to_liquidity_ratio": 0.0,
            "locked_liquidity_percent": 100.0,
            "locked_95_for_15_days": false,
            "creator_under_5_percent": false,
            "creator_percent_of_lp": 99.8557,
            "owner_under_5_percent": true,
            "owner_percent_of_lp": 0.0,
            "total_lp_supply": 1e-15,
            "lp_holders_count": 1,
            "lp_holders": [
                {
                    "address": "0x0000000000000000000000000000000000000000",
                    "balance": 1e-15,
                    "is_locked": true,
                    "percent": 100.0,
                    "tag": "Null Address"
                }
            ],
            "error": "Liquidity pool info could not be retrieved."
        },
        "security": {
            "warnings": null,
            "homany_warnings": 0,
            "suspicious_urls": null,
            "howmany_suspicious_urls": 0,
            "suspicious_addresses": null,
            "howmany_suspicious_addresses": 0,
            "error": "Security analysis data not available."
        },
        "lifecycle": {
            "token_age_seconds": 125937977.405436,
            "token_creation_date": "2021-08-30T18:00:31",
            "creation_to_first_trade_seconds": 0.0,
            "creation_to_first_trade_blocks": 0,
            "last_tx_hash": "0x557864e04e45157fde1fa7a63c220067a596450adb51afdefb9ab56d32c51492",
            "last_active_age": "2021-08-31T11:11:40",
            "inactive_days": 1456.899435267037
        }
    },
    "errors": []
}