{
    "token_address": "0xF161E45b418476034F728cb5c1163A33a40A435B",
    "chain": "bsc",
    "token_name": "Only1",
    "analyses": {
        "contract": {
            "contract_name": null,
            "compiler_version": null,
            "license_type": null,
            "implementation": null,
            "source_code": null,
            "abi": null,
            "verified": false,
            "owner": "0xd6b652910a32a2a60fabc508852188d1135aef14",
            "creator": "0xd6b652910a32a2a60fabc508852188d1135aef14",
            "is_hidden_owner": false,
            "is_proxy": null,
            "is_sellable": true,
            "is_hardcoded_owner": null,
            "code_analysis": {
                "total_matches": 0,
                "patterns_found": {}
            }
        },
        "holder": {
            "total_holders": 10,
            "holders_list": {
                "0x4f20b88ffcdc0abb316f2e3bf6223e3d658f9984": {
                    "balance": 1738.578020103,
                    "percentage_of_total_supply": 0.017385780201029998,
                    "percentage_of_circulating_supply": 0.017385780201029998
                },
                "0x00e8ae893ed5e230d0aa239870d1f33268e1f665": {
                    "balance": 310.493827947,
                    "percentage_of_total_supply": 0.00310493827947,
                    "percentage_of_circulating_supply": 0.00310493827947
                },
                "0xd6b652910a32a2a60fabc508852188d1135aef14": {
                    "balance": 9959213.557301404,
                    "percentage_of_total_supply": 99.59213557301403,
                    "percentage_of_circulating_supply": 99.59213557301403
                },
                "0x0ed943ce24baebf257488771759f9bf482c39706": {
                    "balance": 3276.547965415,
                    "percentage_of_total_supply": 0.03276547965415,
                    "percentage_of_circulating_supply": 0.03276547965415
                },
                "0x2548e1aeaf9b312fde9b434cceb7f3f7c9c4a6db": {
                    "balance": 9000.0,
                    "percentage_of_total_supply": 0.09,
                    "percentage_of_circulating_supply": 0.09
                },
                "0x95609861df64295b7ef26a5324d9f66925869e87": {
                    "balance": 1.5e-08,
                    "percentage_of_total_supply": 1.5e-13,
                    "percentage_of_circulating_supply": 1.5e-13
                },
                "0xc035e48efe13c83c9df83fa0f2138394e630bfb7": {
                    "balance": 24446.713796665,
                    "percentage_of_total_supply": 0.24446713796664998,
                    "percentage_of_circulating_supply": 0.24446713796664998
                },
                "0xec019c57fe682bc3d82918b72547e0483ad1e5f5": {
                    "balance": 1042.319595879,
                    "percentage_of_total_supply": 0.01042319595879,
                    "percentage_of_circulating_supply": 0.01042319595879
                },
                "0x87b33c5a86cfeadfcb894ec73de4e53ef82ef242": {
                    "balance": 871.993303149,
                    "percentage_of_total_supply": 0.00871993303149,
                    "percentage_of_circulating_supply": 0.00871993303149
                },
                "0xd9a0a5be70f3ef97178a00487af94f99f6a6f06f": {
                    "balance": 99.796189422,
                    "percentage_of_total_supply": 0.00099796189422,
                    "percentage_of_circulating_supply": 0.00099796189422
                }
            },
            "total_supply": 10000000.0,
            "total_circulating_supply": 10000000.0,
            "owner": {
                "address": "0xd6b652910a32a2a60fabc508852188d1135aef14",
                "balance": 9959213.557301404,
                "percentage_of_circulating_supply": 99.59213557301403,
                "exceeds_5_percent": true
            },
            "creator": {
                "address": "0xd6b652910a32a2a60fabc508852188d1135aef14",
                "balance": 9959213.557301404,
                "percentage_of_circulating_supply": 99.59213557301403,
                "exceeds_5_percent": true
            },
            "holders_exceeding_5_percent_circulating": [],
            "howmany_holders_exceeding_5_percent_circulating": 0,
            "top_10_holders": [
                {
                    "address": "0xd6b652910a32a2a60fabc508852188d1135aef14",
                    "balance": 9959213.557301404,
                    "percentage_of_total_supply": 99.59213557301403,
                    "percentage_of_circulating_supply": 99.59213557301403
                },
                {
                    "address": "0xc035e48efe13c83c9df83fa0f2138394e630bfb7",
                    "balance": 24446.713796665,
                    "percentage_of_total_supply": 0.24446713796664998,
                    "percentage_of_circulating_supply": 0.24446713796664998
                },
                {
                    "address": "0x2548e1aeaf9b312fde9b434cceb7f3f7c9c4a6db",
                    "balance": 9000.0,
                    "percentage_of_total_supply": 0.09,
                    "percentage_of_circulating_supply": 0.09
                },
                {
                    "address": "0x0ed943ce24baebf257488771759f9bf482c39706",
                    "balance": 3276.547965415,
                    "percentage_of_total_supply": 0.03276547965415,
                    "percentage_of_circulating_supply": 0.03276547965415
                },
                {
                    "address": "0x4f20b88ffcdc0abb316f2e3bf6223e3d658f9984",
                    "balance": 1738.578020103,
                    "percentage_of_total_supply": 0.017385780201029998,
                    "percentage_of_circulating_supply": 0.017385780201029998
                },
                {
                    "address": "0xec019c57fe682bc3d82918b72547e0483ad1e5f5",
                    "balance": 1042.319595879,
                    "percentage_of_total_supply": 0.01042319595879,
                    "percentage_of_circulating_supply": 0.01042319595879
                },
                {
                    "address": "0x87b33c5a86cfeadfcb894ec73de4e53ef82ef242",
                    "balance": 871.993303149,
                    "percentage_of_total_supply": 0.00871993303149,
                    "percentage_of_circulating_supply": 0.00871993303149
                },
                {
                    "address": "0x00e8ae893ed5e230d0aa239870d1f33268e1f665",
                    "balance": 310.493827947,
                    "percentage_of_total_supply": 0.00310493827947,
                    "percentage_of_circulating_supply": 0.00310493827947
                },
                {
                    "address": "0xd9a0a5be70f3ef97178a00487af94f99f6a6f06f",
                    "balance": 99.796189422,
                    "percentage_of_total_supply": 0.00099796189422,
                    "percentage_of_circulating_supply": 0.00099796189422
                },
                {
                    "address": "0x95609861df64295b7ef26a5324d9f66925869e87",
                    "balance": 1.5e-08,
                    "percentage_of_total_supply": 1.5e-13,
                    "percentage_of_circulating_supply": 1.5e-13
                }
            ],
            "total_top_10_balance": 10000000.0,
            "top10_percentage_of_total_supply": 100.0,
            "top10_percentage_of_circulating_supply": 100.0,
            "top_10_less_than_70_percent_of_total": false,
            "top_10_less_than_70_percent_of_circulating": false
        },
        "liquidity": {
            "price_usd": 5.462068451110764,
            "liquidity_usd": 1.6386205353332292e-16,
            "market_cap_usd": 54620684.511107646,
            "liquidity_to_market_cap_ratio": 2.9999999999999996e-24,
            "token_volume": 0.0,
            "volume_usd": 0.0,
            "volume_to_liquidity_ratio": 0.0,