{
    "token_address": "0x566e03667e55767035b180c981a68E827D7dD104",
    "chain": "bsc",
    "token_name": "SomersBerry",
    "analyses": {
        "contract": {
            "contract_name": null,
            "compiler_version": null,
            "license_type": null,
            "implementation": null,
            "source_code": null,
            "abi": null,
            "verified": false,
            "owner": "0x437c07e0673515bb3c209f26fe2ab3ed787af517",
            "creator": "0x437c07e0673515bb3c209f26fe2ab3ed787af517",
            "is_hidden_owner": false,
            "is_proxy": null,
            "is_sellable": true,
            "is_hardcoded_owner": null,
            "code_analysis": null
        },
        "holder": {
            "total_holders": 31,
            "holders_list": {
                "0xa4495441b76ba5a2bc5e17ad9f5fa8063a37cf31": {
                    "balance": 4.291462884882023e+21,
                    "percentage_of_total_supply": 0.0004,
                    "percentage_of_circulating_supply": 0.0004
                },
                "0x822000f06cee3ccbfdb4551e06494dc36999d3db": {
                    "balance": 9,
                    "percentage_of_total_supply": 0.0,
                    "percentage_of_circulating_supply": 0.0
                },
                "0xf067cb5356c30e4082a45a3364859da2d2ea7ef1": {
                    "balance": 4.427026264654925e+20,
                    "percentage_of_total_supply": 0.0,
                    "percentage_of_circulating_supply": 0.0
                },
                "0x0ff9f8eb534d26e115187a6ba151ac74dcedebfc": {
                    "balance": 4.2206644380594386e+20,
                    "percentage_of_total_supply": 0.0,
                    "percentage_of_circulating_supply": 0.0
                },
                "0x95c72001e4983233db5cee3b2a18d37b141b124d": {
                    "balance": 6.957856051844393e+20,
                    "percentage_of_total_supply": 0.0001,
                    "percentage_of_circulating_supply": 0.0001
                },
                "0x6c4da8ef4fb17005a0b8210359897400919c2a41": {
                    "balance": 5.118500359726056e+22,
                    "percentage_of_total_supply": 0.0051,
                    "percentage_of_circulating_supply": 0.0051
                },
                "0x9313c90a6f62342c9a21295ab705d56e274d45cf": {
                    "balance": 1.2409522967588458e+20,
                    "percentage_of_total_supply": 0.0,
                    "percentage_of_circulating_supply": 0.0
                },
                "0x3a6f42dba4c8fce87a5af55b960855fa039d0d8f": {
                    "balance": 5.881756404010241e+21,
                    "percentage_of_total_supply": 0.0006,
                    "percentage_of_circulating_supply": 0.0006
                },
                "0x5824cd64eb0765847774ae65a9d188c7e82e9923": {
                    "balance": 1.3371561375075858e+19,
                    "percentage_of_total_supply": 0.0,
                    "percentage_of_circulating_supply": 0.0
                },
                "0xd4b3caba58599f806abeee719c37b90300b4a575": {
                    "balance": 9.78585981081495e+21,
                    "percentage_of_total_supply": 0.001,
                    "percentage_of_circulating_supply": 0.001
                },
                "0x2c010be802e89d0ad5525ff4c964c138045f01d5": {
                    "balance": 8.462066428186254e+20,
                    "percentage_of_total_supply": 0.0001,
                    "percentage_of_circulating_supply": 0.0001
                },
                "0x63e8bdd89a79bdb5763678aa576d39b3e303a884": {
                    "balance": 1.2907598065313409e+22,
                    "percentage_of_total_supply": 0.0013,
                    "percentage_of_circulating_supply": 0.0013
                },
                "0xc12caf26b6cc98b9abe43ea996e35c12e1656fc3": {
                    "balance": 1.9689088385825067e+21,
                    "percentage_of_total_supply": 0.0002,
                    "percentage_of_circulating_supply": 0.0002
                },
                "0xe217ed82d7cc1fd6882a19db95f98c06c92b983c": {
                    "balance": 1.5578458745771271e+22,
                    "percentage_of_total_supply": 0.0016,
                    "percentage_of_circulating_supply": 0.0016
                },
                "0x5c4e3582a99f33880784972c02c95b691a50cb90": {
                    "balance": 1.3321846617786873e+21,
                    "percentage_of_total_supply": 0.0001,
                    "percentage_of_circulating_supply": 0.0001
                },
                "0xe30f99300ccb16a4af2a4c50da08c82eec07b482": {
                    "balance": 6.279543838039099e+20,
                    "percentage_of_total_supply": 0.0001,
                    "percentage_of_circulating_supply": 0.0001
                },
                "0x9b90153eeb9fd09f65389503c768c1e72d3c8ee2": {
                    "balance": 1.923077058921947e+20,
                    "percentage_of_total_supply": 0.0,
                    "percentage_of_circulating_supply": 0.0
                },
                "0x62d5c7795ec51829b7992272395de6bfdfe3122b": {
                    "balance": 4.976997932401681e+21,
                    "percentage_of_total_supply": 0.0005,
                    "percentage_of_circulating_supply": 0.0005
                },
                "0x4742958728f9cce3406d902ff5c84a12867bee91": {
                    "balance": 2.1432832224609445e+20,
                    "percentage_of_total_supply": 0.0,
                    "percentage_of_circulating_supply": 0.0
                },
                "0xedb8fe66423f906dda08989fc49bd7a149cb2805": {
                    "balance": 1.400827014604725e+22,
                    "percentage_of_total_supply": 0.0014,
                    "percentage_of_circulating_supply": 0.0014
                },
                "0x5ec099678f659cae29978e0afeda15c23c4c5229": {
                    "balance": 3.311228788174076e+21,
                    "percentage_of_total_supply": 0.0003,
                    "percentage_of_circulating_supply": 0.0003
                },
                "0xea01eec255574c2d6f2abc7a46cb99085b627433": {
                    "balance": 6.852754350712519e+21,
                    "percentage_of_total_supply": 0.0007,
                    "percentage_of_circulating_supply": 0.0007
                },
                "0xfa4dd76ff5c1228ebf0b35f608f20fa5b6d32ce1": {
                    "balance": 16058700550941.0,
                    "percentage_of_total_supply": 0.0,
                    "percentage_of_circulating_supply": 0.0
                },
                "0x0383e2f24128049e37a5609622de42b0b7819ea7": {
                    "balance": 3.938283406385087e+21,
                    "percentage_of_total_supply": 0.0004,
                    "percentage_of_circulating_supply": 0.0004
                },
                "0x02edefef7dfff2a1470cab3b843fc8648dbefc62": {
                    "balance": 2.5158897177632723e+22,
                    "percentage_of_total_supply": 0.0025,
                    "percentage_of_circulating_supply": 0.0025
                },
                "0x24aa504fd34f9354d94641027b0a53d9330f22f1": {
                    "balance": 9.04326015245157e+20,
                    "percentage_of_total_supply": 0.0001,
                    "percentage_of_circulating_supply": 0.0001
                },
                "0x121400eb80cc1ffc554221e64d6c0b9bb9013847": {
                    "balance": 1.5495623770779756e+22,
                    "percentage_of_total_supply": 0.0015,
                    "percentage_of_circulating_supply": 0.0015
                },
                "0x345c8133c0c0a1a0a1839acf20be0ab4e6bcdfe0": {
                    "balance": 2.398476971307974e+20,
                    "percentage_of_total_supply": 0.0,
                    "percentage_of_circulating_supply": 0.0
                },