{
    "token_address": "0xC3b8C096aB5197CDC80dfD2F4728A850aD5B709c",
    "chain": "bsc",
    "token_name": "TermoOftend",
    "analyses": {
        "contract": {
            "contract_name": null,
            "compiler_version": null,
            "license_type": null,
            "implementation": null,
            "source_code": null,
            "abi": null,
            "verified": false,
            "owner": "0x63c91fe38d04c5240add54da57e1613e5bc1c8c5",
            "creator": "0x63c91fe38d04c5240add54da57e1613e5bc1c8c5",
            "is_hidden_owner": false,
            "is_proxy": null,
            "is_sellable": true,
            "is_hardcoded_owner": null,
            "code_analysis": null
        },
        "holder": {
            "total_holders": 9,
            "holders_list": {
                "0x59306d204d30fd2acb792893b5939af2f6be1161": {
                    "balance": 1.3706272235849667e+21,
                    "percentage_of_total_supply": 0.0001,
                    "percentage_of_circulating_supply": 0.0001
                },
                "0xad5f71579263c74f769ac88538475cf8c78e1e82": {
                    "balance": 2.988854508533484e+21,
                    "percentage_of_total_supply": 0.0003,
                    "percentage_of_circulating_supply": 0.0003
                },
                "0xcf502a5077a6aa959e2de9354ce4f060678159aa": {
                    "balance": 1.5624186479778364e+21,
                    "percentage_of_total_supply": 0.0002,
                    "percentage_of_circulating_supply": 0.0002
                },
                "0xe47deae6bd3763298d810c79cdef600d7d0eee4d": {
                    "balance": 1.4065645991173447e+21,
                    "percentage_of_total_supply": 0.0001,
                    "percentage_of_circulating_supply": 0.0001
                },
                "0xeac7422a0929b47bb37aafad7873dab58e70f949": {
                    "balance": 3.178028097810469e+20,
                    "percentage_of_total_supply": 0.0,
                    "percentage_of_circulating_supply": 0.0
                },
                "0x3c9805f954fbdbcbe2f15223641b525de4de7cda": {
                    "balance": 34744,
                    "percentage_of_total_supply": 0.0,
                    "percentage_of_circulating_supply": 0.0
                },
                "0x0ed943ce24baebf257488771759f9bf482c39706": {
                    "balance": 7.858975540005306e+19,
                    "percentage_of_total_supply": 0.0,
                    "percentage_of_circulating_supply": 0.0
                },
                "0x7bf7dd2d8045aa76690b58cb5291ce5230a9706b": {
                    "balance": 9.086026566289098e+23,
                    "percentage_of_total_supply": 0.0909,
                    "percentage_of_circulating_supply": 0.0909
                }
            },
            "total_supply": 1e+27,
            "total_circulating_supply": 1e+27,
            "owner": {
                "address": "0x63c91fe38d04c5240add54da57e1613e5bc1c8c5",
                "balance": 9.990836724858267e+26,
                "percentage_of_supply": 99.9084,
                "exceeds_5_percent": true
            },
            "creator": {},
            "holders_exceeding_5_percent": [
                {
                    "address": "0x63c91fe38d04c5240add54da57e1613e5bc1c8c5",
                    "balance": 9.990836724858267e+26,
                    "percentage_of_supply": 99.9084
                }
            ],
            "howmany_holders_exceeding_5_percent": 1,
            "top_10_holders": [
                {
                    "address": "0x63c91fe38d04c5240add54da57e1613e5bc1c8c5",
                    "balance": 9.990836724858267e+26,
                    "percentage_of_total_supply": 99.9084,
                    "percentage_of_circulating_supply": 99.9084
                },
                {
                    "address": "0x7bf7dd2d8045aa76690b58cb5291ce5230a9706b",
                    "balance": 9.086026566289098e+23,
                    "percentage_of_total_supply": 0.0909,
                    "percentage_of_circulating_supply": 0.0909
                },
                {
                    "address": "0xad5f71579263c74f769ac88538475cf8c78e1e82",
                    "balance": 2.988854508533484e+21,
                    "percentage_of_total_supply": 0.0003,
                    "percentage_of_circulating_supply": 0.0003
                },
                {
                    "address": "0xcf502a5077a6aa959e2de9354ce4f060678159aa",
                    "balance": 1.5624186479778364e+21,
                    "percentage_of_total_supply": 0.0002,
                    "percentage_of_circulating_supply": 0.0002
                },
                {
                    "address": "0xe47deae6bd3763298d810c79cdef600d7d0eee4d",
                    "balance": 1.4065645991173447e+21,
                    "percentage_of_total_supply": 0.0001,
                    "percentage_of_circulating_supply": 0.0001
                },
                {
                    "address": "0x59306d204d30fd2acb792893b5939af2f6be1161",
                    "balance": 1.3706272235849667e+21,
                    "percentage_of_total_supply": 0.0001,
                    "percentage_of_circulating_supply": 0.0001
                },
                {
                    "address": "0xeac7422a0929b47bb37aafad7873dab58e70f949",
                    "balance": 3.178028097810469e+20,
                    "percentage_of_total_supply": 0.0,
                    "percentage_of_circulating_supply": 0.0
                },
                {
                    "address": "0x0ed943ce24baebf257488771759f9bf482c39706",
                    "balance": 7.858975540005306e+19,
                    "percentage_of_total_supply": 0.0,
                    "percentage_of_circulating_supply": 0.0
                },
                {
                    "address": "0x3c9805f954fbdbcbe2f15223641b525de4de7cda",
                    "balance": 34744,
                    "percentage_of_total_supply": 0.0,
                    "percentage_of_circulating_supply": 0.0
                }
            ],
            "total_top_10_balance": 1e+27,
            "top10_percentage_of_total_supply": 100.0,
            "top10_percentage_of_circulating_supply": 100.0,
            "top_10_less_than_70_percent_of_total": false,
            "top_10_less_than_70_percent_of_circulating": false
        },
        "liquidity": {
            "price_usd": 1.000348467001597e-06,
            "liquidity_usd": 6.951221427500697e-20,
            "market_cap_usd": 1.000348467001597e+21,
            "liquidity_to_market_cap_ratio": 6.9488e-41,
            "token_volume": 0.0,
            "volume_usd": 0.0,
            "volume_to_liquidity_ratio": 0.0,
            "locked_liquidity_percent": 100.0,
            "locked_95_for_15_days": false,
            "creator_under_5_percent": false,
            "creator_percent_of_lp": 99.9084,
            "owner_under_5_percent": true,
            "owner_percent_of_lp": 0.0,
            "total_lp_supply": 1e-15,
            "lp_holders_count": 1,
            "lp_holders": [
                {
                    "address": "0x0000000000000000000000000000000000000000",
                    "balance": 1e-15,
                    "is_locked": true,
                    "percent": 1.0,
                    "tag": "Null Address"
                }
            ],
            "error": "Liquidity pool info could not be retrieved."
        },
        "security": {
            "warnings": null,
            "homany_warnings": 0,
            "suspicious_urls": null,
            "howmany_suspicious_urls": 0,
            "suspicious_addresses": null,
            "howmany_suspicious_addresses": 0,
            "error": "Security analysis data not available."
        },
        "lifecycle": {
            "token_age_seconds": 58450124.3372,
            "token_creation_date": "2023-09-26T15:44:03",