{
    "token_address": "0x1d6E86E216a41e929f2220c7F10dE0F6d289518c",
    "chain": "bsc",
    "token_name": "Amasince",
    "analyses": {
        "contract": {
            "contract_name": null,
            "compiler_version": null,
            "license_type": null,
            "implementation": null,
            "source_code": null,
            "abi": null,
            "verified": false,
            "owner": "0x1e187fc9488614c3032b0719ff54e1bf1f8c7a9a",
            "creator": "0x1e187fc9488614c3032b0719ff54e1bf1f8c7a9a",
            "is_hidden_owner": false,
            "is_proxy": null,
            "is_sellable": true,
            "is_hardcoded_owner": null,
            "code_analysis": {
                "total_matches": 0,
                "patterns_found": {}
            }
        },
        "holder": {
            "total_holders": 5,
            "holders_list": {
                "0x1e187fc9488614c3032b0719ff54e1bf1f8c7a9a": {
                    "balance": 999970818.4187359,
                    "percentage_of_total_supply": 99.99708184187358,
                    "percentage_of_circulating_supply": 99.99708184187358
                },
                "0x9ded8709bf1396a94f7834be62b23308b6000e6b": {
                    "balance": 16406.924626834985,
                    "percentage_of_total_supply": 0.0016406924626834985,
                    "percentage_of_circulating_supply": 0.0016406924626834985
                },
                "0x13c4da30b0adb1589c8ec4aa8d9cb14017a75a3f": {
                    "balance": 8023.976792958729,
                    "percentage_of_total_supply": 0.0008023976792958729,
                    "percentage_of_circulating_supply": 0.0008023976792958729
                },
                "0xe5709ae1fb135867d1efafa76beadf21ec8df93b": {
                    "balance": 4739.225837766257,
                    "percentage_of_total_supply": 0.0004739225837766257,
                    "percentage_of_circulating_supply": 0.0004739225837766257
                },
                "0xafe68d53498754ebc26346b25bbcfc1dbc8b5709": {
                    "balance": 11.45400653686061,
                    "percentage_of_total_supply": 1.1454006536860611e-06,
                    "percentage_of_circulating_supply": 1.1454006536860611e-06
                }
            },
            "total_supply": 1000000000.0,
            "total_circulating_supply": 1000000000.0,
            "owner": {
                "address": "0x1e187fc9488614c3032b0719ff54e1bf1f8c7a9a",
                "balance": 999970818.4187359,
                "percentage_of_circulating_supply": 99.99708184187358,
                "exceeds_5_percent": true
            },
            "creator": {
                "address": "0x1e187fc9488614c3032b0719ff54e1bf1f8c7a9a",
                "balance": 999970818.4187359,
                "percentage_of_circulating_supply": 99.99708184187358,
                "exceeds_5_percent": true
            },
            "holders_exceeding_5_percent_circulating": [],
            "howmany_holders_exceeding_5_percent_circulating": 0,
            "top_10_holders": [
                {
                    "address": "0x1e187fc9488614c3032b0719ff54e1bf1f8c7a9a",
                    "balance": 999970818.4187359,
                    "percentage_of_total_supply": 99.99708184187358,
                    "percentage_of_circulating_supply": 99.99708184187358
                },
                {
                    "address": "0x9ded8709bf1396a94f7834be62b23308b6000e6b",
                    "balance": 16406.924626834985,
                    "percentage_of_total_supply": 0.0016406924626834985,
                    "percentage_of_circulating_supply": 0.0016406924626834985
                },
                {
                    "address": "0x13c4da30b0adb1589c8ec4aa8d9cb14017a75a3f",
                    "balance": 8023.976792958729,
                    "percentage_of_total_supply": 0.0008023976792958729,
                    "percentage_of_circulating_supply": 0.0008023976792958729
                },
                {
                    "address": "0xe5709ae1fb135867d1efafa76beadf21ec8df93b",
                    "balance": 4739.225837766257,
                    "percentage_of_total_supply": 0.0004739225837766257,
                    "percentage_of_circulating_supply": 0.0004739225837766257
                },
                {
                    "address": "0xafe68d53498754ebc26346b25bbcfc1dbc8b5709",
                    "balance": 11.45400653686061,
                    "percentage_of_total_supply": 1.1454006536860611e-06,
                    "percentage_of_circulating_supply": 1.1454006536860611e-06
                }
            ],
            "total_top_10_balance": 1000000000.0,
            "top10_percentage_of_total_supply": 100.0,
            "top10_percentage_of_circulating_supply": 100.0,
            "top_10_less_than_70_percent_of_total": false,
            "top_10_less_than_70_percent_of_circulating": false
        },
        "liquidity": {
            "price_usd": 7.49279327814221e-08,
            "liquidity_usd": 1.7164500637437223e-06,
            "market_cap_usd": 74.9279327814221,
            "liquidity_to_market_cap_ratio": 2.290801307372122e-08,
            "token_volume": 29170.127257559972,
            "volume_usd": 0.002185657334379982,
            "volume_to_liquidity_ratio": 1273.359115157058,
            "locked_liquidity_percent": 0.0,
            "locked_95_for_15_days": false,
            "creator_under_5_percent": false,
            "creator_percent_of_lp": 99.9971,
            "owner_under_5_percent": true,
            "owner_percent_of_lp": 0.0,
            "total_lp_supply": 0.09123679299854277,
            "lp_holders_count": 2,
            "lp_holders": [
                {
                    "address": "0x0ed943ce24baebf257488771759f9bf482c39706",
                    "balance": 0.09123679299854177,
                    "is_locked": false,
                    "percent": 99.9999999999989,
                    "tag": ""
                },
                {
                    "address": "0x0000000000000000000000000000000000000000",
                    "balance": 1e-15,
                    "is_locked": true,
                    "percent": 1.096e-12,
                    "tag": "Null Address"
                }
            ]
        },
        "security": {
            "warnings": null,
            "homany_warnings": 0,
            "suspicious_urls": null,
            "howmany_suspicious_urls": 0,
            "suspicious_addresses": null,
            "howmany_suspicious_addresses": 0,
            "error": "Security analysis data not available."
        },
        "lifecycle": {
            "token_age_seconds": 58623022.48732,
            "token_creation_date": "2023-10-17T16:06:55",
            "creation_to_first_trade_seconds": 0.0,
            "creation_to_first_trade_blocks": 0,
            "last_tx_hash": "0xcdbfab69380a56ed502331d0fb6e642b15036c98e30d075ee9d0aeeca00210aa",
            "last_active_age": "2023-10-17T22:47:41",
            "inactive_days": 678.2289268044907
        }
    },
    "errors": []
}