{
    "token_address": "0x2877610B8a215004025f1D4A00E207fD21663475",
    "chain": "bsc",
    "token_name": "FLIP",
    "analyses": {
        "contract": {
            "contract_name": null,
            "compiler_version": null,
            "license_type": null,
            "implementation": null,
            "source_code": null,
            "abi": null,
            "verified": false,
            "owner": "0xede9eeb8fe428d063ec184931767afa05a8ae540",
            "creator": "0xede9eeb8fe428d063ec184931767afa05a8ae540",
            "is_hidden_owner": false,
            "is_proxy": null,
            "is_sellable": true,
            "is_hardcoded_owner": null,
            "code_analysis": {
                "total_matches": 0,
                "patterns_found": {}
            }
        },
        "holder": {
            "total_holders": 2,
            "holders_list": {
                "0xede9eeb8fe428d063ec184931767afa05a8ae540": {
                    "balance": 981357.368511178,
                    "percentage_of_total_supply": 98.1357368511178,
                    "percentage_of_circulating_supply": 99.0590979807529
                },
                "0xec3fc98ee5008ec25b7fe2183fba9d37bd80eabe": {
                    "balance": 1e-09,
                    "percentage_of_total_supply": 1e-13,
                    "percentage_of_circulating_supply": 1.0094090201924699e-13
                }
            },
            "total_supply": 1000000.0,
            "total_circulating_supply": 990678.6842555895,
            "owner": {
                "address": "0xede9eeb8fe428d063ec184931767afa05a8ae540",
                "balance": 981357.368511178,
                "percentage_of_circulating_supply": 99.0590979807529,
                "exceeds_5_percent": true
            },
            "creator": {
                "address": "0xede9eeb8fe428d063ec184931767afa05a8ae540",
                "balance": 981357.368511178,
                "percentage_of_circulating_supply": 99.0590979807529,
                "exceeds_5_percent": true
            },
            "holders_exceeding_5_percent_circulating": [],
            "howmany_holders_exceeding_5_percent_circulating": 0,
            "top_10_holders": [
                {
                    "address": "0xede9eeb8fe428d063ec184931767afa05a8ae540",
                    "balance": 981357.368511178,
                    "percentage_of_total_supply": 98.1357368511178,
                    "percentage_of_circulating_supply": 99.0590979807529
                },
                {
                    "address": "0xec3fc98ee5008ec25b7fe2183fba9d37bd80eabe",
                    "balance": 1e-09,
                    "percentage_of_total_supply": 1e-13,
                    "percentage_of_circulating_supply": 1.0094090201924699e-13
                }
            ],
            "total_top_10_balance": 981357.368511179,
            "top10_percentage_of_total_supply": 98.13573685111791,
            "top10_percentage_of_circulating_supply": 99.059097980753,
            "top_10_less_than_70_percent_of_total": false,
            "top_10_less_than_70_percent_of_circulating": false
        },
        "liquidity": {
            "price_usd": 3521089567147.9175,
            "liquidity_usd": 7.042179134295836e-06,
            "market_cap_usd": 3.4882683795281823e+18,
            "liquidity_to_market_cap_ratio": 2.01881804038494e-24,
            "token_volume": 0.0,
            "volume_usd": 0.0,
            "volume_to_liquidity_ratio": 0.0,
            "locked_liquidity_percent": 100.0,
            "locked_95_for_15_days": false,
            "creator_under_5_percent": false,
            "creator_percent_of_lp": 98.1357,
            "owner_under_5_percent": true,
            "owner_percent_of_lp": 0.0,
            "total_lp_supply": 1e-15,
            "lp_holders_count": 1,
            "lp_holders": [
                {
                    "address": "0x0000000000000000000000000000000000000000",
                    "balance": 1e-15,
                    "is_locked": true,
                    "percent": 100.0,
                    "tag": "Null Address"
                }
            ],
            "error": "Liquidity pool info could not be retrieved."
        },
        "security": {
            "warnings": null,
            "homany_warnings": 0,
            "suspicious_urls": null,
            "howmany_suspicious_urls": 0,
            "suspicious_addresses": null,
            "howmany_suspicious_addresses": 0,
            "error": "Security analysis data not available."
        },
        "lifecycle": {
            "token_age_seconds": 83830910.984786,
            "token_creation_date": "2022-12-30T13:31:30",
            "creation_to_first_trade_seconds": 0.0,
            "creation_to_first_trade_blocks": 0,
            "last_tx_hash": "0x25ef0c2bfd9b6c1fffe30de15d5b715a461c8d98680782a8e794294a0a09f032",
            "last_active_age": "2023-02-04T17:21:27",
            "inactive_days": 934.1055179608334
        }
    },
    "errors": []
}