{
    "token_address": "0x7244d82Aa39eC37De33BBfde0378FF6FD272ec0a",
    "chain": "bsc",
    "token_name": "GAMMA INU",
    "analyses": {
        "contract": {
            "contract_name": null,
            "compiler_version": null,
            "license_type": null,
            "implementation": null,
            "source_code": null,
            "abi": null,
            "verified": false,
            "owner": "0x351f76e5ac5d6005eaa7dc3c3b6f3805656e5d13",
            "creator": "0x351f76e5ac5d6005eaa7dc3c3b6f3805656e5d13",
            "is_hidden_owner": false,
            "is_proxy": null,
            "is_sellable": true,
            "is_hardcoded_owner": null,
            "code_analysis": {
                "total_matches": 0,
                "patterns_found": {}
            }
        },
        "holder": {
            "total_holders": 11,
            "holders_list": {
                "0x351f76e5ac5d6005eaa7dc3c3b6f3805656e5d13": {
                    "balance": 563697513783801.8,
                    "percentage_of_total_supply": 56.36975137838019,
                    "percentage_of_circulating_supply": 56.36975137838019
                },
                "0x13d55f1489557b2cf8a8dc12eda7dca074e2e374": {
                    "balance": 128981402292121.05,
                    "percentage_of_total_supply": 12.898140229212105,
                    "percentage_of_circulating_supply": 12.898140229212105
                },
                "0xb106990439db4cfcadbdbaa9d1c8f3f61f29b6ec": {
                    "balance": 79692621099355.42,
                    "percentage_of_total_supply": 7.969262109935543,
                    "percentage_of_circulating_supply": 7.969262109935543
                },
                "0xfce08e3253a91276f0b484fc1606e01988d48554": {
                    "balance": 72759835290602.39,
                    "percentage_of_total_supply": 7.27598352906024,
                    "percentage_of_circulating_supply": 7.27598352906024
                },
                "0x1bf4b08d113a39f3d7df31bfc3461e390841010d": {
                    "balance": 49387731714743.49,
                    "percentage_of_total_supply": 4.93877317147435,
                    "percentage_of_circulating_supply": 4.93877317147435
                },
                "0x240febf980e5f31ee2541a5ad401a3455b6da237": {
                    "balance": 43484795382531.66,
                    "percentage_of_total_supply": 4.348479538253166,
                    "percentage_of_circulating_supply": 4.348479538253166
                },
                "0x51e62cf5ed0b134450b4d5021c5cf6469cfb9df7": {
                    "balance": 40127265500644.74,
                    "percentage_of_total_supply": 4.012726550064475,
                    "percentage_of_circulating_supply": 4.012726550064475
                },
                "0x4fa755b46f53dcf7b46decc28898a767f02c8700": {
                    "balance": 10628136974729.158,
                    "percentage_of_total_supply": 1.062813697472916,
                    "percentage_of_circulating_supply": 1.062813697472916
                },
                "0x539bcafd4a2d8ab6ebf1b27f0b0a69f86268c255": {
                    "balance": 7454056408676.203,
                    "percentage_of_total_supply": 0.7454056408676204,
                    "percentage_of_circulating_supply": 0.7454056408676204
                },
                "0x0042bbc95de63341111d706623a250e6d833ba09": {
                    "balance": 3662302715340.8057,
                    "percentage_of_total_supply": 0.3662302715340806,
                    "percentage_of_circulating_supply": 0.3662302715340806
                },
                "0x0dcf40fdbd68951447633b121bb0045cb60a9bce": {
                    "balance": 124338837453.26247,
                    "percentage_of_total_supply": 0.012433883745326248,
                    "percentage_of_circulating_supply": 0.012433883745326248
                }
            },
            "total_supply": 1000000000000000.0,
            "total_circulating_supply": 1000000000000000.0,
            "owner": {
                "address": "0x351f76e5ac5d6005eaa7dc3c3b6f3805656e5d13",
                "balance": 563697513783801.8,
                "percentage_of_circulating_supply": 56.36975137838019,
                "exceeds_5_percent": true
            },
            "creator": {
                "address": "0x351f76e5ac5d6005eaa7dc3c3b6f3805656e5d13",
                "balance": 563697513783801.8,
                "percentage_of_circulating_supply": 56.36975137838019,
                "exceeds_5_percent": true
            },
            "holders_exceeding_5_percent_circulating": [
                {
                    "address": "0x13d55f1489557b2cf8a8dc12eda7dca074e2e374",
                    "balance": 128981402292121.05,
                    "percentage_of_supply": 12.898140229212105
                },
                {
                    "address": "0xb106990439db4cfcadbdbaa9d1c8f3f61f29b6ec",
                    "balance": 79692621099355.42,
                    "percentage_of_supply": 7.969262109935543
                },
                {
                    "address": "0xfce08e3253a91276f0b484fc1606e01988d48554",
                    "balance": 72759835290602.39,
                    "percentage_of_supply": 7.27598352906024
                }
            ],
            "howmany_holders_exceeding_5_percent_circulating": 3,
            "top_10_holders": [
                {
                    "address": "0x351f76e5ac5d6005eaa7dc3c3b6f3805656e5d13",
                    "balance": 563697513783801.8,
                    "percentage_of_total_supply": 56.36975137838019,
                    "percentage_of_circulating_supply": 56.36975137838019
                },
                {
                    "address": "0x13d55f1489557b2cf8a8dc12eda7dca074e2e374",
                    "balance": 128981402292121.05,
                    "percentage_of_total_supply": 12.898140229212105,
                    "percentage_of_circulating_supply": 12.898140229212105
                },
                {
                    "address": "0xb106990439db4cfcadbdbaa9d1c8f3f61f29b6ec",
                    "balance": 79692621099355.42,
                    "percentage_of_total_supply": 7.969262109935543,
                    "percentage_of_circulating_supply": 7.969262109935543
                },
                {
                    "address": "0xfce08e3253a91276f0b484fc1606e01988d48554",
                    "balance": 72759835290602.39,
                    "percentage_of_total_supply": 7.27598352906024,
                    "percentage_of_circulating_supply": 7.27598352906024
                },
                {
                    "address": "0x1bf4b08d113a39f3d7df31bfc3461e390841010d",
                    "balance": 49387731714743.49,
                    "percentage_of_total_supply": 4.93877317147435,
                    "percentage_of_circulating_supply": 4.93877317147435
                },
                {
                    "address": "0x240febf980e5f31ee2541a5ad401a3455b6da237",
                    "balance": 43484795382531.66,
                    "percentage_of_total_supply": 4.348479538253166,
                    "percentage_of_circulating_supply": 4.348479538253166
                },
                {
                    "address": "0x51e62cf5ed0b134450b4d5021c5cf6469cfb9df7",
                    "balance": 40127265500644.74,
                    "percentage_of_total_supply": 4.012726550064475,
                    "percentage_of_circulating_supply": 4.012726550064475
                },
                {
                    "address": "0x4fa755b46f53dcf7b46decc28898a767f02c8700",
                    "balance": 10628136974729.158,
                    "percentage_of_total_supply": 1.062813697472916,
                    "percentage_of_circulating_supply": 1.062813697472916
                },
                {
                    "address": "0x539bcafd4a2d8ab6ebf1b27f0b0a69f86268c255",