{
    "token_address": "0xcBEAe335c8AdDbc7c3c95C86edF28a06C3E9E217",
    "chain": "bsc",
    "token_name": "Meta Protocol",
    "analyses": {
        "contract": {
            "contract_name": null,
            "compiler_version": null,
            "license_type": null,
            "implementation": null,
            "source_code": null,
            "abi": null,
            "verified": false,
            "owner": "0xb25a9c98f1a5d1017458d807fb1f8bed60a0a509",
            "creator": "0xb25a9c98f1a5d1017458d807fb1f8bed60a0a509",
            "is_hidden_owner": false,
            "is_proxy": null,
            "is_sellable": true,
            "is_hardcoded_owner": null,
            "code_analysis": {
                "total_matches": 0,
                "patterns_found": {}
            }
        },
        "holder": {
            "total_holders": 14,
            "holders_list": {
                "0xb25a9c98f1a5d1017458d807fb1f8bed60a0a509": {
                    "balance": 949005243.0334705,
                    "percentage_of_total_supply": 94.90052430334704,
                    "percentage_of_circulating_supply": 94.90052430334704
                },
                "0xd292fa3dd75ccdd11cc6ba7bbfa2e18d2f1182a5": {
                    "balance": 17298758.21375916,
                    "percentage_of_total_supply": 1.729875821375916,
                    "percentage_of_circulating_supply": 1.729875821375916
                },
                "0x48776cb6ec4ed12022e698e0c7b4fae425c2eb53": {
                    "balance": 13000000.0,
                    "percentage_of_total_supply": 1.3,
                    "percentage_of_circulating_supply": 1.3
                },
                "0x6ec35dd9ba288e9131ae78b5178f747f71af8adf": {
                    "balance": 7668096.689573844,
                    "percentage_of_total_supply": 0.7668096689573844,
                    "percentage_of_circulating_supply": 0.7668096689573844
                },
                "0x61702b447639c1c07e0db9fa9da50ef22edf5dbd": {
                    "balance": 4958249.593843999,
                    "percentage_of_total_supply": 0.49582495938439985,
                    "percentage_of_circulating_supply": 0.49582495938439985
                },
                "0x358f198b039871d3ef9c29feac71660741218e1c": {
                    "balance": 2684123.470584762,
                    "percentage_of_total_supply": 0.2684123470584762,
                    "percentage_of_circulating_supply": 0.2684123470584762
                },
                "0x54e71d024013d134ff5544c5410c01cc5a38e5a0": {
                    "balance": 1796721.226078426,
                    "percentage_of_total_supply": 0.1796721226078426,
                    "percentage_of_circulating_supply": 0.1796721226078426
                },
                "0x02f3a31232c90e8a54436708cab335a2b4478d4e": {
                    "balance": 1446146.214352071,
                    "percentage_of_total_supply": 0.1446146214352071,
                    "percentage_of_circulating_supply": 0.1446146214352071
                },
                "0x47cec4fce0aa14fb5eaf21de4d67806ec2e298a5": {
                    "balance": 1105881.0,
                    "percentage_of_total_supply": 0.1105881,
                    "percentage_of_circulating_supply": 0.1105881
                },
                "0x6f29efd5cd0ff2c1f5f7a8731ce308ffa1b8ca1c": {
                    "balance": 865185.538469777,
                    "percentage_of_total_supply": 0.0865185538469777,
                    "percentage_of_circulating_supply": 0.0865185538469777
                },
                "0x38e9b7ea3a11a4964562c8d2bbf1eda5226a5fff": {
                    "balance": 152456.943973944,
                    "percentage_of_total_supply": 0.0152456943973944,
                    "percentage_of_circulating_supply": 0.0152456943973944
                },
                "0xc1c445b75577452486d5c5710a9824c6728b49f8": {
                    "balance": 18953.949067419,
                    "percentage_of_total_supply": 0.0018953949067419,
                    "percentage_of_circulating_supply": 0.0018953949067419
                },
                "0x0ed943ce24baebf257488771759f9bf482c39706": {
                    "balance": 184.038412046,
                    "percentage_of_total_supply": 1.8403841204600002e-05,
                    "percentage_of_circulating_supply": 1.8403841204600002e-05
                },
                "0xe5df338f50ccc453419456f28c73d2c8100d8085": {
                    "balance": 0.088414126,
                    "percentage_of_total_supply": 8.8414126e-09,
                    "percentage_of_circulating_supply": 8.8414126e-09
                }
            },
            "total_supply": 1000000000.0,
            "total_circulating_supply": 1000000000.0,
            "owner": {
                "address": "0xb25a9c98f1a5d1017458d807fb1f8bed60a0a509",
                "balance": 949005243.0334705,
                "percentage_of_circulating_supply": 94.90052430334704,
                "exceeds_5_percent": true
            },
            "creator": {
                "address": "0xb25a9c98f1a5d1017458d807fb1f8bed60a0a509",
                "balance": 949005243.0334705,
                "percentage_of_circulating_supply": 94.90052430334704,
                "exceeds_5_percent": true
            },
            "holders_exceeding_5_percent_circulating": [],
            "howmany_holders_exceeding_5_percent_circulating": 0,
            "top_10_holders": [
                {
                    "address": "0xb25a9c98f1a5d1017458d807fb1f8bed60a0a509",
                    "balance": 949005243.0334705,
                    "percentage_of_total_supply": 94.90052430334704,
                    "percentage_of_circulating_supply": 94.90052430334704
                },
                {
                    "address": "0xd292fa3dd75ccdd11cc6ba7bbfa2e18d2f1182a5",
                    "balance": 17298758.21375916,
                    "percentage_of_total_supply": 1.729875821375916,
                    "percentage_of_circulating_supply": 1.729875821375916
                },
                {
                    "address": "0x48776cb6ec4ed12022e698e0c7b4fae425c2eb53",
                    "balance": 13000000.0,
                    "percentage_of_total_supply": 1.3,
                    "percentage_of_circulating_supply": 1.3
                },
                {
                    "address": "0x6ec35dd9ba288e9131ae78b5178f747f71af8adf",
                    "balance": 7668096.689573844,
                    "percentage_of_total_supply": 0.7668096689573844,
                    "percentage_of_circulating_supply": 0.7668096689573844
                },
                {
                    "address": "0x61702b447639c1c07e0db9fa9da50ef22edf5dbd",
                    "balance": 4958249.593843999,
                    "percentage_of_total_supply": 0.49582495938439985,
                    "percentage_of_circulating_supply": 0.49582495938439985
                },
                {
                    "address": "0x358f198b039871d3ef9c29feac71660741218e1c",
                    "balance": 2684123.470584762,
                    "percentage_of_total_supply": 0.2684123470584762,
                    "percentage_of_circulating_supply": 0.2684123470584762
                },
                {
                    "address": "0x54e71d024013d134ff5544c5410c01cc5a38e5a0",
                    "balance": 1796721.226078426,
                    "percentage_of_total_supply": 0.1796721226078426,
                    "percentage_of_circulating_supply": 0.1796721226078426
                },
                {
                    "address": "0x02f3a31232c90e8a54436708cab335a2b4478d4e",
                    "balance": 1446146.214352071,
                    "percentage_of_total_supply": 0.1446146214352071,