{
    "token_address": "0xF5154B073f323edF9caa5A956DE5f7F03989E3D1",
    "chain": "bsc",
    "token_name": "Sincere Floki",
    "analyses": {
        "contract": {
            "contract_name": null,
            "compiler_version": null,
            "license_type": null,
            "implementation": null,
            "source_code": null,
            "abi": null,
            "verified": false,
            "owner": "0x351f76e5ac5d6005eaa7dc3c3b6f3805656e5d13",
            "creator": "0x351f76e5ac5d6005eaa7dc3c3b6f3805656e5d13",
            "is_hidden_owner": false,
            "is_proxy": null,
            "is_sellable": true,
            "is_hardcoded_owner": null,
            "code_analysis": {
                "total_matches": 0,
                "patterns_found": {}
            }
        },
        "holder": {
            "total_holders": 9,
            "holders_list": {
                "0x351f76e5ac5d6005eaa7dc3c3b6f3805656e5d13": {
                    "balance": 708437433872940.0,
                    "percentage_of_total_supply": 70.84374338729401,
                    "percentage_of_circulating_supply": 70.84374338729401
                },
                "0x0ddc11271f57c92f2c0a79b78ca517ac2962869d": {
                    "balance": 118750263069940.95,
                    "percentage_of_total_supply": 11.875026306994096,
                    "percentage_of_circulating_supply": 11.875026306994096
                },
                "0x46fbd7446cab99eb838df50737cdfd86427df438": {
                    "balance": 77917122202082.89,
                    "percentage_of_total_supply": 7.791712220208289,
                    "percentage_of_circulating_supply": 7.791712220208289
                },
                "0x508a113dc2671a6506c4ddb8d036bdeef7a095c7": {
                    "balance": 71831711319543.05,
                    "percentage_of_total_supply": 7.183171131954305,
                    "percentage_of_circulating_supply": 7.183171131954305
                },
                "0x7d03b91cf80f39ab4a4d29234239952c513d1edd": {
                    "balance": 13688291193522.934,
                    "percentage_of_total_supply": 1.3688291193522935,
                    "percentage_of_circulating_supply": 1.3688291193522935
                },
                "0xe3f07a695f4c0afe6ffdd1506dbeb826e63d4090": {
                    "balance": 8810200395507.285,
                    "percentage_of_total_supply": 0.8810200395507286,
                    "percentage_of_circulating_supply": 0.8810200395507286
                },
                "0xe97930f3dc80750ff5ed8505b764eb5f08191534": {
                    "balance": 471889288560.4767,
                    "percentage_of_total_supply": 0.04718892885604767,
                    "percentage_of_circulating_supply": 0.04718892885604767
                },
                "0x2f5292b3e5216ec87f1b0b4efd1c5be0e0b27312": {
                    "balance": 93088657902.35951,
                    "percentage_of_total_supply": 0.009308865790235953,
                    "percentage_of_circulating_supply": 0.009308865790235953
                },
                "0xb920d047c2002350347cdfa3359315f27cd8ebd7": {
                    "balance": 6.291535665e-09,
                    "percentage_of_total_supply": 6.291535665000001e-22,
                    "percentage_of_circulating_supply": 6.291535665000001e-22
                }
            },
            "total_supply": 1000000000000000.0,
            "total_circulating_supply": 1000000000000000.0,
            "owner": {
                "address": "0x351f76e5ac5d6005eaa7dc3c3b6f3805656e5d13",
                "balance": 708437433872940.0,
                "percentage_of_circulating_supply": 70.84374338729401,
                "exceeds_5_percent": true
            },
            "creator": {
                "address": "0x351f76e5ac5d6005eaa7dc3c3b6f3805656e5d13",
                "balance": 708437433872940.0,
                "percentage_of_circulating_supply": 70.84374338729401,
                "exceeds_5_percent": true
            },
            "holders_exceeding_5_percent_circulating": [
                {
                    "address": "0x0ddc11271f57c92f2c0a79b78ca517ac2962869d",
                    "balance": 118750263069940.95,
                    "percentage_of_supply": 11.875026306994096
                },
                {
                    "address": "0x46fbd7446cab99eb838df50737cdfd86427df438",
                    "balance": 77917122202082.89,
                    "percentage_of_supply": 7.791712220208289
                },
                {
                    "address": "0x508a113dc2671a6506c4ddb8d036bdeef7a095c7",
                    "balance": 71831711319543.05,
                    "percentage_of_supply": 7.183171131954305
                }
            ],
            "howmany_holders_exceeding_5_percent_circulating": 3,
            "top_10_holders": [
                {
                    "address": "0x351f76e5ac5d6005eaa7dc3c3b6f3805656e5d13",
                    "balance": 708437433872940.0,
                    "percentage_of_total_supply": 70.84374338729401,
                    "percentage_of_circulating_supply": 70.84374338729401
                },
                {
                    "address": "0x0ddc11271f57c92f2c0a79b78ca517ac2962869d",
                    "balance": 118750263069940.95,
                    "percentage_of_total_supply": 11.875026306994096,
                    "percentage_of_circulating_supply": 11.875026306994096
                },
                {
                    "address": "0x46fbd7446cab99eb838df50737cdfd86427df438",
                    "balance": 77917122202082.89,
                    "percentage_of_total_supply": 7.791712220208289,
                    "percentage_of_circulating_supply": 7.791712220208289
                },
                {
                    "address": "0x508a113dc2671a6506c4ddb8d036bdeef7a095c7",
                    "balance": 71831711319543.05,
                    "percentage_of_total_supply": 7.183171131954305,
                    "percentage_of_circulating_supply": 7.183171131954305
                },
                {
                    "address": "0x7d03b91cf80f39ab4a4d29234239952c513d1edd",
                    "balance": 13688291193522.934,
                    "percentage_of_total_supply": 1.3688291193522935,
                    "percentage_of_circulating_supply": 1.3688291193522935
                },
                {
                    "address": "0xe3f07a695f4c0afe6ffdd1506dbeb826e63d4090",
                    "balance": 8810200395507.285,
                    "percentage_of_total_supply": 0.8810200395507286,
                    "percentage_of_circulating_supply": 0.8810200395507286
                },
                {
                    "address": "0xe97930f3dc80750ff5ed8505b764eb5f08191534",
                    "balance": 471889288560.4767,
                    "percentage_of_total_supply": 0.04718892885604767,
                    "percentage_of_circulating_supply": 0.04718892885604767
                },
                {
                    "address": "0x2f5292b3e5216ec87f1b0b4efd1c5be0e0b27312",
                    "balance": 93088657902.35951,
                    "percentage_of_total_supply": 0.009308865790235953,
                    "percentage_of_circulating_supply": 0.009308865790235953
                },
                {
                    "address": "0xb920d047c2002350347cdfa3359315f27cd8ebd7",
                    "balance": 6.291535665e-09,
                    "percentage_of_total_supply": 6.291535665000001e-22,
                    "percentage_of_circulating_supply": 6.291535665000001e-22
                }
            ],
            "total_top_10_balance": 1000000000000000.1,
            "top10_percentage_of_total_supply": 100.00000000000003,
            "top10_percentage_of_circulating_supply": 100.00000000000003,
            "top_10_less_than_70_percent_of_total": false,