{
    "token_address": "0x1Cb79D581eee370A0a06Dd597Fa580f36Bb17A1B",
    "chain": "bsc",
    "token_name": "Baby Elvy Dao",
    "analyses": {
        "contract": {
            "contract_name": null,
            "compiler_version": null,
            "license_type": null,
            "implementation": null,
            "source_code": null,
            "abi": null,
            "verified": false,
            "owner": "0x911e73f67f8cabdb3933a7651bac9b6d030695e3",
            "creator": "0x911e73f67f8cabdb3933a7651bac9b6d030695e3",
            "is_hidden_owner": false,
            "is_proxy": null,
            "is_sellable": false,
            "is_hardcoded_owner": null,
            "code_analysis": {
                "total_matches": 0,
                "patterns_found": {}
            }
        },
        "holder": {
            "total_holders": 9,
            "holders_list": {
                "0x3822b010ceaf3ad2d05da7442395ee9e7ceb6616": {
                    "balance": 6000000.0,
                    "percentage_of_total_supply": 30.0,
                    "percentage_of_circulating_supply": 30.0
                },
                "0x911e73f67f8cabdb3933a7651bac9b6d030695e3": {
                    "balance": 7990385.166387892,
                    "percentage_of_total_supply": 39.95192583193946,
                    "percentage_of_circulating_supply": 39.95192583193946
                },
                "0xb227b89f073d498dc5447644b93ba5dfba9bc287": {
                    "balance": 542.424042876,
                    "percentage_of_total_supply": 0.00271212021438,
                    "percentage_of_circulating_supply": 0.00271212021438
                },
                "0x0000000034303d6448e3c1ccf54fdab6703a74dc": {
                    "balance": 1e-09,
                    "percentage_of_total_supply": 5e-15,
                    "percentage_of_circulating_supply": 5e-15
                },
                "0x0000000000f83bf708c3e3bd57f24411f6fc67f5": {
                    "balance": 1e-09,
                    "percentage_of_total_supply": 5e-15,
                    "percentage_of_circulating_supply": 5e-15
                },
                "0x0000000000001b0ead393ec554c5230004590aa4": {
                    "balance": 1e-09,
                    "percentage_of_total_supply": 5e-15,
                    "percentage_of_circulating_supply": 5e-15
                },
                "0x144b78b412a7e71b1dee036860fccdf6cc658947": {
                    "balance": 2e-09,
                    "percentage_of_total_supply": 1e-14,
                    "percentage_of_circulating_supply": 1e-14
                },
                "0x4504ffe8dd274707fc337c860aae83be6c21893b": {
                    "balance": 6000000.0,
                    "percentage_of_total_supply": 30.0,
                    "percentage_of_circulating_supply": 30.0
                },
                "0x0ed943ce24baebf257488771759f9bf482c39706": {
                    "balance": 9072.409569227,
                    "percentage_of_total_supply": 0.045362047846135,
                    "percentage_of_circulating_supply": 0.045362047846135
                }
            },
            "total_supply": 20000000.0,
            "total_circulating_supply": 20000000.0,
            "owner": {
                "address": "0x911e73f67f8cabdb3933a7651bac9b6d030695e3",
                "balance": 7990385.166387892,
                "percentage_of_circulating_supply": 39.95192583193946,
                "exceeds_5_percent": true
            },
            "creator": {
                "address": "0x911e73f67f8cabdb3933a7651bac9b6d030695e3",
                "balance": 7990385.166387892,
                "percentage_of_circulating_supply": 39.95192583193946,
                "exceeds_5_percent": true
            },
            "holders_exceeding_5_percent_circulating": [
                {
                    "address": "0x3822b010ceaf3ad2d05da7442395ee9e7ceb6616",
                    "balance": 6000000.0,
                    "percentage_of_supply": 30.0
                },
                {
                    "address": "0x4504ffe8dd274707fc337c860aae83be6c21893b",
                    "balance": 6000000.0,
                    "percentage_of_supply": 30.0
                }
            ],
            "howmany_holders_exceeding_5_percent_circulating": 2,
            "top_10_holders": [
                {
                    "address": "0x911e73f67f8cabdb3933a7651bac9b6d030695e3",
                    "balance": 7990385.166387892,
                    "percentage_of_total_supply": 39.95192583193946,
                    "percentage_of_circulating_supply": 39.95192583193946
                },
                {
                    "address": "0x3822b010ceaf3ad2d05da7442395ee9e7ceb6616",
                    "balance": 6000000.0,
                    "percentage_of_total_supply": 30.0,
                    "percentage_of_circulating_supply": 30.0
                },
                {
                    "address": "0x4504ffe8dd274707fc337c860aae83be6c21893b",
                    "balance": 6000000.0,
                    "percentage_of_total_supply": 30.0,
                    "percentage_of_circulating_supply": 30.0
                },
                {
                    "address": "0x0ed943ce24baebf257488771759f9bf482c39706",
                    "balance": 9072.409569227,
                    "percentage_of_total_supply": 0.045362047846135,
                    "percentage_of_circulating_supply": 0.045362047846135
                },
                {
                    "address": "0xb227b89f073d498dc5447644b93ba5dfba9bc287",
                    "balance": 542.424042876,
                    "percentage_of_total_supply": 0.00271212021438,
                    "percentage_of_circulating_supply": 0.00271212021438
                },
                {
                    "address": "0x144b78b412a7e71b1dee036860fccdf6cc658947",
                    "balance": 2e-09,
                    "percentage_of_total_supply": 1e-14,
                    "percentage_of_circulating_supply": 1e-14
                },
                {
                    "address": "0x0000000034303d6448e3c1ccf54fdab6703a74dc",
                    "balance": 1e-09,
                    "percentage_of_total_supply": 5e-15,
                    "percentage_of_circulating_supply": 5e-15
                },
                {
                    "address": "0x0000000000f83bf708c3e3bd57f24411f6fc67f5",
                    "balance": 1e-09,
                    "percentage_of_total_supply": 5e-15,
                    "percentage_of_circulating_supply": 5e-15
                },
                {
                    "address": "0x0000000000001b0ead393ec554c5230004590aa4",
                    "balance": 1e-09,
                    "percentage_of_total_supply": 5e-15,
                    "percentage_of_circulating_supply": 5e-15
                }
            ],
            "total_top_10_balance": 20000000.0,
            "top10_percentage_of_total_supply": 100.0,
            "top10_percentage_of_circulating_supply": 100.0,
            "top_10_less_than_70_percent_of_total": false,
            "top_10_less_than_70_percent_of_circulating": false
        },
        "liquidity": {
            "price_usd": null,
            "liquidity_usd": null,
            "market_cap_usd": null,
            "liquidity_to_market_cap_ratio": null,
            "token_volume": null,
            "volume_usd": null,
            "volume_to_liquidity_ratio": null,
            "locked_liquidity_percent": 100.0,
            "locked_95_for_15_days": false,
            "creator_under_5_percent": false,
            "creator_percent_of_lp": 39.9519,
            "owner_under_5_percent": true,
            "owner_percent_of_lp": 0.0,
            "total_lp_supply": 1e-15,
            "lp_holders_count": 1,
            "lp_holders": [
                {
                    "address": "0x0000000000000000000000000000000000000000",