{
    "token_address": "0x922374F2B0e3fD72F1f2D4dDA6248F8DD67128c9",
    "chain": "bsc",
    "token_name": "Floki BSC",
    "analyses": {
        "contract": {
            "contract_name": null,
            "compiler_version": null,
            "license_type": null,
            "implementation": null,
            "source_code": null,
            "abi": null,
            "verified": false,
            "owner": "0x3f8072169518b0c3c9f6965cf75e99e79b2ac3a3",
            "creator": "0x3f8072169518b0c3c9f6965cf75e99e79b2ac3a3",
            "is_hidden_owner": false,
            "is_proxy": null,
            "is_sellable": true,
            "is_hardcoded_owner": null,
            "code_analysis": {
                "total_matches": 0,
                "patterns_found": {}
            }
        },
        "holder": {
            "total_holders": 32,
            "holders_list": {
                "0x3f8072169518b0c3c9f6965cf75e99e79b2ac3a3": {
                    "balance": 252686967994020.3,
                    "percentage_of_total_supply": 25.268696799402036,
                    "percentage_of_circulating_supply": 25.268696799402036
                },
                "0xcb5b29dfe5bcbca918f92673858a1a0663b2da3e": {
                    "balance": 139900858082682.83,
                    "percentage_of_total_supply": 13.990085808268283,
                    "percentage_of_circulating_supply": 13.990085808268285
                },
                "0x0c7143d49da56d20b508c0aad1ed115aea0a163b": {
                    "balance": 115165198289342.2,
                    "percentage_of_total_supply": 11.51651982893422,
                    "percentage_of_circulating_supply": 11.516519828934223
                },
                "0xfec4b82f182ba6904dddf0d2e574a227b1e04826": {
                    "balance": 70233363204207.07,
                    "percentage_of_total_supply": 7.023336320420707,
                    "percentage_of_circulating_supply": 7.023336320420709
                },
                "0x16ebebb036f57612686408bb1e973dcce6ed3293": {
                    "balance": 55967808377360.74,
                    "percentage_of_total_supply": 5.596780837736075,
                    "percentage_of_circulating_supply": 5.596780837736075
                },
                "0x6ada3be513863c2b83d590c041591c86bb07dd25": {
                    "balance": 54216444683736.54,
                    "percentage_of_total_supply": 5.421644468373654,
                    "percentage_of_circulating_supply": 5.421644468373655
                },
                "0x0ee4482524537ffe1db47ec0a11f82b32836dc9a": {
                    "balance": 49517995714724.12,
                    "percentage_of_total_supply": 4.951799571472412,
                    "percentage_of_circulating_supply": 4.951799571472413
                },
                "0x7e097f2fbc1fb331bec8f8dc351c21ac87516cdd": {
                    "balance": 43372451303687.15,
                    "percentage_of_total_supply": 4.337245130368715,
                    "percentage_of_circulating_supply": 4.337245130368716
                },
                "0x9626e9f8771757cd65a1e7a827ec364ab020b2e1": {
                    "balance": 38946699267929.055,
                    "percentage_of_total_supply": 3.8946699267929055,
                    "percentage_of_circulating_supply": 3.8946699267929064
                },
                "0xad5c24200499a0900ad19868ac1eb2d265d8ddea": {
                    "balance": 27313182824233.062,
                    "percentage_of_total_supply": 2.731318282423306,
                    "percentage_of_circulating_supply": 2.7313182824233064
                },
                "0xf4b580a176f319c858d401058001e47082d9cace": {
                    "balance": 22429739350495.766,
                    "percentage_of_total_supply": 2.242973935049577,
                    "percentage_of_circulating_supply": 2.242973935049577
                },
                "0x885c09be452d06fbf3ea59269673ca8504b7c13b": {
                    "balance": 22099881820561.2,
                    "percentage_of_total_supply": 2.20998818205612,
                    "percentage_of_circulating_supply": 2.2099881820561205
                },
                "0x4a9f0aa5807e78d6034ae1c690df91c53e8b17fb": {
                    "balance": 19891671765605.82,
                    "percentage_of_total_supply": 1.989167176560582,
                    "percentage_of_circulating_supply": 1.9891671765605825
                },
                "0xf4aa8be77bcff27cbbd7cedce4a5b6946ace96f1": {
                    "balance": 16402500000000.0,
                    "percentage_of_total_supply": 1.64025,
                    "percentage_of_circulating_supply": 1.6402500000000004
                },
                "0x61a2d91bedd43894cbb886f6827f70de0d1e4b4c": {
                    "balance": 14628451720801.424,
                    "percentage_of_total_supply": 1.4628451720801425,
                    "percentage_of_circulating_supply": 1.4628451720801425
                },
                "0xaebfb97eda8fd65d1f85f5429ce0344fe0bf8b38": {
                    "balance": 12000263756322.193,
                    "percentage_of_total_supply": 1.2000263756322194,
                    "percentage_of_circulating_supply": 1.2000263756322194
                },
                "0x5edea4da5fe18283ca20df55580b357913389822": {
                    "balance": 6093896477502.573,
                    "percentage_of_total_supply": 0.6093896477502574,
                    "percentage_of_circulating_supply": 0.6093896477502575
                },
                "0x37dfd8a95a16f69ff96a257199b411da23afc23d": {
                    "balance": 5861852082036.928,
                    "percentage_of_total_supply": 0.5861852082036928,
                    "percentage_of_circulating_supply": 0.5861852082036928
                },
                "0x3e33162cc498c0e0c5bfaf6ff4ab7e947d8839ee": {
                    "balance": 5707076520911.071,
                    "percentage_of_total_supply": 0.5707076520911072,
                    "percentage_of_circulating_supply": 0.5707076520911072
                },
                "0x8e5fa2c0a1fd64e63b02090a618b7224c6af33d8": {
                    "balance": 4713852016031.458,
                    "percentage_of_total_supply": 0.47138520160314573,
                    "percentage_of_circulating_supply": 0.47138520160314584
                },
                "0x55c23a4025155c6e9fa18daecfc7db7d0b403261": {
                    "balance": 4292464165428.796,
                    "percentage_of_total_supply": 0.42924641654287965,
                    "percentage_of_circulating_supply": 0.42924641654287965
                },
                "0x16dc8b982e3c8f345b07398e6feceb7a3383015f": {
                    "balance": 4054074270511.4526,
                    "percentage_of_total_supply": 0.4054074270511453,
                    "percentage_of_circulating_supply": 0.4054074270511453
                },
                "0x8c58ba3fa940f387b95ba4a8f7c18790f07763b2": {
                    "balance": 3922056900952.4995,
                    "percentage_of_total_supply": 0.3922056900952499,
                    "percentage_of_circulating_supply": 0.39220569009525
                },
                "0xc0c524e6f13f970b67e761a6e0f23bb5640532bf": {
                    "balance": 3567199110493.3926,
                    "percentage_of_total_supply": 0.3567199110493393,
                    "percentage_of_circulating_supply": 0.35671991104933937
                },
                "0x6044a3b2fa06536981073aeca628f4ce0e11b094": {
                    "balance": 3437113913209.2324,
                    "percentage_of_total_supply": 0.34371139132092327,
                    "percentage_of_circulating_supply": 0.3437113913209233
                },
                "0x2092d5ec748804e240bfbc4770fc824064d40df7": {
                    "balance": 1359286344401.404,
                    "percentage_of_total_supply": 0.13592863444014042,