{
    "token_address": "0x13e1Ff6E027f6BdE3FCB9337c514F2880eA3eb24",
    "chain": "bsc",
    "token_name": "stefany",
    "analyses": {
        "contract": {
            "contract_name": null,
            "compiler_version": null,
            "license_type": null,
            "implementation": null,
            "source_code": null,
            "abi": null,
            "verified": false,
            "owner": null,
            "creator": "0x6b79a54b6d30e71eab11c1a05f0d5687b384c7ac",
            "is_hidden_owner": true,
            "is_proxy": null,
            "is_sellable": true,
            "is_hardcoded_owner": null,
            "code_analysis": {
                "total_matches": 0,
                "patterns_found": {}
            }
        },
        "holder": {
            "total_holders": 7,
            "holders_list": {
                "0x6b79a54b6d30e71eab11c1a05f0d5687b384c7ac": {
                    "balance": 9980972634336.453,
                    "percentage_of_total_supply": 99.80972634336453,
                    "percentage_of_circulating_supply": 99.80972634336453
                },
                "0x9097cbe8aae996db186ed7aa8837e3033abe8435": {
                    "balance": 10200800000.0,
                    "percentage_of_total_supply": 0.102008,
                    "percentage_of_circulating_supply": 0.102008
                },
                "0x5e3773713f0a20806168d633652b905ee7253f83": {
                    "balance": 2801148123.565143,
                    "percentage_of_total_supply": 0.028011481235651434,
                    "percentage_of_circulating_supply": 0.028011481235651434
                },
                "0x2be87ad70cf11ea294d7c42044b5b8277a3e4874": {
                    "balance": 2095599241.5926554,
                    "percentage_of_total_supply": 0.020955992415926557,
                    "percentage_of_circulating_supply": 0.020955992415926557
                },
                "0x9ac86daa132e13d246f7181b4e62f0d6eeb387c9": {
                    "balance": 1858205666.6978686,
                    "percentage_of_total_supply": 0.018582056666978687,
                    "percentage_of_circulating_supply": 0.018582056666978687
                },
                "0xcb692809bf98a8201648b3c81f7231230f5cdfb1": {
                    "balance": 1850877337.4151866,
                    "percentage_of_total_supply": 0.01850877337415187,
                    "percentage_of_circulating_supply": 0.01850877337415187
                },
                "0x9dd0c7a82c267b6490dd63f75730c425d38fc1f2": {
                    "balance": 220735294.27635315,
                    "percentage_of_total_supply": 0.002207352942763532,
                    "percentage_of_circulating_supply": 0.002207352942763532
                }
            },
            "total_supply": 10000000000000.0,
            "total_circulating_supply": 10000000000000.0,
            "owner": {},
            "creator": {
                "address": "0x6b79a54b6d30e71eab11c1a05f0d5687b384c7ac",
                "balance": 9980972634336.453,
                "percentage_of_circulating_supply": 99.80972634336453,
                "exceeds_5_percent": true
            },
            "holders_exceeding_5_percent_circulating": [],
            "howmany_holders_exceeding_5_percent_circulating": 0,
            "top_10_holders": [
                {
                    "address": "0x6b79a54b6d30e71eab11c1a05f0d5687b384c7ac",
                    "balance": 9980972634336.453,
                    "percentage_of_total_supply": 99.80972634336453,
                    "percentage_of_circulating_supply": 99.80972634336453
                },
                {
                    "address": "0x9097cbe8aae996db186ed7aa8837e3033abe8435",
                    "balance": 10200800000.0,
                    "percentage_of_total_supply": 0.102008,
                    "percentage_of_circulating_supply": 0.102008
                },
                {
                    "address": "0x5e3773713f0a20806168d633652b905ee7253f83",
                    "balance": 2801148123.565143,
                    "percentage_of_total_supply": 0.028011481235651434,
                    "percentage_of_circulating_supply": 0.028011481235651434
                },
                {
                    "address": "0x2be87ad70cf11ea294d7c42044b5b8277a3e4874",
                    "balance": 2095599241.5926554,
                    "percentage_of_total_supply": 0.020955992415926557,
                    "percentage_of_circulating_supply": 0.020955992415926557
                },
                {
                    "address": "0x9ac86daa132e13d246f7181b4e62f0d6eeb387c9",
                    "balance": 1858205666.6978686,
                    "percentage_of_total_supply": 0.018582056666978687,
                    "percentage_of_circulating_supply": 0.018582056666978687
                },
                {
                    "address": "0xcb692809bf98a8201648b3c81f7231230f5cdfb1",
                    "balance": 1850877337.4151866,
                    "percentage_of_total_supply": 0.01850877337415187,
                    "percentage_of_circulating_supply": 0.01850877337415187
                },
                {
                    "address": "0x9dd0c7a82c267b6490dd63f75730c425d38fc1f2",
                    "balance": 220735294.27635315,
                    "percentage_of_total_supply": 0.002207352942763532,
                    "percentage_of_circulating_supply": 0.002207352942763532
                }
            ],
            "total_top_10_balance": 10000000000000.0,
            "top10_percentage_of_total_supply": 100.00000000000003,
            "top10_percentage_of_circulating_supply": 100.00000000000003,
            "top_10_less_than_70_percent_of_total": false,
            "top_10_less_than_70_percent_of_circulating": false
        },
        "liquidity": {
            "price_usd": 1.174579205547406e-15,
            "liquidity_usd": 5.185421731747835e-07,
            "market_cap_usd": 0.011745792055474059,
            "liquidity_to_market_cap_ratio": 4.4147058855270635e-05,
            "token_volume": 538199094347.88763,
            "volume_usd": 0.0006321574646654752,
            "volume_to_liquidity_ratio": 1219.1052095051018,
            "locked_liquidity_percent": 0.0,
            "locked_95_for_15_days": false,
            "creator_under_5_percent": false,
            "creator_percent_of_lp": 99.8097,
            "owner_under_5_percent": true,
            "owner_percent_of_lp": 0.0,
            "total_lp_supply": 219.31921876778836,
            "lp_holders_count": 2,
            "lp_holders": [
                {
                    "address": "0x8cc7bc33f5188b1fb683bedc4dbffa77b136833b",
                    "balance": 219.31921876778836,
                    "is_locked": false,
                    "percent": 100.0,
                    "tag": ""
                },
                {
                    "address": "0x0000000000000000000000000000000000000000",
                    "balance": 1e-15,
                    "is_locked": true,
                    "percent": 4.0000000000000004e-16,
                    "tag": "Null Address"
                }
            ]
        },
        "security": {
            "warnings": null,
            "homany_warnings": 0,
            "suspicious_urls": null,
            "howmany_suspicious_urls": 0,
            "suspicious_addresses": null,
            "howmany_suspicious_addresses": 0,
            "error": "Security analysis data not available."
        },
        "lifecycle": {
            "token_age_seconds": 128958611.054583,
            "token_creation_date": "2021-07-25T19:39:58",
            "creation_to_first_trade_seconds": 0.0,
            "creation_to_first_trade_blocks": 0,
            "last_tx_hash": "0x8d7fe0c35eb6df87719763d5d24f78b455e45950913807301944e0d36278be79",
            "last_active_age": "2021-07-26T18:03:56",
            "inactive_days": 1491.6432383588078
        }
    },