{
    "token_address": "0xCAd638e943829810e0c978Fd2E678613502AfE9C",
    "chain": "bsc",
    "token_name": "RetinaMov",
    "analyses": {
        "contract": {
            "contract_name": null,
            "compiler_version": null,
            "license_type": null,
            "implementation": null,
            "source_code": null,
            "abi": null,
            "verified": false,
            "owner": "0x8fe479a78499f7a5d8de2da7a35b0c8644badec7",
            "creator": "0x8fe479a78499f7a5d8de2da7a35b0c8644badec7",
            "is_hidden_owner": false,
            "is_proxy": null,
            "is_sellable": true,
            "is_hardcoded_owner": null,
            "code_analysis": {
                "total_matches": 0,
                "patterns_found": {}
            }
        },
        "holder": {
            "total_holders": 24,
            "holders_list": {
                "0x8fe479a78499f7a5d8de2da7a35b0c8644badec7": {
                    "balance": 999863781.0037149,
                    "percentage_of_total_supply": 99.98637810037148,
                    "percentage_of_circulating_supply": 99.98637810037148
                },
                "0x3d4c11be159e2159c459a5fd9b41866712789602": {
                    "balance": 29072.179493742704,
                    "percentage_of_total_supply": 0.0029072179493742703,
                    "percentage_of_circulating_supply": 0.0029072179493742703
                },
                "0xf7f0ea7f1bc0f588f9b8f3b759b4044fbfe2dee0": {
                    "balance": 21765.005897769017,
                    "percentage_of_total_supply": 0.002176500589776902,
                    "percentage_of_circulating_supply": 0.002176500589776902
                },
                "0x67b7fa1c637cd2b2279a9b88d844033bb8ecca42": {
                    "balance": 18743.479740367333,
                    "percentage_of_total_supply": 0.0018743479740367336,
                    "percentage_of_circulating_supply": 0.0018743479740367336
                },
                "0x610450ab8db1d10426a9417cca718ccbc551f6ea": {
                    "balance": 15469.351728950547,
                    "percentage_of_total_supply": 0.0015469351728950548,
                    "percentage_of_circulating_supply": 0.0015469351728950548
                },
                "0xc96ccc733eab1337f07870b5057fea1804fc1d75": {
                    "balance": 10903.27660072665,
                    "percentage_of_total_supply": 0.001090327660072665,
                    "percentage_of_circulating_supply": 0.001090327660072665
                },
                "0x738777b830542ba4dc9a04f76a584742f683087c": {
                    "balance": 10570.640743034375,
                    "percentage_of_total_supply": 0.0010570640743034375,
                    "percentage_of_circulating_supply": 0.0010570640743034375
                },
                "0x586bfd72a686bd90daa9f2ad7dd9aeef11c1f89f": {
                    "balance": 10525.87673635786,
                    "percentage_of_total_supply": 0.001052587673635786,
                    "percentage_of_circulating_supply": 0.001052587673635786
                },
                "0xa401c8ea84bfef49664e35cb7f1db7daa4d9a90f": {
                    "balance": 6536.787386520615,
                    "percentage_of_total_supply": 0.0006536787386520615,
                    "percentage_of_circulating_supply": 0.0006536787386520615
                },
                "0x905fdbb0bdba205e3caea9ae5ceafc96d32573a9": {
                    "balance": 3029.884850149222,
                    "percentage_of_total_supply": 0.00030298848501492223,
                    "percentage_of_circulating_supply": 0.00030298848501492223
                },
                "0x3379a1a4de09a4fbc34ce85034d2a985b773315f": {
                    "balance": 1989.6554907496513,
                    "percentage_of_total_supply": 0.0001989655490749651,
                    "percentage_of_circulating_supply": 0.0001989655490749651
                },
                "0x9a8dfe8d53d954959b7995222b00a1acf4171828": {
                    "balance": 1571.7316816963285,
                    "percentage_of_total_supply": 0.00015717316816963285,
                    "percentage_of_circulating_supply": 0.00015717316816963285
                },
                "0x55599e59168104bf7d3c42f85cda325a183dcfd6": {
                    "balance": 1217.6151530259142,
                    "percentage_of_total_supply": 0.00012176151530259141,
                    "percentage_of_circulating_supply": 0.00012176151530259141
                },
                "0xddd627fc261dcb314e19edf236dcebff48129892": {
                    "balance": 925.5023228886565,
                    "percentage_of_total_supply": 9.255023228886565e-05,
                    "percentage_of_circulating_supply": 9.255023228886565e-05
                },
                "0xbdf6dca2952e4e6236b3fe121b10bcbafc8d6a33": {
                    "balance": 831.8787144668127,
                    "percentage_of_total_supply": 8.318787144668127e-05,
                    "percentage_of_circulating_supply": 8.318787144668127e-05
                },
                "0x2add491bd901a103816a879c46013ba86eedd1bf": {
                    "balance": 786.1141147055363,
                    "percentage_of_total_supply": 7.861141147055363e-05,
                    "percentage_of_circulating_supply": 7.861141147055363e-05
                },
                "0xb378f7d58318a927a0ded0db0900d6cfcd01af28": {
                    "balance": 781.1937861311254,
                    "percentage_of_total_supply": 7.811937861311254e-05,
                    "percentage_of_circulating_supply": 7.811937861311254e-05
                },
                "0x3c0c05e8b02a1d582c6270a3103eca981b2a2f4d": {
                    "balance": 532.8878602499489,
                    "percentage_of_total_supply": 5.3288786024994884e-05,
                    "percentage_of_circulating_supply": 5.3288786024994884e-05
                },
                "0x2870e8539330ebd944011f29aec605c35839ee3f": {
                    "balance": 409.20624652968763,
                    "percentage_of_total_supply": 4.0920624652968756e-05,
                    "percentage_of_circulating_supply": 4.0920624652968756e-05
                },
                "0x99c6725447ff4686383db935fbbae443d3bf8749": {
                    "balance": 300.9443937924176,
                    "percentage_of_total_supply": 3.0094439379241764e-05,
                    "percentage_of_circulating_supply": 3.0094439379241764e-05
                },
                "0x0aff099fa7970f19489daee52a24da861bae2137": {
                    "balance": 121.99567613726695,
                    "percentage_of_total_supply": 1.2199567613726694e-05,
                    "percentage_of_circulating_supply": 1.2199567613726694e-05
                },
                "0xbeba3ca3e48e084285aadba0d8bb44f7d5edc812": {
                    "balance": 83.5238569678537,
                    "percentage_of_total_supply": 8.352385696785371e-06,
                    "percentage_of_circulating_supply": 8.352385696785371e-06
                },
                "0x0ed943ce24baebf257488771759f9bf482c39706": {
                    "balance": 50.26381012157005,
                    "percentage_of_total_supply": 5.026381012157005e-06,
                    "percentage_of_circulating_supply": 5.026381012157005e-06
                },
                "0x01e044404793d92573c52126f3a49ac6e1001e62": {
                    "balance": 1.10596e-13,
                    "percentage_of_total_supply": 1.10596e-20,
                    "percentage_of_circulating_supply": 1.10596e-20
                }
            },
            "total_supply": 1000000000.0,
            "total_circulating_supply": 1000000000.0,
            "owner": {
                "address": "0x8fe479a78499f7a5d8de2da7a35b0c8644badec7",
                "balance": 999863781.0037149,