{
    "token_address": "0x457e7116A6f7b5224C75349b0942c7C6091Af006",
    "chain": "bsc",
    "token_name": "Vulcan X",
    "analyses": {
        "contract": {
            "contract_name": null,
            "compiler_version": null,
            "license_type": null,
            "implementation": null,
            "source_code": null,
            "abi": null,
            "verified": false,
            "owner": "0x26edead70d4ca5d1b89da311fe16a83e1f6639f6",
            "creator": "0x26edead70d4ca5d1b89da311fe16a83e1f6639f6",
            "is_hidden_owner": false,
            "is_proxy": null,
            "is_sellable": false,
            "is_hardcoded_owner": null,
            "code_analysis": null
        },
        "holder": {
            "total_holders": 20,
            "holders_list": {
                "0x3ba29bb493e3d2ce4b3543e964778289903378d0": {
                    "balance": 2.7749218097940904e+32,
                    "percentage_of_total_supply": 27.7492,
                    "percentage_of_circulating_supply": 27.7492
                },
                "0x870fb3945452dc879e9ec0e1704eb6cb705edcc6": {
                    "balance": 1.186526895208872e+32,
                    "percentage_of_total_supply": 11.8653,
                    "percentage_of_circulating_supply": 11.8653
                },
                "0xe97930f3dc80750ff5ed8505b764eb5f08191534": {
                    "balance": 1.114578577484085e+32,
                    "percentage_of_total_supply": 11.1458,
                    "percentage_of_circulating_supply": 11.1458
                },
                "0x70b563e18a1ece64bd24430ed9a2d8ee98999eaa": {
                    "balance": 4.310857313168943e+31,
                    "percentage_of_total_supply": 4.3109,
                    "percentage_of_circulating_supply": 4.3109
                },
                "0x53af9883f5915d51fdf42559b476bd7d379edab1": {
                    "balance": 4.142378256260702e+31,
                    "percentage_of_total_supply": 4.1424,
                    "percentage_of_circulating_supply": 4.1424
                },
                "0xb2f6e817402e146ed576c0d1d5ef6563c60a5f23": {
                    "balance": 2.9918883888808857e+31,
                    "percentage_of_total_supply": 2.9919,
                    "percentage_of_circulating_supply": 2.9919
                },
                "0x6719a40308f261c114033f24a38933c6e4966b35": {
                    "balance": 2.722138811116839e+31,
                    "percentage_of_total_supply": 2.7221,
                    "percentage_of_circulating_supply": 2.7221
                },
                "0xdc62dfd780184c1611fe78dc58751e08107f67c2": {
                    "balance": 1.2251203465359033e+31,
                    "percentage_of_total_supply": 1.2251,
                    "percentage_of_circulating_supply": 1.2251
                },
                "0x2232498934d38cb39def76e8884567d1dae48ec5": {
                    "balance": 1.1470549613624168e+31,
                    "percentage_of_total_supply": 1.1471,
                    "percentage_of_circulating_supply": 1.1471
                },
                "0x413c4f47e2f798dbd95d1ab9ad5485f6aa514105": {
                    "balance": 1.1317130782604903e+31,
                    "percentage_of_total_supply": 1.1317,
                    "percentage_of_circulating_supply": 1.1317
                },
                "0xc254a69d19410d506168eef26fb1f8caba203ca2": {
                    "balance": 7.661452492052741e+30,
                    "percentage_of_total_supply": 0.7661,
                    "percentage_of_circulating_supply": 0.7661
                },
                "0xd4c62984e267f25f1bdd837cad2b44397cfe4a08": {
                    "balance": 6.710982390241952e+30,
                    "percentage_of_total_supply": 0.6711,
                    "percentage_of_circulating_supply": 0.6711
                },
                "0x96b72c1014e9f2af2efb07442ebce0e355ecc6d3": {
                    "balance": 3.286184303893342e+30,
                    "percentage_of_total_supply": 0.3286,
                    "percentage_of_circulating_supply": 0.3286
                },
                "0x3f48a82b0bd49cfd9fb2fbe323f035e831bf2815": {
                    "balance": 2.807890000001e+30,
                    "percentage_of_total_supply": 0.2808,
                    "percentage_of_circulating_supply": 0.2808
                },
                "0xe18ed7ff97a3c56915ffa75c15fb8b03c087fd89": {
                    "balance": 1.5808304045040316e+30,
                    "percentage_of_total_supply": 0.1581,
                    "percentage_of_circulating_supply": 0.1581
                },
                "0x0ed943ce24baebf257488771759f9bf482c39706": {
                    "balance": 1.3895257685083082e+29,
                    "percentage_of_total_supply": 0.0139,
                    "percentage_of_circulating_supply": 0.0139
                },
                "0x4e2ffd25fdc6db3fca6b35bde01d37040430433e": {
                    "balance": 1.12778111111e+29,
                    "percentage_of_total_supply": 0.0113,
                    "percentage_of_circulating_supply": 0.0113
                },
                "0xc48b610d6a179c8ca69660aaaf9e35cce32f17ad": {
                    "balance": 2.9781457526188886e+27,
                    "percentage_of_total_supply": 0.0003,
                    "percentage_of_circulating_supply": 0.0003
                },
                "0xc1de0dda6bed0f43f499b24bca0c7e71227bd868": {
                    "balance": 11688686861.0,
                    "percentage_of_total_supply": 0.0,
                    "percentage_of_circulating_supply": 0.0
                }
            },
            "total_supply": 1e+33,
            "total_circulating_supply": 1e+33,
            "owner": {
                "address": "0x26edead70d4ca5d1b89da311fe16a83e1f6639f6",
                "balance": 2.9338371177102594e+32,
                "percentage_of_supply": 29.3384,
                "exceeds_5_percent": true
            },
            "creator": {},
            "holders_exceeding_5_percent": [
                {
                    "address": "0x26edead70d4ca5d1b89da311fe16a83e1f6639f6",
                    "balance": 2.9338371177102594e+32,
                    "percentage_of_supply": 29.3384
                },
                {
                    "address": "0x3ba29bb493e3d2ce4b3543e964778289903378d0",
                    "balance": 2.7749218097940904e+32,
                    "percentage_of_supply": 27.7492
                },
                {
                    "address": "0x870fb3945452dc879e9ec0e1704eb6cb705edcc6",
                    "balance": 1.186526895208872e+32,
                    "percentage_of_supply": 11.8653
                },
                {
                    "address": "0xe97930f3dc80750ff5ed8505b764eb5f08191534",
                    "balance": 1.114578577484085e+32,
                    "percentage_of_supply": 11.1458
                }
            ],
            "howmany_holders_exceeding_5_percent": 4,
            "top_10_holders": [
                {
                    "address": "0x26edead70d4ca5d1b89da311fe16a83e1f6639f6",
                    "balance": 2.9338371177102594e+32,
                    "percentage_of_total_supply": 29.3384,
                    "percentage_of_circulating_supply": 29.3384
                },
                {
                    "address": "0x3ba29bb493e3d2ce4b3543e964778289903378d0",
                    "balance": 2.7749218097940904e+32,
                    "percentage_of_total_supply": 27.7492,
                    "percentage_of_circulating_supply": 27.7492
                },
                {
                    "address": "0x870fb3945452dc879e9ec0e1704eb6cb705edcc6",
                    "balance": 1.186526895208872e+32,
                    "percentage_of_total_supply": 11.8653,