{
    "token_address": "0xe34F12117D6C916391c2266b7a53d96D6AB2cEF3",
    "chain": "bsc",
    "token_name": "BIB Token",
    "analyses": {
        "contract": {
            "contract_name": null,
            "compiler_version": null,
            "license_type": null,
            "implementation": null,
            "source_code": null,
            "abi": null,
            "verified": false,
            "owner": "0x80ae08beb741d755ad33ad6e382e2e7f66614af7",
            "creator": "0x80ae08beb741d755ad33ad6e382e2e7f66614af7",
            "is_hidden_owner": false,
            "is_proxy": null,
            "is_sellable": true,
            "is_hardcoded_owner": null,
            "code_analysis": {
                "total_matches": 0,
                "patterns_found": {}
            }
        },
        "holder": {
            "total_holders": 3,
            "holders_list": {
                "0xdb0e59b7615dfa5d00a33b7bc12b98510e750cf5": {
                    "balance": 4e-09,
                    "percentage_of_total_supply": 4e-13,
                    "percentage_of_circulating_supply": 4.0868361810683244e-13
                },
                "0xe34f12117d6c916391c2266b7a53d96d6ab2cef3": {
                    "balance": 359.13895352,
                    "percentage_of_total_supply": 0.035913895352,
                    "percentage_of_circulating_supply": 0.036693551731913784
                },
                "0x80ae08beb741d755ad33ad6e382e2e7f66614af7": {
                    "balance": 957145.308388613,
                    "percentage_of_total_supply": 95.7145308388613,
                    "percentage_of_circulating_supply": 97.79240192155957
                }
            },
            "total_supply": 1000000.0,
            "total_circulating_supply": 978752.2236710686,
            "owner": {
                "address": "0x80ae08beb741d755ad33ad6e382e2e7f66614af7",
                "balance": 957145.308388613,
                "percentage_of_circulating_supply": 97.79240192155957,
                "exceeds_5_percent": true
            },
            "creator": {
                "address": "0x80ae08beb741d755ad33ad6e382e2e7f66614af7",
                "balance": 957145.308388613,
                "percentage_of_circulating_supply": 97.79240192155957,
                "exceeds_5_percent": true
            },
            "holders_exceeding_5_percent_circulating": [],
            "howmany_holders_exceeding_5_percent_circulating": 0,
            "top_10_holders": [
                {
                    "address": "0x80ae08beb741d755ad33ad6e382e2e7f66614af7",
                    "balance": 957145.308388613,
                    "percentage_of_total_supply": 95.7145308388613,
                    "percentage_of_circulating_supply": 97.79240192155957
                },
                {
                    "address": "0xe34f12117d6c916391c2266b7a53d96d6ab2cef3",
                    "balance": 359.13895352,
                    "percentage_of_total_supply": 0.035913895352,
                    "percentage_of_circulating_supply": 0.036693551731913784
                },
                {
                    "address": "0xdb0e59b7615dfa5d00a33b7bc12b98510e750cf5",
                    "balance": 4e-09,
                    "percentage_of_total_supply": 4e-13,
                    "percentage_of_circulating_supply": 4.0868361810683244e-13
                }
            ],
            "total_top_10_balance": 957504.447342137,
            "top10_percentage_of_total_supply": 95.7504447342137,
            "top10_percentage_of_circulating_supply": 97.8290954732919,
            "top_10_less_than_70_percent_of_total": false,
            "top_10_less_than_70_percent_of_circulating": false
        },
        "liquidity": {
            "price_usd": 92.81424751163955,
            "liquidity_usd": 7.425139800931163e-16,
            "market_cap_usd": 90842151.14037415,
            "liquidity_to_market_cap_ratio": 8.173672362136648e-24,
            "token_volume": 0.0,
            "volume_usd": 0.0,
            "volume_to_liquidity_ratio": 0.0,
            "locked_liquidity_percent": 100.0,
            "locked_95_for_15_days": false,
            "creator_under_5_percent": false,
            "creator_percent_of_lp": 95.7145,
            "owner_under_5_percent": true,
            "owner_percent_of_lp": 0.0,
            "total_lp_supply": 1e-15,
            "lp_holders_count": 1,
            "lp_holders": [
                {
                    "address": "0x0000000000000000000000000000000000000000",
                    "balance": 1e-15,
                    "is_locked": true,
                    "percent": 100.0,
                    "tag": "Null Address"
                }
            ],
            "error": "Liquidity pool info could not be retrieved."
        },
        "security": {
            "warnings": null,
            "homany_warnings": 0,
            "suspicious_urls": null,
            "howmany_suspicious_urls": 0,
            "suspicious_addresses": null,
            "howmany_suspicious_addresses": 0,
            "error": "Security analysis data not available."
        },
        "lifecycle": {
            "token_age_seconds": 85092620.878767,
            "token_creation_date": "2022-12-15T21:45:43",
            "creation_to_first_trade_seconds": 0.0,
            "creation_to_first_trade_blocks": 0,
            "last_tx_hash": "0xed9129714ddbf9a1a5a9991a4a91d4c5c3eaa9f456c46d8fe3061e974b8131df",
            "last_active_age": "2023-08-03T01:58:24",
            "inactive_days": 754.692860453206
        }
    },
    "errors": []
}