{
    "token_address": "0xcD80D66C4bF0c1e46b0E2104d77631082eA67Cc8",
    "chain": "bsc",
    "token_name": "Planet Pump",
    "analyses": {
        "contract": {
            "contract_name": null,
            "compiler_version": null,
            "license_type": null,
            "implementation": null,
            "source_code": null,
            "abi": null,
            "verified": false,
            "owner": "0x351f76e5ac5d6005eaa7dc3c3b6f3805656e5d13",
            "creator": "0x351f76e5ac5d6005eaa7dc3c3b6f3805656e5d13",
            "is_hidden_owner": false,
            "is_proxy": null,
            "is_sellable": true,
            "is_hardcoded_owner": null,
            "code_analysis": {
                "total_matches": 0,
                "patterns_found": {}
            }
        },
        "holder": {
            "total_holders": 20,
            "holders_list": {
                "0x351f76e5ac5d6005eaa7dc3c3b6f3805656e5d13": {
                    "balance": 485379938285198.25,
                    "percentage_of_total_supply": 48.53799382851983,
                    "percentage_of_circulating_supply": 48.53799382851983
                },
                "0xe1e2f56007c51629063e90eaccd98619903b2186": {
                    "balance": 140691253298491.69,
                    "percentage_of_total_supply": 14.06912532984917,
                    "percentage_of_circulating_supply": 14.06912532984917
                },
                "0x8286b79d8fc73d3585efc84bd9d08c4a021415bc": {
                    "balance": 96458112869782.16,
                    "percentage_of_total_supply": 9.645811286978216,
                    "percentage_of_circulating_supply": 9.645811286978216
                },
                "0x57e0b9c2c013a25f6716fc81429e21933116d7b9": {
                    "balance": 53694463646300.164,
                    "percentage_of_total_supply": 5.369446364630017,
                    "percentage_of_circulating_supply": 5.369446364630017
                },
                "0x38fe6da8d7bf5d250e4f604b7ffffc83a0b64c33": {
                    "balance": 49641297810896.84,
                    "percentage_of_total_supply": 4.964129781089685,
                    "percentage_of_circulating_supply": 4.964129781089685
                },
                "0x4a1c2fda3e8b034b11e9a0eedef75ecf3dc1e57c": {
                    "balance": 46766702204707.836,
                    "percentage_of_total_supply": 4.676670220470784,
                    "percentage_of_circulating_supply": 4.676670220470784
                },
                "0xf0302f2808704aae7be3cf417c51500123267a9a": {
                    "balance": 44669179385752.14,
                    "percentage_of_total_supply": 4.4669179385752145,
                    "percentage_of_circulating_supply": 4.4669179385752145
                },
                "0x85834e97528606011c8fbb66da66a19c4c129b2a": {
                    "balance": 22219321013913.484,
                    "percentage_of_total_supply": 2.2219321013913484,
                    "percentage_of_circulating_supply": 2.2219321013913484
                },
                "0xb7582befbaf4c5882d8be1d11e7e21b8616b6af2": {
                    "balance": 19387189031605.836,
                    "percentage_of_total_supply": 1.9387189031605838,
                    "percentage_of_circulating_supply": 1.9387189031605838
                },
                "0x172ff9063ebc0ec7b2e1f09bf2afd2855880955e": {
                    "balance": 11680531587056.809,
                    "percentage_of_total_supply": 1.1680531587056808,
                    "percentage_of_circulating_supply": 1.1680531587056808
                },
                "0x2a0c49781e561022431566692636fd444fde5228": {
                    "balance": 11371262416951.768,
                    "percentage_of_total_supply": 1.1371262416951768,
                    "percentage_of_circulating_supply": 1.1371262416951768
                },
                "0x36add4f6709150d1ba4bf586d10b37fe582c37c1": {
                    "balance": 6269368192297.047,
                    "percentage_of_total_supply": 0.6269368192297047,
                    "percentage_of_circulating_supply": 0.6269368192297047
                },
                "0xcc7fb13128739afc0b4cb454167e3cfe47266559": {
                    "balance": 5127110112386.929,
                    "percentage_of_total_supply": 0.5127110112386929,
                    "percentage_of_circulating_supply": 0.5127110112386929
                },
                "0x3188ec762822f201033127ec734bd61e3734b31c": {
                    "balance": 3695574755171.621,
                    "percentage_of_total_supply": 0.3695574755171621,
                    "percentage_of_circulating_supply": 0.3695574755171621
                },
                "0x9739faf9dc648a00d6746b37e509c863befce05a": {
                    "balance": 1447148419034.85,
                    "percentage_of_total_supply": 0.14471484190348502,
                    "percentage_of_circulating_supply": 0.14471484190348502
                },
                "0x3b62366d89d7ead60e3a66d353dfff894bc57dd3": {
                    "balance": 993243074790.3295,
                    "percentage_of_total_supply": 0.09932430747903295,
                    "percentage_of_circulating_supply": 0.09932430747903295
                },
                "0xe6439d2f891a42bead3bb5ea53f4442409abdea6": {
                    "balance": 372654780387.0786,
                    "percentage_of_total_supply": 0.03726547803870786,
                    "percentage_of_circulating_supply": 0.03726547803870786
                },
                "0x0ffdcfcaf1ed38ceb4f222bee6695d6fb059b527": {
                    "balance": 114462303596.69336,
                    "percentage_of_total_supply": 0.011446230359669336,
                    "percentage_of_circulating_supply": 0.011446230359669336
                },
                "0x0ed943ce24baebf257488771759f9bf482c39706": {
                    "balance": 21177042987.399845,
                    "percentage_of_total_supply": 0.0021177042987399848,
                    "percentage_of_circulating_supply": 0.0021177042987399848
                },
                "0x75fb965f14978767c6ae487d22fbb1659d58d11e": {
                    "balance": 9768691.047538526,
                    "percentage_of_total_supply": 9.768691047538526e-07,
                    "percentage_of_circulating_supply": 9.768691047538526e-07
                }
            },
            "total_supply": 1000000000000000.0,
            "total_circulating_supply": 1000000000000000.0,
            "owner": {
                "address": "0x351f76e5ac5d6005eaa7dc3c3b6f3805656e5d13",
                "balance": 485379938285198.25,
                "percentage_of_circulating_supply": 48.53799382851983,
                "exceeds_5_percent": true
            },
            "creator": {
                "address": "0x351f76e5ac5d6005eaa7dc3c3b6f3805656e5d13",
                "balance": 485379938285198.25,
                "percentage_of_circulating_supply": 48.53799382851983,
                "exceeds_5_percent": true
            },
            "holders_exceeding_5_percent_circulating": [
                {
                    "address": "0xe1e2f56007c51629063e90eaccd98619903b2186",
                    "balance": 140691253298491.69,
                    "percentage_of_supply": 14.06912532984917
                },
                {
                    "address": "0x8286b79d8fc73d3585efc84bd9d08c4a021415bc",
                    "balance": 96458112869782.16,
                    "percentage_of_supply": 9.645811286978216
                },
                {
                    "address": "0x57e0b9c2c013a25f6716fc81429e21933116d7b9",
                    "balance": 53694463646300.164,
                    "percentage_of_supply": 5.369446364630017
                }
            ],
            "howmany_holders_exceeding_5_percent_circulating": 3,