{
    "token_address": "0xb365925Fa656E9f2c200f8Ca5969da6335Dc5209",
    "chain": "bsc",
    "token_name": "LuckyStrike",
    "analyses": {
        "contract": {
            "contract_name": null,
            "compiler_version": null,
            "license_type": null,
            "implementation": null,
            "source_code": null,
            "abi": null,
            "verified": false,
            "owner": "0x6fc8b851761224ecac736011d295e7823e978ef7",
            "creator": "0x6fc8b851761224ecac736011d295e7823e978ef7",
            "is_hidden_owner": false,
            "is_proxy": null,
            "is_sellable": true,
            "is_hardcoded_owner": null,
            "code_analysis": null
        },
        "holder": {
            "total_holders": 27,
            "holders_list": {
                "0x7c9a81c53f6205a4ae223c0d61554b4f45128b68": {
                    "balance": 1.875255590604854e+32,
                    "percentage_of_total_supply": 18.7526,
                    "percentage_of_circulating_supply": 18.7526
                },
                "0x19001d43ac3edb77abd04b87743d006a1cd0b4d1": {
                    "balance": 1.1027727588173538e+32,
                    "percentage_of_total_supply": 11.0277,
                    "percentage_of_circulating_supply": 11.0277
                },
                "0xd367eccc29daea7cf0258288f7f0a5faf4718d3b": {
                    "balance": 8.827744450624845e+31,
                    "percentage_of_total_supply": 8.8277,
                    "percentage_of_circulating_supply": 8.8277
                },
                "0x2d330a0c9b1fa54dac84ceaf3057bc9a87349634": {
                    "balance": 4.998875380284081e+31,
                    "percentage_of_total_supply": 4.9989,
                    "percentage_of_circulating_supply": 4.9989
                },
                "0x9f5768c65021a3d006ac4df703936267a6e400ff": {
                    "balance": 4.776249075905959e+31,
                    "percentage_of_total_supply": 4.7762,
                    "percentage_of_circulating_supply": 4.7762
                },
                "0xc532b2bb404b6cfcde0902e107131dd02a2cfe13": {
                    "balance": 3.19934025768094e+31,
                    "percentage_of_total_supply": 3.1993,
                    "percentage_of_circulating_supply": 3.1993
                },
                "0x7553fc4da0accf66f3404a67adc170fe85a98b5a": {
                    "balance": 2.676517689243972e+31,
                    "percentage_of_total_supply": 2.6765,
                    "percentage_of_circulating_supply": 2.6765
                },
                "0xc6ca6a26fa422c6eb29f30f695ef6dd699937fb9": {
                    "balance": 2.2362381250248892e+31,
                    "percentage_of_total_supply": 2.2362,
                    "percentage_of_circulating_supply": 2.2362
                },
                "0x632717389ac818e2eb48e242962dc3a98dad4b6d": {
                    "balance": 1.9821270956995092e+31,
                    "percentage_of_total_supply": 1.9821,
                    "percentage_of_circulating_supply": 1.9821
                },
                "0xfc18f8c5021c4b86398bb14a0e654c556594ce67": {
                    "balance": 1.8150833465715414e+31,
                    "percentage_of_total_supply": 1.8151,
                    "percentage_of_circulating_supply": 1.8151
                },
                "0x64a6513571795fccc39394a09cd04d7dbda0cec3": {
                    "balance": 1.2958256644752522e+31,
                    "percentage_of_total_supply": 1.2958,
                    "percentage_of_circulating_supply": 1.2958
                },
                "0x5079f66f954facb700a6390b008f8af2f41c84ed": {
                    "balance": 1.2722693543062603e+31,
                    "percentage_of_total_supply": 1.2723,
                    "percentage_of_circulating_supply": 1.2723
                },
                "0x38fe6da8d7bf5d250e4f604b7ffffc83a0b64c33": {
                    "balance": 7.790296960630604e+30,
                    "percentage_of_total_supply": 0.779,
                    "percentage_of_circulating_supply": 0.779
                },
                "0x913213c71784ca8e85d3fe9e3257fb083adb8eeb": {
                    "balance": 6.358343344497361e+30,
                    "percentage_of_total_supply": 0.6358,
                    "percentage_of_circulating_supply": 0.6358
                },
                "0x3c5751043e806d677dd7c1305d1a2960df678c7d": {
                    "balance": 3.95526363839293e+30,
                    "percentage_of_total_supply": 0.3955,
                    "percentage_of_circulating_supply": 0.3955
                },
                "0x45c3b8418ffb8eecccd1af35fd164faab3b94f0c": {
                    "balance": 3.524201178959832e+30,
                    "percentage_of_total_supply": 0.3524,
                    "percentage_of_circulating_supply": 0.3524
                },
                "0x37b48bcf40e1fa1df1ac0daca5b37481ef774295": {
                    "balance": 2.601993881296059e+30,
                    "percentage_of_total_supply": 0.2602,
                    "percentage_of_circulating_supply": 0.2602
                },
                "0x6bda0cbdd42ec64bd790a7bfe966511c61e7800a": {
                    "balance": 2.58463874219404e+30,
                    "percentage_of_total_supply": 0.2585,
                    "percentage_of_circulating_supply": 0.2585
                },
                "0x705fbf94fb2a9ac2c16c0eb61ffa3dfb3c9c7c59": {
                    "balance": 1.53913000670527e+30,
                    "percentage_of_total_supply": 0.1539,
                    "percentage_of_circulating_supply": 0.1539
                },
                "0x2229408d75fd753a5df1f2fd8b09188a5e03265c": {
                    "balance": 1.2129500331772683e+30,
                    "percentage_of_total_supply": 0.1213,
                    "percentage_of_circulating_supply": 0.1213
                },
                "0x0ed943ce24baebf257488771759f9bf482c39706": {
                    "balance": 1.3038116340947539e+29,
                    "percentage_of_total_supply": 0.013,
                    "percentage_of_circulating_supply": 0.013
                },
                "0x5b50ce902efeb195c8188830df8222d77ea8390e": {
                    "balance": 5.131070151371715e+28,
                    "percentage_of_total_supply": 0.0051,
                    "percentage_of_circulating_supply": 0.0051
                },
                "0x74aaa43ef47a65bd3c9776ba3c661ee850e23bb5": {
                    "balance": 1.1e+28,
                    "percentage_of_total_supply": 0.0011,
                    "percentage_of_circulating_supply": 0.0011
                },
                "0x90e4fba882cb22ea448f627ab98e4128b69d898a": {
                    "balance": 2e+27,
                    "percentage_of_total_supply": 0.0002,
                    "percentage_of_circulating_supply": 0.0002
                },
                "0x328b61cc3ca234ba2aed0db83aacf2ce7ab710fe": {
                    "balance": 1.316434791897018e+26,
                    "percentage_of_total_supply": 0.0,
                    "percentage_of_circulating_supply": 0.0
                },
                "0xed3771349c4f07837e9b3525420640c68b2ccc71": {
                    "balance": 4.144350123519517e+24,
                    "percentage_of_total_supply": 0.0,
                    "percentage_of_circulating_supply": 0.0
                }
            },
            "total_supply": 1e+33,
            "total_circulating_supply": 1e+33,
            "owner": {
                "address": "0x6fc8b851761224ecac736011d295e7823e978ef7",
                "balance": 3.416328152210009e+32,
                "percentage_of_supply": 34.1633,
                "exceeds_5_percent": true
            },
            "creator": {},
            "holders_exceeding_5_percent": [
                {
                    "address": "0x6fc8b851761224ecac736011d295e7823e978ef7",