{
    "token_address": "0x8Fa49786a64A41D85454B1FC2Bd1b0a218Ff0902",
    "chain": "bsc",
    "token_name": "LEGEND CLAN",
    "analyses": {
        "contract": {
            "contract_name": null,
            "compiler_version": null,
            "license_type": null,
            "implementation": null,
            "source_code": null,
            "abi": null,
            "verified": false,
            "owner": "0xfd5106cc701fe5cd8a8ea11b8356be361bedc634",
            "creator": "0xfd5106cc701fe5cd8a8ea11b8356be361bedc634",
            "is_hidden_owner": false,
            "is_proxy": null,
            "is_sellable": false,
            "is_hardcoded_owner": null,
            "code_analysis": {
                "total_matches": 0,
                "patterns_found": {}
            }
        },
        "holder": {
            "total_holders": 24,
            "holders_list": {
                "0xfd5106cc701fe5cd8a8ea11b8356be361bedc634": {
                    "balance": 567916841.2287761,
                    "percentage_of_total_supply": 56.791684122877605,
                    "percentage_of_circulating_supply": 56.791684122877605
                },
                "0xd36b5e6f10c0d976fdf56c067e1cc3b7a05ffc7c": {
                    "balance": 78082286.71085177,
                    "percentage_of_total_supply": 7.8082286710851765,
                    "percentage_of_circulating_supply": 7.8082286710851765
                },
                "0x58b9d07ff678aa479a388343b98e4b6d8e148769": {
                    "balance": 62288640.74722546,
                    "percentage_of_total_supply": 6.228864074722546,
                    "percentage_of_circulating_supply": 6.228864074722546
                },
                "0x02d08ec92488b9f3d7fb3b6158956c36a17037b1": {
                    "balance": 59852218.02937361,
                    "percentage_of_total_supply": 5.98522180293736,
                    "percentage_of_circulating_supply": 5.98522180293736
                },
                "0x1f7f8f569629d15ca02a849cc076d539aa2b5e55": {
                    "balance": 47820596.111234896,
                    "percentage_of_total_supply": 4.78205961112349,
                    "percentage_of_circulating_supply": 4.78205961112349
                },
                "0x0812efb52bb2732271acae608e5c2ca818442656": {
                    "balance": 42191614.30963131,
                    "percentage_of_total_supply": 4.219161430963131,
                    "percentage_of_circulating_supply": 4.219161430963131
                },
                "0x42ead49361e04a22f99ad981782ad93675d86b6c": {
                    "balance": 28721325.43245847,
                    "percentage_of_total_supply": 2.872132543245847,
                    "percentage_of_circulating_supply": 2.872132543245847
                },
                "0xe4e201bf93a1316bbe40d8c0bb090afe32c6327e": {
                    "balance": 26614888.268369954,
                    "percentage_of_total_supply": 2.6614888268369956,
                    "percentage_of_circulating_supply": 2.6614888268369956
                },
                "0xbc7414b9e6e15d0d5df2d49b021fd099b1193cee": {
                    "balance": 24483024.07333878,
                    "percentage_of_total_supply": 2.4483024073338777,
                    "percentage_of_circulating_supply": 2.4483024073338777
                },
                "0x404a7d6e230bae73da5546e432927085c9c7377b": {
                    "balance": 16754710.349528415,
                    "percentage_of_total_supply": 1.6754710349528417,
                    "percentage_of_circulating_supply": 1.6754710349528417
                },
                "0x66d361b2ef10cb0b81fd6a3e007641af4d2cdcac": {
                    "balance": 14225111.623735506,
                    "percentage_of_total_supply": 1.4225111623735507,
                    "percentage_of_circulating_supply": 1.4225111623735507
                },
                "0x1c72e66aae088bb6fd1e3fc195393e6c76538232": {
                    "balance": 9924476.178881183,
                    "percentage_of_total_supply": 0.9924476178881184,
                    "percentage_of_circulating_supply": 0.9924476178881184
                },
                "0xad2e6b27bf18d7525a56765330164e6f55e08611": {
                    "balance": 7403686.491551528,
                    "percentage_of_total_supply": 0.7403686491551528,
                    "percentage_of_circulating_supply": 0.7403686491551528
                },
                "0x090db4faae91c0cc8ac7442ac060bbc72e359f7c": {
                    "balance": 6044832.282393387,
                    "percentage_of_total_supply": 0.6044832282393386,
                    "percentage_of_circulating_supply": 0.6044832282393386
                },
                "0xbd1f74468f25183c65f568d233577011a5e31508": {
                    "balance": 5205961.760217143,
                    "percentage_of_total_supply": 0.5205961760217143,
                    "percentage_of_circulating_supply": 0.5205961760217143
                },
                "0xab24fceac4092f81c7fcfc55ebb6fbae34b839e9": {
                    "balance": 1096279.8838753034,
                    "percentage_of_total_supply": 0.10962798838753034,
                    "percentage_of_circulating_supply": 0.10962798838753034
                },
                "0x3c878986985d48b9fbdbb4c71ef7ad1623209b5e": {
                    "balance": 418423.9661104648,
                    "percentage_of_total_supply": 0.04184239661104648,
                    "percentage_of_circulating_supply": 0.04184239661104648
                },
                "0x279edd47dce0d201efdf862ddc5f99983a2e99d8": {
                    "balance": 386077.70126284374,
                    "percentage_of_total_supply": 0.03860777012628437,
                    "percentage_of_circulating_supply": 0.03860777012628437
                },
                "0xa7643bfd83d6ae2da63dfc9df338ca8d24ad55fe": {
                    "balance": 250893.78385740943,
                    "percentage_of_total_supply": 0.025089378385740945,
                    "percentage_of_circulating_supply": 0.025089378385740945
                },
                "0x07387eca4e6ca289cf9fe91049077fda501cdcd4": {
                    "balance": 126446.35280571664,
                    "percentage_of_total_supply": 0.012644635280571664,
                    "percentage_of_circulating_supply": 0.012644635280571664
                },
                "0xbe8e8e39d27e3e3bf7f8b359c0a1d6f6ab193ee5": {
                    "balance": 113509.62628984173,
                    "percentage_of_total_supply": 0.011350962628984173,
                    "percentage_of_circulating_supply": 0.011350962628984173
                },
                "0x6c5213ae14e7410f2df31bff829dfd149374a62b": {
                    "balance": 61977.50201079384,
                    "percentage_of_total_supply": 0.006197750201079383,
                    "percentage_of_circulating_supply": 0.006197750201079383
                },
                "0x9db3cb1c1be80e81bcc7a520ca5e19e8e2fffa43": {
                    "balance": 16005.978747978581,
                    "percentage_of_total_supply": 0.001600597874797858,
                    "percentage_of_circulating_supply": 0.001600597874797858
                },
                "0xced0d90e796ebc5abdf2aa517a60912ee7b78cb6": {
                    "balance": 171.60747217369314,
                    "percentage_of_total_supply": 1.7160747217369314e-05,
                    "percentage_of_circulating_supply": 1.7160747217369314e-05
                }
            },
            "total_supply": 1000000000.0,
            "total_circulating_supply": 1000000000.0,
            "owner": {
                "address": "0xfd5106cc701fe5cd8a8ea11b8356be361bedc634",
                "balance": 567916841.2287761,
                "percentage_of_circulating_supply": 56.791684122877605,
                "exceeds_5_percent": true
            },