{
    "token_address": "0xaBA2167D23AE507C2643B10363c8dDBDAf3E2381",
    "chain": "bsc",
    "token_name": "Move Token",
    "analyses": {
        "contract": {
            "contract_name": null,
            "compiler_version": null,
            "license_type": null,
            "implementation": null,
            "source_code": null,
            "abi": null,
            "verified": false,
            "owner": "0xd14dc0ad69221360ff1b03cfa8585d37f77ba1c0",
            "creator": "0xd14dc0ad69221360ff1b03cfa8585d37f77ba1c0",
            "is_hidden_owner": false,
            "is_proxy": null,
            "is_sellable": true,
            "is_hardcoded_owner": null,
            "code_analysis": {
                "total_matches": 0,
                "patterns_found": {}
            }
        },
        "holder": {
            "total_holders": 26,
            "holders_list": {
                "0xd14dc0ad69221360ff1b03cfa8585d37f77ba1c0": {
                    "balance": 869760088.0475676,
                    "percentage_of_total_supply": 86.97600880475676,
                    "percentage_of_circulating_supply": 86.97600880475679
                },
                "0x058d9433a258180384b7d434dc29b87ee99ccee4": {
                    "balance": 35912548.43162456,
                    "percentage_of_total_supply": 3.5912548431624556,
                    "percentage_of_circulating_supply": 3.5912548431624574
                },
                "0x487c5006deee9c31180988f6709acad2ffe73fd7": {
                    "balance": 16572252.495550308,
                    "percentage_of_total_supply": 1.6572252495550308,
                    "percentage_of_circulating_supply": 1.6572252495550313
                },
                "0x489e0a2fe354c87707c22124bccfcc48b9d53f2c": {
                    "balance": 9322090.529109515,
                    "percentage_of_total_supply": 0.9322090529109517,
                    "percentage_of_circulating_supply": 0.9322090529109518
                },
                "0x205493a6d6c49f8cb71b644709cd85ec414868c5": {
                    "balance": 9256219.350291705,
                    "percentage_of_total_supply": 0.9256219350291703,
                    "percentage_of_circulating_supply": 0.9256219350291707
                },
                "0x795a6195a301fd1cb3d36e38ea476e206231c2db": {
                    "balance": 8216528.991466772,
                    "percentage_of_total_supply": 0.8216528991466773,
                    "percentage_of_circulating_supply": 0.8216528991466774
                },
                "0xb77b07fb377c73bdd6127b59bf09593a2f6c64c4": {
                    "balance": 8186494.971261325,
                    "percentage_of_total_supply": 0.8186494971261326,
                    "percentage_of_circulating_supply": 0.8186494971261328
                },
                "0x460fe77c823fb671dd3e67750e5670ddf2c64470": {
                    "balance": 8162062.837426747,
                    "percentage_of_total_supply": 0.8162062837426747,
                    "percentage_of_circulating_supply": 0.8162062837426749
                },
                "0x555853f0d9dbc816b2b9a001a2e1c6b92ccaf386": {
                    "balance": 5285603.149289843,
                    "percentage_of_total_supply": 0.5285603149289844,
                    "percentage_of_circulating_supply": 0.5285603149289844
                },
                "0xa8ae9166f8d3d2e59cb2f5044ee9ffda9bac0314": {
                    "balance": 5090482.515140584,
                    "percentage_of_total_supply": 0.5090482515140584,
                    "percentage_of_circulating_supply": 0.5090482515140585
                },
                "0xb6e255c477ed2a951d951ec97a992cd3325085a6": {
                    "balance": 4910683.761215034,
                    "percentage_of_total_supply": 0.49106837612150334,
                    "percentage_of_circulating_supply": 0.49106837612150356
                },
                "0x44cc36dff28d6f6ab17a94b6473b8df7a8c6881f": {
                    "balance": 4230287.439673599,
                    "percentage_of_total_supply": 0.4230287439673599,
                    "percentage_of_circulating_supply": 0.42302874396735995
                },
                "0xda44b5828867e80105682fec22043e0e9b6d50cc": {
                    "balance": 2677211.663290543,
                    "percentage_of_total_supply": 0.2677211663290543,
                    "percentage_of_circulating_supply": 0.26772116632905435
                },
                "0x6dd9c1aa690a96da59cee7aee08aa7741ac75d69": {
                    "balance": 2673212.758103448,
                    "percentage_of_total_supply": 0.2673212758103448,
                    "percentage_of_circulating_supply": 0.26732127581034487
                },
                "0xf8e6b71d766c5524495585732a59e1213c4413d3": {
                    "balance": 2325285.570823438,
                    "percentage_of_total_supply": 0.2325285570823438,
                    "percentage_of_circulating_supply": 0.23252855708234388
                },
                "0xc7158a61602399e9bd804237daf5accd0dcb2763": {
                    "balance": 1727041.031554869,
                    "percentage_of_total_supply": 0.1727041031554869,
                    "percentage_of_circulating_supply": 0.17270410315548695
                },
                "0xc85381426cdf87c7c72dd930deb2eb9ee21447a4": {
                    "balance": 1545038.216895607,
                    "percentage_of_total_supply": 0.1545038216895607,
                    "percentage_of_circulating_supply": 0.15450382168956076
                },
                "0x36a94e60ba1a4c03df0b5bc8766feef31e951a3b": {
                    "balance": 883487.693979161,
                    "percentage_of_total_supply": 0.0883487693979161,
                    "percentage_of_circulating_supply": 0.08834876939791612
                },
                "0x14f5eba1193714eebe9048abc432ba9b3984dab3": {
                    "balance": 876001.0,
                    "percentage_of_total_supply": 0.0876001,
                    "percentage_of_circulating_supply": 0.08760010000000003
                },
                "0x33f1867acfd1dfbf6703c61bb15562fe554882f4": {
                    "balance": 802579.152588769,
                    "percentage_of_total_supply": 0.08025791525887689,
                    "percentage_of_circulating_supply": 0.08025791525887692
                },
                "0x5c213d9d44dc258f20e041132405e4e1f4c8f1ab": {
                    "balance": 745967.326151999,
                    "percentage_of_total_supply": 0.0745967326151999,
                    "percentage_of_circulating_supply": 0.07459673261519992
                },
                "0x8cbb802a740e261af8f6d3c6ed194a8c7abb824e": {
                    "balance": 401406.090638388,
                    "percentage_of_total_supply": 0.0401406090638388,
                    "percentage_of_circulating_supply": 0.04014060906383881
                },
                "0x4e6281fadeb2cac79be35bb0f59fb7cc5d77eaf8": {
                    "balance": 385646.657389195,
                    "percentage_of_total_supply": 0.0385646657389195,
                    "percentage_of_circulating_supply": 0.038564665738919514
                },
                "0x0ed943ce24baebf257488771759f9bf482c39706": {
                    "balance": 47764.345555034,
                    "percentage_of_total_supply": 0.0047764345555034,
                    "percentage_of_circulating_supply": 0.0047764345555034015
                },
                "0x3afe52d210372ada0c6230807157df636b0d929e": {
                    "balance": 4015.973411754,
                    "percentage_of_total_supply": 0.0004015973411754,
                    "percentage_of_circulating_supply": 0.0004015973411754001
                },
                "0xf10e7d3f1afaf56e997bd0230d5ecb88b15b4f9b": {
                    "balance": 1.82e-07,
                    "percentage_of_total_supply": 1.82e-14,