{
    "token_address": "0x7484F9C792b581DAC8362C272d6C4f93F1071eb3",
    "chain": "bsc",
    "token_name": "PLUTO",
    "analyses": {
        "contract": {
            "contract_name": null,
            "compiler_version": null,
            "license_type": null,
            "implementation": null,
            "source_code": null,
            "abi": null,
            "verified": false,
            "owner": "0x067abf305fd424401e071535b2f1882c47543424",
            "creator": "0x067abf305fd424401e071535b2f1882c47543424",
            "is_hidden_owner": false,
            "is_proxy": null,
            "is_sellable": true,
            "is_hardcoded_owner": null,
            "code_analysis": {
                "total_matches": 0,
                "patterns_found": {}
            }
        },
        "holder": {
            "total_holders": 8,
            "holders_list": {
                "0x067abf305fd424401e071535b2f1882c47543424": {
                    "balance": 990313.33172168,
                    "percentage_of_total_supply": 99.031333172168,
                    "percentage_of_circulating_supply": 99.031333172168
                },
                "0x4c12e2640580b159d51e94fbe40eb1629f388b94": {
                    "balance": 4917.46863226,
                    "percentage_of_total_supply": 0.491746863226,
                    "percentage_of_circulating_supply": 0.491746863226
                },
                "0x52d96a78e51405e9ef7e3529d949c7d0599f2575": {
                    "balance": 1412.89477718,
                    "percentage_of_total_supply": 0.14128947771800002,
                    "percentage_of_circulating_supply": 0.14128947771800002
                },
                "0xcb692809bf98a8201648b3c81f7231230f5cdfb1": {
                    "balance": 1404.89963474,
                    "percentage_of_total_supply": 0.140489963474,
                    "percentage_of_circulating_supply": 0.140489963474
                },
                "0x0ed943ce24baebf257488771759f9bf482c39706": {
                    "balance": 963.47222871,
                    "percentage_of_total_supply": 0.096347222871,
                    "percentage_of_circulating_supply": 0.096347222871
                },
                "0x44f4bc57c426b8439a9f802808666e5e8311f1b0": {
                    "balance": 941.70126912,
                    "percentage_of_total_supply": 0.094170126912,
                    "percentage_of_circulating_supply": 0.094170126912
                },
                "0x78d56c785b6b0cd31f096fe6b9ffaee5141e996d": {
                    "balance": 46.23173622,
                    "percentage_of_total_supply": 0.0046231736220000005,
                    "percentage_of_circulating_supply": 0.0046231736220000005
                },
                "0xd9e9b8c5a26926aef22840171fb56e0dd334bd1d": {
                    "balance": 9e-08,
                    "percentage_of_total_supply": 9e-12,
                    "percentage_of_circulating_supply": 9e-12
                }
            },
            "total_supply": 1000000.0,
            "total_circulating_supply": 1000000.0,
            "owner": {
                "address": "0x067abf305fd424401e071535b2f1882c47543424",
                "balance": 990313.33172168,
                "percentage_of_circulating_supply": 99.031333172168,
                "exceeds_5_percent": true
            },
            "creator": {
                "address": "0x067abf305fd424401e071535b2f1882c47543424",
                "balance": 990313.33172168,
                "percentage_of_circulating_supply": 99.031333172168,
                "exceeds_5_percent": true
            },
            "holders_exceeding_5_percent_circulating": [],
            "howmany_holders_exceeding_5_percent_circulating": 0,
            "top_10_holders": [
                {
                    "address": "0x067abf305fd424401e071535b2f1882c47543424",
                    "balance": 990313.33172168,
                    "percentage_of_total_supply": 99.031333172168,
                    "percentage_of_circulating_supply": 99.031333172168
                },
                {
                    "address": "0x4c12e2640580b159d51e94fbe40eb1629f388b94",
                    "balance": 4917.46863226,
                    "percentage_of_total_supply": 0.491746863226,
                    "percentage_of_circulating_supply": 0.491746863226
                },
                {
                    "address": "0x52d96a78e51405e9ef7e3529d949c7d0599f2575",
                    "balance": 1412.89477718,
                    "percentage_of_total_supply": 0.14128947771800002,
                    "percentage_of_circulating_supply": 0.14128947771800002
                },
                {
                    "address": "0xcb692809bf98a8201648b3c81f7231230f5cdfb1",
                    "balance": 1404.89963474,
                    "percentage_of_total_supply": 0.140489963474,
                    "percentage_of_circulating_supply": 0.140489963474
                },
                {
                    "address": "0x0ed943ce24baebf257488771759f9bf482c39706",
                    "balance": 963.47222871,
                    "percentage_of_total_supply": 0.096347222871,
                    "percentage_of_circulating_supply": 0.096347222871
                },
                {
                    "address": "0x44f4bc57c426b8439a9f802808666e5e8311f1b0",
                    "balance": 941.70126912,
                    "percentage_of_total_supply": 0.094170126912,
                    "percentage_of_circulating_supply": 0.094170126912
                },
                {
                    "address": "0x78d56c785b6b0cd31f096fe6b9ffaee5141e996d",
                    "balance": 46.23173622,
                    "percentage_of_total_supply": 0.0046231736220000005,
                    "percentage_of_circulating_supply": 0.0046231736220000005
                },
                {
                    "address": "0xd9e9b8c5a26926aef22840171fb56e0dd334bd1d",
                    "balance": 9e-08,
                    "percentage_of_total_supply": 9e-12,
                    "percentage_of_circulating_supply": 9e-12
                }
            ],
            "total_top_10_balance": 1000000.0,
            "top10_percentage_of_total_supply": 100.0,
            "top10_percentage_of_circulating_supply": 100.0,
            "top_10_less_than_70_percent_of_total": false,
            "top_10_less_than_70_percent_of_circulating": false
        },
        "liquidity": {
            "price_usd": 15.722257556507888,
            "liquidity_usd": 2.8300063601714196e-16,
            "market_cap_usd": 15722257.556507887,
            "liquidity_to_market_cap_ratio": 1.8e-23,
            "token_volume": 0.0,
            "volume_usd": 0.0,
            "volume_to_liquidity_ratio": 0.0,
            "locked_liquidity_percent": 100.0,
            "locked_95_for_15_days": false,
            "creator_under_5_percent": false,
            "creator_percent_of_lp": 99.0313,
            "owner_under_5_percent": true,
            "owner_percent_of_lp": 0.0,
            "total_lp_supply": 1e-15,
            "lp_holders_count": 1,
            "lp_holders": [
                {
                    "address": "0x0000000000000000000000000000000000000000",
                    "balance": 1e-15,
                    "is_locked": true,
                    "percent": 100.0,
                    "tag": "Null Address"
                }
            ],
            "error": "Liquidity pool info could not be retrieved."
        },
        "security": {
            "warnings": null,
            "homany_warnings": 0,
            "suspicious_urls": null,
            "howmany_suspicious_urls": 0,
            "suspicious_addresses": null,
            "howmany_suspicious_addresses": 0,
            "error": "Security analysis data not available."
        },
        "lifecycle": {
            "token_age_seconds": 131806694.950032,