{
    "token_address": "0x25f1b82BfdDa9690fadC5a62638d373bA7783d58",
    "chain": "bsc",
    "token_name": "YOUWHO",
    "analyses": {
        "contract": {
            "contract_name": null,
            "compiler_version": null,
            "license_type": null,
            "implementation": null,
            "source_code": null,
            "abi": null,
            "verified": false,
            "owner": "0x39632d18aaa17775d8d7ddbae0431c8584e151a8",
            "creator": "0x39632d18aaa17775d8d7ddbae0431c8584e151a8",
            "is_hidden_owner": false,
            "is_proxy": null,
            "is_sellable": true,
            "is_hardcoded_owner": null,
            "code_analysis": {
                "total_matches": 0,
                "patterns_found": {}
            }
        },
        "holder": {
            "total_holders": 19,
            "holders_list": {
                "0x7bdba9d58fc79ef4cc9e1efceec3b3f37644ae6c": {
                    "balance": 1017.776065799,
                    "percentage_of_total_supply": 0.1017776065799,
                    "percentage_of_circulating_supply": 0.1017776065799
                },
                "0xd496750d80c0fe70dd9c949dd22b80414a9f1aa7": {
                    "balance": 83.962386079,
                    "percentage_of_total_supply": 0.0083962386079,
                    "percentage_of_circulating_supply": 0.0083962386079
                },
                "0x0ed943ce24baebf257488771759f9bf482c39706": {
                    "balance": 185.293905093,
                    "percentage_of_total_supply": 0.0185293905093,
                    "percentage_of_circulating_supply": 0.0185293905093
                },
                "0x39632d18aaa17775d8d7ddbae0431c8584e151a8": {
                    "balance": 979997.937345927,
                    "percentage_of_total_supply": 97.9997937345927,
                    "percentage_of_circulating_supply": 97.9997937345927
                },
                "0xa319f887adc38e3b2fb77dd0135576edf3e7794f": {
                    "balance": 0.982935854,
                    "percentage_of_total_supply": 9.82935854e-05,
                    "percentage_of_circulating_supply": 9.82935854e-05
                },
                "0x216dd0cc37fab66448f0878f30c8d53bb7e8cfc7": {
                    "balance": 12.865113273,
                    "percentage_of_total_supply": 0.0012865113273,
                    "percentage_of_circulating_supply": 0.0012865113273
                },
                "0x806f1f9500122902c7609f7917d29e2bed0c44e3": {
                    "balance": 4e-09,
                    "percentage_of_total_supply": 4e-13,
                    "percentage_of_circulating_supply": 4e-13
                },
                "0x07e66a2988a9c140592f99ff09a1e18100540a5b": {
                    "balance": 348.889612224,
                    "percentage_of_total_supply": 0.034888961222400004,
                    "percentage_of_circulating_supply": 0.034888961222400004
                },
                "0xf94eb232c0c3868e6c617d6f589e907b317b468e": {
                    "balance": 1103.811394249,
                    "percentage_of_total_supply": 0.11038113942490001,
                    "percentage_of_circulating_supply": 0.11038113942490001
                },
                "0x67f22524530341c1d52348fc355b480a5352cab3": {
                    "balance": 10.485890573,
                    "percentage_of_total_supply": 0.0010485890573,
                    "percentage_of_circulating_supply": 0.0010485890573
                },
                "0xdb84a97603156d67cecf94bbc83dc97660b3f799": {
                    "balance": 101.698943854,
                    "percentage_of_total_supply": 0.0101698943854,
                    "percentage_of_circulating_supply": 0.0101698943854
                },
                "0xe91902a239513fd1c677abdb73a21eac7a6d715a": {
                    "balance": 19.606834766,
                    "percentage_of_total_supply": 0.0019606834766,
                    "percentage_of_circulating_supply": 0.0019606834766
                },
                "0x83e6d86be71ac89c47f836ac6b5bd99b93e9e066": {
                    "balance": 2018.195936896,
                    "percentage_of_total_supply": 0.2018195936896,
                    "percentage_of_circulating_supply": 0.2018195936896
                },
                "0x7d9117db8d60bec479d3aa13be18684aa8976ad3": {
                    "balance": 1350.788130218,
                    "percentage_of_total_supply": 0.1350788130218,
                    "percentage_of_circulating_supply": 0.1350788130218
                },
                "0x896c3000eacba8dd3a8fea1f5b58572e16fe8070": {
                    "balance": 648.059923535,
                    "percentage_of_total_supply": 0.0648059923535,
                    "percentage_of_circulating_supply": 0.0648059923535
                },
                "0x47240ac16fb58e2e190d4e6f3499624371feb94c": {
                    "balance": 413.960553302,
                    "percentage_of_total_supply": 0.0413960553302,
                    "percentage_of_circulating_supply": 0.0413960553302
                },
                "0xe0e0a3e2a31357c4f2fcc76ba5ca6590e3c77a60": {
                    "balance": 4.423296244,
                    "percentage_of_total_supply": 0.0004423296244,
                    "percentage_of_circulating_supply": 0.0004423296244
                },
                "0xef97523f16a332b28e084a5d08b811b7fe25fdd9": {
                    "balance": 439.665300758,
                    "percentage_of_total_supply": 0.0439665300758,
                    "percentage_of_circulating_supply": 0.0439665300758
                },
                "0xeffb102a585834afd88b9aef02f0fa30c9dbbe6f": {
                    "balance": 12241.596431352,
                    "percentage_of_total_supply": 1.2241596431352,
                    "percentage_of_circulating_supply": 1.2241596431352
                }
            },
            "total_supply": 1000000.0,
            "total_circulating_supply": 1000000.0,
            "owner": {
                "address": "0x39632d18aaa17775d8d7ddbae0431c8584e151a8",
                "balance": 979997.937345927,
                "percentage_of_circulating_supply": 97.9997937345927,
                "exceeds_5_percent": true
            },
            "creator": {
                "address": "0x39632d18aaa17775d8d7ddbae0431c8584e151a8",
                "balance": 979997.937345927,
                "percentage_of_circulating_supply": 97.9997937345927,
                "exceeds_5_percent": true
            },
            "holders_exceeding_5_percent_circulating": [],
            "howmany_holders_exceeding_5_percent_circulating": 0,
            "top_10_holders": [
                {
                    "address": "0x39632d18aaa17775d8d7ddbae0431c8584e151a8",
                    "balance": 979997.937345927,
                    "percentage_of_total_supply": 97.9997937345927,
                    "percentage_of_circulating_supply": 97.9997937345927
                },
                {
                    "address": "0xeffb102a585834afd88b9aef02f0fa30c9dbbe6f",
                    "balance": 12241.596431352,
                    "percentage_of_total_supply": 1.2241596431352,
                    "percentage_of_circulating_supply": 1.2241596431352
                },
                {
                    "address": "0x83e6d86be71ac89c47f836ac6b5bd99b93e9e066",
                    "balance": 2018.195936896,
                    "percentage_of_total_supply": 0.2018195936896,
                    "percentage_of_circulating_supply": 0.2018195936896
                },
                {
                    "address": "0x7d9117db8d60bec479d3aa13be18684aa8976ad3",
                    "balance": 1350.788130218,
                    "percentage_of_total_supply": 0.1350788130218,