{
    "token_address": "0xa29bE3b9f536E1AD7a827A433C854ffB8863cB07",
    "chain": "bsc",
    "token_name": "Tolar",
    "analyses": {
        "contract": {
            "contract_name": null,
            "compiler_version": null,
            "license_type": null,
            "implementation": null,
            "source_code": null,
            "abi": null,
            "verified": false,
            "owner": "0x7f89b4a1bf1927e6d54e11610e576bcc7a33dd31",
            "creator": "0x7f89b4a1bf1927e6d54e11610e576bcc7a33dd31",
            "is_hidden_owner": false,
            "is_proxy": null,
            "is_sellable": true,
            "is_hardcoded_owner": null,
            "code_analysis": {
                "total_matches": 0,
                "patterns_found": {}
            }
        },
        "holder": {
            "total_holders": 2,
            "holders_list": {
                "0x7f89b4a1bf1927e6d54e11610e576bcc7a33dd31": {
                    "balance": 928473.082815502,
                    "percentage_of_total_supply": 92.8473082815502,
                    "percentage_of_circulating_supply": 96.29100775002392
                },
                "0xc7b61450edc2446d14f8c993a17ea92953d0341c": {
                    "balance": 4e-09,
                    "percentage_of_total_supply": 4e-13,
                    "percentage_of_circulating_supply": 4.148359689999027e-13
                }
            },
            "total_supply": 1000000.0,
            "total_circulating_supply": 964236.541407753,
            "owner": {
                "address": "0x7f89b4a1bf1927e6d54e11610e576bcc7a33dd31",
                "balance": 928473.082815502,
                "percentage_of_circulating_supply": 96.29100775002392,
                "exceeds_5_percent": true
            },
            "creator": {
                "address": "0x7f89b4a1bf1927e6d54e11610e576bcc7a33dd31",
                "balance": 928473.082815502,
                "percentage_of_circulating_supply": 96.29100775002392,
                "exceeds_5_percent": true
            },
            "holders_exceeding_5_percent_circulating": [],
            "howmany_holders_exceeding_5_percent_circulating": 0,
            "top_10_holders": [
                {
                    "address": "0x7f89b4a1bf1927e6d54e11610e576bcc7a33dd31",
                    "balance": 928473.082815502,
                    "percentage_of_total_supply": 92.8473082815502,
                    "percentage_of_circulating_supply": 96.29100775002392
                },
                {
                    "address": "0xc7b61450edc2446d14f8c993a17ea92953d0341c",
                    "balance": 4e-09,
                    "percentage_of_total_supply": 4e-13,
                    "percentage_of_circulating_supply": 4.148359689999027e-13
                }
            ],
            "total_top_10_balance": 928473.082815506,
            "top10_percentage_of_total_supply": 92.8473082815506,
            "top10_percentage_of_circulating_supply": 96.29100775002432,
            "top_10_less_than_70_percent_of_total": false,
            "top_10_less_than_70_percent_of_circulating": false
        },
        "liquidity": {
            "price_usd": 94.1056692499435,
            "liquidity_usd": 7.528453539995481e-16,
            "market_cap_usd": 90740125.04442745,
            "liquidity_to_market_cap_ratio": 8.296719379998054e-24,
            "token_volume": 0.0,
            "volume_usd": 0.0,
            "volume_to_liquidity_ratio": 0.0,
            "locked_liquidity_percent": 100.0,
            "locked_95_for_15_days": false,
            "creator_under_5_percent": false,
            "creator_percent_of_lp": 92.8473,
            "owner_under_5_percent": true,
            "owner_percent_of_lp": 0.0,
            "total_lp_supply": 1e-15,
            "lp_holders_count": 1,
            "lp_holders": [
                {
                    "address": "0x0000000000000000000000000000000000000000",
                    "balance": 1e-15,
                    "is_locked": true,
                    "percent": 100.0,
                    "tag": "Null Address"
                }
            ],
            "error": "Liquidity pool info could not be retrieved."
        },
        "security": {
            "warnings": null,
            "homany_warnings": 0,
            "suspicious_urls": null,
            "howmany_suspicious_urls": 0,
            "suspicious_addresses": null,
            "howmany_suspicious_addresses": 0,
            "error": "Security analysis data not available."
        },
        "lifecycle": {
            "token_age_seconds": 81761045.229129,
            "token_creation_date": "2023-01-23T13:59:10",
            "creation_to_first_trade_seconds": 0.0,
            "creation_to_first_trade_blocks": 0,
            "last_tx_hash": "0x7d951ad300ed602ecd087f91a4e87efe0ec6cffdab8b483d1df33891c6052e1a",
            "last_active_age": "2024-01-15T01:17:49",
            "inactive_days": 589.8371430339237
        }
    },
    "errors": []
}