{
    "token_address": "0x934E1d3195BDC3Cb2768D27e35b48fD2A7B2c147",
    "chain": "bsc",
    "token_name": "CosmicSpark Token",
    "analyses": {
        "contract": {
            "contract_name": null,
            "compiler_version": null,
            "license_type": null,
            "implementation": null,
            "source_code": null,
            "abi": null,
            "verified": false,
            "owner": "0x57a09a60d5cca2872c5a272ef4a3bd1b64977859",
            "creator": "0x57a09a60d5cca2872c5a272ef4a3bd1b64977859",
            "is_hidden_owner": false,
            "is_proxy": null,
            "is_sellable": true,
            "is_hardcoded_owner": null,
            "code_analysis": {
                "total_matches": 0,
                "patterns_found": {}
            }
        },
        "holder": {
            "total_holders": 43,
            "holders_list": {
                "0x57a09a60d5cca2872c5a272ef4a3bd1b64977859": {
                    "balance": 99999715647.61966,
                    "percentage_of_total_supply": 99.99971564761965,
                    "percentage_of_circulating_supply": 99.99971564761965
                },
                "0xddb9148e11d3f795ff76648f5126c7f49fb64f47": {
                    "balance": 94070.154444296,
                    "percentage_of_total_supply": 9.4070154444296e-05,
                    "percentage_of_circulating_supply": 9.407015444429599e-05
                },
                "0xc2316f93634236938b76e400550e51d4e6bc20bb": {
                    "balance": 33710.542664102,
                    "percentage_of_total_supply": 3.3710542664101996e-05,
                    "percentage_of_circulating_supply": 3.3710542664101996e-05
                },
                "0x224eec37bbc6c22c3afee6568449e59ac4f4e024": {
                    "balance": 25027.52519426,
                    "percentage_of_total_supply": 2.502752519426e-05,
                    "percentage_of_circulating_supply": 2.5027525194259992e-05
                },
                "0xac0467d0dd8287520b1874bcbdf0061e2c4a57d7": {
                    "balance": 24956.128780516,
                    "percentage_of_total_supply": 2.4956128780516002e-05,
                    "percentage_of_circulating_supply": 2.4956128780515995e-05
                },
                "0x54956c6c432e1338479cbc506cba2fc3ae5c0fd4": {
                    "balance": 23398.850277742,
                    "percentage_of_total_supply": 2.3398850277742002e-05,
                    "percentage_of_circulating_supply": 2.3398850277741995e-05
                },
                "0x56bcd7d551ac063f8b0f05f39e1b09bd9a166660": {
                    "balance": 17774.757405611,
                    "percentage_of_total_supply": 1.7774757405611e-05,
                    "percentage_of_circulating_supply": 1.7774757405610997e-05
                },
                "0xf77603e350d50ecd9ee660485fffd97f13a0f9e7": {
                    "balance": 11424.886762036,
                    "percentage_of_total_supply": 1.1424886762036e-05,
                    "percentage_of_circulating_supply": 1.1424886762035998e-05
                },
                "0xb8b6f5674d375743ee1d3d7a56a2350e6e92af7c": {
                    "balance": 7841.023216676,
                    "percentage_of_total_supply": 7.841023216676e-06,
                    "percentage_of_circulating_supply": 7.841023216676e-06
                },
                "0xcdf7bf1e2a22d03ca32c0f6d2883aac3a681616c": {
                    "balance": 7104.594090957,
                    "percentage_of_total_supply": 7.104594090957001e-06,
                    "percentage_of_circulating_supply": 7.104594090956999e-06
                },
                "0xde67647f2becca6e967c67109e9f377f4851b819": {
                    "balance": 4710.364849904,
                    "percentage_of_total_supply": 4.710364849904e-06,
                    "percentage_of_circulating_supply": 4.710364849903999e-06
                },
                "0x5f10be59a6019961a8868508faafade308b62a45": {
                    "balance": 3793.784213126,
                    "percentage_of_total_supply": 3.7937842131259998e-06,
                    "percentage_of_circulating_supply": 3.7937842131259993e-06
                },
                "0x120f55e3e4d730423878115d68f3e5fb2c513214": {
                    "balance": 3404.872628832,
                    "percentage_of_total_supply": 3.404872628832e-06,
                    "percentage_of_circulating_supply": 3.404872628831999e-06
                },
                "0x78ffed3ce07291d2862090ca8668a3cb434f2754": {
                    "balance": 3171.487346391,
                    "percentage_of_total_supply": 3.171487346391e-06,
                    "percentage_of_circulating_supply": 3.171487346390999e-06
                },
                "0xf1751e4dac2473cb0a947acaf157184499073d34": {
                    "balance": 2813.619834728,
                    "percentage_of_total_supply": 2.813619834728e-06,
                    "percentage_of_circulating_supply": 2.8136198347279996e-06
                },
                "0x1812558e0890a2bafce4aeda0130ea839a3ae044": {
                    "balance": 2727.546994419,
                    "percentage_of_total_supply": 2.727546994419e-06,
                    "percentage_of_circulating_supply": 2.727546994419e-06
                },
                "0x58b188a1cef81e2855e3dbfa3087e6759fb9d84d": {
                    "balance": 2465.138755654,
                    "percentage_of_total_supply": 2.465138755654e-06,
                    "percentage_of_circulating_supply": 2.4651387556539996e-06
                },
                "0xa9a39f653606adb4efd8f267749ccba5e439c1bf": {
                    "balance": 2373.828199292,
                    "percentage_of_total_supply": 2.373828199292e-06,
                    "percentage_of_circulating_supply": 2.3738281992919997e-06
                },
                "0xaadfd81db1d6b82a67660b582385310c293d5248": {
                    "balance": 2225.811262751,
                    "percentage_of_total_supply": 2.225811262751e-06,
                    "percentage_of_circulating_supply": 2.2258112627509997e-06
                },
                "0x2b0174458c39e0be9d601d484aaef57a9a2bb3f4": {
                    "balance": 2052.668427887,
                    "percentage_of_total_supply": 2.052668427887e-06,
                    "percentage_of_circulating_supply": 2.052668427887e-06
                },
                "0x654cb0c7036a4c5f80f0dca6d8f22c8fea2517b2": {
                    "balance": 1239.222716303,
                    "percentage_of_total_supply": 1.239222716303e-06,
                    "percentage_of_circulating_supply": 1.239222716303e-06
                },
                "0xf2ea41edc71209a2a844dfe6c9535341b9215fa7": {
                    "balance": 1016.362022304,
                    "percentage_of_total_supply": 1.016362022304e-06,
                    "percentage_of_circulating_supply": 1.016362022304e-06
                },
                "0x421add6db75dd1373f8f281c301925028dc1b209": {
                    "balance": 1009.826153648,
                    "percentage_of_total_supply": 1.009826153648e-06,
                    "percentage_of_circulating_supply": 1.0098261536479999e-06
                },
                "0x85f1945601cca50d8ebbe4b4eaa8815a0b943450": {
                    "balance": 773.195605169,
                    "percentage_of_total_supply": 7.73195605169e-07,
                    "percentage_of_circulating_supply": 7.731956051689999e-07
                },
                "0x938007b8391f4c981fc533f0a0c7efb6fe6075a0": {
                    "balance": 679.400537601,
                    "percentage_of_total_supply": 6.79400537601e-07,
                    "percentage_of_circulating_supply": 6.794005376009999e-07
                },
                "0xe252fe3b7f86956b626c59e449ace3aa1c49abc4": {
                    "balance": 600.350847504,