{
    "token_address": "0x8cD4F892054612Dc5EA830CA70Fe305022291CCB",
    "chain": "bsc",
    "token_name": "Fellaz",
    "analyses": {
        "contract": {
            "contract_name": null,
            "compiler_version": null,
            "license_type": null,
            "implementation": null,
            "source_code": null,
            "abi": null,
            "verified": false,
            "owner": "0x4b69aabeaaa19288469c999d683c9f06eac30f51",
            "creator": "0x4b69aabeaaa19288469c999d683c9f06eac30f51",
            "is_hidden_owner": false,
            "is_proxy": null,
            "is_sellable": true,
            "is_hardcoded_owner": null,
            "code_analysis": null
        },
        "holder": {
            "total_holders": 28,
            "holders_list": {
                "0xf7593085454d718dcfc07fbcbccf8778c32e27de": {
                    "balance": 5.245688260105294e+16,
                    "percentage_of_total_supply": 5.2457,
                    "percentage_of_circulating_supply": 5.3332
                },
                "0x7882985a1243597c8a63d5dea6b866c7f65226d2": {
                    "balance": 3.3761203488610628e+16,
                    "percentage_of_total_supply": 3.3761,
                    "percentage_of_circulating_supply": 3.4325
                },
                "0xb7d1cbbbf929083bf9ee102b9995b64163c0845e": {
                    "balance": 4858904156863637.0,
                    "percentage_of_total_supply": 0.4859,
                    "percentage_of_circulating_supply": 0.494
                },
                "0x9b69b82b91d9d610d53b41fc69146d6f96101be8": {
                    "balance": 3000000000000000.0,
                    "percentage_of_total_supply": 0.3,
                    "percentage_of_circulating_supply": 0.305
                },
                "0xacf42d1c44f2a28e5e57f7eaee2ab2ccc673e9c5": {
                    "balance": 2870461520045384.0,
                    "percentage_of_total_supply": 0.287,
                    "percentage_of_circulating_supply": 0.2918
                },
                "0xd528b467df885c13c4acb0b24702025d1d9b06ba": {
                    "balance": 2864820195941012.0,
                    "percentage_of_total_supply": 0.2865,
                    "percentage_of_circulating_supply": 0.2913
                },
                "0x74d19ceb50cad9bed1d0b7002206f9cde2a603e0": {
                    "balance": 2043503497525838.0,
                    "percentage_of_total_supply": 0.2044,
                    "percentage_of_circulating_supply": 0.2078
                },
                "0x13f8a2f9855ab6f1d5a7f514ca78a5e38802d9e9": {
                    "balance": 1455235277378894.0,
                    "percentage_of_total_supply": 0.1455,
                    "percentage_of_circulating_supply": 0.148
                },
                "0xa9ff657ff99c66d7417827c0ff0e21b20d79f59d": {
                    "balance": 1355925280977634.0,
                    "percentage_of_total_supply": 0.1356,
                    "percentage_of_circulating_supply": 0.1379
                },
                "0x830d762331bd0ef929e412e64514d00c23ba3403": {
                    "balance": 412030000000000.0,
                    "percentage_of_total_supply": 0.0412,
                    "percentage_of_circulating_supply": 0.0419
                },
                "0xf65c513eb836845afbd3806e710b16ca6954a281": {
                    "balance": 375489412430219.0,
                    "percentage_of_total_supply": 0.0375,
                    "percentage_of_circulating_supply": 0.0382
                },
                "0x0ed943ce24baebf257488771759f9bf482c39706": {
                    "balance": 337471154445455.0,
                    "percentage_of_total_supply": 0.0337,
                    "percentage_of_circulating_supply": 0.0343
                },
                "0x72b8f03c4c565657b4a7edbf6f88aa0b251bf8e2": {
                    "balance": 324278939099661.0,
                    "percentage_of_total_supply": 0.0324,
                    "percentage_of_circulating_supply": 0.033
                },
                "0xd92add56126521b3dee20028c2954afffa09fc8c": {
                    "balance": 303961001006609.0,
                    "percentage_of_total_supply": 0.0304,
                    "percentage_of_circulating_supply": 0.0309
                },
                "0xa0d4e92dc5e2363cecbb43dbbe8bd134659556be": {
                    "balance": 294304673233298.0,
                    "percentage_of_total_supply": 0.0294,
                    "percentage_of_circulating_supply": 0.0299
                },
                "0xd7e717f313eec6388e9fd0f3e7e758c7a659a05c": {
                    "balance": 282323302516978.0,
                    "percentage_of_total_supply": 0.0282,
                    "percentage_of_circulating_supply": 0.0287
                },
                "0xa9388a25df7b7aa75755964030b30bf6f4cf355f": {
                    "balance": 188646620846497.0,
                    "percentage_of_total_supply": 0.0189,
                    "percentage_of_circulating_supply": 0.0192
                },
                "0x8256fcc47225587e2943f5fa298fe2c212897100": {
                    "balance": 139785899040259.0,
                    "percentage_of_total_supply": 0.014,
                    "percentage_of_circulating_supply": 0.0142
                },
                "0xde790e6e1b73b3305af4267ccdc45c6dc7fb683b": {
                    "balance": 115514010984508.0,
                    "percentage_of_total_supply": 0.0116,
                    "percentage_of_circulating_supply": 0.0117
                },
                "0x8c419c01002ee4e283ef6841f73cd713fbbf31e8": {
                    "balance": 108073850621060.0,
                    "percentage_of_total_supply": 0.0108,
                    "percentage_of_circulating_supply": 0.011
                },
                "0xe18830cc4e6cfe2d8837c8d20afe1ab546fdac1a": {
                    "balance": 66808517802319.0,
                    "percentage_of_total_supply": 0.0067,
                    "percentage_of_circulating_supply": 0.0068
                },
                "0x9933a21229fef85de0497c625fc84583c3b2e6c1": {
                    "balance": 34328688764969.0,
                    "percentage_of_total_supply": 0.0034,
                    "percentage_of_circulating_supply": 0.0035
                },
                "0xa7c3d37bcfaae7e19ade77a180eae85f7817bf11": {
                    "balance": 32971023618849.0,
                    "percentage_of_total_supply": 0.0033,
                    "percentage_of_circulating_supply": 0.0034
                },
                "0x7d2c55b14c7af687f70d6a5effc4b069d8d9ce01": {
                    "balance": 3833929886104.0,
                    "percentage_of_total_supply": 0.0004,
                    "percentage_of_circulating_supply": 0.0004
                },
                "0x426603bac5e0ea73fd13aecad7a80c9f963f6eac": {
                    "balance": 1922323466143.0,
                    "percentage_of_total_supply": 0.0002,
                    "percentage_of_circulating_supply": 0.0002
                },
                "0x0fccef60de86eada55fc0c3157f9d759780f8cc3": {
                    "balance": 189110812831.0,
                    "percentage_of_total_supply": 0.0,
                    "percentage_of_circulating_supply": 0.0
                },
                "0x28e85c794d7ad23a8f2baba92f52ee03ba8917a3": {
                    "balance": 11224390.0,
                    "percentage_of_total_supply": 0.0,
                    "percentage_of_circulating_supply": 0.0
                }
            },
            "total_supply": 1e+18,
            "total_circulating_supply": 9.835832547856585e+17,
            "owner": {
                "address": "0x4b69aabeaaa19288469c999d683c9f06eac30f51",
                "balance": 8.594776410831209e+17,
                "percentage_of_supply": 87.3823,
                "exceeds_5_percent": true
            },