{
    "token_address": "0x43efe3c8818b0E9AC6EfE0356E11e938C54aFe0f",
    "chain": "bsc",
    "token_name": "SatelLiteFlux",
    "analyses": {
        "contract": {
            "contract_name": null,
            "compiler_version": null,
            "license_type": null,
            "implementation": null,
            "source_code": null,
            "abi": null,
            "verified": false,
            "owner": "0xa7d41001afb9c852230a50e81298e07270037c9b",
            "creator": "0xa7d41001afb9c852230a50e81298e07270037c9b",
            "is_hidden_owner": false,
            "is_proxy": null,
            "is_sellable": true,
            "is_hardcoded_owner": null,
            "code_analysis": null
        },
        "holder": {
            "total_holders": 20,
            "holders_list": {
                "0xe71432b85ba4128ce808f18fdf638744df1378d8": {
                    "balance": 8.227578403153301e+23,
                    "percentage_of_total_supply": 0.0823,
                    "percentage_of_circulating_supply": 0.0823
                },
                "0x58b0f1850f48d2d82d7ab72dd9a26bb6f549f318": {
                    "balance": 6.649753732747445e+21,
                    "percentage_of_total_supply": 0.0007,
                    "percentage_of_circulating_supply": 0.0007
                },
                "0x3c3719a9ba69d1b7c108f0c85459021a4b781b50": {
                    "balance": 5.031307075187735e+21,
                    "percentage_of_total_supply": 0.0005,
                    "percentage_of_circulating_supply": 0.0005
                },
                "0x763c4017766656619a4f309d1e7f57966d1e65e2": {
                    "balance": 1.8670069024899397e+21,
                    "percentage_of_total_supply": 0.0002,
                    "percentage_of_circulating_supply": 0.0002
                },
                "0x700e3e46685299f04f9a27921f300e447d9375a5": {
                    "balance": 1.5794144806163154e+21,
                    "percentage_of_total_supply": 0.0002,
                    "percentage_of_circulating_supply": 0.0002
                },
                "0xb485f769c8cd862564e7c16d716a8476e629f4d0": {
                    "balance": 7.145711544227412e+20,
                    "percentage_of_total_supply": 0.0001,
                    "percentage_of_circulating_supply": 0.0001
                },
                "0x2d9a588ff52a45bd1ef1cf80560f95276e42af04": {
                    "balance": 5.726330403381192e+20,
                    "percentage_of_total_supply": 0.0001,
                    "percentage_of_circulating_supply": 0.0001
                },
                "0x5412fa0ef41b68d3c13e5bbe4f9d3a0aed4e8f10": {
                    "balance": 2.901786008222066e+20,
                    "percentage_of_total_supply": 0.0,
                    "percentage_of_circulating_supply": 0.0
                },
                "0xdf08bc932e0b64c77be2b5fe18d10adf1b1f2c7a": {
                    "balance": 2.6985778264423134e+20,
                    "percentage_of_total_supply": 0.0,
                    "percentage_of_circulating_supply": 0.0
                },
                "0x23fc2510b62dd8bdc3165d0f6bcc442cb1705328": {
                    "balance": 1.563434099038616e+20,
                    "percentage_of_total_supply": 0.0,
                    "percentage_of_circulating_supply": 0.0
                },
                "0xe423ed5e785fb4b2717c62043d0236aa97bf427d": {
                    "balance": 1.2457028971448322e+20,
                    "percentage_of_total_supply": 0.0,
                    "percentage_of_circulating_supply": 0.0
                },
                "0x5f3012253f6a1c991f70bb94ec67283e6049cd03": {
                    "balance": 1.139820986959511e+20,
                    "percentage_of_total_supply": 0.0,
                    "percentage_of_circulating_supply": 0.0
                },
                "0x0ed943ce24baebf257488771759f9bf482c39706": {
                    "balance": 1.1183269013291439e+20,
                    "percentage_of_total_supply": 0.0,
                    "percentage_of_circulating_supply": 0.0
                },
                "0xf73274555c10f8be918b5212cf884b1c089d5d19": {
                    "balance": 1.0545767418839153e+20,
                    "percentage_of_total_supply": 0.0,
                    "percentage_of_circulating_supply": 0.0
                },
                "0x364a0a53254dd42327d5fb1f635c7cefb388c0a3": {
                    "balance": 9.368659723097719e+19,
                    "percentage_of_total_supply": 0.0,
                    "percentage_of_circulating_supply": 0.0
                },
                "0xee7d553b389b88c82fd108cbacbf9fdbfe894a08": {
                    "balance": 5.187073324753232e+19,
                    "percentage_of_total_supply": 0.0,
                    "percentage_of_circulating_supply": 0.0
                },
                "0xcb57ce201b62124e472ee1d1879cfff63325c3fd": {
                    "balance": 2.759634064451292e+19,
                    "percentage_of_total_supply": 0.0,
                    "percentage_of_circulating_supply": 0.0
                },
                "0x3ecdce4ab0b21bd6c76315e69a5d50825fc1d8d8": {
                    "balance": 7.510879061453159e+18,
                    "percentage_of_total_supply": 0.0,
                    "percentage_of_circulating_supply": 0.0
                },
                "0x32afe9b00c66461914fe77fb6145bb76b51a2cf8": {
                    "balance": 49934,
                    "percentage_of_total_supply": 0.0,
                    "percentage_of_circulating_supply": 0.0
                }
            },
            "total_supply": 1e+27,
            "total_circulating_supply": 1e+27,
            "owner": {
                "address": "0xa7d41001afb9c852230a50e81298e07270037c9b",
                "balance": 9.991594745862026e+26,
                "percentage_of_supply": 99.9159,
                "exceeds_5_percent": true
            },
            "creator": {},
            "holders_exceeding_5_percent": [
                {
                    "address": "0xa7d41001afb9c852230a50e81298e07270037c9b",
                    "balance": 9.991594745862026e+26,
                    "percentage_of_supply": 99.9159
                }
            ],
            "howmany_holders_exceeding_5_percent": 1,
            "top_10_holders": [
                {
                    "address": "0xa7d41001afb9c852230a50e81298e07270037c9b",
                    "balance": 9.991594745862026e+26,
                    "percentage_of_total_supply": 99.9159,
                    "percentage_of_circulating_supply": 99.9159
                },
                {
                    "address": "0xe71432b85ba4128ce808f18fdf638744df1378d8",
                    "balance": 8.227578403153301e+23,
                    "percentage_of_total_supply": 0.0823,
                    "percentage_of_circulating_supply": 0.0823
                },
                {
                    "address": "0x58b0f1850f48d2d82d7ab72dd9a26bb6f549f318",
                    "balance": 6.649753732747445e+21,
                    "percentage_of_total_supply": 0.0007,
                    "percentage_of_circulating_supply": 0.0007
                },
                {
                    "address": "0x3c3719a9ba69d1b7c108f0c85459021a4b781b50",
                    "balance": 5.031307075187735e+21,
                    "percentage_of_total_supply": 0.0005,
                    "percentage_of_circulating_supply": 0.0005
                },
                {
                    "address": "0x763c4017766656619a4f309d1e7f57966d1e65e2",
                    "balance": 1.8670069024899397e+21,
                    "percentage_of_total_supply": 0.0002,
                    "percentage_of_circulating_supply": 0.0002
                },
                {
                    "address": "0x700e3e46685299f04f9a27921f300e447d9375a5",
                    "balance": 1.5794144806163154e+21,