{
    "token_address": "0x06f782BFA57dFC8d8008fCE787265E3D2BfC1ff0",
    "chain": "bsc",
    "token_name": "safeEarth",
    "analyses": {
        "contract": {
            "contract_name": null,
            "compiler_version": null,
            "license_type": null,
            "implementation": null,
            "source_code": null,
            "abi": null,
            "verified": false,
            "owner": null,
            "creator": "0x401d4008544151c037c3577ccabe1e7b0cb2e6c6",
            "is_hidden_owner": true,
            "is_proxy": null,
            "is_sellable": true,
            "is_hardcoded_owner": null,
            "code_analysis": null
        },
        "holder": {
            "total_holders": 7,
            "holders_list": {
                "0xcd88d7573818abe26b02f4bf19c4db44aff3c591": {
                    "balance": 1.7775201949926262e+22,
                    "percentage_of_total_supply": 0.8888,
                    "percentage_of_circulating_supply": 0.8888
                },
                "0x43d4b4551bc9cd2f1770e5fc59b043043a80d167": {
                    "balance": 1.0638139613837661e+22,
                    "percentage_of_total_supply": 0.5319,
                    "percentage_of_circulating_supply": 0.5319
                },
                "0xcb692809bf98a8201648b3c81f7231230f5cdfb1": {
                    "balance": 1.0334552967051632e+22,
                    "percentage_of_total_supply": 0.5167,
                    "percentage_of_circulating_supply": 0.5167
                },
                "0xdb8980d6c6b087885e747c6322fabd63dd4f4df5": {
                    "balance": 3.307188823183989e+21,
                    "percentage_of_total_supply": 0.1654,
                    "percentage_of_circulating_supply": 0.1654
                },
                "0x4e1b41baa503aa97174dbda18ff725a5444a81f6": {
                    "balance": 2.1792068556222848e+21,
                    "percentage_of_total_supply": 0.109,
                    "percentage_of_circulating_supply": 0.109
                },
                "0x2be87ad70cf11ea294d7c42044b5b8277a3e4874": {
                    "balance": 5.5245970619040104e+20,
                    "percentage_of_total_supply": 0.0276,
                    "percentage_of_circulating_supply": 0.0276
                }
            },
            "total_supply": 2e+24,
            "total_circulating_supply": 2e+24,
            "owner": {},
            "creator": {
                "address": "0x401d4008544151c037c3577ccabe1e7b0cb2e6c6",
                "balance": 1.9552132500841878e+24,
                "percentage_of_supply": 97.7607,
                "exceeds_5_percent": true
            },
            "holders_exceeding_5_percent": [
                {
                    "address": "0x401d4008544151c037c3577ccabe1e7b0cb2e6c6",
                    "balance": 1.9552132500841878e+24,
                    "percentage_of_supply": 97.7607
                }
            ],
            "howmany_holders_exceeding_5_percent": 1,
            "top_10_holders": [
                {
                    "address": "0x401d4008544151c037c3577ccabe1e7b0cb2e6c6",
                    "balance": 1.9552132500841878e+24,
                    "percentage_of_total_supply": 97.7607,
                    "percentage_of_circulating_supply": 97.7607
                },
                {
                    "address": "0xcd88d7573818abe26b02f4bf19c4db44aff3c591",
                    "balance": 1.7775201949926262e+22,
                    "percentage_of_total_supply": 0.8888,
                    "percentage_of_circulating_supply": 0.8888
                },
                {
                    "address": "0x43d4b4551bc9cd2f1770e5fc59b043043a80d167",
                    "balance": 1.0638139613837661e+22,
                    "percentage_of_total_supply": 0.5319,
                    "percentage_of_circulating_supply": 0.5319
                },
                {
                    "address": "0xcb692809bf98a8201648b3c81f7231230f5cdfb1",
                    "balance": 1.0334552967051632e+22,
                    "percentage_of_total_supply": 0.5167,
                    "percentage_of_circulating_supply": 0.5167
                },
                {
                    "address": "0xdb8980d6c6b087885e747c6322fabd63dd4f4df5",
                    "balance": 3.307188823183989e+21,
                    "percentage_of_total_supply": 0.1654,
                    "percentage_of_circulating_supply": 0.1654
                },
                {
                    "address": "0x4e1b41baa503aa97174dbda18ff725a5444a81f6",
                    "balance": 2.1792068556222848e+21,
                    "percentage_of_total_supply": 0.109,
                    "percentage_of_circulating_supply": 0.109
                },
                {
                    "address": "0x2be87ad70cf11ea294d7c42044b5b8277a3e4874",
                    "balance": 5.5245970619040104e+20,
                    "percentage_of_total_supply": 0.0276,
                    "percentage_of_circulating_supply": 0.0276
                }
            ],
            "total_top_10_balance": 2e+24,
            "top10_percentage_of_total_supply": 100.0,
            "top10_percentage_of_circulating_supply": 100.0,
            "top_10_less_than_70_percent_of_total": false,
            "top_10_less_than_70_percent_of_circulating": false
        },
        "liquidity": {
            "price_usd": 3.144122627134809e-11,
            "liquidity_usd": 2.0796414422360242e-07,
            "market_cap_usd": 62882452542696.18,
            "liquidity_to_market_cap_ratio": 3.3071888231839892e-21,
            "token_volume": 5151990.1102907965,
            "volume_usd": 0.00016198488680540054,
            "volume_to_liquidity_ratio": 778.9077651349113,
            "locked_liquidity_percent": 0.0,
            "locked_95_for_15_days": false,
            "creator_under_5_percent": false,
            "creator_percent_of_lp": 97.7607,
            "owner_under_5_percent": true,
            "owner_percent_of_lp": 0.0,
            "total_lp_supply": 0.5348904695210596,
            "lp_holders_count": 2,
            "lp_holders": [
                {
                    "address": "0x8cc7bc33f5188b1fb683bedc4dbffa77b136833b",
                    "balance": 0.5348904695210586,
                    "is_locked": false,
                    "percent": 0.9999999999999981,
                    "tag": ""
                },
                {
                    "address": "0x0000000000000000000000000000000000000000",
                    "balance": 1e-15,
                    "is_locked": true,
                    "percent": 1.869e-15,
                    "tag": "Null Address"
                }
            ]
        },
        "security": {
            "warnings": null,
            "homany_warnings": 0,
            "suspicious_urls": null,
            "howmany_suspicious_urls": 0,
            "suspicious_addresses": null,
            "howmany_suspicious_addresses": 0,
            "error": "Security analysis data not available."
        },
        "lifecycle": {
            "token_age_seconds": 126453586.209,
            "token_creation_date": "2021-08-01T20:11:35",
            "creation_to_first_trade_seconds": 0.0,
            "creation_to_first_trade_blocks": 0,
            "last_tx_hash": "0x5342ebdf5e96ebbbebe7113e3ad9020a82a38998f86bd93b72299a8d8d3b84fa",
            "last_active_age": "2021-08-01T20:41:20",
            "inactive_days": 1463.5625
        }
    },
    "errors": []
}