{
    "token_address": "0xDa84df5F772c5fA31326fB959160640a3Bd9c6e2",
    "chain": "bsc",
    "token_name": "LunariumX",
    "analyses": {
        "contract": {
            "contract_name": null,
            "compiler_version": null,
            "license_type": null,
            "implementation": null,
            "source_code": null,
            "abi": null,
            "verified": false,
            "owner": "0x908fefe8ab6fa1f08fae71bd46102459790923c3",
            "creator": "0x908fefe8ab6fa1f08fae71bd46102459790923c3",
            "is_hidden_owner": false,
            "is_proxy": null,
            "is_sellable": true,
            "is_hardcoded_owner": null,
            "code_analysis": {
                "total_matches": 0,
                "patterns_found": {}
            }
        },
        "holder": {
            "total_holders": 17,
            "holders_list": {
                "0x908fefe8ab6fa1f08fae71bd46102459790923c3": {
                    "balance": 999769130.0711763,
                    "percentage_of_total_supply": 99.97691300711763,
                    "percentage_of_circulating_supply": 99.97691300711763
                },
                "0xe0a48aad1eee6c4394f93e9745a06b661f448ca1": {
                    "balance": 193922.48439802293,
                    "percentage_of_total_supply": 0.019392248439802293,
                    "percentage_of_circulating_supply": 0.019392248439802293
                },
                "0x15899fbc2a1a1148db91d8137ab3290f6ea5e062": {
                    "balance": 26597.12890055519,
                    "percentage_of_total_supply": 0.002659712890055519,
                    "percentage_of_circulating_supply": 0.002659712890055519
                },
                "0xb7adf868bb5704d253e75d0a76d6b26d1b292e76": {
                    "balance": 5167.236934102279,
                    "percentage_of_total_supply": 0.0005167236934102279,
                    "percentage_of_circulating_supply": 0.0005167236934102279
                },
                "0xeca9bd99f9be987a1d66caf989a2a6e87b1d7e3b": {
                    "balance": 1759.4885639635063,
                    "percentage_of_total_supply": 0.0001759488563963506,
                    "percentage_of_circulating_supply": 0.0001759488563963506
                },
                "0x487e76bd54f594c63c4e7cffb81954d3255e1f41": {
                    "balance": 1599.6918129997093,
                    "percentage_of_total_supply": 0.00015996918129997093,
                    "percentage_of_circulating_supply": 0.00015996918129997093
                },
                "0x6eafcf18a9b016539ba838bcb804d72bc34c0f67": {
                    "balance": 886.738920783204,
                    "percentage_of_total_supply": 8.867389207832039e-05,
                    "percentage_of_circulating_supply": 8.867389207832039e-05
                },
                "0xa73c7c8cd968c6c63ce7f558ebe79f96927e60ee": {
                    "balance": 218.4297419098078,
                    "percentage_of_total_supply": 2.184297419098078e-05,
                    "percentage_of_circulating_supply": 2.184297419098078e-05
                },
                "0x5132458bdfc3aa4a71373fec05ea13b041676f77": {
                    "balance": 194.65280549758955,
                    "percentage_of_total_supply": 1.9465280549758955e-05,
                    "percentage_of_circulating_supply": 1.9465280549758955e-05
                },
                "0x35e8582b4be5606d2ec2451f0c30872e121a0219": {
                    "balance": 158.08305580479515,
                    "percentage_of_total_supply": 1.5808305580479515e-05,
                    "percentage_of_circulating_supply": 1.5808305580479515e-05
                },
                "0xbf4db4e3e93327e2b18622e539ea4f935f219483": {
                    "balance": 151.76222918127183,
                    "percentage_of_total_supply": 1.5176222918127185e-05,
                    "percentage_of_circulating_supply": 1.5176222918127185e-05
                },
                "0x8d0e3f545a3900d2243dde78a71a2f3b7fc5c643": {
                    "balance": 99.15913803734416,
                    "percentage_of_total_supply": 9.915913803734415e-06,
                    "percentage_of_circulating_supply": 9.915913803734415e-06
                },
                "0x0ed943ce24baebf257488771759f9bf482c39706": {
                    "balance": 73.89940180259211,
                    "percentage_of_total_supply": 7.389940180259211e-06,
                    "percentage_of_circulating_supply": 7.389940180259211e-06
                },
                "0x1cc6ff4ac031f4eb46fdbe47b0b9c4b703dcd74b": {
                    "balance": 23.816637305231975,
                    "percentage_of_total_supply": 2.3816637305231974e-06,
                    "percentage_of_circulating_supply": 2.3816637305231974e-06
                },
                "0x72abc5089e5997b69b87f0e3bc6a2180615a9060": {
                    "balance": 14.165823617414128,
                    "percentage_of_total_supply": 1.4165823617414128e-06,
                    "percentage_of_circulating_supply": 1.4165823617414128e-06
                },
                "0x868383a1c3760d7e3a6e9fb2f8a847aa4e19c377": {
                    "balance": 3.190460106085411,
                    "percentage_of_total_supply": 3.190460106085411e-07,
                    "percentage_of_circulating_supply": 3.190460106085411e-07
                },
                "0xf9d91d2113b349d087e170244d8cb375ea7f4354": {
                    "balance": 9.9461e-14,
                    "percentage_of_total_supply": 9.9461e-21,
                    "percentage_of_circulating_supply": 9.9461e-21
                }
            },
            "total_supply": 1000000000.0,
            "total_circulating_supply": 1000000000.0,
            "owner": {
                "address": "0x908fefe8ab6fa1f08fae71bd46102459790923c3",
                "balance": 999769130.0711763,
                "percentage_of_circulating_supply": 99.97691300711763,
                "exceeds_5_percent": true
            },
            "creator": {
                "address": "0x908fefe8ab6fa1f08fae71bd46102459790923c3",
                "balance": 999769130.0711763,
                "percentage_of_circulating_supply": 99.97691300711763,
                "exceeds_5_percent": true
            },
            "holders_exceeding_5_percent_circulating": [],
            "howmany_holders_exceeding_5_percent_circulating": 0,
            "top_10_holders": [
                {
                    "address": "0x908fefe8ab6fa1f08fae71bd46102459790923c3",
                    "balance": 999769130.0711763,
                    "percentage_of_total_supply": 99.97691300711763,
                    "percentage_of_circulating_supply": 99.97691300711763
                },
                {
                    "address": "0xe0a48aad1eee6c4394f93e9745a06b661f448ca1",
                    "balance": 193922.48439802293,
                    "percentage_of_total_supply": 0.019392248439802293,
                    "percentage_of_circulating_supply": 0.019392248439802293
                },
                {
                    "address": "0x15899fbc2a1a1148db91d8137ab3290f6ea5e062",
                    "balance": 26597.12890055519,
                    "percentage_of_total_supply": 0.002659712890055519,
                    "percentage_of_circulating_supply": 0.002659712890055519
                },
                {
                    "address": "0xb7adf868bb5704d253e75d0a76d6b26d1b292e76",
                    "balance": 5167.236934102279,
                    "percentage_of_total_supply": 0.0005167236934102279,
                    "percentage_of_circulating_supply": 0.0005167236934102279
                },
                {
                    "address": "0xeca9bd99f9be987a1d66caf989a2a6e87b1d7e3b",
                    "balance": 1759.4885639635063,
                    "percentage_of_total_supply": 0.0001759488563963506,