{
    "token_address": "0x6756E1005A4648bD8f58d1d3D6bc2E441049818E",
    "chain": "bsc",
    "token_name": "BitWhite",
    "analyses": {
        "contract": {
            "contract_name": null,
            "compiler_version": null,
            "license_type": null,
            "implementation": null,
            "source_code": null,
            "abi": null,
            "verified": false,
            "owner": "0x240776d18dd1d2a73e16d5b79c92d6541ae0bbd7",
            "creator": "0x240776d18dd1d2a73e16d5b79c92d6541ae0bbd7",
            "is_hidden_owner": false,
            "is_proxy": null,
            "is_sellable": true,
            "is_hardcoded_owner": null,
            "code_analysis": {
                "total_matches": 0,
                "patterns_found": {}
            }
        },
        "holder": {
            "total_holders": 2,
            "holders_list": {
                "0x240776d18dd1d2a73e16d5b79c92d6541ae0bbd7": {
                    "balance": 968031.907978805,
                    "percentage_of_total_supply": 96.8031907978805,
                    "percentage_of_circulating_supply": 98.37563141676749
                },
                "0xc9ac673d807d8d0947bf0c2771ea830196db2c71": {
                    "balance": 4e-09,
                    "percentage_of_total_supply": 4e-13,
                    "percentage_of_circulating_supply": 4.0649747433292835e-13
                }
            },
            "total_supply": 1000000.0,
            "total_circulating_supply": 984015.9539894045,
            "owner": {
                "address": "0x240776d18dd1d2a73e16d5b79c92d6541ae0bbd7",
                "balance": 968031.907978805,
                "percentage_of_circulating_supply": 98.37563141676749,
                "exceeds_5_percent": true
            },
            "creator": {
                "address": "0x240776d18dd1d2a73e16d5b79c92d6541ae0bbd7",
                "balance": 968031.907978805,
                "percentage_of_circulating_supply": 98.37563141676749,
                "exceeds_5_percent": true
            },
            "holders_exceeding_5_percent_circulating": [],
            "howmany_holders_exceeding_5_percent_circulating": 0,
            "top_10_holders": [
                {
                    "address": "0x240776d18dd1d2a73e16d5b79c92d6541ae0bbd7",
                    "balance": 968031.907978805,
                    "percentage_of_total_supply": 96.8031907978805,
                    "percentage_of_circulating_supply": 98.37563141676749
                },
                {
                    "address": "0xc9ac673d807d8d0947bf0c2771ea830196db2c71",
                    "balance": 4e-09,
                    "percentage_of_total_supply": 4e-13,
                    "percentage_of_circulating_supply": 4.0649747433292835e-13
                }
            ],
            "total_top_10_balance": 968031.907978809,
            "top10_percentage_of_total_supply": 96.8031907978809,
            "top10_percentage_of_circulating_supply": 98.3756314167679,
            "top_10_less_than_70_percent_of_total": false,
            "top_10_less_than_70_percent_of_circulating": false
        },
        "liquidity": {
            "price_usd": 92.88241054803915,
            "liquidity_usd": 7.430592843843132e-16,
            "market_cap_usd": 91397773.82426427,
            "liquidity_to_market_cap_ratio": 8.129949486658568e-24,
            "token_volume": 0.0,
            "volume_usd": 0.0,
            "volume_to_liquidity_ratio": 0.0,
            "locked_liquidity_percent": 100.0,
            "locked_95_for_15_days": false,
            "creator_under_5_percent": false,
            "creator_percent_of_lp": 96.8032,
            "owner_under_5_percent": true,
            "owner_percent_of_lp": 0.0,
            "total_lp_supply": 1e-15,
            "lp_holders_count": 1,
            "lp_holders": [
                {
                    "address": "0x0000000000000000000000000000000000000000",
                    "balance": 1e-15,
                    "is_locked": true,
                    "percent": 100.0,
                    "tag": "Null Address"
                }
            ],
            "error": "Liquidity pool info could not be retrieved."
        },
        "security": {
            "warnings": null,
            "homany_warnings": 0,
            "suspicious_urls": null,
            "howmany_suspicious_urls": 0,
            "suspicious_addresses": null,
            "howmany_suspicious_addresses": 0,
            "error": "Security analysis data not available."
        },
        "lifecycle": {
            "token_age_seconds": 84137726.623728,
            "token_creation_date": "2022-12-26T22:37:12",
            "creation_to_first_trade_seconds": 0.0,
            "creation_to_first_trade_blocks": 0,
            "last_tx_hash": "0x1fdab09ca8f343b93926107b0868b9e489d258306130bb7a090f93fc90bea5d7",
            "last_active_age": "2024-06-09T12:27:03",
            "inactive_days": 443.240034250081
        }
    },
    "errors": []
}