{
    "token_address": "0xd7721F0d590823EC63c5fC26D816781aDf06f041",
    "chain": "bsc",
    "token_name": "Manna",
    "analyses": {
        "contract": {
            "contract_name": null,
            "compiler_version": null,
            "license_type": null,
            "implementation": null,
            "source_code": null,
            "abi": null,
            "verified": false,
            "owner": "0xc6b3a91f5081e0f4db181c737c8b194170497bfb",
            "creator": "0xc6b3a91f5081e0f4db181c737c8b194170497bfb",
            "is_hidden_owner": false,
            "is_proxy": null,
            "is_sellable": true,
            "is_hardcoded_owner": null,
            "code_analysis": {
                "total_matches": 0,
                "patterns_found": {}
            }
        },
        "holder": {
            "total_holders": 2,
            "holders_list": {
                "0xc6b3a91f5081e0f4db181c737c8b194170497bfb": {
                    "balance": 931748.443249455,
                    "percentage_of_total_supply": 93.17484432494551,
                    "percentage_of_circulating_supply": 96.46684949737964
                },
                "0x81a97e6935c517be8c4cf73b36ee3ce0b2035f98": {
                    "balance": 0.023926856,
                    "percentage_of_total_supply": 2.3926856e-06,
                    "percentage_of_circulating_supply": 2.4772227240303738e-06
                }
            },
            "total_supply": 1000000.0,
            "total_circulating_supply": 965874.2335881555,
            "owner": {
                "address": "0xc6b3a91f5081e0f4db181c737c8b194170497bfb",
                "balance": 931748.443249455,
                "percentage_of_circulating_supply": 96.46684949737964,
                "exceeds_5_percent": true
            },
            "creator": {
                "address": "0xc6b3a91f5081e0f4db181c737c8b194170497bfb",
                "balance": 931748.443249455,
                "percentage_of_circulating_supply": 96.46684949737964,
                "exceeds_5_percent": true
            },
            "holders_exceeding_5_percent_circulating": [],
            "howmany_holders_exceeding_5_percent_circulating": 0,
            "top_10_holders": [
                {
                    "address": "0xc6b3a91f5081e0f4db181c737c8b194170497bfb",
                    "balance": 931748.443249455,
                    "percentage_of_total_supply": 93.17484432494551,
                    "percentage_of_circulating_supply": 96.46684949737964
                },
                {
                    "address": "0x81a97e6935c517be8c4cf73b36ee3ce0b2035f98",
                    "balance": 0.023926856,
                    "percentage_of_total_supply": 2.3926856e-06,
                    "percentage_of_circulating_supply": 2.4772227240303738e-06
                }
            ],
            "total_top_10_balance": 931748.467176311,
            "top10_percentage_of_total_supply": 93.1748467176311,
            "top10_percentage_of_circulating_supply": 96.46685197460236,
            "top_10_less_than_70_percent_of_total": false,
            "top_10_less_than_70_percent_of_circulating": false
        },
        "liquidity": {
            "price_usd": 777.3335901766068,
            "liquidity_usd": 3.7198297752237366e-08,
            "market_cap_usd": 750806485.6541594,
            "liquidity_to_market_cap_ratio": 4.954445448060747e-17,
            "token_volume": 0.0,
            "volume_usd": 0.0,
            "volume_to_liquidity_ratio": 0.0,
            "locked_liquidity_percent": 0.0,
            "locked_95_for_15_days": false,
            "creator_under_5_percent": false,
            "creator_percent_of_lp": 93.1748,
            "owner_under_5_percent": true,
            "owner_percent_of_lp": 0.0,
            "total_lp_supply": 1.9489984036e-08,
            "lp_holders_count": 2,
            "lp_holders": [
                {
                    "address": "0x0ed943ce24baebf257488771759f9bf482c39706",
                    "balance": 1.9489983036e-08,
                    "is_locked": false,
                    "percent": 99.99999486915947,
                    "tag": ""
                },
                {
                    "address": "0x0000000000000000000000000000000000000000",
                    "balance": 1e-15,
                    "is_locked": true,
                    "percent": 5.130840528899999e-06,
                    "tag": "Null Address"
                }
            ],
            "error": "Liquidity pool info could not be retrieved."
        },
        "security": {
            "warnings": null,
            "homany_warnings": 0,
            "suspicious_urls": null,
            "howmany_suspicious_urls": 0,
            "suspicious_addresses": null,
            "howmany_suspicious_addresses": 0,
            "error": "Security analysis data not available."
        },
        "lifecycle": {
            "token_age_seconds": 84597122.539052,
            "token_creation_date": "2022-12-21T19:06:36",
            "creation_to_first_trade_seconds": 0.0,
            "creation_to_first_trade_blocks": 0,
            "last_tx_hash": "0x73cb85466a66913ecf0363e52f90682ddcdea0fd232eabe8168b3944cc9dd7d6",
            "last_active_age": "2023-02-27T23:51:50",
            "inactive_days": 910.9353140665856
        }
    },
    "errors": []
}