{
    "token_address": "0x5e2CaD0E0Dce2fDDa32DDd3ef3228000E935a562",
    "chain": "bsc",
    "token_name": "Raiden Network Token",
    "analyses": {
        "contract": {
            "contract_name": null,
            "compiler_version": null,
            "license_type": null,
            "implementation": null,
            "source_code": null,
            "abi": null,
            "verified": false,
            "owner": "0x73e1e2f9b0435068046758b07106ebb5186be07d",
            "creator": "0x73e1e2f9b0435068046758b07106ebb5186be07d",
            "is_hidden_owner": false,
            "is_proxy": null,
            "is_sellable": true,
            "is_hardcoded_owner": null,
            "code_analysis": {
                "total_matches": 0,
                "patterns_found": {}
            }
        },
        "holder": {
            "total_holders": 2,
            "holders_list": {
                "0x73e1e2f9b0435068046758b07106ebb5186be07d": {
                    "balance": 1000000.0,
                    "percentage_of_total_supply": 100.0,
                    "percentage_of_circulating_supply": 99.99999999999984
                },
                "0xd28bae7540209f9dd6929b931f17d165e6060478": {
                    "balance": 3e-09,
                    "percentage_of_total_supply": 3e-13,
                    "percentage_of_circulating_supply": 2.9999999999999953e-13
                }
            },
            "total_supply": 1000000.0,
            "total_circulating_supply": 1000000.0000000015,
            "owner": {
                "address": "0x73e1e2f9b0435068046758b07106ebb5186be07d",
                "balance": 1000000.0,
                "percentage_of_circulating_supply": 99.36993004784786,
                "exceeds_5_percent": true
            },
            "creator": {
                "address": "0x73e1e2f9b0435068046758b07106ebb5186be07d",
                "balance": 1000000.0,
                "percentage_of_circulating_supply": 99.36993004784786,
                "exceeds_5_percent": true
            },
            "holders_exceeding_5_percent_circulating": [],
            "howmany_holders_exceeding_5_percent_circulating": 0,
            "top_10_holders": [
                {
                    "address": "0x73e1e2f9b0435068046758b07106ebb5186be07d",
                    "balance": 1000000.0,
                    "percentage_of_total_supply": 100.0,
                    "percentage_of_circulating_supply": 99.99999999999984
                },
                {
                    "address": "0xd28bae7540209f9dd6929b931f17d165e6060478",
                    "balance": 3e-09,
                    "percentage_of_total_supply": 3e-13,
                    "percentage_of_circulating_supply": 2.9999999999999953e-13
                }
            ],
            "total_top_10_balance": 1000000.000000003,
            "top10_percentage_of_total_supply": 100.00000000000031,
            "top10_percentage_of_circulating_supply": 100.00000000000016,
            "top_10_less_than_70_percent_of_total": false,
            "top_10_less_than_70_percent_of_circulating": false
        },
        "liquidity": {
            "price_usd": 136.6234722611888,
            "liquidity_usd": 8.197408335671327e-16,
            "market_cap_usd": 136623472.261189,
            "liquidity_to_market_cap_ratio": 5.9999999999999896e-24,
            "token_volume": 0.0,
            "volume_usd": 0.0,
            "volume_to_liquidity_ratio": 0.0,
            "locked_liquidity_percent": 100.0,
            "locked_95_for_15_days": false,
            "creator_under_5_percent": false,
            "creator_percent_of_lp": 99.3699,
            "owner_under_5_percent": true,
            "owner_percent_of_lp": 0.0,
            "total_lp_supply": 1e-15,
            "lp_holders_count": 1,
            "lp_holders": [
                {
                    "address": "0x0000000000000000000000000000000000000000",
                    "balance": 1e-15,
                    "is_locked": true,
                    "percent": 100.0,
                    "tag": "Null Address"
                }
            ],
            "error": "Liquidity pool info could not be retrieved."
        },
        "security": {
            "warnings": null,
            "homany_warnings": 0,
            "suspicious_urls": null,
            "howmany_suspicious_urls": 0,
            "suspicious_addresses": null,
            "howmany_suspicious_addresses": 0,
            "error": "Security analysis data not available."
        },
        "lifecycle": {
            "token_age_seconds": 78408801.670138,
            "token_creation_date": "2023-03-02T14:27:48",
            "creation_to_first_trade_seconds": 0.0,
            "creation_to_first_trade_blocks": 0,
            "last_tx_hash": "0xa57c5d6288dd6e7d78d1502f8a0f5f6f81fb22675e4e5eda08af6286d0a86243",
            "last_active_age": "2023-03-02T17:08:28",
            "inactive_days": 907.3977361229514
        }
    },
    "errors": []
}