{
    "token_address": "0xc49057931204aFcfE3cB2D6472B3cd9725913fcb",
    "chain": "bsc",
    "token_name": "Retro Tapes",
    "analyses": {
        "contract": {
            "contract_name": null,
            "compiler_version": null,
            "license_type": null,
            "implementation": null,
            "source_code": null,
            "abi": null,
            "verified": false,
            "owner": "0xfa3beaa9bce2b33179e711bd3e311ee0e7cb8a0a",
            "creator": "0xfa3beaa9bce2b33179e711bd3e311ee0e7cb8a0a",
            "is_hidden_owner": false,
            "is_proxy": null,
            "is_sellable": true,
            "is_hardcoded_owner": null,
            "code_analysis": {
                "total_matches": 0,
                "patterns_found": {}
            }
        },
        "holder": {
            "total_holders": 46,
            "holders_list": {
                "0xfa3beaa9bce2b33179e711bd3e311ee0e7cb8a0a": {
                    "balance": 99999039341.32742,
                    "percentage_of_total_supply": 99.99903934132742,
                    "percentage_of_circulating_supply": 99.99903934132742
                },
                "0x331cd55351a9e742ab94677d5ab356fe48b4fa2b": {
                    "balance": 938343.11548062,
                    "percentage_of_total_supply": 0.00093834311548062,
                    "percentage_of_circulating_supply": 0.00093834311548062
                },
                "0xb7c040eb8a09f13fac70cf5e48c7f6a4170bd51d": {
                    "balance": 10389.357175324,
                    "percentage_of_total_supply": 1.0389357175324e-05,
                    "percentage_of_circulating_supply": 1.0389357175324e-05
                },
                "0x1d34058c3fcff8573d0b381ae71aa3d4653c7310": {
                    "balance": 2795.523081684,
                    "percentage_of_total_supply": 2.795523081684e-06,
                    "percentage_of_circulating_supply": 2.795523081684e-06
                },
                "0x7731b85b3f843f673f6837f9ca88f8987f501c6e": {
                    "balance": 1430.765937328,
                    "percentage_of_total_supply": 1.430765937328e-06,
                    "percentage_of_circulating_supply": 1.430765937328e-06
                },
                "0x546eb43c800d683f547f06be4b809cc449704378": {
                    "balance": 1325.293131884,
                    "percentage_of_total_supply": 1.325293131884e-06,
                    "percentage_of_circulating_supply": 1.325293131884e-06
                },
                "0x107f00c2a665a666bdd3208adb8e8595e6f432bc": {
                    "balance": 860.534566225,
                    "percentage_of_total_supply": 8.605345662250001e-07,
                    "percentage_of_circulating_supply": 8.605345662250001e-07
                },
                "0x8fcadc468f894e48e4b65834efe31f0ee733b4d7": {
                    "balance": 717.446069516,
                    "percentage_of_total_supply": 7.17446069516e-07,
                    "percentage_of_circulating_supply": 7.17446069516e-07
                },
                "0x003568ca09911b325b49ee2c10934141830d2b33": {
                    "balance": 507.98200508,
                    "percentage_of_total_supply": 5.0798200508e-07,
                    "percentage_of_circulating_supply": 5.0798200508e-07
                },
                "0x2c741f64ac82076e858a7c8b318a2bc485604da5": {
                    "balance": 458.334382561,
                    "percentage_of_total_supply": 4.58334382561e-07,
                    "percentage_of_circulating_supply": 4.58334382561e-07
                },
                "0x02e807bcc1608eb5d99a1098cb48b359d292fe4d": {
                    "balance": 456.765924692,
                    "percentage_of_total_supply": 4.56765924692e-07,
                    "percentage_of_circulating_supply": 4.56765924692e-07
                },
                "0x7d5c4e5a65ac7a7c5e2f46759b1eb387545ff2f6": {
                    "balance": 296.881353452,
                    "percentage_of_total_supply": 2.96881353452e-07,
                    "percentage_of_circulating_supply": 2.96881353452e-07
                },
                "0xd02ff844cfdda62666617775b89f3c784cdcd9ae": {
                    "balance": 293.183110841,
                    "percentage_of_total_supply": 2.93183110841e-07,
                    "percentage_of_circulating_supply": 2.93183110841e-07
                },
                "0x321941d0488a20a94819243e517beebf9aa5a39f": {
                    "balance": 280.623514027,
                    "percentage_of_total_supply": 2.80623514027e-07,
                    "percentage_of_circulating_supply": 2.80623514027e-07
                },
                "0x40075ae3b75a3c534da85e2c4bf7bfa4caa53c9e": {
                    "balance": 224.521266855,
                    "percentage_of_total_supply": 2.24521266855e-07,
                    "percentage_of_circulating_supply": 2.24521266855e-07
                },
                "0x42da4dbeb05ee18079270379432773dee5ef803f": {
                    "balance": 223.287736818,
                    "percentage_of_total_supply": 2.23287736818e-07,
                    "percentage_of_circulating_supply": 2.23287736818e-07
                },
                "0x5a868b57f691d4e0492fb70d6a623265157ba0a9": {
                    "balance": 219.025943874,
                    "percentage_of_total_supply": 2.1902594387399999e-07,
                    "percentage_of_circulating_supply": 2.1902594387399999e-07
                },
                "0x6eeab001a7f4cffcd2016d3db99802de477bae59": {
                    "balance": 201.591059479,
                    "percentage_of_total_supply": 2.0159105947900001e-07,
                    "percentage_of_circulating_supply": 2.0159105947900001e-07
                },
                "0x8338d7c81edf6f8f1c0fdf1cd342be657865477a": {
                    "balance": 194.00979267,
                    "percentage_of_total_supply": 1.9400979267000003e-07,
                    "percentage_of_circulating_supply": 1.9400979267000003e-07
                },
                "0x6fde6afd07a331004c7e80e0771d5d5fa1a7d0d7": {
                    "balance": 187.199450345,
                    "percentage_of_total_supply": 1.87199450345e-07,
                    "percentage_of_circulating_supply": 1.87199450345e-07
                },
                "0x3a7f486302c897af6d0a565eb5418e80e2ab3634": {
                    "balance": 182.517883163,
                    "percentage_of_total_supply": 1.82517883163e-07,
                    "percentage_of_circulating_supply": 1.82517883163e-07
                },
                "0x10b15496ba65cf484bded518627f7f6f256e11ec": {
                    "balance": 159.326056903,
                    "percentage_of_total_supply": 1.59326056903e-07,
                    "percentage_of_circulating_supply": 1.59326056903e-07
                },
                "0x013878b586f86ecab78b8c05b7b080c60cd22517": {
                    "balance": 143.984951844,
                    "percentage_of_total_supply": 1.43984951844e-07,
                    "percentage_of_circulating_supply": 1.43984951844e-07
                },
                "0x7741ea8c86de0dae5398cb4d3a58d0c0e0c1f60d": {
                    "balance": 140.384214345,
                    "percentage_of_total_supply": 1.40384214345e-07,
                    "percentage_of_circulating_supply": 1.40384214345e-07
                },
                "0x40a56069f3967e920e04ea50e287029f6a69c280": {
                    "balance": 122.464457173,
                    "percentage_of_total_supply": 1.22464457173e-07,
                    "percentage_of_circulating_supply": 1.22464457173e-07
                },
                "0x70927db25788662baca6a244a5177db9c70a9eef": {
                    "balance": 77.142036636,
                    "percentage_of_total_supply": 7.7142036636e-08,