{
    "token_address": "0x566811F2F94cc432608733C9E40dedabB6E63cB9",
    "chain": "bsc",
    "token_name": "Queen Coin",
    "analyses": {
        "contract": {
            "contract_name": null,
            "compiler_version": null,
            "license_type": null,
            "implementation": null,
            "source_code": null,
            "abi": null,
            "verified": false,
            "owner": "0xd14dc0ad69221360ff1b03cfa8585d37f77ba1c0",
            "creator": "0xd14dc0ad69221360ff1b03cfa8585d37f77ba1c0",
            "is_hidden_owner": false,
            "is_proxy": null,
            "is_sellable": true,
            "is_hardcoded_owner": null,
            "code_analysis": {
                "total_matches": 0,
                "patterns_found": {}
            }
        },
        "holder": {
            "total_holders": 27,
            "holders_list": {
                "0xd14dc0ad69221360ff1b03cfa8585d37f77ba1c0": {
                    "balance": 856320180.3945266,
                    "percentage_of_total_supply": 85.63201803945266,
                    "percentage_of_circulating_supply": 85.63201803945266
                },
                "0x12239457117352c7b212639b63a56bcae273e843": {
                    "balance": 62833787.70236362,
                    "percentage_of_total_supply": 6.283378770236362,
                    "percentage_of_circulating_supply": 6.283378770236362
                },
                "0x37f8294edcad4b161b6135e89097d13c15106721": {
                    "balance": 17443576.196694225,
                    "percentage_of_total_supply": 1.7443576196694226,
                    "percentage_of_circulating_supply": 1.7443576196694226
                },
                "0xc4eddb4f48fdf5e5a9cf78ac3aaeec6d0441e05c": {
                    "balance": 13499353.90869261,
                    "percentage_of_total_supply": 1.3499353908692608,
                    "percentage_of_circulating_supply": 1.3499353908692608
                },
                "0xf4955442ebe193805a663315edadd480436b3144": {
                    "balance": 8965855.800841922,
                    "percentage_of_total_supply": 0.8965855800841922,
                    "percentage_of_circulating_supply": 0.8965855800841922
                },
                "0xd58e02a9a6f1c9d49c24513038d6a1c860536090": {
                    "balance": 7548330.716892603,
                    "percentage_of_total_supply": 0.7548330716892603,
                    "percentage_of_circulating_supply": 0.7548330716892603
                },
                "0x1d267806d711b3a748e314317b5892cc1bbae1c8": {
                    "balance": 5445777.50977713,
                    "percentage_of_total_supply": 0.544577750977713,
                    "percentage_of_circulating_supply": 0.544577750977713
                },
                "0xaab74dd15312036c49f2f1530313056f756b4041": {
                    "balance": 5438030.251603595,
                    "percentage_of_total_supply": 0.5438030251603595,
                    "percentage_of_circulating_supply": 0.5438030251603595
                },
                "0xb3cc3bcdaeca37765d02240f2f475170e69a3a86": {
                    "balance": 5311471.290424872,
                    "percentage_of_total_supply": 0.5311471290424873,
                    "percentage_of_circulating_supply": 0.5311471290424873
                },
                "0x50c04ad9eec27c03b798a0e41ce03505248be2c0": {
                    "balance": 4131937.125422894,
                    "percentage_of_total_supply": 0.41319371254228937,
                    "percentage_of_circulating_supply": 0.41319371254228937
                },
                "0xcd280e10a4f21bfc91c5c4333fe462120903253d": {
                    "balance": 3172351.598535272,
                    "percentage_of_total_supply": 0.3172351598535272,
                    "percentage_of_circulating_supply": 0.3172351598535272
                },
                "0x98e46ed860ffefd5d54df44c603fd3e748137704": {
                    "balance": 1936616.116794447,
                    "percentage_of_total_supply": 0.1936616116794447,
                    "percentage_of_circulating_supply": 0.1936616116794447
                },
                "0x605da38c1ead3d2e38cc2053be2f60d0a8ae13cc": {
                    "balance": 1502229.095863466,
                    "percentage_of_total_supply": 0.1502229095863466,
                    "percentage_of_circulating_supply": 0.1502229095863466
                },
                "0x297df003836ab2c65860d54e72e34758abbf08d4": {
                    "balance": 1409178.975600683,
                    "percentage_of_total_supply": 0.1409178975600683,
                    "percentage_of_circulating_supply": 0.1409178975600683
                },
                "0xd18728ba996816eb07c54a9bc4bb33c28c6e24a6": {
                    "balance": 1013791.737010529,
                    "percentage_of_total_supply": 0.1013791737010529,
                    "percentage_of_circulating_supply": 0.1013791737010529
                },
                "0x8bbf4471cf3867c380832385dcf15c40bc17d379": {
                    "balance": 977398.961407156,
                    "percentage_of_total_supply": 0.09773989614071558,
                    "percentage_of_circulating_supply": 0.09773989614071558
                },
                "0x89469c433c34959192dbe27bc344ec58887cb092": {
                    "balance": 842018.135867599,
                    "percentage_of_total_supply": 0.0842018135867599,
                    "percentage_of_circulating_supply": 0.0842018135867599
                },
                "0x2f225f8a538e7fd613e8ba79dcddc7d1422aed1c": {
                    "balance": 674310.383621981,
                    "percentage_of_total_supply": 0.0674310383621981,
                    "percentage_of_circulating_supply": 0.0674310383621981
                },
                "0xeba6c1cf759c2140258e10680f25b8d7263165b5": {
                    "balance": 637867.78930695,
                    "percentage_of_total_supply": 0.063786778930695,
                    "percentage_of_circulating_supply": 0.063786778930695
                },
                "0x189ce0cb5a07e100bf2079160dffd23b3e0c574a": {
                    "balance": 397180.704326618,
                    "percentage_of_total_supply": 0.039718070432661796,
                    "percentage_of_circulating_supply": 0.039718070432661796
                },
                "0x433d13a0a33d2d2a6540c05520c456c093f34b85": {
                    "balance": 270000.0,
                    "percentage_of_total_supply": 0.027,
                    "percentage_of_circulating_supply": 0.027
                },
                "0x838a991b7e8314bdede5887e10a4ae37b7a9c6a4": {
                    "balance": 97885.393833807,
                    "percentage_of_total_supply": 0.0097885393833807,
                    "percentage_of_circulating_supply": 0.0097885393833807
                },
                "0xa7cce5859efe3e8fa26d01eb05d48dec154b3db1": {
                    "balance": 79772.033374905,
                    "percentage_of_total_supply": 0.0079772033374905,
                    "percentage_of_circulating_supply": 0.0079772033374905
                },
                "0x0ed943ce24baebf257488771759f9bf482c39706": {
                    "balance": 51034.373595101,
                    "percentage_of_total_supply": 0.0051034373595101,
                    "percentage_of_circulating_supply": 0.0051034373595101
                },
                "0x51d2270c8ad12419104bef831981a071feb81b83": {
                    "balance": 63.801621292,
                    "percentage_of_total_supply": 6.3801621292e-06,
                    "percentage_of_circulating_supply": 6.3801621292e-06
                },
                "0x5a309d985ab835a761b8db09fd61e26d1fbb5693": {
                    "balance": 0.002,
                    "percentage_of_total_supply": 2e-10,