{
    "token_address": "0x21D103C52721B9bdF970e32CD30193A7e1C4614B",
    "chain": "bsc",
    "token_name": "XP NETWORK",
    "analyses": {
        "contract": {
            "contract_name": null,
            "compiler_version": null,
            "license_type": null,
            "implementation": null,
            "source_code": null,
            "abi": null,
            "verified": false,
            "owner": "0x2841e1af39b9255168ae61b9160a825c8e2d7526",
            "creator": "0x2841e1af39b9255168ae61b9160a825c8e2d7526",
            "is_hidden_owner": false,
            "is_proxy": null,
            "is_sellable": true,
            "is_hardcoded_owner": null,
            "code_analysis": {
                "total_matches": 0,
                "patterns_found": {}
            }
        },
        "holder": {
            "total_holders": 47,
            "holders_list": {
                "0xe7502dcdbab5135445cdba007bfa7d0b172262a5": {
                    "balance": 312.935167,
                    "percentage_of_total_supply": 0.0312935167,
                    "percentage_of_circulating_supply": 0.0312935167
                },
                "0xf49b419f396d4c3694fc043ffbad90662aa36fe3": {
                    "balance": 109.505829,
                    "percentage_of_total_supply": 0.0109505829,
                    "percentage_of_circulating_supply": 0.0109505829
                },
                "0x58e7006b16e55ac1fa82b08e5285461fce2751a1": {
                    "balance": 100.0,
                    "percentage_of_total_supply": 0.01,
                    "percentage_of_circulating_supply": 0.01
                },
                "0x328746aecc2c5650a2935867994b99519bc0b7a0": {
                    "balance": 28.83444,
                    "percentage_of_total_supply": 0.0028834439999999998,
                    "percentage_of_circulating_supply": 0.0028834439999999998
                },
                "0x0e364579025a712526d741a1fb7ae54731fda24d": {
                    "balance": 106.723703,
                    "percentage_of_total_supply": 0.0106723703,
                    "percentage_of_circulating_supply": 0.0106723703
                },
                "0x3a7418c500c9a4697b2690a659eafae47407dace": {
                    "balance": 180.0,
                    "percentage_of_total_supply": 0.018000000000000002,
                    "percentage_of_circulating_supply": 0.018000000000000002
                },
                "0x650a6e47651edbc1b64bf35441c3633f0e6d1539": {
                    "balance": 6837.61941,
                    "percentage_of_total_supply": 0.683761941,
                    "percentage_of_circulating_supply": 0.683761941
                },
                "0x8bbe2b20fb30f07aa200a9901334fc3db8a86d97": {
                    "balance": 14.363282,
                    "percentage_of_total_supply": 0.0014363282,
                    "percentage_of_circulating_supply": 0.0014363282
                },
                "0xaf6f4c5104093d0bb58b4105db5cac7e42a0a507": {
                    "balance": 27.837978,
                    "percentage_of_total_supply": 0.0027837978,
                    "percentage_of_circulating_supply": 0.0027837978
                },
                "0x95bef9fe82914d66534bbe4a9c936f2aaad000f6": {
                    "balance": 33.83865,
                    "percentage_of_total_supply": 0.0033838650000000002,
                    "percentage_of_circulating_supply": 0.0033838650000000002
                },
                "0x62f7ea129a4aa6e9fd09595f90eca1469ca20078": {
                    "balance": 60.874555,
                    "percentage_of_total_supply": 0.0060874555,
                    "percentage_of_circulating_supply": 0.0060874555
                },
                "0xc486418d071be85969560139a832136eb57af783": {
                    "balance": 1.0,
                    "percentage_of_total_supply": 9.999999999999999e-05,
                    "percentage_of_circulating_supply": 9.999999999999999e-05
                },
                "0x0ed943ce24baebf257488771759f9bf482c39706": {
                    "balance": 190.531587,
                    "percentage_of_total_supply": 0.0190531587,
                    "percentage_of_circulating_supply": 0.0190531587
                },
                "0x25bc0a3c3859d41d153ab1d4ed6b3fe21e9e534b": {
                    "balance": 16.388262,
                    "percentage_of_total_supply": 0.0016388262,
                    "percentage_of_circulating_supply": 0.0016388262
                },
                "0xaf4aaed0a34f4ccd0921df2fa2e9c333a0fb5e8c": {
                    "balance": 1591.271277,
                    "percentage_of_total_supply": 0.1591271277,
                    "percentage_of_circulating_supply": 0.1591271277
                },
                "0x2fe232a5dfba124b592bc4250ab55ce660951301": {
                    "balance": 1460.648806,
                    "percentage_of_total_supply": 0.1460648806,
                    "percentage_of_circulating_supply": 0.1460648806
                },
                "0xa74eef80fe01609a6e26ebc21959ac14d8f470ad": {
                    "balance": 166.0,
                    "percentage_of_total_supply": 0.0166,
                    "percentage_of_circulating_supply": 0.0166
                },
                "0xdbe4858957a6c7a1a3e87c4b09e6d8cb60f9cd32": {
                    "balance": 4423.084129,
                    "percentage_of_total_supply": 0.4423084129,
                    "percentage_of_circulating_supply": 0.4423084129
                },
                "0x8e76cc7729da42988a1904e31d79f5597fa70569": {
                    "balance": 205.492964,
                    "percentage_of_total_supply": 0.0205492964,
                    "percentage_of_circulating_supply": 0.0205492964
                },
                "0xe18978aa2fb73ecae33d386f657c3ce26779fd65": {
                    "balance": 568.088649,
                    "percentage_of_total_supply": 0.056808864900000006,
                    "percentage_of_circulating_supply": 0.056808864900000006
                },
                "0x4d9b1a7d9d05892e26989d3a1dcc4123ee6236b3": {
                    "balance": 28.731799,
                    "percentage_of_total_supply": 0.0028731799,
                    "percentage_of_circulating_supply": 0.0028731799
                },
                "0x5242cf14ffcaab1fda4e6d32e80a86c856d53cf8": {
                    "balance": 126.360902,
                    "percentage_of_total_supply": 0.0126360902,
                    "percentage_of_circulating_supply": 0.0126360902
                },
                "0xa880e729fe3fae1b15ed869fbe74cda8803188cd": {
                    "balance": 1e-06,
                    "percentage_of_total_supply": 1e-10,
                    "percentage_of_circulating_supply": 1e-10
                },
                "0x26c09262739661f74c97fa4c3f5ce87f57fd40e7": {
                    "balance": 2890.258923,
                    "percentage_of_total_supply": 0.2890258923,
                    "percentage_of_circulating_supply": 0.2890258923
                },
                "0xbde67a160f48b1cc2cb07f208a7dc42043d636ac": {
                    "balance": 134.375425,
                    "percentage_of_total_supply": 0.013437542500000002,
                    "percentage_of_circulating_supply": 0.013437542500000002
                },
                "0x2841e1af39b9255168ae61b9160a825c8e2d7526": {
                    "balance": 961413.934704,
                    "percentage_of_total_supply": 96.1413934704,
                    "percentage_of_circulating_supply": 96.1413934704
                },
                "0xe331b19dd345205dda3af9878644f10511c3ed82": {
                    "balance": 350.836417,
                    "percentage_of_total_supply": 0.0350836417,
                    "percentage_of_circulating_supply": 0.0350836417
                },