{
    "token_address": "0x9e94Df8cb0f241B0A679C408F031DfC2eE2B95ED",
    "chain": "bsc",
    "token_name": "Yupoy Logas",
    "analyses": {
        "contract": {
            "contract_name": null,
            "compiler_version": null,
            "license_type": null,
            "implementation": null,
            "source_code": null,
            "abi": null,
            "verified": false,
            "owner": "0x549f415063c8f31b50c674bd18139547f22f423e",
            "creator": "0x549f415063c8f31b50c674bd18139547f22f423e",
            "is_hidden_owner": false,
            "is_proxy": null,
            "is_sellable": true,
            "is_hardcoded_owner": null,
            "code_analysis": {
                "total_matches": 0,
                "patterns_found": {}
            }
        },
        "holder": {
            "total_holders": 22,
            "holders_list": {
                "0x549f415063c8f31b50c674bd18139547f22f423e": {
                    "balance": 99999041515.74852,
                    "percentage_of_total_supply": 99.99904151574852,
                    "percentage_of_circulating_supply": 99.99904151574854
                },
                "0xa07f31e19602a13413bd93daffb3f842cf8c5750": {
                    "balance": 953627.84439867,
                    "percentage_of_total_supply": 0.0009536278443986701,
                    "percentage_of_circulating_supply": 0.0009536278443986702
                },
                "0x29c18fd97e404e465a524f04d3ce88b2ee1b6d3d": {
                    "balance": 3361.895499555,
                    "percentage_of_total_supply": 3.361895499555e-06,
                    "percentage_of_circulating_supply": 3.361895499555001e-06
                },
                "0xfef1e043d2ae373b371857c70fc9206f21485d43": {
                    "balance": 359.841486782,
                    "percentage_of_total_supply": 3.59841486782e-07,
                    "percentage_of_circulating_supply": 3.5984148678200005e-07
                },
                "0xb948bfd2d7d4c7c4ffdc60155d334914bf6c548d": {
                    "balance": 292.354589875,
                    "percentage_of_total_supply": 2.92354589875e-07,
                    "percentage_of_circulating_supply": 2.9235458987500003e-07
                },
                "0x7a741071f21bffd8574219ed165d37adc625a0e6": {
                    "balance": 256.422994967,
                    "percentage_of_total_supply": 2.56422994967e-07,
                    "percentage_of_circulating_supply": 2.5642299496700005e-07
                },
                "0x1b0a978b6ee85b4cbf08a93875b2126242ad1e9e": {
                    "balance": 78.621900779,
                    "percentage_of_total_supply": 7.8621900779e-08,
                    "percentage_of_circulating_supply": 7.862190077900001e-08
                },
                "0x25029c80d793ea0f842e62b4a010ab68af301572": {
                    "balance": 71.692401979,
                    "percentage_of_total_supply": 7.1692401979e-08,
                    "percentage_of_circulating_supply": 7.169240197900001e-08
                },
                "0xdd2cadfecf69370aab71dfd8a2c4205a6cfd67d3": {
                    "balance": 67.018498644,
                    "percentage_of_total_supply": 6.7018498644e-08,
                    "percentage_of_circulating_supply": 6.701849864400001e-08
                },
                "0xca9aebef1e47040d7f9eeb64b2b88a513bae9cdc": {
                    "balance": 62.383773837,
                    "percentage_of_total_supply": 6.2383773837e-08,
                    "percentage_of_circulating_supply": 6.238377383700001e-08
                },
                "0xdd23a9ec023c728a6d87c79918f7c9f28665a3f6": {
                    "balance": 60.386393916,
                    "percentage_of_total_supply": 6.0386393916e-08,
                    "percentage_of_circulating_supply": 6.0386393916e-08
                },
                "0x0ed943ce24baebf257488771759f9bf482c39706": {
                    "balance": 49.776154815,
                    "percentage_of_total_supply": 4.9776154815000005e-08,
                    "percentage_of_circulating_supply": 4.9776154815000005e-08
                },
                "0x99ffd0296f4f515e9196a8cb9b70b8dfa519f117": {
                    "balance": 42.59165386,
                    "percentage_of_total_supply": 4.259165386e-08,
                    "percentage_of_circulating_supply": 4.259165386000001e-08
                },
                "0x670642828eb772844e3fa34edf2b698ca4499ef8": {
                    "balance": 39.482563403,
                    "percentage_of_total_supply": 3.9482563403e-08,
                    "percentage_of_circulating_supply": 3.9482563403000005e-08
                },
                "0x9d53dc8bf496bab4e02f7147ba05cd96e24c2af6": {
                    "balance": 31.045435337,
                    "percentage_of_total_supply": 3.1045435337e-08,
                    "percentage_of_circulating_supply": 3.1045435337e-08
                },
                "0xb3291f691b700c893f7fd07b709bfc9a14f4553f": {
                    "balance": 27.188161642,
                    "percentage_of_total_supply": 2.7188161642000003e-08,
                    "percentage_of_circulating_supply": 2.7188161642000003e-08
                },
                "0x07c9785564149e6209c74956ca485401184316ee": {
                    "balance": 26.51016679,
                    "percentage_of_total_supply": 2.6510166790000003e-08,
                    "percentage_of_circulating_supply": 2.6510166790000006e-08
                },
                "0x6944fda87f176a36246aa0639737fe4bdf3e1627": {
                    "balance": 22.283640091,
                    "percentage_of_total_supply": 2.2283640091e-08,
                    "percentage_of_circulating_supply": 2.2283640091000006e-08
                },
                "0x9ecf470cbe9e32e1620ff9733a2ea388eb54fe18": {
                    "balance": 3.920517167,
                    "percentage_of_total_supply": 3.920517167e-09,
                    "percentage_of_circulating_supply": 3.920517167000001e-09
                },
                "0x6e2a9f3ceaf9a11a3cc25373ab0ff7a617357560": {
                    "balance": 2.371714705,
                    "percentage_of_total_supply": 2.371714705e-09,
                    "percentage_of_circulating_supply": 2.3717147050000005e-09
                },
                "0x355f57d8864898596574fb1889dba700dfd175ac": {
                    "balance": 0.619536284,
                    "percentage_of_total_supply": 6.19536284e-10,
                    "percentage_of_circulating_supply": 6.195362840000001e-10
                },
                "0xadc363d40d87e7dc59eb7bcaff20e3a6c41fae3d": {
                    "balance": 1e-09,
                    "percentage_of_total_supply": 9.999999999999999e-19,
                    "percentage_of_circulating_supply": 1e-18
                }
            },
            "total_supply": 100000000000.0,
            "total_circulating_supply": 99999999999.99998,
            "owner": {
                "address": "0x549f415063c8f31b50c674bd18139547f22f423e",
                "balance": 99999041515.74852,
                "percentage_of_circulating_supply": 99.99904151574854,
                "exceeds_5_percent": true
            },
            "creator": {
                "address": "0x549f415063c8f31b50c674bd18139547f22f423e",
                "balance": 99999041515.74852,
                "percentage_of_circulating_supply": 99.99904151574854,
                "exceeds_5_percent": true
            },
            "holders_exceeding_5_percent_circulating": [],
            "howmany_holders_exceeding_5_percent_circulating": 0,
            "top_10_holders": [
                {
                    "address": "0x549f415063c8f31b50c674bd18139547f22f423e",
                    "balance": 99999041515.74852,
                    "percentage_of_total_supply": 99.99904151574852,