{
    "token_address": "0xa9Fd4728F1287FC3fe604599E51e1271e2db82CF",
    "chain": "bsc",
    "token_name": "Rocket MOON",
    "analyses": {
        "contract": {
            "contract_name": null,
            "compiler_version": null,
            "license_type": null,
            "implementation": null,
            "source_code": null,
            "abi": null,
            "verified": false,
            "owner": null,
            "creator": "0x38d6ade31f523b7533f4221b7eb7b864aa39d521",
            "is_hidden_owner": true,
            "is_proxy": null,
            "is_sellable": true,
            "is_hardcoded_owner": null,
            "code_analysis": {
                "total_matches": 0,
                "patterns_found": {}
            }
        },
        "holder": {
            "total_holders": 14,
            "holders_list": {
                "0x38d6ade31f523b7533f4221b7eb7b864aa39d521": {
                    "balance": 6.690211117915076e+16,
                    "percentage_of_total_supply": 96.95958141905908,
                    "percentage_of_circulating_supply": 96.95958141905908
                },
                "0x0d56d0a75188a624cbd06872af248b9fe6a7c8a2": {
                    "balance": 799981232637468.0,
                    "percentage_of_total_supply": 1.1593930907789392,
                    "percentage_of_circulating_supply": 1.1593930907789394
                },
                "0x7f76d8c8e33c48794cb9aed1a06f70af4982a344": {
                    "balance": 390498645813203.0,
                    "percentage_of_total_supply": 0.5659400663959464,
                    "percentage_of_circulating_supply": 0.5659400663959464
                },
                "0x4c377dbd8b58f19f067072b4b6bc8715991b2222": {
                    "balance": 276206353137674.0,
                    "percentage_of_total_supply": 0.40029906251836816,
                    "percentage_of_circulating_supply": 0.40029906251836816
                },
                "0xd19877b85b6f12c05265b043852bbf867bb0e979": {
                    "balance": 257106890063184.0,
                    "percentage_of_total_supply": 0.3726186812509913,
                    "percentage_of_circulating_supply": 0.37261868125099135
                },
                "0xa828e5685ac07868155da6f74d7041c422f5572e": {
                    "balance": 220432324003213.0,
                    "percentage_of_total_supply": 0.3194671362365406,
                    "percentage_of_circulating_supply": 0.3194671362365406
                },
                "0x85f9a6bdc5dd5ae654676a440c77d84999924108": {
                    "balance": 120383532104945.0,
                    "percentage_of_total_supply": 0.17446888710861594,
                    "percentage_of_circulating_supply": 0.17446888710861597
                },
                "0xee99d903f5510a621a69d22015ad5aee219ac277": {
                    "balance": 24904638213187.0,
                    "percentage_of_total_supply": 0.03609367856983624,
                    "percentage_of_circulating_supply": 0.03609367856983624
                },
                "0x2be87ad70cf11ea294d7c42044b5b8277a3e4874": {
                    "balance": 7639033404643.0,
                    "percentage_of_total_supply": 0.01107106290527971,
                    "percentage_of_circulating_supply": 0.011071062905279712
                },
                "0x0f2938ec2e3000820fc58c67ccfb3fcde148f8fb": {
                    "balance": 514345200385.0,
                    "percentage_of_total_supply": 0.0007454278266449275,
                    "percentage_of_circulating_supply": 0.0007454278266449276
                },
                "0xa036b721c62b104872aa8a109a63be9ed0470b71": {
                    "balance": 95008465554.0,
                    "percentage_of_total_supply": 0.00013769342833913043,
                    "percentage_of_circulating_supply": 0.00013769342833913045
                },
                "0x044a1ddca062fd70478beeee0e76635487089546": {
                    "balance": 56286175075.0,
                    "percentage_of_total_supply": 8.157416677536232e-05,
                    "percentage_of_circulating_supply": 8.157416677536232e-05
                },
                "0x96e958c4b80b303da94f1d74a8440e31dc53d70e": {
                    "balance": 50593293318.0,
                    "percentage_of_total_supply": 7.332361350434782e-05,
                    "percentage_of_circulating_supply": 7.332361350434783e-05
                },
                "0xd64539430357bb87066e8e0af5ebbf962cd9588b": {
                    "balance": 19938337389.0,
                    "percentage_of_total_supply": 2.889614114347826e-05,
                    "percentage_of_circulating_supply": 2.8896141143478265e-05
                }
            },
            "total_supply": 6.9e+16,
            "total_circulating_supply": 6.899999999999999e+16,
            "owner": {},
            "creator": {
                "address": "0x38d6ade31f523b7533f4221b7eb7b864aa39d521",
                "balance": 6.690211117915076e+16,
                "percentage_of_circulating_supply": 96.95958141905908,
                "exceeds_5_percent": true
            },
            "holders_exceeding_5_percent_circulating": [],
            "howmany_holders_exceeding_5_percent_circulating": 0,
            "top_10_holders": [
                {
                    "address": "0x38d6ade31f523b7533f4221b7eb7b864aa39d521",
                    "balance": 6.690211117915076e+16,
                    "percentage_of_total_supply": 96.95958141905908,
                    "percentage_of_circulating_supply": 96.95958141905908
                },
                {
                    "address": "0x0d56d0a75188a624cbd06872af248b9fe6a7c8a2",
                    "balance": 799981232637468.0,
                    "percentage_of_total_supply": 1.1593930907789392,
                    "percentage_of_circulating_supply": 1.1593930907789394
                },
                {
                    "address": "0x7f76d8c8e33c48794cb9aed1a06f70af4982a344",
                    "balance": 390498645813203.0,
                    "percentage_of_total_supply": 0.5659400663959464,
                    "percentage_of_circulating_supply": 0.5659400663959464
                },
                {
                    "address": "0x4c377dbd8b58f19f067072b4b6bc8715991b2222",
                    "balance": 276206353137674.0,
                    "percentage_of_total_supply": 0.40029906251836816,
                    "percentage_of_circulating_supply": 0.40029906251836816
                },
                {
                    "address": "0xd19877b85b6f12c05265b043852bbf867bb0e979",
                    "balance": 257106890063184.0,
                    "percentage_of_total_supply": 0.3726186812509913,
                    "percentage_of_circulating_supply": 0.37261868125099135
                },
                {
                    "address": "0xa828e5685ac07868155da6f74d7041c422f5572e",
                    "balance": 220432324003213.0,
                    "percentage_of_total_supply": 0.3194671362365406,
                    "percentage_of_circulating_supply": 0.3194671362365406
                },
                {
                    "address": "0x85f9a6bdc5dd5ae654676a440c77d84999924108",
                    "balance": 120383532104945.0,
                    "percentage_of_total_supply": 0.17446888710861594,
                    "percentage_of_circulating_supply": 0.17446888710861597
                },
                {
                    "address": "0xee99d903f5510a621a69d22015ad5aee219ac277",
                    "balance": 24904638213187.0,
                    "percentage_of_total_supply": 0.03609367856983624,
                    "percentage_of_circulating_supply": 0.03609367856983624
                },
                {
                    "address": "0x2be87ad70cf11ea294d7c42044b5b8277a3e4874",
                    "balance": 7639033404643.0,