{
    "token_address": "0x3E9712fb52efeeCB4De757789ff1F608c892eD6F",
    "chain": "bsc",
    "token_name": "Melanoid",
    "analyses": {
        "contract": {
            "contract_name": null,
            "compiler_version": null,
            "license_type": null,
            "implementation": null,
            "source_code": null,
            "abi": null,
            "verified": false,
            "owner": "0xd2f815bb5896221277c02ce2db779f0482636ee1",
            "creator": "0xd2f815bb5896221277c02ce2db779f0482636ee1",
            "is_hidden_owner": false,
            "is_proxy": null,
            "is_sellable": true,
            "is_hardcoded_owner": null,
            "code_analysis": {
                "total_matches": 0,
                "patterns_found": {}
            }
        },
        "holder": {
            "total_holders": 18,
            "holders_list": {
                "0xd2f815bb5896221277c02ce2db779f0482636ee1": {
                    "balance": 999138022.7512686,
                    "percentage_of_total_supply": 99.91380227512686,
                    "percentage_of_circulating_supply": 99.91380227512686
                },
                "0x1869d43f522a5e2e922e4c9a95520948fefb93f0": {
                    "balance": 766284.1363185926,
                    "percentage_of_total_supply": 0.07662841363185927,
                    "percentage_of_circulating_supply": 0.07662841363185927
                },
                "0xc713809c5a924c546ffca291ef9210b324941efb": {
                    "balance": 82639.60829789194,
                    "percentage_of_total_supply": 0.008263960829789195,
                    "percentage_of_circulating_supply": 0.008263960829789195
                },
                "0x8b2b54fbc468766e3c187a2d2dfa30a3f459e615": {
                    "balance": 3746.7501767552153,
                    "percentage_of_total_supply": 0.0003746750176755215,
                    "percentage_of_circulating_supply": 0.0003746750176755215
                },
                "0xa73566b3082bae402f607a24477dc0f3deeb96e9": {
                    "balance": 3072.816397014511,
                    "percentage_of_total_supply": 0.0003072816397014511,
                    "percentage_of_circulating_supply": 0.0003072816397014511
                },
                "0x2a2361675e4f071a5dbf4d0f3f034bcb42c4c2c8": {
                    "balance": 2360.531998737445,
                    "percentage_of_total_supply": 0.0002360531998737445,
                    "percentage_of_circulating_supply": 0.0002360531998737445
                },
                "0x45c9b3f3483dbf50dd4d6a3e5f6033954a5d9be5": {
                    "balance": 1390.4645075433605,
                    "percentage_of_total_supply": 0.00013904645075433605,
                    "percentage_of_circulating_supply": 0.00013904645075433605
                },
                "0xe876c7fb298d0ed7d6182fc3c91e8147acca0d19": {
                    "balance": 800.0,
                    "percentage_of_total_supply": 7.999999999999999e-05,
                    "percentage_of_circulating_supply": 7.999999999999999e-05
                },
                "0x8ba616846cc862adca87f257192699496e5ac045": {
                    "balance": 579.3149409501953,
                    "percentage_of_total_supply": 5.793149409501953e-05,
                    "percentage_of_circulating_supply": 5.793149409501953e-05
                },
                "0xd59a1381ee8558d84cbb3904ae5af7bf926ed7af": {
                    "balance": 395.3799423283109,
                    "percentage_of_total_supply": 3.953799423283109e-05,
                    "percentage_of_circulating_supply": 3.953799423283109e-05
                },
                "0x295ad4044037d13d5b71200a55c9e5b4896b503c": {
                    "balance": 246.41911294250477,
                    "percentage_of_total_supply": 2.4641911294250473e-05,
                    "percentage_of_circulating_supply": 2.4641911294250473e-05
                },
                "0xbdc16673f0500378c162fa7197430d1483935c3c": {
                    "balance": 191.01088674303938,
                    "percentage_of_total_supply": 1.910108867430394e-05,
                    "percentage_of_circulating_supply": 1.910108867430394e-05
                },
                "0xe39ab7ec3b233653c9332de1d11e5f2a6f16daf9": {
                    "balance": 118.1142446286546,
                    "percentage_of_total_supply": 1.181142446286546e-05,
                    "percentage_of_circulating_supply": 1.181142446286546e-05
                },
                "0x0ed943ce24baebf257488771759f9bf482c39706": {
                    "balance": 103.88497951057528,
                    "percentage_of_total_supply": 1.0388497951057528e-05,
                    "percentage_of_circulating_supply": 1.0388497951057528e-05
                },
                "0x228b871409ac7f8ebc24a6cde4c830333e809d9e": {
                    "balance": 25.03110180988685,
                    "percentage_of_total_supply": 2.5031101809886847e-06,
                    "percentage_of_circulating_supply": 2.5031101809886847e-06
                },
                "0xc0bbe244886f40d11de3a7612330cbef420e0849": {
                    "balance": 12.000000000000002,
                    "percentage_of_total_supply": 1.2000000000000002e-06,
                    "percentage_of_circulating_supply": 1.2000000000000002e-06
                },
                "0x786520787a50804b722e0b5807d6855935ae5364": {
                    "balance": 11.78582591445671,
                    "percentage_of_total_supply": 1.1785825914456711e-06,
                    "percentage_of_circulating_supply": 1.1785825914456711e-06
                },
                "0x44abc97c142d854eda225b1184933452ba7b233e": {
                    "balance": 4.409e-14,
                    "percentage_of_total_supply": 4.409e-21,
                    "percentage_of_circulating_supply": 4.409e-21
                }
            },
            "total_supply": 1000000000.0,
            "total_circulating_supply": 1000000000.0,
            "owner": {
                "address": "0xd2f815bb5896221277c02ce2db779f0482636ee1",
                "balance": 999138022.7512686,
                "percentage_of_circulating_supply": 99.91380227512686,
                "exceeds_5_percent": true
            },
            "creator": {
                "address": "0xd2f815bb5896221277c02ce2db779f0482636ee1",
                "balance": 999138022.7512686,
                "percentage_of_circulating_supply": 99.91380227512686,
                "exceeds_5_percent": true
            },
            "holders_exceeding_5_percent_circulating": [],
            "howmany_holders_exceeding_5_percent_circulating": 0,
            "top_10_holders": [
                {
                    "address": "0xd2f815bb5896221277c02ce2db779f0482636ee1",
                    "balance": 999138022.7512686,
                    "percentage_of_total_supply": 99.91380227512686,
                    "percentage_of_circulating_supply": 99.91380227512686
                },
                {
                    "address": "0x1869d43f522a5e2e922e4c9a95520948fefb93f0",
                    "balance": 766284.1363185926,
                    "percentage_of_total_supply": 0.07662841363185927,
                    "percentage_of_circulating_supply": 0.07662841363185927
                },
                {
                    "address": "0xc713809c5a924c546ffca291ef9210b324941efb",
                    "balance": 82639.60829789194,
                    "percentage_of_total_supply": 0.008263960829789195,
                    "percentage_of_circulating_supply": 0.008263960829789195
                },
                {
                    "address": "0x8b2b54fbc468766e3c187a2d2dfa30a3f459e615",
                    "balance": 3746.7501767552153,
                    "percentage_of_total_supply": 0.0003746750176755215,