{
    "token_address": "0x7cebE6492A104994439D28192325e820019AD74b",
    "chain": "bsc",
    "token_name": "Hydro Protocol",
    "analyses": {
        "contract": {
            "contract_name": null,
            "compiler_version": null,
            "license_type": null,
            "implementation": null,
            "source_code": null,
            "abi": null,
            "verified": false,
            "owner": "0x7c9ffbb8a97c1223c9674ce994bd8d20531eda33",
            "creator": "0x7c9ffbb8a97c1223c9674ce994bd8d20531eda33",
            "is_hidden_owner": false,
            "is_proxy": null,
            "is_sellable": true,
            "is_hardcoded_owner": null,
            "code_analysis": {
                "total_matches": 0,
                "patterns_found": {}
            }
        },
        "holder": {
            "total_holders": 46,
            "holders_list": {
                "0xd8e1cbf35c672b973b4657098f429be9f67b1011": {
                    "balance": 351.084385,
                    "percentage_of_total_supply": 0.035108438500000005,
                    "percentage_of_circulating_supply": 0.035108438500000005
                },
                "0x7c9ffbb8a97c1223c9674ce994bd8d20531eda33": {
                    "balance": 955405.978133,
                    "percentage_of_total_supply": 95.5405978133,
                    "percentage_of_circulating_supply": 95.5405978133
                },
                "0x2b5de673b1d4d3cee1a725549b9dd9faa655b860": {
                    "balance": 104.695155,
                    "percentage_of_total_supply": 0.0104695155,
                    "percentage_of_circulating_supply": 0.0104695155
                },
                "0x4cbfc19d9cd7f89d49aac4ca2a2f8261f871cb12": {
                    "balance": 1667.60698,
                    "percentage_of_total_supply": 0.166760698,
                    "percentage_of_circulating_supply": 0.166760698
                },
                "0x05f739da2cae917383c4c75bf52e184d64bac1c6": {
                    "balance": 34.141999,
                    "percentage_of_total_supply": 0.0034141999000000004,
                    "percentage_of_circulating_supply": 0.0034141999000000004
                },
                "0xace0086da2ae12bc6e19610719fcb822d10d665d": {
                    "balance": 1072.416543,
                    "percentage_of_total_supply": 0.1072416543,
                    "percentage_of_circulating_supply": 0.1072416543
                },
                "0x399a3f923466a69003b9a9f4b7f2f14da49d3d20": {
                    "balance": 200.0,
                    "percentage_of_total_supply": 0.02,
                    "percentage_of_circulating_supply": 0.02
                },
                "0xedcc8aa2b83dad54d16fe201b10713d645c564be": {
                    "balance": 581.273205,
                    "percentage_of_total_supply": 0.0581273205,
                    "percentage_of_circulating_supply": 0.0581273205
                },
                "0xce33645a1c9e581df7a5b682357738a282ed2bdb": {
                    "balance": 3.500895,
                    "percentage_of_total_supply": 0.0003500895,
                    "percentage_of_circulating_supply": 0.0003500895
                },
                "0xe7b5c5a9d0607fe79086fbf8ed5590ee9daccecf": {
                    "balance": 3514.002656,
                    "percentage_of_total_supply": 0.3514002656,
                    "percentage_of_circulating_supply": 0.3514002656
                },
                "0x11661ab3728da85eb7d65f6f5bf3ae2e63e7690b": {
                    "balance": 850.741425,
                    "percentage_of_total_supply": 0.08507414249999999,
                    "percentage_of_circulating_supply": 0.08507414249999999
                },
                "0xeae58f6cdbaf7869a02e9f750dfff43574eea0e3": {
                    "balance": 5836.722739,
                    "percentage_of_total_supply": 0.5836722739,
                    "percentage_of_circulating_supply": 0.5836722739
                },
                "0xad2e2ee7369963bdfe8b4b097216559c66765dd5": {
                    "balance": 5353.993614,
                    "percentage_of_total_supply": 0.5353993614,
                    "percentage_of_circulating_supply": 0.5353993614
                },
                "0x0ed943ce24baebf257488771759f9bf482c39706": {
                    "balance": 145.79559,
                    "percentage_of_total_supply": 0.014579558999999999,
                    "percentage_of_circulating_supply": 0.014579558999999999
                },
                "0xdf8f64dd75dd242615ab7d8368202c5aa62f0a08": {
                    "balance": 38.386807,
                    "percentage_of_total_supply": 0.0038386807000000004,
                    "percentage_of_circulating_supply": 0.0038386807000000004
                },
                "0x3ff21f52880a39065005c1409d5a3b81408a4f46": {
                    "balance": 240.288657,
                    "percentage_of_total_supply": 0.0240288657,
                    "percentage_of_circulating_supply": 0.0240288657
                },
                "0x4b7812a6016420ce11120186cd564cf9c817eaab": {
                    "balance": 11575.788183,
                    "percentage_of_total_supply": 1.1575788183,
                    "percentage_of_circulating_supply": 1.1575788183
                },
                "0xe611f9a8a6e8df61f7c0e99540744f112cde734c": {
                    "balance": 8.71269,
                    "percentage_of_total_supply": 0.0008712689999999999,
                    "percentage_of_circulating_supply": 0.0008712689999999999
                },
                "0x0fa67d44521e50620d57c60c8fccc16f0e1ff881": {
                    "balance": 151.728308,
                    "percentage_of_total_supply": 0.0151728308,
                    "percentage_of_circulating_supply": 0.0151728308
                },
                "0x8a242b3525a17211f5a53a2f2a7dfe3fcc85d247": {
                    "balance": 278.704192,
                    "percentage_of_total_supply": 0.0278704192,
                    "percentage_of_circulating_supply": 0.0278704192
                },
                "0x64cb46feb54b73835fe5d4536dd5bd13b21b9b5e": {
                    "balance": 772.765611,
                    "percentage_of_total_supply": 0.0772765611,
                    "percentage_of_circulating_supply": 0.0772765611
                },
                "0xb27f2bdf6556502838eb6a0c829c1314021bd343": {
                    "balance": 22.42877,
                    "percentage_of_total_supply": 0.002242877,
                    "percentage_of_circulating_supply": 0.002242877
                },
                "0xa3388354969cd105b1bf40c725e015d43d3b218a": {
                    "balance": 4.913844,
                    "percentage_of_total_supply": 0.0004913844,
                    "percentage_of_circulating_supply": 0.0004913844
                },
                "0x5a8d748fd77c838d2bcb0ebb69f319b3db1d289d": {
                    "balance": 3.136822,
                    "percentage_of_total_supply": 0.0003136822,
                    "percentage_of_circulating_supply": 0.0003136822
                },
                "0xa42becee57fb86a7b61335f6cf0af4f4709bfc12": {
                    "balance": 24.639112,
                    "percentage_of_total_supply": 0.0024639111999999997,
                    "percentage_of_circulating_supply": 0.0024639111999999997
                },
                "0x6f2454c1e28b7ac9087f92585aa38a6ba59e4aaf": {
                    "balance": 1582.719702,
                    "percentage_of_total_supply": 0.1582719702,
                    "percentage_of_circulating_supply": 0.1582719702
                },
                "0x494683b38d5bdfd75b8bd5454160218720726f7e": {
                    "balance": 17.519453,
                    "percentage_of_total_supply": 0.0017519452999999999,
                    "percentage_of_circulating_supply": 0.0017519452999999999
                },