{
    "token_address": "0x38A3F74Cec5F687b68630cbab99E74a5434726cb",
    "chain": "bsc",
    "token_name": "PawsDynasty",
    "analyses": {
        "contract": {
            "contract_name": null,
            "compiler_version": null,
            "license_type": null,
            "implementation": null,
            "source_code": null,
            "abi": null,
            "verified": false,
            "owner": "0xa3d5e1220477b2f24184cc83c87943ec84999855",
            "creator": "0xa3d5e1220477b2f24184cc83c87943ec84999855",
            "is_hidden_owner": false,
            "is_proxy": null,
            "is_sellable": true,
            "is_hardcoded_owner": null,
            "code_analysis": {
                "total_matches": 0,
                "patterns_found": {}
            }
        },
        "holder": {
            "total_holders": 15,
            "holders_list": {
                "0xa3d5e1220477b2f24184cc83c87943ec84999855": {
                    "balance": 999216001.3143258,
                    "percentage_of_total_supply": 99.92160013143257,
                    "percentage_of_circulating_supply": 99.92160013143257
                },
                "0x3bac7516384d67363a40ed3af9d152b029b84e41": {
                    "balance": 751799.4802385471,
                    "percentage_of_total_supply": 0.0751799480238547,
                    "percentage_of_circulating_supply": 0.0751799480238547
                },
                "0x7a3145c8c5f0cd87d5aafffb2719d281dd53a644": {
                    "balance": 12077.174208464645,
                    "percentage_of_total_supply": 0.0012077174208464645,
                    "percentage_of_circulating_supply": 0.0012077174208464645
                },
                "0xd45579f68cbf9c041da1edc434a629f0f478e467": {
                    "balance": 6575.426222005591,
                    "percentage_of_total_supply": 0.0006575426222005591,
                    "percentage_of_circulating_supply": 0.0006575426222005591
                },
                "0x5ed8343c4a3675652b01c9688c60919eba4690f4": {
                    "balance": 6099.526397918766,
                    "percentage_of_total_supply": 0.0006099526397918766,
                    "percentage_of_circulating_supply": 0.0006099526397918766
                },
                "0x13654bf2b09d369bcff39f5c18f940cdb362bc74": {
                    "balance": 4912.296009651089,
                    "percentage_of_total_supply": 0.0004912296009651089,
                    "percentage_of_circulating_supply": 0.0004912296009651089
                },
                "0x39ccd06ae448db8ee1a6170bc158cbb4c5b3c17d": {
                    "balance": 1152.8454578601823,
                    "percentage_of_total_supply": 0.00011528454578601823,
                    "percentage_of_circulating_supply": 0.00011528454578601823
                },
                "0x90993ec40552c64b024e42335d06753b6b235a28": {
                    "balance": 346.0372463256299,
                    "percentage_of_total_supply": 3.460372463256299e-05,
                    "percentage_of_circulating_supply": 3.460372463256299e-05
                },
                "0x9b061a9a8ef27a49402be5b3950da851e0fd7807": {
                    "balance": 301.44522079824117,
                    "percentage_of_total_supply": 3.0144522079824117e-05,
                    "percentage_of_circulating_supply": 3.0144522079824117e-05
                },
                "0x79e5f23c2d890a3cda7364a6784842c805d53456": {
                    "balance": 254.07736500609272,
                    "percentage_of_total_supply": 2.5407736500609275e-05,
                    "percentage_of_circulating_supply": 2.5407736500609275e-05
                },
                "0x7bdd42661f8092c2e2203691a86d313fbfcc2b79": {
                    "balance": 179.27465524579537,
                    "percentage_of_total_supply": 1.7927465524579537e-05,
                    "percentage_of_circulating_supply": 1.7927465524579537e-05
                },
                "0x85a21f2fe371cba3aff32628e56dc604b84f7ce1": {
                    "balance": 127.6173655308786,
                    "percentage_of_total_supply": 1.2761736553087861e-05,
                    "percentage_of_circulating_supply": 1.2761736553087861e-05
                },
                "0x0ed943ce24baebf257488771759f9bf482c39706": {
                    "balance": 125.75887856198776,
                    "percentage_of_total_supply": 1.2575887856198774e-05,
                    "percentage_of_circulating_supply": 1.2575887856198774e-05
                },
                "0x0769320b4ed6450d56c635659ac0e319ffee8e1e": {
                    "balance": 47.72640821361373,
                    "percentage_of_total_supply": 4.7726408213613735e-06,
                    "percentage_of_circulating_supply": 4.7726408213613735e-06
                },
                "0x7e3b823fba33659713e225e463f3c7ec64f0071f": {
                    "balance": 6.7633e-14,
                    "percentage_of_total_supply": 6.7633e-21,
                    "percentage_of_circulating_supply": 6.7633e-21
                }
            },
            "total_supply": 1000000000.0,
            "total_circulating_supply": 1000000000.0,
            "owner": {
                "address": "0xa3d5e1220477b2f24184cc83c87943ec84999855",
                "balance": 999216001.3143258,
                "percentage_of_circulating_supply": 99.92160013143257,
                "exceeds_5_percent": true
            },
            "creator": {
                "address": "0xa3d5e1220477b2f24184cc83c87943ec84999855",
                "balance": 999216001.3143258,
                "percentage_of_circulating_supply": 99.92160013143257,
                "exceeds_5_percent": true
            },
            "holders_exceeding_5_percent_circulating": [],
            "howmany_holders_exceeding_5_percent_circulating": 0,
            "top_10_holders": [
                {
                    "address": "0xa3d5e1220477b2f24184cc83c87943ec84999855",
                    "balance": 999216001.3143258,
                    "percentage_of_total_supply": 99.92160013143257,
                    "percentage_of_circulating_supply": 99.92160013143257
                },
                {
                    "address": "0x3bac7516384d67363a40ed3af9d152b029b84e41",
                    "balance": 751799.4802385471,
                    "percentage_of_total_supply": 0.0751799480238547,
                    "percentage_of_circulating_supply": 0.0751799480238547
                },
                {
                    "address": "0x7a3145c8c5f0cd87d5aafffb2719d281dd53a644",
                    "balance": 12077.174208464645,
                    "percentage_of_total_supply": 0.0012077174208464645,
                    "percentage_of_circulating_supply": 0.0012077174208464645
                },
                {
                    "address": "0xd45579f68cbf9c041da1edc434a629f0f478e467",
                    "balance": 6575.426222005591,
                    "percentage_of_total_supply": 0.0006575426222005591,
                    "percentage_of_circulating_supply": 0.0006575426222005591
                },
                {
                    "address": "0x5ed8343c4a3675652b01c9688c60919eba4690f4",
                    "balance": 6099.526397918766,
                    "percentage_of_total_supply": 0.0006099526397918766,
                    "percentage_of_circulating_supply": 0.0006099526397918766
                },
                {
                    "address": "0x13654bf2b09d369bcff39f5c18f940cdb362bc74",
                    "balance": 4912.296009651089,
                    "percentage_of_total_supply": 0.0004912296009651089,
                    "percentage_of_circulating_supply": 0.0004912296009651089
                },
                {
                    "address": "0x39ccd06ae448db8ee1a6170bc158cbb4c5b3c17d",
                    "balance": 1152.8454578601823,