{
    "token_address": "0x85eca1feE74B1f145b58E19aAE1e75CAAeaec053",
    "chain": "bsc",
    "token_name": "Doge Inu",
    "analyses": {
        "contract": {
            "contract_name": null,
            "compiler_version": null,
            "license_type": null,
            "implementation": null,
            "source_code": null,
            "abi": null,
            "verified": false,
            "owner": "0x26edead70d4ca5d1b89da311fe16a83e1f6639f6",
            "creator": "0x26edead70d4ca5d1b89da311fe16a83e1f6639f6",
            "is_hidden_owner": false,
            "is_proxy": null,
            "is_sellable": true,
            "is_hardcoded_owner": null,
            "code_analysis": {
                "total_matches": 0,
                "patterns_found": {}
            }
        },
        "holder": {
            "total_holders": 18,
            "holders_list": {
                "0x26edead70d4ca5d1b89da311fe16a83e1f6639f6": {
                    "balance": 577657847602647.2,
                    "percentage_of_total_supply": 57.76578476026473,
                    "percentage_of_circulating_supply": 57.76578476026473
                },
                "0xe97930f3dc80750ff5ed8505b764eb5f08191534": {
                    "balance": 103357140204496.56,
                    "percentage_of_total_supply": 10.335714020449656,
                    "percentage_of_circulating_supply": 10.335714020449656
                },
                "0x579855904f9b2d7640a30861c5e71016410ce19c": {
                    "balance": 63341892410279.95,
                    "percentage_of_total_supply": 6.334189241027996,
                    "percentage_of_circulating_supply": 6.334189241027996
                },
                "0xaa7646d115fc1fdbb0c7a4d29ce224eb351bf046": {
                    "balance": 48748954059792.25,
                    "percentage_of_total_supply": 4.874895405979226,
                    "percentage_of_circulating_supply": 4.874895405979226
                },
                "0xe36a3038381e47bb75e5089e45d760e1e56ff486": {
                    "balance": 40463849781008.3,
                    "percentage_of_total_supply": 4.04638497810083,
                    "percentage_of_circulating_supply": 4.04638497810083
                },
                "0xf9afd6330b1be7b722b20c39082832904d2503ea": {
                    "balance": 40427960081519.55,
                    "percentage_of_total_supply": 4.042796008151955,
                    "percentage_of_circulating_supply": 4.042796008151955
                },
                "0xa3460211a8f60e3291d4d4ec78d84d36fd038a2a": {
                    "balance": 35074896764946.832,
                    "percentage_of_total_supply": 3.5074896764946835,
                    "percentage_of_circulating_supply": 3.5074896764946835
                },
                "0x1db92dfee163ba47d44106c18e34821543c4a7c0": {
                    "balance": 31044695892928.21,
                    "percentage_of_total_supply": 3.1044695892928216,
                    "percentage_of_circulating_supply": 3.1044695892928216
                },
                "0x03cec4833a6f1ba42c5d06b22edfa9be9bcbf2a9": {
                    "balance": 30324882922496.926,
                    "percentage_of_total_supply": 3.032488292249693,
                    "percentage_of_circulating_supply": 3.032488292249693
                },
                "0x76335c28f694adfb0dd2d48b0a74e88df6266df5": {
                    "balance": 12954708330105.922,
                    "percentage_of_total_supply": 1.2954708330105922,
                    "percentage_of_circulating_supply": 1.2954708330105922
                },
                "0x09d312efff5511f434e29bb61498cea60cee3bb0": {
                    "balance": 8295948930056.542,
                    "percentage_of_total_supply": 0.8295948930056541,
                    "percentage_of_circulating_supply": 0.8295948930056541
                },
                "0x4cf94f851f1dc4df38ed460e7439254bbc50f5b2": {
                    "balance": 4752603203476.155,
                    "percentage_of_total_supply": 0.47526032034761556,
                    "percentage_of_circulating_supply": 0.47526032034761556
                },
                "0xcb3824e592016b601914b00dddc38df2230e6509": {
                    "balance": 2715933320049.991,
                    "percentage_of_total_supply": 0.27159333200499913,
                    "percentage_of_circulating_supply": 0.27159333200499913
                },
                "0x199bb4a51b220c5897fd3021f0216278ca9e513c": {
                    "balance": 704580258112.8673,
                    "percentage_of_total_supply": 0.07045802581128674,
                    "percentage_of_circulating_supply": 0.07045802581128674
                },
                "0xa857f779b2c96044f0f11afb2b6ac565a5a269d1": {
                    "balance": 119915328241.26974,
                    "percentage_of_total_supply": 0.011991532824126976,
                    "percentage_of_circulating_supply": 0.011991532824126976
                },
                "0x99404a8cd50b93a83082bbace3755e1584a555c0": {
                    "balance": 10000000000.0,
                    "percentage_of_total_supply": 0.001,
                    "percentage_of_circulating_supply": 0.001
                },
                "0xd7b706ead3e7fa31f5f5c2c84e44af6bd7cf2b6d": {
                    "balance": 4190908069.1013937,
                    "percentage_of_total_supply": 0.00041909080691013935,
                    "percentage_of_circulating_supply": 0.00041909080691013935
                },
                "0x50c491ffda25f9e472d467d60835468c522e7d3a": {
                    "balance": 1772.3026024270134,
                    "percentage_of_total_supply": 1.7723026024270137e-10,
                    "percentage_of_circulating_supply": 1.7723026024270137e-10
                }
            },
            "total_supply": 1000000000000000.0,
            "total_circulating_supply": 1000000000000000.0,
            "owner": {
                "address": "0x26edead70d4ca5d1b89da311fe16a83e1f6639f6",
                "balance": 577657847602647.2,
                "percentage_of_circulating_supply": 57.76578476026473,
                "exceeds_5_percent": true
            },
            "creator": {
                "address": "0x26edead70d4ca5d1b89da311fe16a83e1f6639f6",
                "balance": 577657847602647.2,
                "percentage_of_circulating_supply": 57.76578476026473,
                "exceeds_5_percent": true
            },
            "holders_exceeding_5_percent_circulating": [
                {
                    "address": "0xe97930f3dc80750ff5ed8505b764eb5f08191534",
                    "balance": 103357140204496.56,
                    "percentage_of_supply": 10.335714020449656
                },
                {
                    "address": "0x579855904f9b2d7640a30861c5e71016410ce19c",
                    "balance": 63341892410279.95,
                    "percentage_of_supply": 6.334189241027996
                }
            ],
            "howmany_holders_exceeding_5_percent_circulating": 2,
            "top_10_holders": [
                {
                    "address": "0x26edead70d4ca5d1b89da311fe16a83e1f6639f6",
                    "balance": 577657847602647.2,
                    "percentage_of_total_supply": 57.76578476026473,
                    "percentage_of_circulating_supply": 57.76578476026473
                },
                {
                    "address": "0xe97930f3dc80750ff5ed8505b764eb5f08191534",
                    "balance": 103357140204496.56,
                    "percentage_of_total_supply": 10.335714020449656,
                    "percentage_of_circulating_supply": 10.335714020449656
                },
                {
                    "address": "0x579855904f9b2d7640a30861c5e71016410ce19c",
                    "balance": 63341892410279.95,
                    "percentage_of_total_supply": 6.334189241027996,