{
    "token_address": "0xf5d374Ddf2d90C212aa8CD71C4c363247bBc58fA",
    "chain": "bsc",
    "token_name": "Arionum",
    "analyses": {
        "contract": {
            "contract_name": null,
            "compiler_version": null,
            "license_type": null,
            "implementation": null,
            "source_code": null,
            "abi": null,
            "verified": false,
            "owner": "0xaea3d7e672788176c5753af446581b1674fa125f",
            "creator": "0xaea3d7e672788176c5753af446581b1674fa125f",
            "is_hidden_owner": false,
            "is_proxy": null,
            "is_sellable": true,
            "is_hardcoded_owner": null,
            "code_analysis": {
                "total_matches": 0,
                "patterns_found": {}
            }
        },
        "holder": {
            "total_holders": 2,
            "holders_list": {
                "0xaea3d7e672788176c5753af446581b1674fa125f": {
                    "balance": 950411.243031359,
                    "percentage_of_total_supply": 95.0411243031359,
                    "percentage_of_circulating_supply": 97.4575230149118
                },
                "0xea12ac3bb760e899c1cf84306e1f435be8635e7f": {
                    "balance": 4e-09,
                    "percentage_of_total_supply": 4e-13,
                    "percentage_of_circulating_supply": 4.101699079403511e-13
                }
            },
            "total_supply": 1000000.0,
            "total_circulating_supply": 975205.6215156815,
            "owner": {
                "address": "0xaea3d7e672788176c5753af446581b1674fa125f",
                "balance": 950411.243031359,
                "percentage_of_circulating_supply": 97.4575230149118,
                "exceeds_5_percent": true
            },
            "creator": {
                "address": "0xaea3d7e672788176c5753af446581b1674fa125f",
                "balance": 950411.243031359,
                "percentage_of_circulating_supply": 97.4575230149118,
                "exceeds_5_percent": true
            },
            "holders_exceeding_5_percent_circulating": [],
            "howmany_holders_exceeding_5_percent_circulating": 0,
            "top_10_holders": [
                {
                    "address": "0xaea3d7e672788176c5753af446581b1674fa125f",
                    "balance": 950411.243031359,
                    "percentage_of_total_supply": 95.0411243031359,
                    "percentage_of_circulating_supply": 97.4575230149118
                },
                {
                    "address": "0xea12ac3bb760e899c1cf84306e1f435be8635e7f",
                    "balance": 4e-09,
                    "percentage_of_total_supply": 4e-13,
                    "percentage_of_circulating_supply": 4.101699079403511e-13
                }
            ],
            "total_top_10_balance": 950411.243031363,
            "top10_percentage_of_total_supply": 95.0411243031363,
            "top10_percentage_of_circulating_supply": 97.45752301491221,
            "top_10_less_than_70_percent_of_total": false,
            "top_10_less_than_70_percent_of_circulating": false
        },
        "liquidity": {
            "price_usd": 92.70100776253128,
            "liquidity_usd": 7.416080621002502e-16,
            "market_cap_usd": 90402543.89018933,
            "liquidity_to_market_cap_ratio": 8.203398158807023e-24,
            "token_volume": 0.0,
            "volume_usd": 0.0,
            "volume_to_liquidity_ratio": 0.0,
            "locked_liquidity_percent": 100.0,
            "locked_95_for_15_days": false,
            "creator_under_5_percent": false,
            "creator_percent_of_lp": 95.0411,
            "owner_under_5_percent": true,
            "owner_percent_of_lp": 0.0,
            "total_lp_supply": 1e-15,
            "lp_holders_count": 1,
            "lp_holders": [
                {
                    "address": "0x0000000000000000000000000000000000000000",
                    "balance": 1e-15,
                    "is_locked": true,
                    "percent": 100.0,
                    "tag": "Null Address"
                }
            ],
            "error": "Liquidity pool info could not be retrieved."
        },
        "security": {
            "warnings": null,
            "homany_warnings": 0,
            "suspicious_urls": null,
            "howmany_suspicious_urls": 0,
            "suspicious_addresses": null,
            "howmany_suspicious_addresses": 0,
            "error": "Security analysis data not available."
        },
        "lifecycle": {
            "token_age_seconds": 82627663.067117,
            "token_creation_date": "2023-01-13T10:40:57",
            "creation_to_first_trade_seconds": 0.0,
            "creation_to_first_trade_blocks": 0,
            "last_tx_hash": "0x2a3563f591776829fb3cf56284bb120283d1d1e5508f18cdbfda69d5172d0682",
            "last_active_age": "2023-01-13T21:44:10",
            "inactive_days": 955.878159412257
        }
    },
    "errors": []
}