{
    "token_address": "0xb9895A68A4C043F23Eee790d85E622b0fd9fC621",
    "chain": "bsc",
    "token_name": "TickiTumble",
    "analyses": {
        "contract": {
            "contract_name": null,
            "compiler_version": null,
            "license_type": null,
            "implementation": null,
            "source_code": null,
            "abi": null,
            "verified": false,
            "owner": "0xb08a8577f63a7aca64853ffb86e32c1f3b7fbcd0",
            "creator": "0xb08a8577f63a7aca64853ffb86e32c1f3b7fbcd0",
            "is_hidden_owner": false,
            "is_proxy": null,
            "is_sellable": true,
            "is_hardcoded_owner": null,
            "code_analysis": {
                "total_matches": 0,
                "patterns_found": {}
            }
        },
        "holder": {
            "total_holders": 10,
            "holders_list": {
                "0xb08a8577f63a7aca64853ffb86e32c1f3b7fbcd0": {
                    "balance": 999877476.8893722,
                    "percentage_of_total_supply": 99.98774768893722,
                    "percentage_of_circulating_supply": 99.98774768893722
                },
                "0x36554da550607eda58fc5a52086dd3789b4211fa": {
                    "balance": 56679.87810954758,
                    "percentage_of_total_supply": 0.0056679878109547575,
                    "percentage_of_circulating_supply": 0.0056679878109547575
                },
                "0xe3265964f270fea24a6fbcf44d5567e078cc4288": {
                    "balance": 38759.0404725683,
                    "percentage_of_total_supply": 0.0038759040472568294,
                    "percentage_of_circulating_supply": 0.0038759040472568294
                },
                "0xe30d46e18c7599a77d1a458b75bb0f83b93e52be": {
                    "balance": 17455.31448387799,
                    "percentage_of_total_supply": 0.0017455314483877994,
                    "percentage_of_circulating_supply": 0.0017455314483877994
                },
                "0x807c4bfc28afdfcf1535ae97806fe80f51f8b1e1": {
                    "balance": 8468.845573841834,
                    "percentage_of_total_supply": 0.0008468845573841835,
                    "percentage_of_circulating_supply": 0.0008468845573841835
                },
                "0x1e53851b02b00e2ffa0da91cb4c6198b19353420": {
                    "balance": 971.4115748871576,
                    "percentage_of_total_supply": 9.714115748871575e-05,
                    "percentage_of_circulating_supply": 9.714115748871575e-05
                },
                "0x4b38777880a2e5378da81b20f3fe9ad072a37424": {
                    "balance": 143.4095163178888,
                    "percentage_of_total_supply": 1.434095163178888e-05,
                    "percentage_of_circulating_supply": 1.434095163178888e-05
                },
                "0x0ed943ce24baebf257488771759f9bf482c39706": {
                    "balance": 45.210896789837456,
                    "percentage_of_total_supply": 4.521089678983746e-06,
                    "percentage_of_circulating_supply": 4.521089678983746e-06
                },
                "0xc0fae934fa7319cdddd5bd254f83492628e9f5a5": {
                    "balance": 1.13472e-13,
                    "percentage_of_total_supply": 1.1347199999999999e-20,
                    "percentage_of_circulating_supply": 1.1347199999999999e-20
                },
                "0x822000f06cee3ccbfdb4551e06494dc36999d3db": {
                    "balance": 1e-18,
                    "percentage_of_total_supply": 1e-25,
                    "percentage_of_circulating_supply": 1e-25
                }
            },
            "total_supply": 1000000000.0,
            "total_circulating_supply": 1000000000.0,
            "owner": {
                "address": "0xb08a8577f63a7aca64853ffb86e32c1f3b7fbcd0",
                "balance": 999877476.8893722,
                "percentage_of_circulating_supply": 99.98774768893722,
                "exceeds_5_percent": true
            },
            "creator": {
                "address": "0xb08a8577f63a7aca64853ffb86e32c1f3b7fbcd0",
                "balance": 999877476.8893722,
                "percentage_of_circulating_supply": 99.98774768893722,
                "exceeds_5_percent": true
            },
            "holders_exceeding_5_percent_circulating": [],
            "howmany_holders_exceeding_5_percent_circulating": 0,
            "top_10_holders": [
                {
                    "address": "0xb08a8577f63a7aca64853ffb86e32c1f3b7fbcd0",
                    "balance": 999877476.8893722,
                    "percentage_of_total_supply": 99.98774768893722,
                    "percentage_of_circulating_supply": 99.98774768893722
                },
                {
                    "address": "0x36554da550607eda58fc5a52086dd3789b4211fa",
                    "balance": 56679.87810954758,
                    "percentage_of_total_supply": 0.0056679878109547575,
                    "percentage_of_circulating_supply": 0.0056679878109547575
                },
                {
                    "address": "0xe3265964f270fea24a6fbcf44d5567e078cc4288",
                    "balance": 38759.0404725683,
                    "percentage_of_total_supply": 0.0038759040472568294,
                    "percentage_of_circulating_supply": 0.0038759040472568294
                },
                {
                    "address": "0xe30d46e18c7599a77d1a458b75bb0f83b93e52be",
                    "balance": 17455.31448387799,
                    "percentage_of_total_supply": 0.0017455314483877994,
                    "percentage_of_circulating_supply": 0.0017455314483877994
                },
                {
                    "address": "0x807c4bfc28afdfcf1535ae97806fe80f51f8b1e1",
                    "balance": 8468.845573841834,
                    "percentage_of_total_supply": 0.0008468845573841835,
                    "percentage_of_circulating_supply": 0.0008468845573841835
                },
                {
                    "address": "0x1e53851b02b00e2ffa0da91cb4c6198b19353420",
                    "balance": 971.4115748871576,
                    "percentage_of_total_supply": 9.714115748871575e-05,
                    "percentage_of_circulating_supply": 9.714115748871575e-05
                },
                {
                    "address": "0x4b38777880a2e5378da81b20f3fe9ad072a37424",
                    "balance": 143.4095163178888,
                    "percentage_of_total_supply": 1.434095163178888e-05,
                    "percentage_of_circulating_supply": 1.434095163178888e-05
                },
                {
                    "address": "0x0ed943ce24baebf257488771759f9bf482c39706",
                    "balance": 45.210896789837456,
                    "percentage_of_total_supply": 4.521089678983746e-06,
                    "percentage_of_circulating_supply": 4.521089678983746e-06
                },
                {
                    "address": "0xc0fae934fa7319cdddd5bd254f83492628e9f5a5",
                    "balance": 1.13472e-13,
                    "percentage_of_total_supply": 1.1347199999999999e-20,
                    "percentage_of_circulating_supply": 1.1347199999999999e-20
                },
                {
                    "address": "0x822000f06cee3ccbfdb4551e06494dc36999d3db",
                    "balance": 1e-18,
                    "percentage_of_total_supply": 1e-25,
                    "percentage_of_circulating_supply": 1e-25
                }
            ],
            "total_top_10_balance": 1000000000.0,
            "top10_percentage_of_total_supply": 100.0,
            "top10_percentage_of_circulating_supply": 100.0,
            "top_10_less_than_70_percent_of_total": false,
            "top_10_less_than_70_percent_of_circulating": false
        },
        "liquidity": {
            "price_usd": 9.369265277040215e-08,