{
    "token_address": "0xd186b03243E2516Fdf7e67265775A0F842D3eBE1",
    "chain": "bsc",
    "token_name": "Rocket Lambo",
    "analyses": {
        "contract": {
            "contract_name": null,
            "compiler_version": null,
            "license_type": null,
            "implementation": null,
            "source_code": null,
            "abi": null,
            "verified": false,
            "owner": null,
            "creator": "0x6b79a54b6d30e71eab11c1a05f0d5687b384c7ac",
            "is_hidden_owner": true,
            "is_proxy": null,
            "is_sellable": false,
            "is_hardcoded_owner": null,
            "code_analysis": {
                "total_matches": 0,
                "patterns_found": {}
            }
        },
        "holder": {
            "total_holders": 5,
            "holders_list": {
                "0x6b79a54b6d30e71eab11c1a05f0d5687b384c7ac": {
                    "balance": 9.995080399900064e+16,
                    "percentage_of_total_supply": 99.95080399900064,
                    "percentage_of_circulating_supply": 99.95080399900064
                },
                "0x7e52c25c0b56ff5813887e75fd9ed70e08c7ade7": {
                    "balance": 28828081399731.98,
                    "percentage_of_total_supply": 0.028828081399731982,
                    "percentage_of_circulating_supply": 0.028828081399731982
                },
                "0x79104fd5a9e19fd6d61db2eef6e7468dc984a76e": {
                    "balance": 16393786306990.416,
                    "percentage_of_total_supply": 0.016393786306990416,
                    "percentage_of_circulating_supply": 0.016393786306990416
                },
                "0x2be87ad70cf11ea294d7c42044b5b8277a3e4874": {
                    "balance": 1991027899340.8152,
                    "percentage_of_total_supply": 0.001991027899340815,
                    "percentage_of_circulating_supply": 0.001991027899340815
                },
                "0xcb692809bf98a8201648b3c81f7231230f5cdfb1": {
                    "balance": 1983105393294.6033,
                    "percentage_of_total_supply": 0.0019831053932946032,
                    "percentage_of_circulating_supply": 0.0019831053932946032
                }
            },
            "total_supply": 1e+17,
            "total_circulating_supply": 1e+17,
            "owner": {},
            "creator": {
                "address": "0x6b79a54b6d30e71eab11c1a05f0d5687b384c7ac",
                "balance": 9.995080399900064e+16,
                "percentage_of_circulating_supply": 99.95080399900064,
                "exceeds_5_percent": true
            },
            "holders_exceeding_5_percent_circulating": [],
            "howmany_holders_exceeding_5_percent_circulating": 0,
            "top_10_holders": [
                {
                    "address": "0x6b79a54b6d30e71eab11c1a05f0d5687b384c7ac",
                    "balance": 9.995080399900064e+16,
                    "percentage_of_total_supply": 99.95080399900064,
                    "percentage_of_circulating_supply": 99.95080399900064
                },
                {
                    "address": "0x7e52c25c0b56ff5813887e75fd9ed70e08c7ade7",
                    "balance": 28828081399731.98,
                    "percentage_of_total_supply": 0.028828081399731982,
                    "percentage_of_circulating_supply": 0.028828081399731982
                },
                {
                    "address": "0x79104fd5a9e19fd6d61db2eef6e7468dc984a76e",
                    "balance": 16393786306990.416,
                    "percentage_of_total_supply": 0.016393786306990416,
                    "percentage_of_circulating_supply": 0.016393786306990416
                },
                {
                    "address": "0x2be87ad70cf11ea294d7c42044b5b8277a3e4874",
                    "balance": 1991027899340.8152,
                    "percentage_of_total_supply": 0.001991027899340815,
                    "percentage_of_circulating_supply": 0.001991027899340815
                },
                {
                    "address": "0xcb692809bf98a8201648b3c81f7231230f5cdfb1",
                    "balance": 1983105393294.6033,
                    "percentage_of_total_supply": 0.0019831053932946032,
                    "percentage_of_circulating_supply": 0.0019831053932946032
                }
            ],
            "total_top_10_balance": 1e+17,
            "top10_percentage_of_total_supply": 100.0,
            "top10_percentage_of_circulating_supply": 100.0,
            "top_10_less_than_70_percent_of_total": false,
            "top_10_less_than_70_percent_of_circulating": false
        },
        "liquidity": {
            "price_usd": 2.0146516321881416e-24,
            "liquidity_usd": 6.605553668224369e-11,
            "market_cap_usd": 2.0146516321881415e-07,
            "liquidity_to_market_cap_ratio": 0.0003278757261398083,
            "token_volume": 49175700514849.75,
            "volume_usd": 9.907190530623729e-11,
            "volume_to_liquidity_ratio": 1.4998274222313401,
            "locked_liquidity_percent": 0.0,
            "locked_95_for_15_days": false,
            "creator_under_5_percent": false,
            "creator_percent_of_lp": 99.9508,
            "owner_under_5_percent": true,
            "owner_percent_of_lp": 0.0,
            "total_lp_supply": 675.1735238589255,
            "lp_holders_count": 2,
            "lp_holders": [
                {
                    "address": "0x8cc7bc33f5188b1fb683bedc4dbffa77b136833b",
                    "balance": 675.1735238589255,
                    "is_locked": false,
                    "percent": 100.0,
                    "tag": ""
                },
                {
                    "address": "0x0000000000000000000000000000000000000000",
                    "balance": 1e-15,
                    "is_locked": true,
                    "percent": 1.0000000000000001e-16,
                    "tag": "Null Address"
                }
            ]
        },
        "security": {
            "warnings": null,
            "homany_warnings": 0,
            "suspicious_urls": null,
            "howmany_suspicious_urls": 0,
            "suspicious_addresses": null,
            "howmany_suspicious_addresses": 0,
            "error": "Security analysis data not available."
        },
        "lifecycle": {
            "token_age_seconds": 128669045.8767,
            "token_creation_date": "2021-07-29T04:13:19",
            "creation_to_first_trade_seconds": 0.0,
            "creation_to_first_trade_blocks": 0,
            "last_tx_hash": "0x2c98a2ea4eb36aba949269476a7cbbd015ab4b3fb4587bf489531d92f0b16f06",
            "last_active_age": "2021-07-29T18:01:01",
            "inactive_days": 1488.6503084925
        }
    },
    "errors": []
}