{
    "token_address": "0xd9BBdF0B6a7fCC4D9fd24Bb13F9413b71787EdF1",
    "chain": "bsc",
    "token_name": "Apex Sphere",
    "analyses": {
        "contract": {
            "contract_name": null,
            "compiler_version": null,
            "license_type": null,
            "implementation": null,
            "source_code": null,
            "abi": null,
            "verified": false,
            "owner": "0xc5ae663e15dd2d4ed1574da837ca1c4c5db7f010",
            "creator": "0xc5ae663e15dd2d4ed1574da837ca1c4c5db7f010",
            "is_hidden_owner": false,
            "is_proxy": null,
            "is_sellable": true,
            "is_hardcoded_owner": null,
            "code_analysis": {
                "total_matches": 0,
                "patterns_found": {}
            }
        },
        "holder": {
            "total_holders": 27,
            "holders_list": {
                "0x07ce10ef7cbb6b7d892b31a316b3fefd17428a21": {
                    "balance": 800200.0369144385,
                    "percentage_of_total_supply": 0.08002000369144384,
                    "percentage_of_circulating_supply": 0.08002000369144385
                },
                "0xb382bddca784018b471d113988c25476cabddc47": {
                    "balance": 75.78589389345527,
                    "percentage_of_total_supply": 7.578589389345526e-06,
                    "percentage_of_circulating_supply": 7.578589389345527e-06
                },
                "0xb1d4e22e66e194e31a5ee0a2bf9ad08be3c5a679": {
                    "balance": 1342.9014696506044,
                    "percentage_of_total_supply": 0.00013429014696506045,
                    "percentage_of_circulating_supply": 0.00013429014696506047
                },
                "0xc5ae663e15dd2d4ed1574da837ca1c4c5db7f010": {
                    "balance": 999160681.4602212,
                    "percentage_of_total_supply": 99.91606814602211,
                    "percentage_of_circulating_supply": 99.91606814602213
                },
                "0xb07a51582110eaf0d00343ff3fabfc5ebf1d0905": {
                    "balance": 221.6595567850767,
                    "percentage_of_total_supply": 2.216595567850767e-05,
                    "percentage_of_circulating_supply": 2.2165955678507673e-05
                },
                "0x0ed943ce24baebf257488771759f9bf482c39706": {
                    "balance": 111.48905072021662,
                    "percentage_of_total_supply": 1.1148905072021663e-05,
                    "percentage_of_circulating_supply": 1.1148905072021664e-05
                },
                "0x3b69272f36546da3a3ac3e2000b45e2a56bdc1a3": {
                    "balance": 1083.2701093505518,
                    "percentage_of_total_supply": 0.0001083270109350552,
                    "percentage_of_circulating_supply": 0.0001083270109350552
                },
                "0x36aa75954192d8ea706ef5063dae37e117404665": {
                    "balance": 7332.138744232092,
                    "percentage_of_total_supply": 0.0007332138744232092,
                    "percentage_of_circulating_supply": 0.0007332138744232093
                },
                "0x544a7488beb3dd3864b5fa9da62b93f6b9476c5a": {
                    "balance": 152.6681693975205,
                    "percentage_of_total_supply": 1.526681693975205e-05,
                    "percentage_of_circulating_supply": 1.526681693975205e-05
                },
                "0x68e0ce6887e93eea6c365d6c2b4852bca7f4f0bd": {
                    "balance": 4578.434700443455,
                    "percentage_of_total_supply": 0.0004578434700443454,
                    "percentage_of_circulating_supply": 0.0004578434700443455
                },
                "0xd5bed0728cc31ace7df8c42f8a03ab0089035729": {
                    "balance": 1976.7310394841054,
                    "percentage_of_total_supply": 0.00019767310394841052,
                    "percentage_of_circulating_supply": 0.00019767310394841058
                },
                "0x986bdcb4e49bc88d3f28c72bc35ffdb63b300a28": {
                    "balance": 73.05825458368436,
                    "percentage_of_total_supply": 7.305825458368436e-06,
                    "percentage_of_circulating_supply": 7.305825458368437e-06
                },
                "0x07ae271d89e5b6adf404a969e8111cecba29cf49": {
                    "balance": 68.48009693974046,
                    "percentage_of_total_supply": 6.848009693974045e-06,
                    "percentage_of_circulating_supply": 6.848009693974047e-06
                },
                "0x496fa14f996009b2d71fcd81888ee66ddee0189f": {
                    "balance": 5687.357674233978,
                    "percentage_of_total_supply": 0.0005687357674233978,
                    "percentage_of_circulating_supply": 0.0005687357674233978
                },
                "0xc96f31c92975c4e2bf34108bd53bf697456d0111": {
                    "balance": 20.30886946224415,
                    "percentage_of_total_supply": 2.0308869462244152e-06,
                    "percentage_of_circulating_supply": 2.0308869462244156e-06
                },
                "0x1436518a50c0c340b05f0acef154fed340921e0c": {
                    "balance": 4341.622204065015,
                    "percentage_of_total_supply": 0.00043416222040650146,
                    "percentage_of_circulating_supply": 0.00043416222040650146
                },
                "0x5d3191a6d4f08d0c81bd361bde61a6394685768f": {
                    "balance": 330.6591721320754,
                    "percentage_of_total_supply": 3.306591721320754e-05,
                    "percentage_of_circulating_supply": 3.306591721320754e-05
                },
                "0x6fcb4132d73e48a5ca115f5d40ec5d6747c3e0ca": {
                    "balance": 73.69959976125901,
                    "percentage_of_total_supply": 7.369959976125901e-06,
                    "percentage_of_circulating_supply": 7.369959976125901e-06
                },
                "0xd570f893ef02d2f41e59f485303bba16baf1e5c4": {
                    "balance": 728.6831818476202,
                    "percentage_of_total_supply": 7.286831818476202e-05,
                    "percentage_of_circulating_supply": 7.286831818476203e-05
                },
                "0x68dd590337d2c80666efd656e68fd8df91c23d4e": {
                    "balance": 216.33324809101367,
                    "percentage_of_total_supply": 2.1633324809101366e-05,
                    "percentage_of_circulating_supply": 2.163332480910137e-05
                },
                "0x0c618e723af9e117e556755f41f088abcafbb33e": {
                    "balance": 5745.897134096769,
                    "percentage_of_total_supply": 0.0005745897134096768,
                    "percentage_of_circulating_supply": 0.000574589713409677
                },
                "0xa3d65e40c2ddd1b3af409f1defa32f30ec49875f": {
                    "balance": 715.1031502390375,
                    "percentage_of_total_supply": 7.151031502390374e-05,
                    "percentage_of_circulating_supply": 7.151031502390376e-05
                },
                "0x34629e48a080161f3d0ccb217d485e596ba3df3d": {
                    "balance": 1031.8987147299267,
                    "percentage_of_total_supply": 0.00010318987147299268,
                    "percentage_of_circulating_supply": 0.00010318987147299268
                },
                "0x529d54dd1a640b3a7396d7dd393a7b065a382d83": {
                    "balance": 5.0312e-14,
                    "percentage_of_total_supply": 5.0312e-21,
                    "percentage_of_circulating_supply": 5.031200000000001e-21
                },
                "0xff359b6eddcf4053fabc86af1af29660fd9c803a": {
                    "balance": 575.3756771820504,
                    "percentage_of_total_supply": 5.7537567718205036e-05,
                    "percentage_of_circulating_supply": 5.753756771820505e-05
                },