{
    "token_address": "0x9E9bb8f68Ae23a253c79080964F4632dd1cf6aA7",
    "chain": "bsc",
    "token_name": "Lunacoin",
    "analyses": {
        "contract": {
            "contract_name": null,
            "compiler_version": null,
            "license_type": null,
            "implementation": null,
            "source_code": null,
            "abi": null,
            "verified": false,
            "owner": null,
            "creator": "0xb8a980ead38705dd098912fdd445df31f64eddee",
            "is_hidden_owner": true,
            "is_proxy": null,
            "is_sellable": true,
            "is_hardcoded_owner": null,
            "code_analysis": {
                "total_matches": 0,
                "patterns_found": {}
            }
        },
        "holder": {
            "total_holders": 40,
            "holders_list": {
                "0xb8a980ead38705dd098912fdd445df31f64eddee": {
                    "balance": 4910414.444318523,
                    "percentage_of_total_supply": 49.10414444318523,
                    "percentage_of_circulating_supply": 49.10414444318521
                },
                "0xfdaa8cff1ad9d0eb49250737f65d01054883dace": {
                    "balance": 2241706.440071106,
                    "percentage_of_total_supply": 22.417064400711055,
                    "percentage_of_circulating_supply": 22.41706440071105
                },
                "0x297afee2f08e626a169d754be1228817b47171d1": {
                    "balance": 567027.6550397138,
                    "percentage_of_total_supply": 5.670276550397138,
                    "percentage_of_circulating_supply": 5.670276550397137
                },
                "0xc4498fa050c483273b8d1949a1fa0aacc99f774a": {
                    "balance": 500000.0,
                    "percentage_of_total_supply": 5.0,
                    "percentage_of_circulating_supply": 4.999999999999998
                },
                "0x3a4985fcfa8ed8c84521cf86a5c04faa9810055f": {
                    "balance": 302026.686803644,
                    "percentage_of_total_supply": 3.02026686803644,
                    "percentage_of_circulating_supply": 3.020266868036439
                },
                "0x3637d3eb40f65047099816a553a653672fbf0e1e": {
                    "balance": 241525.6475787694,
                    "percentage_of_total_supply": 2.4152564757876935,
                    "percentage_of_circulating_supply": 2.415256475787693
                },
                "0x0962aa6e62ba0ac00045f6e7377faf7410447390": {
                    "balance": 168718.2717342572,
                    "percentage_of_total_supply": 1.687182717342572,
                    "percentage_of_circulating_supply": 1.6871827173425717
                },
                "0xdee212284ad3d35d3a31f9edaeb54126c613bcb9": {
                    "balance": 143093.0,
                    "percentage_of_total_supply": 1.4309299999999998,
                    "percentage_of_circulating_supply": 1.4309299999999996
                },
                "0xcd2486ac97f099d6583a9f32841a849337547503": {
                    "balance": 143061.31708937752,
                    "percentage_of_total_supply": 1.430613170893775,
                    "percentage_of_circulating_supply": 1.4306131708937746
                },
                "0xd69f6318621c5c8ede89cb0172ac985a4d54c0b9": {
                    "balance": 112210.77720065073,
                    "percentage_of_total_supply": 1.1221077720065071,
                    "percentage_of_circulating_supply": 1.122107772006507
                },
                "0x307cca0358d1656d127e58d438e90a5253fbaeb5": {
                    "balance": 72850.9566187819,
                    "percentage_of_total_supply": 0.7285095661878189,
                    "percentage_of_circulating_supply": 0.7285095661878188
                },
                "0x3f6c70acae31031aa037b907a45d8ae3fb1b9a17": {
                    "balance": 71328.0,
                    "percentage_of_total_supply": 0.7132799999999999,
                    "percentage_of_circulating_supply": 0.7132799999999998
                },
                "0xeb171723c5fa911118e4decc88b21acb05fd6070": {
                    "balance": 65271.17131724974,
                    "percentage_of_total_supply": 0.6527117131724973,
                    "percentage_of_circulating_supply": 0.6527117131724972
                },
                "0x6f75810d4e90d9eac81640e29103cd0ba774d1ea": {
                    "balance": 45390.117116536705,
                    "percentage_of_total_supply": 0.453901171165367,
                    "percentage_of_circulating_supply": 0.4539011711653669
                },
                "0x5e3773713f0a20806168d633652b905ee7253f83": {
                    "balance": 42202.31946505618,
                    "percentage_of_total_supply": 0.42202319465056176,
                    "percentage_of_circulating_supply": 0.42202319465056165
                },
                "0x7bd2d10b956deb96b674273ff0c3bb6e9a0e5b9f": {
                    "balance": 32700.0,
                    "percentage_of_total_supply": 0.327,
                    "percentage_of_circulating_supply": 0.3269999999999999
                },
                "0xab3530eccf9b79f02a76e402762b38268b58917d": {
                    "balance": 32574.707587538385,
                    "percentage_of_total_supply": 0.3257470758753839,
                    "percentage_of_circulating_supply": 0.32574707587538376
                },
                "0x75ed387e63218f88240f7ca394613d71786e45f7": {
                    "balance": 30745.851064649432,
                    "percentage_of_total_supply": 0.30745851064649427,
                    "percentage_of_circulating_supply": 0.3074585106464942
                },
                "0x0d5325a328e9895dca537999883f64d89451186b": {
                    "balance": 29784.75297194257,
                    "percentage_of_total_supply": 0.29784752971942563,
                    "percentage_of_circulating_supply": 0.29784752971942563
                },
                "0xcb692809bf98a8201648b3c81f7231230f5cdfb1": {
                    "balance": 24914.690633429287,
                    "percentage_of_total_supply": 0.24914690633429287,
                    "percentage_of_circulating_supply": 0.24914690633429282
                },
                "0xa905c9e83652eceff7b87d8c0cbdb1084852f0a8": {
                    "balance": 24363.33897522003,
                    "percentage_of_total_supply": 0.2436333897522003,
                    "percentage_of_circulating_supply": 0.24363338975220025
                },
                "0xb21978424995ad00676fac64754049dfab6d0899": {
                    "balance": 23968.894202014766,
                    "percentage_of_total_supply": 0.23968894202014762,
                    "percentage_of_circulating_supply": 0.23968894202014757
                },
                "0xe4cd21e0bda5f4ef242d8fee03ab372c0e950485": {
                    "balance": 22548.87443624309,
                    "percentage_of_total_supply": 0.22548874436243088,
                    "percentage_of_circulating_supply": 0.22548874436243085
                },
                "0xaf15225212bb525ffb6d7db224912e405cd93963": {
                    "balance": 19148.034417147162,
                    "percentage_of_total_supply": 0.1914803441714716,
                    "percentage_of_circulating_supply": 0.19148034417147156
                },
                "0x547d04fc417a3655767b0fb924e7fcb360192788": {
                    "balance": 18527.460536123606,
                    "percentage_of_total_supply": 0.18527460536123605,
                    "percentage_of_circulating_supply": 0.18527460536123602
                },
                "0x39e0e1e0df0598f82c0fc329f1e53eacdf7aba10": {
                    "balance": 15946.028471938613,
                    "percentage_of_total_supply": 0.15946028471938611,