{
    "token_address": "0x8c5de54F46Ab058E31D050Ee637C53Ca2ddb9C46",
    "chain": "bsc",
    "token_name": "GET LAMBO",
    "analyses": {
        "contract": {
            "contract_name": null,
            "compiler_version": null,
            "license_type": null,
            "implementation": null,
            "source_code": null,
            "abi": null,
            "verified": false,
            "owner": "0x067abf305fd424401e071535b2f1882c47543424",
            "creator": "0x067abf305fd424401e071535b2f1882c47543424",
            "is_hidden_owner": false,
            "is_proxy": null,
            "is_sellable": true,
            "is_hardcoded_owner": null,
            "code_analysis": {
                "total_matches": 0,
                "patterns_found": {}
            }
        },
        "holder": {
            "total_holders": 14,
            "holders_list": {
                "0x067abf305fd424401e071535b2f1882c47543424": {
                    "balance": 887867.03949839,
                    "percentage_of_total_supply": 88.786703949839,
                    "percentage_of_circulating_supply": 88.786703949839
                },
                "0xa47e39776a6e027d48b53449d2197229aba6ee55": {
                    "balance": 31850.24741321,
                    "percentage_of_total_supply": 3.185024741321,
                    "percentage_of_circulating_supply": 3.185024741321
                },
                "0x5d2ffe79ff4644bd5d3b69c69cfa103ef947c549": {
                    "balance": 30527.70969439,
                    "percentage_of_total_supply": 3.052770969439,
                    "percentage_of_circulating_supply": 3.052770969439
                },
                "0x5a0fb295d8ddcbd1004e006f8c3e08295dea0bba": {
                    "balance": 19486.74876712,
                    "percentage_of_total_supply": 1.9486748767120001,
                    "percentage_of_circulating_supply": 1.9486748767120001
                },
                "0x27362147e90abad51bf64ba281c64d6a53a5b561": {
                    "balance": 15059.94842512,
                    "percentage_of_total_supply": 1.505994842512,
                    "percentage_of_circulating_supply": 1.505994842512
                },
                "0x7b691c5a63f7aecb1b1c0c36c0afaa17c6de51ad": {
                    "balance": 10414.11756041,
                    "percentage_of_total_supply": 1.0414117560410001,
                    "percentage_of_circulating_supply": 1.0414117560410001
                },
                "0x95ac560cc05afd186a4b11ed58b0e985538f1612": {
                    "balance": 1656.99050656,
                    "percentage_of_total_supply": 0.165699050656,
                    "percentage_of_circulating_supply": 0.165699050656
                },
                "0x5e3773713f0a20806168d633652b905ee7253f83": {
                    "balance": 1635.17928814,
                    "percentage_of_total_supply": 0.16351792881399999,
                    "percentage_of_circulating_supply": 0.16351792881399999
                },
                "0x5f43b1fe680ab0d36615f1fb1592c9cfb045575c": {
                    "balance": 1162.3006623,
                    "percentage_of_total_supply": 0.11623006623,
                    "percentage_of_circulating_supply": 0.11623006623
                },
                "0x1878852fd304cdd24207fb6840c3e06bf299681c": {
                    "balance": 306.7991194,
                    "percentage_of_total_supply": 0.03067991194,
                    "percentage_of_circulating_supply": 0.03067991194
                },
                "0x17975568f2d40f97f1d00b70871d1a48431eea5e": {
                    "balance": 31.04543293,
                    "percentage_of_total_supply": 0.003104543293,
                    "percentage_of_circulating_supply": 0.003104543293
                },
                "0x44f4bc57c426b8439a9f802808666e5e8311f1b0": {
                    "balance": 1.0,
                    "percentage_of_total_supply": 9.999999999999999e-05,
                    "percentage_of_circulating_supply": 9.999999999999999e-05
                },
                "0x6a2e2eaa3866397d9677007da0a3c83dc56124d9": {
                    "balance": 0.87363202,
                    "percentage_of_total_supply": 8.7363202e-05,
                    "percentage_of_circulating_supply": 8.7363202e-05
                },
                "0x0000606ec42c2f4673b8a0e12c59451bfdcd8502": {
                    "balance": 1e-08,
                    "percentage_of_total_supply": 1e-12,
                    "percentage_of_circulating_supply": 1e-12
                }
            },
            "total_supply": 1000000.0,
            "total_circulating_supply": 1000000.0,
            "owner": {
                "address": "0x067abf305fd424401e071535b2f1882c47543424",
                "balance": 887867.03949839,
                "percentage_of_circulating_supply": 88.786703949839,
                "exceeds_5_percent": true
            },
            "creator": {
                "address": "0x067abf305fd424401e071535b2f1882c47543424",
                "balance": 887867.03949839,
                "percentage_of_circulating_supply": 88.786703949839,
                "exceeds_5_percent": true
            },
            "holders_exceeding_5_percent_circulating": [],
            "howmany_holders_exceeding_5_percent_circulating": 0,
            "top_10_holders": [
                {
                    "address": "0x067abf305fd424401e071535b2f1882c47543424",
                    "balance": 887867.03949839,
                    "percentage_of_total_supply": 88.786703949839,
                    "percentage_of_circulating_supply": 88.786703949839
                },
                {
                    "address": "0xa47e39776a6e027d48b53449d2197229aba6ee55",
                    "balance": 31850.24741321,
                    "percentage_of_total_supply": 3.185024741321,
                    "percentage_of_circulating_supply": 3.185024741321
                },
                {
                    "address": "0x5d2ffe79ff4644bd5d3b69c69cfa103ef947c549",
                    "balance": 30527.70969439,
                    "percentage_of_total_supply": 3.052770969439,
                    "percentage_of_circulating_supply": 3.052770969439
                },
                {
                    "address": "0x5a0fb295d8ddcbd1004e006f8c3e08295dea0bba",
                    "balance": 19486.74876712,
                    "percentage_of_total_supply": 1.9486748767120001,
                    "percentage_of_circulating_supply": 1.9486748767120001
                },
                {
                    "address": "0x27362147e90abad51bf64ba281c64d6a53a5b561",
                    "balance": 15059.94842512,
                    "percentage_of_total_supply": 1.505994842512,
                    "percentage_of_circulating_supply": 1.505994842512
                },
                {
                    "address": "0x7b691c5a63f7aecb1b1c0c36c0afaa17c6de51ad",
                    "balance": 10414.11756041,
                    "percentage_of_total_supply": 1.0414117560410001,
                    "percentage_of_circulating_supply": 1.0414117560410001
                },
                {
                    "address": "0x95ac560cc05afd186a4b11ed58b0e985538f1612",
                    "balance": 1656.99050656,
                    "percentage_of_total_supply": 0.165699050656,
                    "percentage_of_circulating_supply": 0.165699050656
                },
                {
                    "address": "0x5e3773713f0a20806168d633652b905ee7253f83",
                    "balance": 1635.17928814,
                    "percentage_of_total_supply": 0.16351792881399999,
                    "percentage_of_circulating_supply": 0.16351792881399999
                },
                {
                    "address": "0x5f43b1fe680ab0d36615f1fb1592c9cfb045575c",
                    "balance": 1162.3006623,