{
    "token_address": "0x9BA16d6df2aD159C8fF00dB6cc3a6d01932CB354",
    "chain": "bsc",
    "token_name": "Block And Stock",
    "analyses": {
        "contract": {
            "contract_name": null,
            "compiler_version": null,
            "license_type": null,
            "implementation": null,
            "source_code": null,
            "abi": null,
            "verified": false,
            "owner": "0x624be9bc11e8fada9649378922195bc459ce405a",
            "creator": "0x624be9bc11e8fada9649378922195bc459ce405a",
            "is_hidden_owner": false,
            "is_proxy": null,
            "is_sellable": true,
            "is_hardcoded_owner": null,
            "code_analysis": {
                "total_matches": 0,
                "patterns_found": {}
            }
        },
        "holder": {
            "total_holders": 2,
            "holders_list": {
                "0x624be9bc11e8fada9649378922195bc459ce405a": {
                    "balance": 1000000000.0,
                    "percentage_of_total_supply": 100.0,
                    "percentage_of_circulating_supply": 99.99999996074504
                },
                "0xecdabd979e819e8c1d7e020e754fa3088b3dc488": {
                    "balance": 0.785099,
                    "percentage_of_total_supply": 7.85099e-08,
                    "percentage_of_circulating_supply": 7.850989996918097e-08
                }
            },
            "total_supply": 1000000000.0,
            "total_circulating_supply": 1000000000.3925495,
            "owner": {
                "address": "0x624be9bc11e8fada9649378922195bc459ce405a",
                "balance": 1000000000.0,
                "percentage_of_circulating_supply": 74.57355292234399,
                "exceeds_5_percent": true
            },
            "creator": {
                "address": "0x624be9bc11e8fada9649378922195bc459ce405a",
                "balance": 1000000000.0,
                "percentage_of_circulating_supply": 74.57355292234399,
                "exceeds_5_percent": true
            },
            "holders_exceeding_5_percent_circulating": [],
            "howmany_holders_exceeding_5_percent_circulating": 0,
            "top_10_holders": [
                {
                    "address": "0x624be9bc11e8fada9649378922195bc459ce405a",
                    "balance": 1000000000.0,
                    "percentage_of_total_supply": 100.0,
                    "percentage_of_circulating_supply": 99.99999996074504
                },
                {
                    "address": "0xecdabd979e819e8c1d7e020e754fa3088b3dc488",
                    "balance": 0.785099,
                    "percentage_of_total_supply": 7.85099e-08,
                    "percentage_of_circulating_supply": 7.850989996918097e-08
                }
            ],
            "total_top_10_balance": 1000000000.785099,
            "top10_percentage_of_total_supply": 100.00000007850991,
            "top10_percentage_of_circulating_supply": 100.00000003925496,
            "top_10_less_than_70_percent_of_total": false,
            "top_10_less_than_70_percent_of_circulating": false
        },
        "liquidity": {
            "price_usd": 59.0893123395515,
            "liquidity_usd": 9.278192005693909e-11,
            "market_cap_usd": 59089312362.74698,
            "liquidity_to_market_cap_ratio": 1.5701979993836198e-21,
            "token_volume": 0.0,
            "volume_usd": 0.0,
            "volume_to_liquidity_ratio": 0.0,
            "locked_liquidity_percent": 0.0,
            "locked_95_for_15_days": false,
            "creator_under_5_percent": false,
            "creator_percent_of_lp": 74.5736,
            "owner_under_5_percent": true,
            "owner_percent_of_lp": 0.0,
            "total_lp_supply": 1.76785496e-10,
            "lp_holders_count": 2,
            "lp_holders": [
                {
                    "address": "0x0ed943ce24baebf257488771759f9bf482c39706",
                    "balance": 1.76784496e-10,
                    "is_locked": false,
                    "percent": 99.99943434273591,
                    "tag": ""
                },
                {
                    "address": "0x0000000000000000000000000000000000000000",
                    "balance": 1e-15,
                    "is_locked": true,
                    "percent": 0.0005656572641004,
                    "tag": "Null Address"
                }
            ],
            "error": "Liquidity pool info could not be retrieved."
        },
        "security": {
            "warnings": null,
            "homany_warnings": 0,
            "suspicious_urls": null,
            "howmany_suspicious_urls": 0,
            "suspicious_addresses": null,
            "howmany_suspicious_addresses": 0,
            "error": "Security analysis data not available."
        },
        "lifecycle": {
            "token_age_seconds": 91149579.380536,
            "token_creation_date": "2022-10-07T08:37:50",
            "creation_to_first_trade_seconds": 0.0,
            "creation_to_first_trade_blocks": 0,
            "last_tx_hash": "0x9bb825554e8cf01849e47a418d3ede826799c30470453022acae0a4f85ddbe1d",
            "last_active_age": "2022-10-08T19:24:46",
            "inactive_days": 1053.52275678294
        }
    },
    "errors": []
}