{
    "token_address": "0x43Cae67cC1b716d139384C6C917dD6E8d6cB5f59",
    "chain": "bsc",
    "token_name": "FIRST TOKEN",
    "analyses": {
        "contract": {
            "contract_name": null,
            "compiler_version": null,
            "license_type": null,
            "implementation": null,
            "source_code": null,
            "abi": null,
            "verified": false,
            "owner": "0xce471477e5bc464665cee95a8dfa8a9211f19072",
            "creator": "0xce471477e5bc464665cee95a8dfa8a9211f19072",
            "is_hidden_owner": false,
            "is_proxy": null,
            "is_sellable": true,
            "is_hardcoded_owner": null,
            "code_analysis": {
                "total_matches": 0,
                "patterns_found": {}
            }
        },
        "holder": {
            "total_holders": 41,
            "holders_list": {
                "0xce471477e5bc464665cee95a8dfa8a9211f19072": {
                    "balance": 99999893467.0219,
                    "percentage_of_total_supply": 99.9998934670219,
                    "percentage_of_circulating_supply": 99.9998934670219
                },
                "0xdf0593b29b0c3183d5423f7f6ecc02188d1bf300": {
                    "balance": 82068.103075501,
                    "percentage_of_total_supply": 8.206810307550099e-05,
                    "percentage_of_circulating_supply": 8.206810307550099e-05
                },
                "0x7fb0e11462c7d012d789533c23bb3b612b903246": {
                    "balance": 9340.154007447,
                    "percentage_of_total_supply": 9.340154007447e-06,
                    "percentage_of_circulating_supply": 9.340154007447e-06
                },
                "0xf1f0b6053f61224f83f57ca3a0e0c4964df2666f": {
                    "balance": 3711.887332693,
                    "percentage_of_total_supply": 3.711887332693e-06,
                    "percentage_of_circulating_supply": 3.711887332693e-06
                },
                "0xc46ac32ca743c22f73cab67147c8dc74a4259092": {
                    "balance": 2287.545813428,
                    "percentage_of_total_supply": 2.287545813428e-06,
                    "percentage_of_circulating_supply": 2.287545813428e-06
                },
                "0xf894b9d289b6785b22df7936c2059e884515f2e2": {
                    "balance": 1218.916111937,
                    "percentage_of_total_supply": 1.218916111937e-06,
                    "percentage_of_circulating_supply": 1.218916111937e-06
                },
                "0x42902843527c487740e55ebf1fe3c936d69837c1": {
                    "balance": 1061.013692181,
                    "percentage_of_total_supply": 1.061013692181e-06,
                    "percentage_of_circulating_supply": 1.061013692181e-06
                },
                "0x71819627daceeb5ea2dd8c760d791a95ba0f7422": {
                    "balance": 961.98821082,
                    "percentage_of_total_supply": 9.6198821082e-07,
                    "percentage_of_circulating_supply": 9.6198821082e-07
                },
                "0xb0ecabc549be495a1a43d57ae6081bf970592776": {
                    "balance": 924.318136724,
                    "percentage_of_total_supply": 9.243181367240001e-07,
                    "percentage_of_circulating_supply": 9.243181367240001e-07
                },
                "0x53fa3bb8cabff5840033e8c3c59a09107b1c424d": {
                    "balance": 900.335452271,
                    "percentage_of_total_supply": 9.003354522710001e-07,
                    "percentage_of_circulating_supply": 9.003354522710001e-07
                },
                "0x44c270e52080d56e4f149789649c23e6c6e40659": {
                    "balance": 748.082799432,
                    "percentage_of_total_supply": 7.48082799432e-07,
                    "percentage_of_circulating_supply": 7.48082799432e-07
                },
                "0x23097092ad603f40b938004b907a28018f67e7cd": {
                    "balance": 743.416844712,
                    "percentage_of_total_supply": 7.43416844712e-07,
                    "percentage_of_circulating_supply": 7.43416844712e-07
                },
                "0x76d9988df4335f70a242098f52ba17488c00ea88": {
                    "balance": 617.140451087,
                    "percentage_of_total_supply": 6.17140451087e-07,
                    "percentage_of_circulating_supply": 6.17140451087e-07
                },
                "0x7f8cfcdfcf422bf84ae89297a3467d99c88117c3": {
                    "balance": 365.083407955,
                    "percentage_of_total_supply": 3.65083407955e-07,
                    "percentage_of_circulating_supply": 3.65083407955e-07
                },
                "0x27e348fb5990bd02bd7d9d70fbc2b847464ecbf1": {
                    "balance": 337.31900706,
                    "percentage_of_total_supply": 3.3731900706e-07,
                    "percentage_of_circulating_supply": 3.3731900706e-07
                },
                "0xba2eb381eca48c81a53d0fd8386dce0597010ae1": {
                    "balance": 224.922660294,
                    "percentage_of_total_supply": 2.24922660294e-07,
                    "percentage_of_circulating_supply": 2.24922660294e-07
                },
                "0x8786d2a7137de0c43cf30cd5b7c494dfede773ca": {
                    "balance": 166.092049582,
                    "percentage_of_total_supply": 1.6609204958199999e-07,
                    "percentage_of_circulating_supply": 1.6609204958199999e-07
                },
                "0x9e13eda6025f9681ec6cebe5d3f4b9ae24a35ef7": {
                    "balance": 151.0,
                    "percentage_of_total_supply": 1.51e-07,
                    "percentage_of_circulating_supply": 1.51e-07
                },
                "0x6b99983ab8495dcf02d59af65bd4d17559811016": {
                    "balance": 94.123496001,
                    "percentage_of_total_supply": 9.4123496001e-08,
                    "percentage_of_circulating_supply": 9.4123496001e-08
                },
                "0xdb0bfaf71c32024fe991377d34228e81e98d286d": {
                    "balance": 80.450875974,
                    "percentage_of_total_supply": 8.0450875974e-08,
                    "percentage_of_circulating_supply": 8.0450875974e-08
                },
                "0xf48fded01c63337a762c0bbbf52316066604db80": {
                    "balance": 71.646941675,
                    "percentage_of_total_supply": 7.1646941675e-08,
                    "percentage_of_circulating_supply": 7.1646941675e-08
                },
                "0xe8a767b22e6a5a04c1342bf65cf635e910d813ff": {
                    "balance": 67.569770274,
                    "percentage_of_total_supply": 6.7569770274e-08,
                    "percentage_of_circulating_supply": 6.7569770274e-08
                },
                "0x55fce670a273e11c2946e01437e5f476f64ad561": {
                    "balance": 54.910989492,
                    "percentage_of_total_supply": 5.4910989491999995e-08,
                    "percentage_of_circulating_supply": 5.4910989491999995e-08
                },
                "0x9e7f7a6e52d676e1e8ec1f1e58f2a3446ee16bc6": {
                    "balance": 50.0,
                    "percentage_of_total_supply": 5.0000000000000004e-08,
                    "percentage_of_circulating_supply": 5.0000000000000004e-08
                },
                "0x0aa0722a311f0cac931d6def96a77fb87898a095": {
                    "balance": 49.419952809,
                    "percentage_of_total_supply": 4.9419952809e-08,
                    "percentage_of_circulating_supply": 4.9419952809e-08
                },
                "0x8ae45db96fa8e936bc6a04536332dedbafe3eb27": {
                    "balance": 41.629048089,
                    "percentage_of_total_supply": 4.1629048089e-08,
                    "percentage_of_circulating_supply": 4.1629048089e-08
                },