{
    "token_address": "0x1ABcFAcFe004837DBED945503d6B34Cf63A32224",
    "chain": "bsc",
    "token_name": "Prometeus",
    "analyses": {
        "contract": {
            "contract_name": null,
            "compiler_version": null,
            "license_type": null,
            "implementation": null,
            "source_code": null,
            "abi": null,
            "verified": false,
            "owner": null,
            "creator": "0xfe85e0ea970957ee9d318da297833139634085d5",
            "is_hidden_owner": true,
            "is_proxy": null,
            "is_sellable": true,
            "is_hardcoded_owner": null,
            "code_analysis": {
                "total_matches": 0,
                "patterns_found": {}
            }
        },
        "holder": {
            "total_holders": 5,
            "holders_list": {
                "0xfe85e0ea970957ee9d318da297833139634085d5": {
                    "balance": 11347503.326966122,
                    "percentage_of_total_supply": 99.53950286812386,
                    "percentage_of_circulating_supply": 99.53950286812386
                },
                "0x0ed943ce24baebf257488771759f9bf482c39706": {
                    "balance": 25293.566890666465,
                    "percentage_of_total_supply": 0.221873393777776,
                    "percentage_of_circulating_supply": 0.221873393777776
                },
                "0x5e3773713f0a20806168d633652b905ee7253f83": {
                    "balance": 17526.069067846547,
                    "percentage_of_total_supply": 0.1537374479635662,
                    "percentage_of_circulating_supply": 0.1537374479635662
                },
                "0x2be87ad70cf11ea294d7c42044b5b8277a3e4874": {
                    "balance": 9673.202255391365,
                    "percentage_of_total_supply": 0.08485265136308213,
                    "percentage_of_circulating_supply": 0.08485265136308213
                },
                "0x96c2161b135aac98fab7fc0fb42c04a022695004": {
                    "balance": 3.834819974117437,
                    "percentage_of_total_supply": 3.363877170278453e-05,
                    "percentage_of_circulating_supply": 3.363877170278453e-05
                }
            },
            "total_supply": 11400000.000000002,
            "total_circulating_supply": 11400000.000000002,
            "owner": {},
            "creator": {
                "address": "0xfe85e0ea970957ee9d318da297833139634085d5",
                "balance": 11347503.326966122,
                "percentage_of_circulating_supply": 99.53950286812386,
                "exceeds_5_percent": true
            },
            "holders_exceeding_5_percent_circulating": [],
            "howmany_holders_exceeding_5_percent_circulating": 0,
            "top_10_holders": [
                {
                    "address": "0xfe85e0ea970957ee9d318da297833139634085d5",
                    "balance": 11347503.326966122,
                    "percentage_of_total_supply": 99.53950286812386,
                    "percentage_of_circulating_supply": 99.53950286812386
                },
                {
                    "address": "0x0ed943ce24baebf257488771759f9bf482c39706",
                    "balance": 25293.566890666465,
                    "percentage_of_total_supply": 0.221873393777776,
                    "percentage_of_circulating_supply": 0.221873393777776
                },
                {
                    "address": "0x5e3773713f0a20806168d633652b905ee7253f83",
                    "balance": 17526.069067846547,
                    "percentage_of_total_supply": 0.1537374479635662,
                    "percentage_of_circulating_supply": 0.1537374479635662
                },
                {
                    "address": "0x2be87ad70cf11ea294d7c42044b5b8277a3e4874",
                    "balance": 9673.202255391365,
                    "percentage_of_total_supply": 0.08485265136308213,
                    "percentage_of_circulating_supply": 0.08485265136308213
                },
                {
                    "address": "0x96c2161b135aac98fab7fc0fb42c04a022695004",
                    "balance": 3.834819974117437,
                    "percentage_of_total_supply": 3.363877170278453e-05,
                    "percentage_of_circulating_supply": 3.363877170278453e-05
                }
            ],
            "total_top_10_balance": 11400000.000000002,
            "top10_percentage_of_total_supply": 100.0,
            "top10_percentage_of_circulating_supply": 100.0,
            "top_10_less_than_70_percent_of_total": false,
            "top_10_less_than_70_percent_of_circulating": false
        },
        "liquidity": {
            "price_usd": 7.016258954398687e-11,
            "liquidity_usd": 5.381217996381682e-10,
            "market_cap_usd": 0.0007998535208014505,
            "liquidity_to_market_cap_ratio": 6.727754340556906e-07,
            "token_volume": 0.0,
            "volume_usd": 0.0,
            "volume_to_liquidity_ratio": 0.0,
            "locked_liquidity_percent": 0.0,
            "locked_95_for_15_days": false,
            "creator_under_5_percent": false,
            "creator_percent_of_lp": 99.5395,
            "owner_under_5_percent": true,
            "owner_percent_of_lp": 0.0,
            "total_lp_supply": 0.000938854430589032,
            "lp_holders_count": 2,
            "lp_holders": [
                {
                    "address": "0x0ed943ce24baebf257488771759f9bf482c39706",
                    "balance": 0.000938854430588032,
                    "is_locked": false,
                    "percent": 99.99999999989349,
                    "tag": ""
                },
                {
                    "address": "0x0000000000000000000000000000000000000000",
                    "balance": 1e-15,
                    "is_locked": true,
                    "percent": 1.065127e-10,
                    "tag": "Null Address"
                }
            ],
            "error": "Liquidity pool info could not be retrieved."
        },
        "security": {
            "warnings": null,
            "homany_warnings": 0,
            "suspicious_urls": null,
            "howmany_suspicious_urls": 0,
            "suspicious_addresses": null,
            "howmany_suspicious_addresses": 0,
            "error": "Security analysis data not available."
        },
        "lifecycle": {
            "token_age_seconds": 126982458.472675,
            "token_creation_date": "2021-08-18T15:48:48",
            "creation_to_first_trade_seconds": 0.0,
            "creation_to_first_trade_blocks": 0,
            "last_tx_hash": "0xbb3d771d9b4e01b08ab5c5ee06d36bce98e3258307e04185286b07a1c3f4e9b7",
            "last_active_age": "2021-08-26T20:56:17",
            "inactive_days": 1461.4908826025232
        }
    },
    "errors": []
}