{
    "token_address": "0x5af737513DE10580244e99B11881B3d53df061a0",
    "chain": "bsc",
    "token_name": "Safe Floki",
    "analyses": {
        "contract": {
            "contract_name": null,
            "compiler_version": null,
            "license_type": null,
            "implementation": null,
            "source_code": null,
            "abi": null,
            "verified": false,
            "owner": "0x0bc6a55814d1e4a2cd1cd1ab14277dced7ca1a4e",
            "creator": "0x0bc6a55814d1e4a2cd1cd1ab14277dced7ca1a4e",
            "is_hidden_owner": false,
            "is_proxy": null,
            "is_sellable": true,
            "is_hardcoded_owner": null,
            "code_analysis": null
        },
        "holder": {
            "total_holders": 26,
            "holders_list": {
                "0xbdedce9594551ad4a546f8f4b705f28594020dd7": {
                    "balance": 8.29920657380535e+31,
                    "percentage_of_total_supply": 8.2992,
                    "percentage_of_circulating_supply": 8.2992
                },
                "0x936bba43de93391c013276d37f306d1d64e22d2e": {
                    "balance": 5.622499842844715e+31,
                    "percentage_of_total_supply": 5.6225,
                    "percentage_of_circulating_supply": 5.6225
                },
                "0x1f8da8ee637dc4f5aa66cfacd6053f689772e065": {
                    "balance": 3.3806355906513145e+31,
                    "percentage_of_total_supply": 3.3806,
                    "percentage_of_circulating_supply": 3.3806
                },
                "0x166a0a36182403e8b72250a25c8c06a8bae2089b": {
                    "balance": 2.5806525274828864e+31,
                    "percentage_of_total_supply": 2.5807,
                    "percentage_of_circulating_supply": 2.5807
                },
                "0x3275b5fd2fdb9679fd9760b2eabb6fae90b8d455": {
                    "balance": 2.5578562728380023e+31,
                    "percentage_of_total_supply": 2.5579,
                    "percentage_of_circulating_supply": 2.5579
                },
                "0x313ef81954959c195ef63f104e73048ccff21420": {
                    "balance": 2.4437512557199556e+31,
                    "percentage_of_total_supply": 2.4438,
                    "percentage_of_circulating_supply": 2.4438
                },
                "0xfc11c769796b0dc8b00ae83971afecbb32751886": {
                    "balance": 2.2306061897445706e+31,
                    "percentage_of_total_supply": 2.2306,
                    "percentage_of_circulating_supply": 2.2306
                },
                "0x029460a966dbae2a9339505f3b78eae1b676ae1e": {
                    "balance": 1.725195046139968e+31,
                    "percentage_of_total_supply": 1.7252,
                    "percentage_of_circulating_supply": 1.7252
                },
                "0x5a19200e317baa00626967879614c4d91016333d": {
                    "balance": 1.5866556446569303e+31,
                    "percentage_of_total_supply": 1.5867,
                    "percentage_of_circulating_supply": 1.5867
                },
                "0xddd704a632d063f2eb030051994a3d3a6be65a72": {
                    "balance": 1.3880539491153894e+31,
                    "percentage_of_total_supply": 1.3881,
                    "percentage_of_circulating_supply": 1.3881
                },
                "0xbf8af1a4501b547f8db43a38451795740ea5e2ed": {
                    "balance": 1.2118270749933636e+31,
                    "percentage_of_total_supply": 1.2118,
                    "percentage_of_circulating_supply": 1.2118
                },
                "0xf9b998ca60c1205721ef84ce47a3cad5f9e43211": {
                    "balance": 1.1817935803775348e+31,
                    "percentage_of_total_supply": 1.1818,
                    "percentage_of_circulating_supply": 1.1818
                },
                "0x288d9ed075cba37ff831dad5748b049328aa1371": {
                    "balance": 7.923704866219825e+30,
                    "percentage_of_total_supply": 0.7924,
                    "percentage_of_circulating_supply": 0.7924
                },
                "0x7f344f86d61a3daf7955d77ad013aa8cde44e880": {
                    "balance": 7.419877353983403e+30,
                    "percentage_of_total_supply": 0.742,
                    "percentage_of_circulating_supply": 0.742
                },
                "0xb0824b3be54fb5b0a5dec6bfde3367b4283561bd": {
                    "balance": 6.843916452699469e+30,
                    "percentage_of_total_supply": 0.6844,
                    "percentage_of_circulating_supply": 0.6844
                },
                "0x7f945c94002b73b81a84c455b03f1641e0b7b0eb": {
                    "balance": 6.578116491774501e+30,
                    "percentage_of_total_supply": 0.6578,
                    "percentage_of_circulating_supply": 0.6578
                },
                "0x077701544d4b845cc1877fe1a942c3929b6b15db": {
                    "balance": 6.459944405946132e+30,
                    "percentage_of_total_supply": 0.646,
                    "percentage_of_circulating_supply": 0.646
                },
                "0x915f1ae3d724f8f0f7bcf59563825e1e954f2c3b": {
                    "balance": 5.433813426273409e+30,
                    "percentage_of_total_supply": 0.5434,
                    "percentage_of_circulating_supply": 0.5434
                },
                "0x8bc6fbccc3587ae341fa1632c86582ac34217d0f": {
                    "balance": 1.622711935375269e+30,
                    "percentage_of_total_supply": 0.1623,
                    "percentage_of_circulating_supply": 0.1623
                },
                "0xa82fe1122c27a4d540b0e17543b3fbe8c5c46a62": {
                    "balance": 1.165680000034e+30,
                    "percentage_of_total_supply": 0.1166,
                    "percentage_of_circulating_supply": 0.1166
                },
                "0xebadb0daa6a46d01d9c54e1a764034b7e3d49a5b": {
                    "balance": 9.093067766887206e+29,
                    "percentage_of_total_supply": 0.0909,
                    "percentage_of_circulating_supply": 0.0909
                },
                "0x836088f7ae533de2fd10047b5fd62a1d34ae780f": {
                    "balance": 4.93086579651769e+29,
                    "percentage_of_total_supply": 0.0493,
                    "percentage_of_circulating_supply": 0.0493
                },
                "0x96804a4c5fe4fe1c4304d1584eb811eed785bf2c": {
                    "balance": 1.1301631969717764e+29,
                    "percentage_of_total_supply": 0.0113,
                    "percentage_of_circulating_supply": 0.0113
                },
                "0x0d1d2e9341afdcc842b3db72e9b01217577d3996": {
                    "balance": 1.00238e+28,
                    "percentage_of_total_supply": 0.001,
                    "percentage_of_circulating_supply": 0.001
                },
                "0x23f54175e755739ad542e62921c9437c46b5d336": {
                    "balance": 4.7290139496224224e+27,
                    "percentage_of_total_supply": 0.0005,
                    "percentage_of_circulating_supply": 0.0005
                }
            },
            "total_supply": 1e+33,
            "total_circulating_supply": 1e+33,
            "owner": {
                "address": "0x0bc6a55814d1e4a2cd1cd1ab14277dced7ca1a4e",
                "balance": 6.129347370940069e+32,
                "percentage_of_supply": 61.2935,
                "exceeds_5_percent": true
            },
            "creator": {},
            "holders_exceeding_5_percent": [
                {
                    "address": "0x0bc6a55814d1e4a2cd1cd1ab14277dced7ca1a4e",
                    "balance": 6.129347370940069e+32,
                    "percentage_of_supply": 61.2935
                },
                {
                    "address": "0xbdedce9594551ad4a546f8f4b705f28594020dd7",