{
    "token_address": "0x9945a429bf94F2D44e7E2Ab758FD0b749d6695E5",
    "chain": "bsc",
    "token_name": "Quontral",
    "analyses": {
        "contract": {
            "contract_name": null,
            "compiler_version": null,
            "license_type": null,
            "implementation": null,
            "source_code": null,
            "abi": null,
            "verified": false,
            "owner": "0xd1158c3812fadd95f7c801f653eddbe8539c1b0e",
            "creator": "0xd1158c3812fadd95f7c801f653eddbe8539c1b0e",
            "is_hidden_owner": false,
            "is_proxy": null,
            "is_sellable": true,
            "is_hardcoded_owner": null,
            "code_analysis": {
                "total_matches": 0,
                "patterns_found": {}
            }
        },
        "holder": {
            "total_holders": 42,
            "holders_list": {
                "0x248676ab1449114c58a4dc1ebfc7bb49cab674e5": {
                    "balance": 62650797713.50713,
                    "percentage_of_total_supply": 62.65079771350713,
                    "percentage_of_circulating_supply": 62.650797713507124
                },
                "0x2e8f79ad740de90dc5f5a9f0d8d9661a60725e64": {
                    "balance": 5000000000.0,
                    "percentage_of_total_supply": 5.0,
                    "percentage_of_circulating_supply": 5.0
                },
                "0x8894e0a0c962cb723c1976a4421c95949be2d4e3": {
                    "balance": 5000000000.0,
                    "percentage_of_total_supply": 5.0,
                    "percentage_of_circulating_supply": 5.0
                },
                "0xefdca55e4bce6c1d535cb2d0687b5567eef2ae83": {
                    "balance": 5000000000.0,
                    "percentage_of_total_supply": 5.0,
                    "percentage_of_circulating_supply": 5.0
                },
                "0xf977814e90da44bfa03b6295a0616a897441acec": {
                    "balance": 5000000000.0,
                    "percentage_of_total_supply": 5.0,
                    "percentage_of_circulating_supply": 5.0
                },
                "0xc7029e939075f48fa2d5953381660c7d01570171": {
                    "balance": 5000000000.0,
                    "percentage_of_total_supply": 5.0,
                    "percentage_of_circulating_supply": 5.0
                },
                "0x4982085c9e2f89f2ecb8131eca71afad896e89cb": {
                    "balance": 5000000000.0,
                    "percentage_of_total_supply": 5.0,
                    "percentage_of_circulating_supply": 5.0
                },
                "0x0d0707963952f2fba59dd06f2b425ace40b492fe": {
                    "balance": 5000000000.0,
                    "percentage_of_total_supply": 5.0,
                    "percentage_of_circulating_supply": 5.0
                },
                "0x5867a03e773e36d0ee8d601d8ada6882b58b6d0a": {
                    "balance": 641971283.9007978,
                    "percentage_of_total_supply": 0.6419712839007979,
                    "percentage_of_circulating_supply": 0.6419712839007978
                },
                "0x8ba2f8e8d4bebdf5b90b9e3068ecf4caf4db37cd": {
                    "balance": 489017889.80305576,
                    "percentage_of_total_supply": 0.4890178898030558,
                    "percentage_of_circulating_supply": 0.4890178898030557
                },
                "0x37f155be6761ff947ce94e6f9d2ab30748ee8bbf": {
                    "balance": 402655238.95381844,
                    "percentage_of_total_supply": 0.4026552389538185,
                    "percentage_of_circulating_supply": 0.4026552389538184
                },
                "0x7f05b5044205369f1c042bc820920f79de1785ed": {
                    "balance": 191547240.53955626,
                    "percentage_of_total_supply": 0.19154724053955627,
                    "percentage_of_circulating_supply": 0.19154724053955624
                },
                "0x9579c69a6b3f40826ff0b4923dc7a03af50ffb46": {
                    "balance": 119200993.98163158,
                    "percentage_of_total_supply": 0.11920099398163159,
                    "percentage_of_circulating_supply": 0.11920099398163156
                },
                "0x57d7da05196b8385de8ba34d49863d517abcb360": {
                    "balance": 89312816.69463837,
                    "percentage_of_total_supply": 0.08931281669463838,
                    "percentage_of_circulating_supply": 0.08931281669463835
                },
                "0x2ae4fd0e7816ca45e487d0884881d2332aab3cf2": {
                    "balance": 57628112.19349069,
                    "percentage_of_total_supply": 0.05762811219349069,
                    "percentage_of_circulating_supply": 0.057628112193490684
                },
                "0xbf6b8c1f1e54413e5fdd0e54bdf3f59e71e32b13": {
                    "balance": 55044257.79289132,
                    "percentage_of_total_supply": 0.055044257792891335,
                    "percentage_of_circulating_supply": 0.05504425779289132
                },
                "0x7b4d72c179fa64fc28ce786a902ece4a5e2b2009": {
                    "balance": 48613894.43848768,
                    "percentage_of_total_supply": 0.04861389443848769,
                    "percentage_of_circulating_supply": 0.048613894438487674
                },
                "0x3c8e4e098db14720d30b04bc4bde0b3a44ab2dbf": {
                    "balance": 45959001.0,
                    "percentage_of_total_supply": 0.045959001,
                    "percentage_of_circulating_supply": 0.045959001
                },
                "0x8753ec589d4adb01751b65f3740688aadf6fce7e": {
                    "balance": 41333616.71587456,
                    "percentage_of_total_supply": 0.04133361671587456,
                    "percentage_of_circulating_supply": 0.04133361671587456
                },
                "0xd3ef22dac354ccc79c3fdcb63dd787e75a7c7d94": {
                    "balance": 29771640.122511692,
                    "percentage_of_total_supply": 0.029771640122511694,
                    "percentage_of_circulating_supply": 0.02977164012251169
                },
                "0x8ed7358fbe4c7671fa21b995cf3fcc7ad6e17631": {
                    "balance": 26646684.610512957,
                    "percentage_of_total_supply": 0.026646684610512957,
                    "percentage_of_circulating_supply": 0.026646684610512953
                },
                "0xc77b8e4624d18a1d311806ea6a1cdacb25975bb6": {
                    "balance": 24077855.599300552,
                    "percentage_of_total_supply": 0.024077855599300552,
                    "percentage_of_circulating_supply": 0.02407785559930055
                },
                "0xc990456cb51ef83b7f4c31753b6c23bbc25528ad": {
                    "balance": 18619359.05400661,
                    "percentage_of_total_supply": 0.01861935905400661,
                    "percentage_of_circulating_supply": 0.01861935905400661
                },
                "0xdb4ec6be63255b71c7adc219c6266fd410c417d8": {
                    "balance": 18000000.0,
                    "percentage_of_total_supply": 0.018000000000000002,
                    "percentage_of_circulating_supply": 0.018
                },
                "0x16d1bded03691a6bad6bab6b960d701e4c3ef196": {
                    "balance": 16183846.686900923,
                    "percentage_of_total_supply": 0.016183846686900927,
                    "percentage_of_circulating_supply": 0.016183846686900923
                },
                "0x39ccee891b41ed942919db93c702624cb4f17b42": {
                    "balance": 16103830.994040992,
                    "percentage_of_total_supply": 0.016103830994040995,
                    "percentage_of_circulating_supply": 0.01610383099404099
                },
                "0x13657b499d7bb645ad8405d5ebb2fd559f5066a3": {
                    "balance": 6984461.52036139,