{
    "token_address": "0x237Dc94A9CaAd8D042fa771BcBDF1CD882809524",
    "chain": "bsc",
    "token_name": "Wing Stone",
    "analyses": {
        "contract": {
            "contract_name": null,
            "compiler_version": null,
            "license_type": null,
            "implementation": null,
            "source_code": null,
            "abi": null,
            "verified": false,
            "owner": "0x624be9bc11e8fada9649378922195bc459ce405a",
            "creator": "0x624be9bc11e8fada9649378922195bc459ce405a",
            "is_hidden_owner": false,
            "is_proxy": null,
            "is_sellable": true,
            "is_hardcoded_owner": null,
            "code_analysis": {
                "total_matches": 0,
                "patterns_found": {}
            }
        },
        "holder": {
            "total_holders": 2,
            "holders_list": {
                "0x624be9bc11e8fada9649378922195bc459ce405a": {
                    "balance": 1000000000.0,
                    "percentage_of_total_supply": 100.0,
                    "percentage_of_circulating_supply": 99.9999999999999
                },
                "0x9402980f95b99f9771309d59a43e1921ac768363": {
                    "balance": 2e-06,
                    "percentage_of_total_supply": 2e-13,
                    "percentage_of_circulating_supply": 1.9999999999999983e-13
                }
            },
            "total_supply": 1000000000.0,
            "total_circulating_supply": 1000000000.000001,
            "owner": {
                "address": "0x624be9bc11e8fada9649378922195bc459ce405a",
                "balance": 1000000000.0,
                "percentage_of_circulating_supply": 98.6713790088933,
                "exceeds_5_percent": true
            },
            "creator": {
                "address": "0x624be9bc11e8fada9649378922195bc459ce405a",
                "balance": 1000000000.0,
                "percentage_of_circulating_supply": 98.6713790088933,
                "exceeds_5_percent": true
            },
            "holders_exceeding_5_percent_circulating": [],
            "howmany_holders_exceeding_5_percent_circulating": 0,
            "top_10_holders": [
                {
                    "address": "0x624be9bc11e8fada9649378922195bc459ce405a",
                    "balance": 1000000000.0,
                    "percentage_of_total_supply": 100.0,
                    "percentage_of_circulating_supply": 99.9999999999999
                },
                {
                    "address": "0x9402980f95b99f9771309d59a43e1921ac768363",
                    "balance": 2e-06,
                    "percentage_of_total_supply": 2e-13,
                    "percentage_of_circulating_supply": 1.9999999999999983e-13
                }
            ],
            "total_top_10_balance": 1000000000.000002,
            "top10_percentage_of_total_supply": 100.0000000000002,
            "top10_percentage_of_circulating_supply": 100.00000000000011,
            "top_10_less_than_70_percent_of_total": false,
            "top_10_less_than_70_percent_of_circulating": false
        },
        "liquidity": {
            "price_usd": 390.27783730936665,
            "liquidity_usd": 1.5611113492374667e-15,
            "market_cap_usd": 390277837309.367,
            "liquidity_to_market_cap_ratio": 3.9999999999999966e-27,
            "token_volume": 0.0,
            "volume_usd": 0.0,
            "volume_to_liquidity_ratio": 0.0,
            "locked_liquidity_percent": 100.0,
            "locked_95_for_15_days": false,
            "creator_under_5_percent": false,
            "creator_percent_of_lp": 98.6714,
            "owner_under_5_percent": true,
            "owner_percent_of_lp": 0.0,
            "total_lp_supply": 1e-15,
            "lp_holders_count": 1,
            "lp_holders": [
                {
                    "address": "0x0000000000000000000000000000000000000000",
                    "balance": 1e-15,
                    "is_locked": true,
                    "percent": 100.0,
                    "tag": "Null Address"
                }
            ],
            "error": "Liquidity pool info could not be retrieved."
        },
        "security": {
            "warnings": null,
            "homany_warnings": 0,
            "suspicious_urls": null,
            "howmany_suspicious_urls": 0,
            "suspicious_addresses": null,
            "howmany_suspicious_addresses": 0,
            "error": "Security analysis data not available."
        },
        "lifecycle": {
            "token_age_seconds": 87748465.744892,
            "token_creation_date": "2022-11-15T17:16:07",
            "creation_to_first_trade_seconds": 0.0,
            "creation_to_first_trade_blocks": 0,
            "last_tx_hash": "0xd9bf38f36ac877bff8860d5bc6ada73d1554013e4bb658381744c420ecf5d4da",
            "last_active_age": "2022-11-16T17:01:59",
            "inactive_days": 1014.617090976794
        }
    },
    "errors": []
}