{
    "token_address": "0x3008b79b8c5402A8389038b49077979Bee3081D7",
    "chain": "bsc",
    "token_name": "BitNex Byte",
    "analyses": {
        "contract": {
            "contract_name": null,
            "compiler_version": null,
            "license_type": null,
            "implementation": null,
            "source_code": null,
            "abi": null,
            "verified": false,
            "owner": "0x5ef0e6deee9308e67eeeb9c2db2066ca07029138",
            "creator": "0x5ef0e6deee9308e67eeeb9c2db2066ca07029138",
            "is_hidden_owner": false,
            "is_proxy": null,
            "is_sellable": true,
            "is_hardcoded_owner": null,
            "code_analysis": {
                "total_matches": 0,
                "patterns_found": {}
            }
        },
        "holder": {
            "total_holders": 25,
            "holders_list": {
                "0x5ef0e6deee9308e67eeeb9c2db2066ca07029138": {
                    "balance": 999158066.2174063,
                    "percentage_of_total_supply": 99.91580662174063,
                    "percentage_of_circulating_supply": 99.91580662174063
                },
                "0xc12d429d7680a63686c516e5ce3cb32691b6a704": {
                    "balance": 818712.3932654455,
                    "percentage_of_total_supply": 0.08187123932654455,
                    "percentage_of_circulating_supply": 0.08187123932654455
                },
                "0x19deca6556c90d322e3016f1b7ff7243a5b1bb00": {
                    "balance": 10369.523595270444,
                    "percentage_of_total_supply": 0.0010369523595270443,
                    "percentage_of_circulating_supply": 0.0010369523595270443
                },
                "0x7e63e8a028385009ca148d65d223c237e19cda33": {
                    "balance": 5333.376696889301,
                    "percentage_of_total_supply": 0.00053333766968893,
                    "percentage_of_circulating_supply": 0.00053333766968893
                },
                "0x13da8b98e7f100522ce8c8869cc7bdcb8e7223eb": {
                    "balance": 1311.436965116222,
                    "percentage_of_total_supply": 0.00013114369651162218,
                    "percentage_of_circulating_supply": 0.00013114369651162218
                },
                "0x4070ea7aaa8b8f0b9e5d64df7d90393126237c4f": {
                    "balance": 1047.3274039047938,
                    "percentage_of_total_supply": 0.0001047327403904794,
                    "percentage_of_circulating_supply": 0.0001047327403904794
                },
                "0xee00ce48166c4b29e82cb548870a3f4dcfda03b9": {
                    "balance": 801.0667727097148,
                    "percentage_of_total_supply": 8.010667727097148e-05,
                    "percentage_of_circulating_supply": 8.010667727097148e-05
                },
                "0xc25fb38adccef4e9ea681590874458238125afbf": {
                    "balance": 700.0,
                    "percentage_of_total_supply": 7e-05,
                    "percentage_of_circulating_supply": 7e-05
                },
                "0xd2dd319932649759ff16164d6b37faf700798573": {
                    "balance": 495.3881186315108,
                    "percentage_of_total_supply": 4.9538811863151074e-05,
                    "percentage_of_circulating_supply": 4.9538811863151074e-05
                },
                "0x2c58c4dd4c9c09b519abfbad53eecca967b1c893": {
                    "balance": 494.18643617672654,
                    "percentage_of_total_supply": 4.941864361767265e-05,
                    "percentage_of_circulating_supply": 4.941864361767265e-05
                },
                "0x8442a78a7bcf4869be5f7d038a78b49e43a4937d": {
                    "balance": 489.9330370987602,
                    "percentage_of_total_supply": 4.899330370987602e-05,
                    "percentage_of_circulating_supply": 4.899330370987602e-05
                },
                "0xd220d4e025d5839ae121da254dcb243d2da8d485": {
                    "balance": 406.15613867430545,
                    "percentage_of_total_supply": 4.061561386743054e-05,
                    "percentage_of_circulating_supply": 4.061561386743054e-05
                },
                "0xd19282ef035cc08827c986b80f96456e1b1ec91a": {
                    "balance": 384.00065384657387,
                    "percentage_of_total_supply": 3.840006538465739e-05,
                    "percentage_of_circulating_supply": 3.840006538465739e-05
                },
                "0x3637f4842f91b63c945fd0027fae9b54f2944db1": {
                    "balance": 316.58308113455723,
                    "percentage_of_total_supply": 3.165830811345572e-05,
                    "percentage_of_circulating_supply": 3.165830811345572e-05
                },
                "0xa00dbd982c5dd38622e1a4ed918a09840b5af6d5": {
                    "balance": 204.24150294562423,
                    "percentage_of_total_supply": 2.0424150294562423e-05,
                    "percentage_of_circulating_supply": 2.0424150294562423e-05
                },
                "0x6d8e932311660ff0387d69aa055590e50ef2db4d": {
                    "balance": 186.29750556983623,
                    "percentage_of_total_supply": 1.8629750556983623e-05,
                    "percentage_of_circulating_supply": 1.8629750556983623e-05
                },
                "0x725049b2d876fec75b2724fcc7e6349236115f17": {
                    "balance": 177.11986891447629,
                    "percentage_of_total_supply": 1.771198689144763e-05,
                    "percentage_of_circulating_supply": 1.771198689144763e-05
                },
                "0xb94c77078e4249706e1bfd11dc136359a4d12562": {
                    "balance": 118.47749066744231,
                    "percentage_of_total_supply": 1.184774906674423e-05,
                    "percentage_of_circulating_supply": 1.184774906674423e-05
                },
                "0x0ed943ce24baebf257488771759f9bf482c39706": {
                    "balance": 111.33992705801853,
                    "percentage_of_total_supply": 1.1133992705801854e-05,
                    "percentage_of_circulating_supply": 1.1133992705801854e-05
                },
                "0x717cc1970f62bff7e90c856ec33c9112ac3e3d5c": {
                    "balance": 93.23978811772429,
                    "percentage_of_total_supply": 9.323978811772428e-06,
                    "percentage_of_circulating_supply": 9.323978811772428e-06
                },
                "0x1129964ec0ad97f55a17116d9d5bbcf4563bb1a8": {
                    "balance": 84.2277941340297,
                    "percentage_of_total_supply": 8.42277941340297e-06,
                    "percentage_of_circulating_supply": 8.42277941340297e-06
                },
                "0xde2a284492d1ceaf370b12496a0b9bcdd835ab7e": {
                    "balance": 76.19713267284851,
                    "percentage_of_total_supply": 7.619713267284851e-06,
                    "percentage_of_circulating_supply": 7.619713267284851e-06
                },
                "0x599fd1765c745d7d20a7afe69e8619781e35cd4e": {
                    "balance": 19.39805311059397,
                    "percentage_of_total_supply": 1.9398053110593973e-06,
                    "percentage_of_circulating_supply": 1.9398053110593973e-06
                },
                "0xbc39e3e42e5aa0ccb422a8ebb488435a7c1c98c6": {
                    "balance": 1.8713656529589042,
                    "percentage_of_total_supply": 1.8713656529589042e-07,
                    "percentage_of_circulating_supply": 1.8713656529589042e-07
                },
                "0x4ce191ea44635cffd22a65a75a4bebcace484593": {
                    "balance": 4.9493e-14,
                    "percentage_of_total_supply": 4.9493e-21,
                    "percentage_of_circulating_supply": 4.9493e-21
                }
            },
            "total_supply": 1000000000.0,