{
    "token_address": "0x566e03667e55767035b180c981a68E827D7dD104",
    "chain": "bsc",
    "token_name": "SomersBerry",
    "analyses": {
        "contract": {
            "contract_name": null,
            "compiler_version": null,
            "license_type": null,
            "implementation": null,
            "source_code": null,
            "abi": null,
            "verified": false,
            "owner": "0x437c07e0673515bb3c209f26fe2ab3ed787af517",
            "creator": "0x437c07e0673515bb3c209f26fe2ab3ed787af517",
            "is_hidden_owner": false,
            "is_proxy": null,
            "is_sellable": true,
            "is_hardcoded_owner": null,
            "code_analysis": {
                "total_matches": 0,
                "patterns_found": {}
            }
        },
        "holder": {
            "total_holders": 31,
            "holders_list": {
                "0x437c07e0673515bb3c209f26fe2ab3ed787af517": {
                    "balance": 999816768.4059314,
                    "percentage_of_total_supply": 99.98167684059314,
                    "percentage_of_circulating_supply": 99.98167684059314
                },
                "0x6c4da8ef4fb17005a0b8210359897400919c2a41": {
                    "balance": 51185.00359726056,
                    "percentage_of_total_supply": 0.005118500359726056,
                    "percentage_of_circulating_supply": 0.005118500359726056
                },
                "0x02edefef7dfff2a1470cab3b843fc8648dbefc62": {
                    "balance": 25158.897177632723,
                    "percentage_of_total_supply": 0.0025158897177632723,
                    "percentage_of_circulating_supply": 0.0025158897177632723
                },
                "0xe217ed82d7cc1fd6882a19db95f98c06c92b983c": {
                    "balance": 15578.458745771271,
                    "percentage_of_total_supply": 0.001557845874577127,
                    "percentage_of_circulating_supply": 0.001557845874577127
                },
                "0x121400eb80cc1ffc554221e64d6c0b9bb9013847": {
                    "balance": 15495.623770779755,
                    "percentage_of_total_supply": 0.0015495623770779756,
                    "percentage_of_circulating_supply": 0.0015495623770779756
                },
                "0xedb8fe66423f906dda08989fc49bd7a149cb2805": {
                    "balance": 14008.270146047249,
                    "percentage_of_total_supply": 0.0014008270146047249,
                    "percentage_of_circulating_supply": 0.0014008270146047249
                },
                "0x63e8bdd89a79bdb5763678aa576d39b3e303a884": {
                    "balance": 12907.598065313408,
                    "percentage_of_total_supply": 0.001290759806531341,
                    "percentage_of_circulating_supply": 0.001290759806531341
                },
                "0xd4b3caba58599f806abeee719c37b90300b4a575": {
                    "balance": 9785.859810814949,
                    "percentage_of_total_supply": 0.000978585981081495,
                    "percentage_of_circulating_supply": 0.000978585981081495
                },
                "0xea01eec255574c2d6f2abc7a46cb99085b627433": {
                    "balance": 6852.754350712519,
                    "percentage_of_total_supply": 0.0006852754350712519,
                    "percentage_of_circulating_supply": 0.0006852754350712519
                },
                "0x3a6f42dba4c8fce87a5af55b960855fa039d0d8f": {
                    "balance": 5881.756404010242,
                    "percentage_of_total_supply": 0.0005881756404010241,
                    "percentage_of_circulating_supply": 0.0005881756404010241
                },
                "0x62d5c7795ec51829b7992272395de6bfdfe3122b": {
                    "balance": 4976.997932401681,
                    "percentage_of_total_supply": 0.0004976997932401681,
                    "percentage_of_circulating_supply": 0.0004976997932401681
                },
                "0xa4495441b76ba5a2bc5e17ad9f5fa8063a37cf31": {
                    "balance": 4291.462884882023,
                    "percentage_of_total_supply": 0.0004291462884882023,
                    "percentage_of_circulating_supply": 0.0004291462884882023
                },
                "0x0383e2f24128049e37a5609622de42b0b7819ea7": {
                    "balance": 3938.283406385087,
                    "percentage_of_total_supply": 0.0003938283406385087,
                    "percentage_of_circulating_supply": 0.0003938283406385087
                },
                "0x5ec099678f659cae29978e0afeda15c23c4c5229": {
                    "balance": 3311.228788174076,
                    "percentage_of_total_supply": 0.00033112287881740756,
                    "percentage_of_circulating_supply": 0.00033112287881740756
                },
                "0xc12caf26b6cc98b9abe43ea996e35c12e1656fc3": {
                    "balance": 1968.9088385825069,
                    "percentage_of_total_supply": 0.00019689088385825066,
                    "percentage_of_circulating_supply": 0.00019689088385825066
                },
                "0x72969d544dc3fd03b1ad5ab369fcfbce722e59fe": {
                    "balance": 1769.706143969084,
                    "percentage_of_total_supply": 0.00017697061439690838,
                    "percentage_of_circulating_supply": 0.00017697061439690838
                },
                "0x5c4e3582a99f33880784972c02c95b691a50cb90": {
                    "balance": 1332.1846617786873,
                    "percentage_of_total_supply": 0.0001332184661778687,
                    "percentage_of_circulating_supply": 0.0001332184661778687
                },
                "0x24aa504fd34f9354d94641027b0a53d9330f22f1": {
                    "balance": 904.326015245157,
                    "percentage_of_total_supply": 9.04326015245157e-05,
                    "percentage_of_circulating_supply": 9.04326015245157e-05
                },
                "0x2c010be802e89d0ad5525ff4c964c138045f01d5": {
                    "balance": 846.2066428186255,
                    "percentage_of_total_supply": 8.462066428186255e-05,
                    "percentage_of_circulating_supply": 8.462066428186255e-05
                },
                "0x95c72001e4983233db5cee3b2a18d37b141b124d": {
                    "balance": 695.7856051844393,
                    "percentage_of_total_supply": 6.957856051844393e-05,
                    "percentage_of_circulating_supply": 6.957856051844393e-05
                },
                "0xe30f99300ccb16a4af2a4c50da08c82eec07b482": {
                    "balance": 627.9543838039099,
                    "percentage_of_total_supply": 6.2795438380391e-05,
                    "percentage_of_circulating_supply": 6.2795438380391e-05
                },
                "0xf067cb5356c30e4082a45a3364859da2d2ea7ef1": {
                    "balance": 442.70262646549253,
                    "percentage_of_total_supply": 4.4270262646549246e-05,
                    "percentage_of_circulating_supply": 4.4270262646549246e-05
                },
                "0x0ff9f8eb534d26e115187a6ba151ac74dcedebfc": {
                    "balance": 422.06644380594383,
                    "percentage_of_total_supply": 4.2206644380594384e-05,
                    "percentage_of_circulating_supply": 4.2206644380594384e-05
                },
                "0x345c8133c0c0a1a0a1839acf20be0ab4e6bcdfe0": {
                    "balance": 239.8476971307974,
                    "percentage_of_total_supply": 2.3984769713079738e-05,
                    "percentage_of_circulating_supply": 2.3984769713079738e-05
                },
                "0x4742958728f9cce3406d902ff5c84a12867bee91": {
                    "balance": 214.32832224609444,
                    "percentage_of_total_supply": 2.1432832224609444e-05,
                    "percentage_of_circulating_supply": 2.1432832224609444e-05
                },