{
    "token_address": "0xca72B43667CE3C233892F655bC9215ad0a851B5e",
    "chain": "bsc",
    "token_name": "SuperSlavic",
    "analyses": {
        "contract": {
            "contract_name": null,
            "compiler_version": null,
            "license_type": null,
            "implementation": null,
            "source_code": null,
            "abi": null,
            "verified": false,
            "owner": null,
            "creator": "0xe6f14294fe94874874091c73e7bb754787412a95",
            "is_hidden_owner": true,
            "is_proxy": null,
            "is_sellable": true,
            "is_hardcoded_owner": null,
            "code_analysis": {
                "total_matches": 0,
                "patterns_found": {}
            }
        },
        "holder": {
            "total_holders": 27,
            "holders_list": {
                "0xe6f14294fe94874874091c73e7bb754787412a95": {
                    "balance": 954500878698837.0,
                    "percentage_of_total_supply": 95.4500878698837,
                    "percentage_of_circulating_supply": 95.4500878698837
                },
                "0x9677f88a487541f7973a060e5d14efdc828a21fe": {
                    "balance": 10563441420929.0,
                    "percentage_of_total_supply": 1.0563441420929,
                    "percentage_of_circulating_supply": 1.0563441420929
                },
                "0x3b2113327b40b29b79a7e9b8becc567f51cdf965": {
                    "balance": 7753897358745.0,
                    "percentage_of_total_supply": 0.7753897358745,
                    "percentage_of_circulating_supply": 0.7753897358745
                },
                "0x083b18909985239bd83974df4e3cbc242d08961a": {
                    "balance": 7449297960525.0,
                    "percentage_of_total_supply": 0.7449297960525001,
                    "percentage_of_circulating_supply": 0.7449297960525001
                },
                "0x2d6ebbb9fdce4c46fdba2ec43003300ab7500b57": {
                    "balance": 4220839709440.0,
                    "percentage_of_total_supply": 0.422083970944,
                    "percentage_of_circulating_supply": 0.422083970944
                },
                "0x0414ba5a7f640c3502a67ac834471f965ff7b91c": {
                    "balance": 3042913280401.0,
                    "percentage_of_total_supply": 0.3042913280401,
                    "percentage_of_circulating_supply": 0.3042913280401
                },
                "0x7a5feeec8509517ea322caf1417372455fef0b99": {
                    "balance": 2148840524140.0,
                    "percentage_of_total_supply": 0.214884052414,
                    "percentage_of_circulating_supply": 0.214884052414
                },
                "0x1a0ece44a0c69eeb4fd06336ab368cbc0585d9dd": {
                    "balance": 1954682538149.0,
                    "percentage_of_total_supply": 0.1954682538149,
                    "percentage_of_circulating_supply": 0.1954682538149
                },
                "0xc3add35bd9b542df45e8778628963483f9b72890": {
                    "balance": 1497321206497.0,
                    "percentage_of_total_supply": 0.1497321206497,
                    "percentage_of_circulating_supply": 0.1497321206497
                },
                "0x545b21bac8cabc4c1937161679363b98d863633b": {
                    "balance": 1190241771543.0,
                    "percentage_of_total_supply": 0.1190241771543,
                    "percentage_of_circulating_supply": 0.1190241771543
                },
                "0x3d82f906082639d7b5426d736f439e30323d9e1d": {
                    "balance": 1064687528271.0,
                    "percentage_of_total_supply": 0.1064687528271,
                    "percentage_of_circulating_supply": 0.1064687528271
                },
                "0x64a4f5b8e9e8c19aefb01ccba84ef70690a173b8": {
                    "balance": 965610756891.0,
                    "percentage_of_total_supply": 0.0965610756891,
                    "percentage_of_circulating_supply": 0.0965610756891
                },
                "0xf37faff351996345ddc26a0e2bb8777839702858": {
                    "balance": 657274498678.0,
                    "percentage_of_total_supply": 0.0657274498678,
                    "percentage_of_circulating_supply": 0.0657274498678
                },
                "0xa78a93a74531919d83d8730909c85b02e9d3f183": {
                    "balance": 601748149307.0,
                    "percentage_of_total_supply": 0.060174814930699996,
                    "percentage_of_circulating_supply": 0.060174814930699996
                },
                "0x573a61b2499c868066aaf665949a8ebc9af8545f": {
                    "balance": 588575719998.0,
                    "percentage_of_total_supply": 0.0588575719998,
                    "percentage_of_circulating_supply": 0.0588575719998
                },
                "0x32a5ea760455ca4b5f7cc7520cd138a6756de3f0": {
                    "balance": 497348411454.0,
                    "percentage_of_total_supply": 0.0497348411454,
                    "percentage_of_circulating_supply": 0.0497348411454
                },
                "0x54c861d20368258a7ccd42b514b1bef436290760": {
                    "balance": 351705960807.0,
                    "percentage_of_total_supply": 0.0351705960807,
                    "percentage_of_circulating_supply": 0.0351705960807
                },
                "0x269fe0f1f5432044257d1002364204f24a15a7c4": {
                    "balance": 291855975708.0,
                    "percentage_of_total_supply": 0.0291855975708,
                    "percentage_of_circulating_supply": 0.0291855975708
                },
                "0x96501ec32a8f64c252a9db3215022a2f8408f48c": {
                    "balance": 291492219553.0,
                    "percentage_of_total_supply": 0.0291492219553,
                    "percentage_of_circulating_supply": 0.0291492219553
                },
                "0xf1d3f88368a0dcd812e31db7e98eefa17aca29a8": {
                    "balance": 167620919709.0,
                    "percentage_of_total_supply": 0.016762091970900003,
                    "percentage_of_circulating_supply": 0.016762091970900003
                },
                "0x2be87ad70cf11ea294d7c42044b5b8277a3e4874": {
                    "balance": 66491156676.0,
                    "percentage_of_total_supply": 0.0066491156676,
                    "percentage_of_circulating_supply": 0.0066491156676
                },
                "0xddc805028451cecf3b5a6f8f4bbaa2b041aa42bb": {
                    "balance": 51235535373.0,
                    "percentage_of_total_supply": 0.0051235535373,
                    "percentage_of_circulating_supply": 0.0051235535373
                },
                "0xff7f130c259c0eb16a2fffa96923018db61fd96f": {
                    "balance": 29129221116.0,
                    "percentage_of_total_supply": 0.0029129221116,
                    "percentage_of_circulating_supply": 0.0029129221116
                },
                "0xfaef3ba7cd80a27641903114974160aee3e56a5b": {
                    "balance": 26770960193.0,
                    "percentage_of_total_supply": 0.0026770960193,
                    "percentage_of_circulating_supply": 0.0026770960193
                },
                "0x0ed943ce24baebf257488771759f9bf482c39706": {
                    "balance": 19503817566.0,
                    "percentage_of_total_supply": 0.0019503817566,
                    "percentage_of_circulating_supply": 0.0019503817566
                },
                "0xbbb667d67da4fdc80acda6d96272579d9c23e5f7": {
                    "balance": 6592514992.0,
                    "percentage_of_total_supply": 0.0006592514992,
                    "percentage_of_circulating_supply": 0.0006592514992
                },
                "0x2c1bc5c50254df112c7744a51898f47d43393f6a": {
                    "balance": 2184502.0,