{
    "token_address": "0x183e7d9dBe0945aF2DF46AEe0EBFE017cffc5967",
    "chain": "bsc",
    "token_name": "PirateCash",
    "analyses": {
        "contract": {
            "contract_name": null,
            "compiler_version": null,
            "license_type": null,
            "implementation": null,
            "source_code": null,
            "abi": null,
            "verified": false,
            "owner": "0x68432752e8257f7dbc3b6d80608584a8290e7af2",
            "creator": "0x68432752e8257f7dbc3b6d80608584a8290e7af2",
            "is_hidden_owner": false,
            "is_proxy": null,
            "is_sellable": true,
            "is_hardcoded_owner": null,
            "code_analysis": {
                "total_matches": 0,
                "patterns_found": {}
            }
        },
        "holder": {
            "total_holders": 2,
            "holders_list": {
                "0x457a613ca73151c30e1a70a7e7f9e3636f101299": {
                    "balance": 4e-09,
                    "percentage_of_total_supply": 4e-13,
                    "percentage_of_circulating_supply": 4.0849234057834164e-13
                },
                "0x68432752e8257f7dbc3b6d80608584a8290e7af2": {
                    "balance": 958421.053543775,
                    "percentage_of_total_supply": 95.84210535437751,
                    "percentage_of_circulating_supply": 97.87691485541419
                }
            },
            "total_supply": 1000000.0,
            "total_circulating_supply": 979210.5267718895,
            "owner": {
                "address": "0x68432752e8257f7dbc3b6d80608584a8290e7af2",
                "balance": 958421.053543775,
                "percentage_of_circulating_supply": 97.87691485541419,
                "exceeds_5_percent": true
            },
            "creator": {
                "address": "0x68432752e8257f7dbc3b6d80608584a8290e7af2",
                "balance": 958421.053543775,
                "percentage_of_circulating_supply": 97.87691485541419,
                "exceeds_5_percent": true
            },
            "holders_exceeding_5_percent_circulating": [],
            "howmany_holders_exceeding_5_percent_circulating": 0,
            "top_10_holders": [
                {
                    "address": "0x68432752e8257f7dbc3b6d80608584a8290e7af2",
                    "balance": 958421.053543775,
                    "percentage_of_total_supply": 95.84210535437751,
                    "percentage_of_circulating_supply": 97.87691485541419
                },
                {
                    "address": "0x457a613ca73151c30e1a70a7e7f9e3636f101299",
                    "balance": 4e-09,
                    "percentage_of_total_supply": 4e-13,
                    "percentage_of_circulating_supply": 4.0849234057834164e-13
                }
            ],
            "total_top_10_balance": 958421.053543779,
            "top10_percentage_of_total_supply": 95.8421053543779,
            "top10_percentage_of_circulating_supply": 97.87691485541458,
            "top_10_less_than_70_percent_of_total": false,
            "top_10_less_than_70_percent_of_circulating": false
        },
        "liquidity": {
            "price_usd": 82.97493960142388,
            "liquidity_usd": 6.63799516811391e-16,
            "market_cap_usd": 81249934.315976,
            "liquidity_to_market_cap_ratio": 8.169846811566832e-24,
            "token_volume": 0.0,
            "volume_usd": 0.0,
            "volume_to_liquidity_ratio": 0.0,
            "locked_liquidity_percent": 100.0,
            "locked_95_for_15_days": false,
            "creator_under_5_percent": false,
            "creator_percent_of_lp": 95.8421,
            "owner_under_5_percent": true,
            "owner_percent_of_lp": 0.0,
            "total_lp_supply": 1e-15,
            "lp_holders_count": 1,
            "lp_holders": [
                {
                    "address": "0x0000000000000000000000000000000000000000",
                    "balance": 1e-15,
                    "is_locked": true,
                    "percent": 100.0,
                    "tag": "Null Address"
                }
            ],
            "error": "Liquidity pool info could not be retrieved."
        },
        "security": {
            "warnings": null,
            "homany_warnings": 0,
            "suspicious_urls": null,
            "howmany_suspicious_urls": 0,
            "suspicious_addresses": null,
            "howmany_suspicious_addresses": 0,
            "error": "Security analysis data not available."
        },
        "lifecycle": {
            "token_age_seconds": 91694689.835032,
            "token_creation_date": "2022-09-30T13:04:59",
            "creation_to_first_trade_seconds": 0.0,
            "creation_to_first_trade_blocks": 0,
            "last_tx_hash": "0xedad1b852a7c2186227d1df542fc63ddfdc80358489f289b5d0061733288626d",
            "last_active_age": "2022-10-12T08:26:19",
            "inactive_days": 1049.474681381007
        }
    },
    "errors": []
}