{
    "token_address": "0xC5c6b65D374c996Ae7124f3681D8eF1929081667",
    "chain": "bsc",
    "token_name": "TeleWin",
    "analyses": {
        "contract": {
            "contract_name": null,
            "compiler_version": null,
            "license_type": null,
            "implementation": null,
            "source_code": null,
            "abi": null,
            "verified": false,
            "owner": null,
            "creator": "0x9dbdb39370043f6719a84ef42963f705c6523261",
            "is_hidden_owner": true,
            "is_proxy": null,
            "is_sellable": false,
            "is_hardcoded_owner": null,
            "code_analysis": {
                "total_matches": 0,
                "patterns_found": {}
            }
        },
        "holder": {
            "total_holders": 15,
            "holders_list": {
                "0x2be87ad70cf11ea294d7c42044b5b8277a3e4874": {
                    "balance": 284190.05833374884,
                    "percentage_of_total_supply": 0.2841900583337488,
                    "percentage_of_circulating_supply": 0.2841900583337488
                },
                "0x4fa1ba20e4a6780d1a67f428269eaca3a07d9696": {
                    "balance": 77228270.57620013,
                    "percentage_of_total_supply": 77.22827057620012,
                    "percentage_of_circulating_supply": 77.22827057620012
                },
                "0x8070e5c6a1fc7c08f98f1d80fcfeec7b2e4544d3": {
                    "balance": 527109.0586866905,
                    "percentage_of_total_supply": 0.5271090586866904,
                    "percentage_of_circulating_supply": 0.5271090586866904
                },
                "0xcd88d7573818abe26b02f4bf19c4db44aff3c591": {
                    "balance": 562994.115476963,
                    "percentage_of_total_supply": 0.562994115476963,
                    "percentage_of_circulating_supply": 0.562994115476963
                },
                "0x0ed943ce24baebf257488771759f9bf482c39706": {
                    "balance": 89885.43082752197,
                    "percentage_of_total_supply": 0.08988543082752197,
                    "percentage_of_circulating_supply": 0.08988543082752197
                },
                "0xa1c44c0d1f5118604bafccbca6cbfd9d6e302345": {
                    "balance": 3540586.7722437326,
                    "percentage_of_total_supply": 3.5405867722437327,
                    "percentage_of_circulating_supply": 3.5405867722437327
                },
                "0xb7d1e43bb9fc3c1a58ecf1a794f289a10cc1fe3f": {
                    "balance": 487752.33209536556,
                    "percentage_of_total_supply": 0.4877523320953655,
                    "percentage_of_circulating_supply": 0.4877523320953655
                },
                "0x8a59b144cb8594897788c68416fbb5c8511a6d64": {
                    "balance": 8716095.237685297,
                    "percentage_of_total_supply": 8.716095237685296,
                    "percentage_of_circulating_supply": 8.716095237685296
                },
                "0xc5572df71875e85ba9662cd136db11dcfad03516": {
                    "balance": 1.022775e-11,
                    "percentage_of_total_supply": 1.022775e-17,
                    "percentage_of_circulating_supply": 1.022775e-17
                },
                "0xb12bd6060d5a35f88d38cae17fa652cdcd5c7043": {
                    "balance": 3520337.164767833,
                    "percentage_of_total_supply": 3.5203371647678323,
                    "percentage_of_circulating_supply": 3.5203371647678323
                },
                "0xaa79505b664f180b7af3753c1690973a678e726d": {
                    "balance": 3735731.9759768834,
                    "percentage_of_total_supply": 3.7357319759768832,
                    "percentage_of_circulating_supply": 3.7357319759768832
                },
                "0xb4eecb173cd370ec4645b9ccbefa6d11a9ec5fa2": {
                    "balance": 0.7211603422729509,
                    "percentage_of_total_supply": 7.211603422729509e-07,
                    "percentage_of_circulating_supply": 7.211603422729509e-07
                },
                "0x8fd2cc878cdc9f684ca05dc8ab59e78c3af4c0fe": {
                    "balance": 0.9925554064936213,
                    "percentage_of_total_supply": 9.925554064936212e-07,
                    "percentage_of_circulating_supply": 9.925554064936212e-07
                },
                "0xf1d77b7121517e0e78c02c882b9a5a6ffa8fc6f9": {
                    "balance": 167531.59036970715,
                    "percentage_of_total_supply": 0.16753159036970716,
                    "percentage_of_circulating_supply": 0.16753159036970716
                },
                "0xfcb18fa0b75a266b5cbd82865953fa4f0896e2c3": {
                    "balance": 1139513.9736203845,
                    "percentage_of_total_supply": 1.1395139736203843,
                    "percentage_of_circulating_supply": 1.1395139736203843
                }
            },
            "total_supply": 100000000.0,
            "total_circulating_supply": 100000000.0,
            "owner": {},
            "creator": {},
            "holders_exceeding_5_percent_circulating": [
                {
                    "address": "0x4fa1ba20e4a6780d1a67f428269eaca3a07d9696",
                    "balance": 77228270.57620013,
                    "percentage_of_supply": 77.22827057620012
                },
                {
                    "address": "0x8a59b144cb8594897788c68416fbb5c8511a6d64",
                    "balance": 8716095.237685297,
                    "percentage_of_supply": 8.716095237685296
                }
            ],
            "howmany_holders_exceeding_5_percent_circulating": 2,
            "top_10_holders": [
                {
                    "address": "0x4fa1ba20e4a6780d1a67f428269eaca3a07d9696",
                    "balance": 77228270.57620013,
                    "percentage_of_total_supply": 77.22827057620012,
                    "percentage_of_circulating_supply": 77.22827057620012
                },
                {
                    "address": "0x8a59b144cb8594897788c68416fbb5c8511a6d64",
                    "balance": 8716095.237685297,
                    "percentage_of_total_supply": 8.716095237685296,
                    "percentage_of_circulating_supply": 8.716095237685296
                },
                {
                    "address": "0xaa79505b664f180b7af3753c1690973a678e726d",
                    "balance": 3735731.9759768834,
                    "percentage_of_total_supply": 3.7357319759768832,
                    "percentage_of_circulating_supply": 3.7357319759768832
                },
                {
                    "address": "0xa1c44c0d1f5118604bafccbca6cbfd9d6e302345",
                    "balance": 3540586.7722437326,
                    "percentage_of_total_supply": 3.5405867722437327,
                    "percentage_of_circulating_supply": 3.5405867722437327
                },
                {
                    "address": "0xb12bd6060d5a35f88d38cae17fa652cdcd5c7043",
                    "balance": 3520337.164767833,
                    "percentage_of_total_supply": 3.5203371647678323,
                    "percentage_of_circulating_supply": 3.5203371647678323
                },
                {
                    "address": "0xfcb18fa0b75a266b5cbd82865953fa4f0896e2c3",
                    "balance": 1139513.9736203845,
                    "percentage_of_total_supply": 1.1395139736203843,
                    "percentage_of_circulating_supply": 1.1395139736203843
                },
                {
                    "address": "0xcd88d7573818abe26b02f4bf19c4db44aff3c591",
                    "balance": 562994.115476963,
                    "percentage_of_total_supply": 0.562994115476963,