{
    "token_address": "0x0e85ADe9D6276C63D3fe76e5DC3446f15807da44",
    "chain": "bsc",
    "token_name": "Baby Vegas",
    "analyses": {
        "contract": {
            "contract_name": null,
            "compiler_version": null,
            "license_type": null,
            "implementation": null,
            "source_code": null,
            "abi": null,
            "verified": false,
            "owner": null,
            "creator": "0x38d6ade31f523b7533f4221b7eb7b864aa39d521",
            "is_hidden_owner": true,
            "is_proxy": null,
            "is_sellable": true,
            "is_hardcoded_owner": null,
            "code_analysis": {
                "total_matches": 0,
                "patterns_found": {}
            }
        },
        "holder": {
            "total_holders": 9,
            "holders_list": {
                "0x38d6ade31f523b7533f4221b7eb7b864aa39d521": {
                    "balance": 6.87528347948444e+16,
                    "percentage_of_total_supply": 99.64178955774551,
                    "percentage_of_circulating_supply": 99.64178955774553
                },
                "0x9421e6c3c23d184da1774bbf5046296961cea894": {
                    "balance": 150676947295755.0,
                    "percentage_of_total_supply": 0.2183723873851522,
                    "percentage_of_circulating_supply": 0.2183723873851522
                },
                "0x849f1a1c22ea3265355ae81a4d45414b4afd7a7b": {
                    "balance": 31550660393303.0,
                    "percentage_of_total_supply": 0.045725594772902896,
                    "percentage_of_circulating_supply": 0.0457255947729029
                },
                "0x0758e59dac4440c50326537004b99f3df2b7f6a0": {
                    "balance": 26366133978195.0,
                    "percentage_of_total_supply": 0.03821178837419565,
                    "percentage_of_circulating_supply": 0.03821178837419566
                },
                "0x1f664d09b802b5f202e60d80ccebfdc6ca174ec8": {
                    "balance": 15961354254567.0,
                    "percentage_of_total_supply": 0.023132397470386958,
                    "percentage_of_circulating_supply": 0.023132397470386958
                },
                "0x83e3d2c3ffffc6dbd196c9f876d434dccca45acd": {
                    "balance": 12542132998833.0,
                    "percentage_of_total_supply": 0.01817700434613478,
                    "percentage_of_circulating_supply": 0.018177004346134784
                },
                "0x2be87ad70cf11ea294d7c42044b5b8277a3e4874": {
                    "balance": 9164810801633.0,
                    "percentage_of_total_supply": 0.01328233449512029,
                    "percentage_of_circulating_supply": 0.013282334495120292
                },
                "0x76eb2212835c4e054b590bcf69697d25f779f85e": {
                    "balance": 840469696427.0,
                    "percentage_of_total_supply": 0.0012180720238072463,
                    "percentage_of_circulating_supply": 0.0012180720238072465
                },
                "0xab6639072cd38d718747234edff26ce44835feda": {
                    "balance": 62695736883.0,
                    "percentage_of_total_supply": 9.086338678695652e-05,
                    "percentage_of_circulating_supply": 9.086338678695654e-05
                }
            },
            "total_supply": 6.9e+16,
            "total_circulating_supply": 6.899999999999999e+16,
            "owner": {},
            "creator": {
                "address": "0x38d6ade31f523b7533f4221b7eb7b864aa39d521",
                "balance": 6.87528347948444e+16,
                "percentage_of_circulating_supply": 99.64178955774553,
                "exceeds_5_percent": true
            },
            "holders_exceeding_5_percent_circulating": [],
            "howmany_holders_exceeding_5_percent_circulating": 0,
            "top_10_holders": [
                {
                    "address": "0x38d6ade31f523b7533f4221b7eb7b864aa39d521",
                    "balance": 6.87528347948444e+16,
                    "percentage_of_total_supply": 99.64178955774551,
                    "percentage_of_circulating_supply": 99.64178955774553
                },
                {
                    "address": "0x9421e6c3c23d184da1774bbf5046296961cea894",
                    "balance": 150676947295755.0,
                    "percentage_of_total_supply": 0.2183723873851522,
                    "percentage_of_circulating_supply": 0.2183723873851522
                },
                {
                    "address": "0x849f1a1c22ea3265355ae81a4d45414b4afd7a7b",
                    "balance": 31550660393303.0,
                    "percentage_of_total_supply": 0.045725594772902896,
                    "percentage_of_circulating_supply": 0.0457255947729029
                },
                {
                    "address": "0x0758e59dac4440c50326537004b99f3df2b7f6a0",
                    "balance": 26366133978195.0,
                    "percentage_of_total_supply": 0.03821178837419565,
                    "percentage_of_circulating_supply": 0.03821178837419566
                },
                {
                    "address": "0x1f664d09b802b5f202e60d80ccebfdc6ca174ec8",
                    "balance": 15961354254567.0,
                    "percentage_of_total_supply": 0.023132397470386958,
                    "percentage_of_circulating_supply": 0.023132397470386958
                },
                {
                    "address": "0x83e3d2c3ffffc6dbd196c9f876d434dccca45acd",
                    "balance": 12542132998833.0,
                    "percentage_of_total_supply": 0.01817700434613478,
                    "percentage_of_circulating_supply": 0.018177004346134784
                },
                {
                    "address": "0x2be87ad70cf11ea294d7c42044b5b8277a3e4874",
                    "balance": 9164810801633.0,
                    "percentage_of_total_supply": 0.01328233449512029,
                    "percentage_of_circulating_supply": 0.013282334495120292
                },
                {
                    "address": "0x76eb2212835c4e054b590bcf69697d25f779f85e",
                    "balance": 840469696427.0,
                    "percentage_of_total_supply": 0.0012180720238072463,
                    "percentage_of_circulating_supply": 0.0012180720238072465
                },
                {
                    "address": "0xab6639072cd38d718747234edff26ce44835feda",
                    "balance": 62695736883.0,
                    "percentage_of_total_supply": 9.086338678695652e-05,
                    "percentage_of_circulating_supply": 9.086338678695654e-05
                }
            ],
            "total_top_10_balance": 6.899999999999998e+16,
            "top10_percentage_of_total_supply": 99.99999999999997,
            "top10_percentage_of_circulating_supply": 99.99999999999999,
            "top_10_less_than_70_percent_of_total": false,
            "top_10_less_than_70_percent_of_circulating": false
        },
        "liquidity": {
            "price_usd": 0.8287611980449338,
            "liquidity_usd": 1.3930973450626045e-06,
            "market_cap_usd": 5.7184522665100424e+16,
            "liquidity_to_market_cap_ratio": 2.4361440476144927e-23,
            "token_volume": 0.0,
            "volume_usd": 0.0,
            "volume_to_liquidity_ratio": 0.0,
            "locked_liquidity_percent": 0.0,
            "locked_95_for_15_days": false,
            "creator_under_5_percent": false,
            "creator_percent_of_lp": 99.6418,
            "owner_under_5_percent": true,
            "owner_percent_of_lp": 0.0,
            "total_lp_supply": 2.2182319789154e-05,
            "lp_holders_count": 2,
            "lp_holders": [
                {
                    "address": "0x0ed943ce24baebf257488771759f9bf482c39706",
                    "balance": 2.2182319788154e-05,
                    "is_locked": false,