{
    "token_address": "0x2C40F693b1a3dEF5Dc47E1df7Fb03E1c78d11105",
    "chain": "bsc",
    "token_name": "Lethean",
    "analyses": {
        "contract": {
            "contract_name": null,
            "compiler_version": null,
            "license_type": null,
            "implementation": null,
            "source_code": null,
            "abi": null,
            "verified": false,
            "owner": "0xbf5f4da5e40be1275b82600d046610e4fe6758da",
            "creator": "0xbf5f4da5e40be1275b82600d046610e4fe6758da",
            "is_hidden_owner": false,
            "is_proxy": null,
            "is_sellable": true,
            "is_hardcoded_owner": null,
            "code_analysis": {
                "total_matches": 0,
                "patterns_found": {}
            }
        },
        "holder": {
            "total_holders": 2,
            "holders_list": {
                "0xbf5f4da5e40be1275b82600d046610e4fe6758da": {
                    "balance": 954741.512916736,
                    "percentage_of_total_supply": 95.4741512916736,
                    "percentage_of_circulating_supply": 97.6846817451717
                },
                "0xc3cd712cd3457299ba7e7928e732f66daa1fab98": {
                    "balance": 4e-09,
                    "percentage_of_total_supply": 4e-13,
                    "percentage_of_circulating_supply": 4.092612730193115e-13
                }
            },
            "total_supply": 1000000.0,
            "total_circulating_supply": 977370.75645837,
            "owner": {
                "address": "0xbf5f4da5e40be1275b82600d046610e4fe6758da",
                "balance": 954741.512916736,
                "percentage_of_circulating_supply": 97.6846817451717,
                "exceeds_5_percent": true
            },
            "creator": {
                "address": "0xbf5f4da5e40be1275b82600d046610e4fe6758da",
                "balance": 954741.512916736,
                "percentage_of_circulating_supply": 97.6846817451717,
                "exceeds_5_percent": true
            },
            "holders_exceeding_5_percent_circulating": [],
            "howmany_holders_exceeding_5_percent_circulating": 0,
            "top_10_holders": [
                {
                    "address": "0xbf5f4da5e40be1275b82600d046610e4fe6758da",
                    "balance": 954741.512916736,
                    "percentage_of_total_supply": 95.4741512916736,
                    "percentage_of_circulating_supply": 97.6846817451717
                },
                {
                    "address": "0xc3cd712cd3457299ba7e7928e732f66daa1fab98",
                    "balance": 4e-09,
                    "percentage_of_total_supply": 4e-13,
                    "percentage_of_circulating_supply": 4.092612730193115e-13
                }
            ],
            "total_top_10_balance": 954741.51291674,
            "top10_percentage_of_total_supply": 95.474151291674,
            "top10_percentage_of_circulating_supply": 97.68468174517211,
            "top_10_less_than_70_percent_of_total": false,
            "top_10_less_than_70_percent_of_circulating": false
        },
        "liquidity": {
            "price_usd": 92.87920020816766,
            "liquidity_usd": 7.430336016653413e-16,
            "market_cap_usd": 90777414.16670522,
            "liquidity_to_market_cap_ratio": 8.185225460386231e-24,
            "token_volume": 0.0,
            "volume_usd": 0.0,
            "volume_to_liquidity_ratio": 0.0,
            "locked_liquidity_percent": 100.0,
            "locked_95_for_15_days": false,
            "creator_under_5_percent": false,
            "creator_percent_of_lp": 95.4742,
            "owner_under_5_percent": true,
            "owner_percent_of_lp": 0.0,
            "total_lp_supply": 1e-15,
            "lp_holders_count": 1,
            "lp_holders": [
                {
                    "address": "0x0000000000000000000000000000000000000000",
                    "balance": 1e-15,
                    "is_locked": true,
                    "percent": 100.0,
                    "tag": "Null Address"
                }
            ],
            "error": "Liquidity pool info could not be retrieved."
        },
        "security": {
            "warnings": null,
            "homany_warnings": 0,
            "suspicious_urls": null,
            "howmany_suspicious_urls": 0,
            "suspicious_addresses": null,
            "howmany_suspicious_addresses": 0,
            "error": "Security analysis data not available."
        },
        "lifecycle": {
            "token_age_seconds": 74751829.244571,
            "token_creation_date": "2023-04-14T13:41:43",
            "creation_to_first_trade_seconds": 0.0,
            "creation_to_first_trade_blocks": 0,
            "last_tx_hash": "0x7a6a4de9b5b7ae1667484bc0297e7c1842c9f48d787c3e68f7206552dd21d4fb",
            "last_active_age": "2025-04-15T06:06:23",
            "inactive_days": 133.49944957824076
        }
    },
    "errors": []
}