{
    "token_address": "0x1C2cB858F6a223C7eF0Cb9357b10f0fFDDf23294",
    "chain": "bsc",
    "token_name": "Islander",
    "analyses": {
        "contract": {
            "contract_name": null,
            "compiler_version": null,
            "license_type": null,
            "implementation": null,
            "source_code": null,
            "abi": null,
            "verified": false,
            "owner": "0xc08f65e92a86a7c51fab4707b1560efae1017ad5",
            "creator": "0xc08f65e92a86a7c51fab4707b1560efae1017ad5",
            "is_hidden_owner": false,
            "is_proxy": null,
            "is_sellable": true,
            "is_hardcoded_owner": null,
            "code_analysis": {
                "total_matches": 0,
                "patterns_found": {}
            }
        },
        "holder": {
            "total_holders": 2,
            "holders_list": {
                "0xc08f65e92a86a7c51fab4707b1560efae1017ad5": {
                    "balance": 942858.774970374,
                    "percentage_of_total_supply": 94.28587749703739,
                    "percentage_of_circulating_supply": 97.05891000592665
                },
                "0x3b55b1c1b90788b7801d253960d3b5ec2d70bf46": {
                    "balance": 4e-09,
                    "percentage_of_total_supply": 4e-13,
                    "percentage_of_circulating_supply": 4.117643599762918e-13
                }
            },
            "total_supply": 1000000.0,
            "total_circulating_supply": 971429.387485189,
            "owner": {
                "address": "0xc08f65e92a86a7c51fab4707b1560efae1017ad5",
                "balance": 942858.774970374,
                "percentage_of_circulating_supply": 97.05891000592665,
                "exceeds_5_percent": true
            },
            "creator": {
                "address": "0xc08f65e92a86a7c51fab4707b1560efae1017ad5",
                "balance": 942858.774970374,
                "percentage_of_circulating_supply": 97.05891000592665,
                "exceeds_5_percent": true
            },
            "holders_exceeding_5_percent_circulating": [],
            "howmany_holders_exceeding_5_percent_circulating": 0,
            "top_10_holders": [
                {
                    "address": "0xc08f65e92a86a7c51fab4707b1560efae1017ad5",
                    "balance": 942858.774970374,
                    "percentage_of_total_supply": 94.28587749703739,
                    "percentage_of_circulating_supply": 97.05891000592665
                },
                {
                    "address": "0x3b55b1c1b90788b7801d253960d3b5ec2d70bf46",
                    "balance": 4e-09,
                    "percentage_of_total_supply": 4e-13,
                    "percentage_of_circulating_supply": 4.117643599762918e-13
                }
            ],
            "total_top_10_balance": 942858.774970378,
            "top10_percentage_of_total_supply": 94.2858774970378,
            "top10_percentage_of_circulating_supply": 97.05891000592706,
            "top_10_less_than_70_percent_of_total": false,
            "top_10_less_than_70_percent_of_circulating": false
        },
        "liquidity": {
            "price_usd": 91.90238968804968,
            "liquidity_usd": 7.352191175043975e-16,
            "market_cap_usd": 89276682.12308726,
            "liquidity_to_market_cap_ratio": 8.235287199525835e-24,
            "token_volume": 0.0,
            "volume_usd": 0.0,
            "volume_to_liquidity_ratio": 0.0,
            "locked_liquidity_percent": 100.0,
            "locked_95_for_15_days": false,
            "creator_under_5_percent": false,
            "creator_percent_of_lp": 94.2859,
            "owner_under_5_percent": true,
            "owner_percent_of_lp": 0.0,
            "total_lp_supply": 1e-15,
            "lp_holders_count": 1,
            "lp_holders": [
                {
                    "address": "0x0000000000000000000000000000000000000000",
                    "balance": 1e-15,
                    "is_locked": true,
                    "percent": 100.0,
                    "tag": "Null Address"
                }
            ],
            "error": "Liquidity pool info could not be retrieved."
        },
        "security": {
            "warnings": null,
            "homany_warnings": 0,
            "suspicious_urls": null,
            "howmany_suspicious_urls": 0,
            "suspicious_addresses": null,
            "howmany_suspicious_addresses": 0,
            "error": "Security analysis data not available."
        },
        "lifecycle": {
            "token_age_seconds": 82982623.817947,
            "token_creation_date": "2023-01-09T11:52:59",
            "creation_to_first_trade_seconds": 0.0,
            "creation_to_first_trade_blocks": 0,
            "last_tx_hash": "0x3f8e62338d4405c35b84ea6ddaf22d0b70bcce826c8e2af164f3c854805d4e63",
            "last_active_age": "2023-09-15T20:21:11",
            "inactive_days": 711.0941492889699
        }
    },
    "errors": []
}