{
    "token_address": "0xc0270Eb749a082c857a8D7924052197933ACF146",
    "chain": "bsc",
    "token_name": "CBO",
    "analyses": {
        "contract": {
            "contract_name": null,
            "compiler_version": null,
            "license_type": null,
            "implementation": null,
            "source_code": null,
            "abi": null,
            "verified": false,
            "owner": "0x6fbe515cf3d13edacecbbd49b7aaf3c38e456066",
            "creator": "0x6fbe515cf3d13edacecbbd49b7aaf3c38e456066",
            "is_hidden_owner": false,
            "is_proxy": null,
            "is_sellable": true,
            "is_hardcoded_owner": null,
            "code_analysis": {
                "total_matches": 0,
                "patterns_found": {}
            }
        },
        "holder": {
            "total_holders": 3,
            "holders_list": {
                "0x6fbe515cf3d13edacecbbd49b7aaf3c38e456066": {
                    "balance": 591293596.845838,
                    "percentage_of_total_supply": 59.12935968458379,
                    "percentage_of_circulating_supply": 59.12935968458379
                },
                "0x9d0c8202290ff7e6d078a6bc0b2bfd855ac2981a": {
                    "balance": 408592387.5165514,
                    "percentage_of_total_supply": 40.859238751655134,
                    "percentage_of_circulating_supply": 40.859238751655134
                },
                "0x8aa421f2365832b90b54de0f306bc83f6c5215ca": {
                    "balance": 114015.63761068,
                    "percentage_of_total_supply": 0.011401563761068,
                    "percentage_of_circulating_supply": 0.011401563761068
                }
            },
            "total_supply": 1000000000.0,
            "total_circulating_supply": 1000000000.0,
            "owner": {
                "address": "0x6fbe515cf3d13edacecbbd49b7aaf3c38e456066",
                "balance": 591293596.845838,
                "percentage_of_circulating_supply": 59.12935968458379,
                "exceeds_5_percent": true
            },
            "creator": {
                "address": "0x6fbe515cf3d13edacecbbd49b7aaf3c38e456066",
                "balance": 591293596.845838,
                "percentage_of_circulating_supply": 59.12935968458379,
                "exceeds_5_percent": true
            },
            "holders_exceeding_5_percent_circulating": [
                {
                    "address": "0x9d0c8202290ff7e6d078a6bc0b2bfd855ac2981a",
                    "balance": 408592387.5165514,
                    "percentage_of_supply": 40.859238751655134
                }
            ],
            "howmany_holders_exceeding_5_percent_circulating": 1,
            "top_10_holders": [
                {
                    "address": "0x6fbe515cf3d13edacecbbd49b7aaf3c38e456066",
                    "balance": 591293596.845838,
                    "percentage_of_total_supply": 59.12935968458379,
                    "percentage_of_circulating_supply": 59.12935968458379
                },
                {
                    "address": "0x9d0c8202290ff7e6d078a6bc0b2bfd855ac2981a",
                    "balance": 408592387.5165514,
                    "percentage_of_total_supply": 40.859238751655134,
                    "percentage_of_circulating_supply": 40.859238751655134
                },
                {
                    "address": "0x8aa421f2365832b90b54de0f306bc83f6c5215ca",
                    "balance": 114015.63761068,
                    "percentage_of_total_supply": 0.011401563761068,
                    "percentage_of_circulating_supply": 0.011401563761068
                }
            ],
            "total_top_10_balance": 1000000000.0,
            "top10_percentage_of_total_supply": 100.0,
            "top10_percentage_of_circulating_supply": 100.0,
            "top_10_less_than_70_percent_of_total": false,
            "top_10_less_than_70_percent_of_circulating": false
        },
        "liquidity": {
            "price_usd": 0.010922007310658535,
            "liquidity_usd": 2.490559255026482e-07,
            "market_cap_usd": 10922007.310658535,
            "liquidity_to_market_cap_ratio": 2.2803127522136e-14,
            "token_volume": 405487620.5798107,
            "volume_usd": 4428738.756354227,
            "volume_to_liquidity_ratio": 17782105554871.19,
            "locked_liquidity_percent": 0.0,
            "locked_95_for_15_days": false,
            "creator_under_5_percent": false,
            "creator_percent_of_lp": 59.1294,
            "owner_under_5_percent": true,
            "owner_percent_of_lp": 0.0,
            "total_lp_supply": 3.4508648722555e-05,
            "lp_holders_count": 2,
            "lp_holders": [
                {
                    "address": "0x0ed943ce24baebf257488771759f9bf482c39706",
                    "balance": 3.4508648721555e-05,
                    "is_locked": false,
                    "percent": 99.99999999710218,
                    "tag": ""
                },
                {
                    "address": "0x0000000000000000000000000000000000000000",
                    "balance": 1e-15,
                    "is_locked": true,
                    "percent": 2.8978242e-09,
                    "tag": "Null Address"
                }
            ]
        },
        "security": {
            "warnings": null,
            "homany_warnings": 0,
            "suspicious_urls": null,
            "howmany_suspicious_urls": 0,
            "suspicious_addresses": null,
            "howmany_suspicious_addresses": 0,
            "error": "Security analysis data not available."
        },
        "lifecycle": {
            "token_age_seconds": 62710903.323065,
            "token_creation_date": "2023-08-31T05:44:59",
            "creation_to_first_trade_seconds": 0.0,
            "creation_to_first_trade_blocks": 0,
            "last_tx_hash": "0xf304f69396985b802e93ac1a45f9ca694eb495de0db3d64577793ca2a80d371b",
            "last_active_age": "2023-08-31T06:11:40",
            "inactive_days": 725.8021420746296
        }
    },
    "errors": []
}