{
    "token_address": "0x3001f3fA4bb6b11A087A4b49641772b126213BdC",
    "chain": "bsc",
    "token_name": "GateToken",
    "analyses": {
        "contract": {
            "contract_name": null,
            "compiler_version": null,
            "license_type": null,
            "implementation": null,
            "source_code": null,
            "abi": null,
            "verified": false,
            "owner": "0xc18e35d07de7bd927e5137260a920073bc588d88",
            "creator": "0xc18e35d07de7bd927e5137260a920073bc588d88",
            "is_hidden_owner": false,
            "is_proxy": null,
            "is_sellable": true,
            "is_hardcoded_owner": null,
            "code_analysis": {
                "total_matches": 0,
                "patterns_found": {}
            }
        },
        "holder": {
            "total_holders": 18,
            "holders_list": {
                "0xc18e35d07de7bd927e5137260a920073bc588d88": {
                    "balance": 973513.006325,
                    "percentage_of_total_supply": 97.3513006325,
                    "percentage_of_circulating_supply": 97.3513006325
                },
                "0x3a688d9c73dbc8eabd4cda4515f9a867faf2aab2": {
                    "balance": 5148.675997,
                    "percentage_of_total_supply": 0.5148675997,
                    "percentage_of_circulating_supply": 0.5148675997
                },
                "0x9f32049d8b96930549c558db29f9e31fcf31a8ff": {
                    "balance": 4558.449693,
                    "percentage_of_total_supply": 0.4558449693,
                    "percentage_of_circulating_supply": 0.4558449693
                },
                "0x1e4d3c9e822f6c418712b3eb30b45b032c6898cd": {
                    "balance": 4000.0,
                    "percentage_of_total_supply": 0.4,
                    "percentage_of_circulating_supply": 0.4
                },
                "0x3a77ac22a1174f76cc0110f8eb1189a8c9122d10": {
                    "balance": 3385.695792,
                    "percentage_of_total_supply": 0.3385695792,
                    "percentage_of_circulating_supply": 0.3385695792
                },
                "0x1c1967a994dc3ab334e4c251f19b7b297a0d51bc": {
                    "balance": 2571.666071,
                    "percentage_of_total_supply": 0.2571666071,
                    "percentage_of_circulating_supply": 0.2571666071
                },
                "0xe5f2a74a8205ddc60649455f1b892d17111ea7b0": {
                    "balance": 2364.128794,
                    "percentage_of_total_supply": 0.2364128794,
                    "percentage_of_circulating_supply": 0.2364128794
                },
                "0x0d88a7ba565fccdff2bbf13f495a3d951c881783": {
                    "balance": 1216.827217,
                    "percentage_of_total_supply": 0.1216827217,
                    "percentage_of_circulating_supply": 0.1216827217
                },
                "0x9acbab3fa330740b260822443cea07ed2c73a3a0": {
                    "balance": 869.436897,
                    "percentage_of_total_supply": 0.08694368970000001,
                    "percentage_of_circulating_supply": 0.08694368970000001
                },
                "0xdb496b8001b7b8b5de3844052f2d52b73b195476": {
                    "balance": 812.025323,
                    "percentage_of_total_supply": 0.08120253229999999,
                    "percentage_of_circulating_supply": 0.08120253229999999
                },
                "0xd76f6c8ae0f7ebc723465d6899aaefc4cb7cf995": {
                    "balance": 781.582659,
                    "percentage_of_total_supply": 0.07815826590000001,
                    "percentage_of_circulating_supply": 0.07815826590000001
                },
                "0x2c03a78b9950d36e24319bdeaff59645c4c5ce8d": {
                    "balance": 369.646524,
                    "percentage_of_total_supply": 0.036964652400000006,
                    "percentage_of_circulating_supply": 0.036964652400000006
                },
                "0x2779ebff5909e55d28d5ede9302521e4ef7e1a11": {
                    "balance": 200.0,
                    "percentage_of_total_supply": 0.02,
                    "percentage_of_circulating_supply": 0.02
                },
                "0xef18a3e15a57bc1edf28c6805e14796826a671fd": {
                    "balance": 132.795652,
                    "percentage_of_total_supply": 0.0132795652,
                    "percentage_of_circulating_supply": 0.0132795652
                },
                "0x2976011c0331216c269ac45c0e13616a5fa9edd1": {
                    "balance": 61.996283,
                    "percentage_of_total_supply": 0.0061996283,
                    "percentage_of_circulating_supply": 0.0061996283
                },
                "0x0ed943ce24baebf257488771759f9bf482c39706": {
                    "balance": 13.504603,
                    "percentage_of_total_supply": 0.0013504602999999998,
                    "percentage_of_circulating_supply": 0.0013504602999999998
                },
                "0x81a17817af834715b16d5b2b10d99ff64fc3b1ab": {
                    "balance": 0.562169,
                    "percentage_of_total_supply": 5.62169e-05,
                    "percentage_of_circulating_supply": 5.62169e-05
                },
                "0xd332395907031635331a4d4a7350b0479bccc8d1": {
                    "balance": 1e-06,
                    "percentage_of_total_supply": 1e-10,
                    "percentage_of_circulating_supply": 1e-10
                }
            },
            "total_supply": 1000000.0,
            "total_circulating_supply": 1000000.0,
            "owner": {
                "address": "0xc18e35d07de7bd927e5137260a920073bc588d88",
                "balance": 973513.006325,
                "percentage_of_circulating_supply": 97.3513006325,
                "exceeds_5_percent": true
            },
            "creator": {
                "address": "0xc18e35d07de7bd927e5137260a920073bc588d88",
                "balance": 973513.006325,
                "percentage_of_circulating_supply": 97.3513006325,
                "exceeds_5_percent": true
            },
            "holders_exceeding_5_percent_circulating": [],
            "howmany_holders_exceeding_5_percent_circulating": 0,
            "top_10_holders": [
                {
                    "address": "0xc18e35d07de7bd927e5137260a920073bc588d88",
                    "balance": 973513.006325,
                    "percentage_of_total_supply": 97.3513006325,
                    "percentage_of_circulating_supply": 97.3513006325
                },
                {
                    "address": "0x3a688d9c73dbc8eabd4cda4515f9a867faf2aab2",
                    "balance": 5148.675997,
                    "percentage_of_total_supply": 0.5148675997,
                    "percentage_of_circulating_supply": 0.5148675997
                },
                {
                    "address": "0x9f32049d8b96930549c558db29f9e31fcf31a8ff",
                    "balance": 4558.449693,
                    "percentage_of_total_supply": 0.4558449693,
                    "percentage_of_circulating_supply": 0.4558449693
                },
                {
                    "address": "0x1e4d3c9e822f6c418712b3eb30b45b032c6898cd",
                    "balance": 4000.0,
                    "percentage_of_total_supply": 0.4,
                    "percentage_of_circulating_supply": 0.4
                },
                {
                    "address": "0x3a77ac22a1174f76cc0110f8eb1189a8c9122d10",
                    "balance": 3385.695792,
                    "percentage_of_total_supply": 0.3385695792,
                    "percentage_of_circulating_supply": 0.3385695792
                },
                {
                    "address": "0x1c1967a994dc3ab334e4c251f19b7b297a0d51bc",
                    "balance": 2571.666071,
                    "percentage_of_total_supply": 0.2571666071,