{
    "token_address": "0xbCe0c292A9c73AA5Ba822538532735a8770D1664",
    "chain": "bsc",
    "token_name": "BullRunner",
    "analyses": {
        "contract": {
            "contract_name": null,
            "compiler_version": null,
            "license_type": null,
            "implementation": null,
            "source_code": null,
            "abi": null,
            "verified": false,
            "owner": null,
            "creator": "0xf31227692b7484aa587b9fba99092b9f348564a1",
            "is_hidden_owner": true,
            "is_proxy": null,
            "is_sellable": true,
            "is_hardcoded_owner": null,
            "code_analysis": {
                "total_matches": 0,
                "patterns_found": {}
            }
        },
        "holder": {
            "total_holders": 22,
            "holders_list": {
                "0xf31227692b7484aa587b9fba99092b9f348564a1": {
                    "balance": 893246652151737.0,
                    "percentage_of_total_supply": 89.32466521517371,
                    "percentage_of_circulating_supply": 89.32466521517371
                },
                "0x03368a8e879089da5eed076c2221733abafc7778": {
                    "balance": 57492955971710.0,
                    "percentage_of_total_supply": 5.749295597171001,
                    "percentage_of_circulating_supply": 5.749295597171001
                },
                "0x157144869cee7fff519c31abd6648c8d19b12555": {
                    "balance": 19160432407356.0,
                    "percentage_of_total_supply": 1.9160432407356,
                    "percentage_of_circulating_supply": 1.9160432407356
                },
                "0xea2636374caf53596da2802b50e7ca0f6ea76ed0": {
                    "balance": 7931587380464.0,
                    "percentage_of_total_supply": 0.7931587380463999,
                    "percentage_of_circulating_supply": 0.7931587380463999
                },
                "0xa1c1fbe3229839d0156a346a8b617b41af1d9b9e": {
                    "balance": 4146597238845.0,
                    "percentage_of_total_supply": 0.4146597238845,
                    "percentage_of_circulating_supply": 0.4146597238845
                },
                "0xd56aefca66d5e294578688c94d1232638e07de7f": {
                    "balance": 3881115509668.0,
                    "percentage_of_total_supply": 0.3881115509668,
                    "percentage_of_circulating_supply": 0.3881115509668
                },
                "0x05e967265fe4b96028212ece8bff2c3248b57b90": {
                    "balance": 3838205811519.0,
                    "percentage_of_total_supply": 0.3838205811519,
                    "percentage_of_circulating_supply": 0.3838205811519
                },
                "0x9fe99c5e67ff8a1b06c9b28e298bc295647fb3de": {
                    "balance": 3286520877485.0,
                    "percentage_of_total_supply": 0.32865208774849997,
                    "percentage_of_circulating_supply": 0.32865208774849997
                },
                "0x1d0b54dd66add46845ffc78b06d29344fedb52ed": {
                    "balance": 2439575672560.0,
                    "percentage_of_total_supply": 0.243957567256,
                    "percentage_of_circulating_supply": 0.243957567256
                },
                "0x09e6ba383d2449446b1173644e6f4f81f0d96d55": {
                    "balance": 2191408749947.0,
                    "percentage_of_total_supply": 0.2191408749947,
                    "percentage_of_circulating_supply": 0.2191408749947
                },
                "0x9e1834683399c71110a99a42fd8b341d792a5c42": {
                    "balance": 1548911928803.0,
                    "percentage_of_total_supply": 0.1548911928803,
                    "percentage_of_circulating_supply": 0.1548911928803
                },
                "0x0fa94f8ec0d2268752649c61a680843ed9d23402": {
                    "balance": 440749602979.0,
                    "percentage_of_total_supply": 0.0440749602979,
                    "percentage_of_circulating_supply": 0.0440749602979
                },
                "0x8a2622d34296ecfd879920a36187f42e89ba4bb4": {
                    "balance": 98100603539.0,
                    "percentage_of_total_supply": 0.0098100603539,
                    "percentage_of_circulating_supply": 0.0098100603539
                },
                "0x476d20cbba6dd37c828558aa104ae3fd2b34387e": {
                    "balance": 69796168577.0,
                    "percentage_of_total_supply": 0.0069796168577,
                    "percentage_of_circulating_supply": 0.0069796168577
                },
                "0x6b63d0288dd4e9e5fe78e4ea8b9b68d2a5fb9091": {
                    "balance": 50199335554.0,
                    "percentage_of_total_supply": 0.0050199335554,
                    "percentage_of_circulating_supply": 0.0050199335554
                },
                "0x2be87ad70cf11ea294d7c42044b5b8277a3e4874": {
                    "balance": 49870025464.0,
                    "percentage_of_total_supply": 0.0049870025464,
                    "percentage_of_circulating_supply": 0.0049870025464
                },
                "0xddc805028451cecf3b5a6f8f4bbaa2b041aa42bb": {
                    "balance": 42289441441.0,
                    "percentage_of_total_supply": 0.0042289441441,
                    "percentage_of_circulating_supply": 0.0042289441441
                },
                "0x0ed943ce24baebf257488771759f9bf482c39706": {
                    "balance": 37742676869.0,
                    "percentage_of_total_supply": 0.0037742676869000004,
                    "percentage_of_circulating_supply": 0.0037742676869000004
                },
                "0x6bb13a788fc876418398230940643a520cc86139": {
                    "balance": 29916577158.0,
                    "percentage_of_total_supply": 0.0029916577158,
                    "percentage_of_circulating_supply": 0.0029916577158
                },
                "0x46c007df7f357a3c786d754054c7b73517d5ec7d": {
                    "balance": 14878982212.0,
                    "percentage_of_total_supply": 0.0014878982212,
                    "percentage_of_circulating_supply": 0.0014878982212
                },
                "0xd7a22677a1a11ee4d47793cd2e12d214843a0242": {
                    "balance": 2492886109.0,
                    "percentage_of_total_supply": 0.00024928861090000004,
                    "percentage_of_circulating_supply": 0.00024928861090000004
                },
                "0x9e6a60ccf4bc88b4072f18914544824580b2c913": {
                    "balance": 4.0,
                    "percentage_of_total_supply": 4e-13,
                    "percentage_of_circulating_supply": 4e-13
                }
            },
            "total_supply": 1000000000000000.0,
            "total_circulating_supply": 1000000000000000.0,
            "owner": {},
            "creator": {
                "address": "0xf31227692b7484aa587b9fba99092b9f348564a1",
                "balance": 893246652151737.0,
                "percentage_of_circulating_supply": 89.32466521517371,
                "exceeds_5_percent": true
            },
            "holders_exceeding_5_percent_circulating": [
                {
                    "address": "0x03368a8e879089da5eed076c2221733abafc7778",
                    "balance": 57492955971710.0,
                    "percentage_of_supply": 5.749295597171001
                }
            ],
            "howmany_holders_exceeding_5_percent_circulating": 1,
            "top_10_holders": [
                {
                    "address": "0xf31227692b7484aa587b9fba99092b9f348564a1",
                    "balance": 893246652151737.0,
                    "percentage_of_total_supply": 89.32466521517371,
                    "percentage_of_circulating_supply": 89.32466521517371
                },
                {
                    "address": "0x03368a8e879089da5eed076c2221733abafc7778",