{
    "token_address": "0x6057cBa40945DFA8d34c94de0bF28b853a8364de",
    "chain": "bsc",
    "token_name": "WePower",
    "analyses": {
        "contract": {
            "contract_name": null,
            "compiler_version": null,
            "license_type": null,
            "implementation": null,
            "source_code": null,
            "abi": null,
            "verified": false,
            "owner": "0x499020d7c9c8434c4c2865c0ce87dd5911de3c8a",
            "creator": "0x499020d7c9c8434c4c2865c0ce87dd5911de3c8a",
            "is_hidden_owner": false,
            "is_proxy": null,
            "is_sellable": true,
            "is_hardcoded_owner": null,
            "code_analysis": {
                "total_matches": 0,
                "patterns_found": {}
            }
        },
        "holder": {
            "total_holders": 2,
            "holders_list": {
                "0x89a8ad04b636be3da30eeb8dab7c781215a0b21a": {
                    "balance": 4e-09,
                    "percentage_of_total_supply": 4e-13,
                    "percentage_of_circulating_supply": 4.091979623130417e-13
                },
                "0x499020d7c9c8434c4c2865c0ce87dd5911de3c8a": {
                    "balance": 955043.948601064,
                    "percentage_of_total_supply": 95.5043948601064,
                    "percentage_of_circulating_supply": 97.70050942173917
                }
            },
            "total_supply": 1000000.0,
            "total_circulating_supply": 977521.974300534,
            "owner": {
                "address": "0x499020d7c9c8434c4c2865c0ce87dd5911de3c8a",
                "balance": 955043.948601064,
                "percentage_of_circulating_supply": 97.70050942173917,
                "exceeds_5_percent": true
            },
            "creator": {
                "address": "0x499020d7c9c8434c4c2865c0ce87dd5911de3c8a",
                "balance": 955043.948601064,
                "percentage_of_circulating_supply": 97.70050942173917,
                "exceeds_5_percent": true
            },
            "holders_exceeding_5_percent_circulating": [],
            "howmany_holders_exceeding_5_percent_circulating": 0,
            "top_10_holders": [
                {
                    "address": "0x499020d7c9c8434c4c2865c0ce87dd5911de3c8a",
                    "balance": 955043.948601064,
                    "percentage_of_total_supply": 95.5043948601064,
                    "percentage_of_circulating_supply": 97.70050942173917
                },
                {
                    "address": "0x89a8ad04b636be3da30eeb8dab7c781215a0b21a",
                    "balance": 4e-09,
                    "percentage_of_total_supply": 4e-13,
                    "percentage_of_circulating_supply": 4.091979623130417e-13
                }
            ],
            "total_top_10_balance": 955043.948601068,
            "top10_percentage_of_total_supply": 95.5043948601068,
            "top10_percentage_of_circulating_supply": 97.70050942173958,
            "top_10_less_than_70_percent_of_total": false,
            "top_10_less_than_70_percent_of_circulating": false
        },
        "liquidity": {
            "price_usd": 92.66097606786055,
            "liquidity_usd": 7.412878085428844e-16,
            "market_cap_usd": 90578140.26646957,
            "liquidity_to_market_cap_ratio": 8.183959246260835e-24,
            "token_volume": 0.0,
            "volume_usd": 0.0,
            "volume_to_liquidity_ratio": 0.0,
            "locked_liquidity_percent": 100.0,
            "locked_95_for_15_days": false,
            "creator_under_5_percent": false,
            "creator_percent_of_lp": 95.5044,
            "owner_under_5_percent": true,
            "owner_percent_of_lp": 0.0,
            "total_lp_supply": 1e-15,
            "lp_holders_count": 1,
            "lp_holders": [
                {
                    "address": "0x0000000000000000000000000000000000000000",
                    "balance": 1e-15,
                    "is_locked": true,
                    "percent": 100.0,
                    "tag": "Null Address"
                }
            ],
            "error": "Liquidity pool info could not be retrieved."
        },
        "security": {
            "warnings": null,
            "homany_warnings": 0,
            "suspicious_urls": null,
            "howmany_suspicious_urls": 0,
            "suspicious_addresses": null,
            "howmany_suspicious_addresses": 0,
            "error": "Security analysis data not available."
        },
        "lifecycle": {
            "token_age_seconds": 79682440.667608,
            "token_creation_date": "2023-02-16T14:04:20",
            "creation_to_first_trade_seconds": 0.0,
            "creation_to_first_trade_blocks": 0,
            "last_tx_hash": "0x331a0ea66c5255269f0af4af51c4628bf54aa6adfb6fbb9c7aa947cc6573c102",
            "last_active_age": "2023-02-26T15:21:55",
            "inactive_days": 912.196623929537
        }
    },
    "errors": []
}