{
    "token_address": "0xCDfda008B8dccB9cB34443d6e9D59f1F21Be924a",
    "chain": "bsc",
    "token_name": "OctoFi",
    "analyses": {
        "contract": {
            "contract_name": null,
            "compiler_version": null,
            "license_type": null,
            "implementation": null,
            "source_code": null,
            "abi": null,
            "verified": false,
            "owner": "0xf1c16090f11b176a366a47260b5e74c07e7c92b5",
            "creator": "0xf1c16090f11b176a366a47260b5e74c07e7c92b5",
            "is_hidden_owner": false,
            "is_proxy": null,
            "is_sellable": true,
            "is_hardcoded_owner": null,
            "code_analysis": {
                "total_matches": 0,
                "patterns_found": {}
            }
        },
        "holder": {
            "total_holders": 2,
            "holders_list": {
                "0xf1c16090f11b176a366a47260b5e74c07e7c92b5": {
                    "balance": 1000000000.0,
                    "percentage_of_total_supply": 100.0,
                    "percentage_of_circulating_supply": 99.99999999999994
                },
                "0x1c2d82d61c5e65eb76e68cbd5feef3c62b267327": {
                    "balance": 1e-06,
                    "percentage_of_total_supply": 1e-13,
                    "percentage_of_circulating_supply": 9.999999999999995e-14
                }
            },
            "total_supply": 1000000000.0,
            "total_circulating_supply": 1000000000.0000005,
            "owner": {
                "address": "0xf1c16090f11b176a366a47260b5e74c07e7c92b5",
                "balance": 1000000000.0,
                "percentage_of_circulating_supply": 99.94765178736735,
                "exceeds_5_percent": true
            },
            "creator": {
                "address": "0xf1c16090f11b176a366a47260b5e74c07e7c92b5",
                "balance": 1000000000.0,
                "percentage_of_circulating_supply": 99.94765178736735,
                "exceeds_5_percent": true
            },
            "holders_exceeding_5_percent_circulating": [],
            "howmany_holders_exceeding_5_percent_circulating": 0,
            "top_10_holders": [
                {
                    "address": "0xf1c16090f11b176a366a47260b5e74c07e7c92b5",
                    "balance": 1000000000.0,
                    "percentage_of_total_supply": 100.0,
                    "percentage_of_circulating_supply": 99.99999999999994
                },
                {
                    "address": "0x1c2d82d61c5e65eb76e68cbd5feef3c62b267327",
                    "balance": 1e-06,
                    "percentage_of_total_supply": 1e-13,
                    "percentage_of_circulating_supply": 9.999999999999995e-14
                }
            ],
            "total_top_10_balance": 1000000000.000001,
            "top10_percentage_of_total_supply": 100.00000000000011,
            "top10_percentage_of_circulating_supply": 100.00000000000004,
            "top_10_less_than_70_percent_of_total": false,
            "top_10_less_than_70_percent_of_circulating": false
        },
        "liquidity": {
            "price_usd": 14596.18351769152,
            "liquidity_usd": 2.9192367035383046e-14,
            "market_cap_usd": 14596183517691.525,
            "liquidity_to_market_cap_ratio": 1.9999999999999997e-27,
            "token_volume": 0.0,
            "volume_usd": 0.0,
            "volume_to_liquidity_ratio": 0.0,
            "locked_liquidity_percent": 100.0,
            "locked_95_for_15_days": false,
            "creator_under_5_percent": false,
            "creator_percent_of_lp": 99.9477,
            "owner_under_5_percent": true,
            "owner_percent_of_lp": 0.0,
            "total_lp_supply": 1e-15,
            "lp_holders_count": 1,
            "lp_holders": [
                {
                    "address": "0x0000000000000000000000000000000000000000",
                    "balance": 1e-15,
                    "is_locked": true,
                    "percent": 100.0,
                    "tag": "Null Address"
                }
            ],
            "error": "Liquidity pool info could not be retrieved."
        },
        "security": {
            "warnings": null,
            "homany_warnings": 0,
            "suspicious_urls": null,
            "howmany_suspicious_urls": 0,
            "suspicious_addresses": null,
            "howmany_suspicious_addresses": 0,
            "error": "Security analysis data not available."
        },
        "lifecycle": {
            "token_age_seconds": 72915534.134643,
            "token_creation_date": "2023-05-06T09:27:07",
            "creation_to_first_trade_seconds": 0.0,
            "creation_to_first_trade_blocks": 0,
            "last_tx_hash": "0x5f03918be58fba57741109ba0074c43a715c823fcc9ba095a2234030aefbe8bc",
            "last_active_age": "2023-05-06T18:23:58",
            "inactive_days": 843.5570151641551
        }
    },
    "errors": []
}