{
    "token_address": "0xE25E8543c2532DFd4Ab1991cA229ab16b190d656",
    "chain": "bsc",
    "token_name": "Illumination Token",
    "analyses": {
        "contract": {
            "contract_name": null,
            "compiler_version": null,
            "license_type": null,
            "implementation": null,
            "source_code": null,
            "abi": null,
            "verified": false,
            "owner": "0x271c38ea0ade21e273a597e31f42c29055a677c4",
            "creator": "0x271c38ea0ade21e273a597e31f42c29055a677c4",
            "is_hidden_owner": false,
            "is_proxy": null,
            "is_sellable": true,
            "is_hardcoded_owner": null,
            "code_analysis": {
                "total_matches": 0,
                "patterns_found": {}
            }
        },
        "holder": {
            "total_holders": 41,
            "holders_list": {
                "0x271c38ea0ade21e273a597e31f42c29055a677c4": {
                    "balance": 672006531407210.4,
                    "percentage_of_total_supply": 67.20065314072104,
                    "percentage_of_circulating_supply": 74.25820603865351
                },
                "0x1c55cc391f3a00be4e826c92136aade4f583107b": {
                    "balance": 35440777950602.984,
                    "percentage_of_total_supply": 3.5440777950602986,
                    "percentage_of_circulating_supply": 3.9162842446114454
                },
                "0x25c14d29b1ca8ce8481619726e5c8ccc368d5f29": {
                    "balance": 18644595960763.57,
                    "percentage_of_total_supply": 1.864459596076357,
                    "percentage_of_circulating_supply": 2.0602690355740982
                },
                "0x98c3fc24a4a1dcb6010685115d6b5f8ef3f0cc19": {
                    "balance": 18204791558825.54,
                    "percentage_of_total_supply": 1.8204791558825544,
                    "percentage_of_circulating_supply": 2.0116696777264425
                },
                "0x4a664c69ee306503b7dbc24dda199a55294c520d": {
                    "balance": 12474300411308.719,
                    "percentage_of_total_supply": 1.2474300411308719,
                    "percentage_of_circulating_supply": 1.378437748501151
                },
                "0x24159833510432c3ae87c3dbea753d3e0b7c46b3": {
                    "balance": 8591316584287.922,
                    "percentage_of_total_supply": 0.8591316584287921,
                    "percentage_of_circulating_supply": 0.9493594589377055
                },
                "0x17a6a3391f751287fddb76d197c53ce785ea864e": {
                    "balance": 6430255364423.656,
                    "percentage_of_total_supply": 0.6430255364423656,
                    "percentage_of_circulating_supply": 0.7105574208224213
                },
                "0x0ed943ce24baebf257488771759f9bf482c39706": {
                    "balance": 6134785209294.436,
                    "percentage_of_total_supply": 0.6134785209294435,
                    "percentage_of_circulating_supply": 0.6779073160505034
                },
                "0xad24a09fcf2962c9055c0aae00fb2211b1a0e201": {
                    "balance": 5928362106161.307,
                    "percentage_of_total_supply": 0.5928362106161308,
                    "percentage_of_circulating_supply": 0.6550971072099742
                },
                "0x23774c3287393e96e6be2c0be3a99b02439ba18a": {
                    "balance": 5898162193085.983,
                    "percentage_of_total_supply": 0.5898162193085984,
                    "percentage_of_circulating_supply": 0.6517599501100266
                },
                "0x99da5606bb0ffc8f4f75d8bc58702e5466b93299": {
                    "balance": 3066393108371.644,
                    "percentage_of_total_supply": 0.3066393108371644,
                    "percentage_of_circulating_supply": 0.3388432114791281
                },
                "0x5d44644a86fcfa938f7fb62cc3b1e52c762bdefc": {
                    "balance": 2784179181018.717,
                    "percentage_of_total_supply": 0.27841791810187166,
                    "percentage_of_circulating_supply": 0.3076579491566518
                },
                "0x633ba9dbe72d413248acecd0ab28a2523b302d87": {
                    "balance": 2720597727111.387,
                    "percentage_of_total_supply": 0.27205977271113874,
                    "percentage_of_circulating_supply": 0.3006320580621103
                },
                "0x47c6a45a0cd9c045f73213e77918db45b78ce3f0": {
                    "balance": 2664496833405.203,
                    "percentage_of_total_supply": 0.2664496833405203,
                    "percentage_of_circulating_supply": 0.2944327853927469
                },
                "0xac8ba5a08ade1c7431022cda82cda619b32460db": {
                    "balance": 2425014482979.301,
                    "percentage_of_total_supply": 0.24250144829793008,
                    "percentage_of_circulating_supply": 0.26796945670558636
                },
                "0x688a80821c22b53bd242870f8c761876f43bdf1b": {
                    "balance": 2187512271735.1938,
                    "percentage_of_total_supply": 0.21875122717351939,
                    "percentage_of_circulating_supply": 0.24172493777171658
                },
                "0x86eaf402d6d1a754d699cbfb37b98b026819526c": {
                    "balance": 1448042704788.5796,
                    "percentage_of_total_supply": 0.14480427047885797,
                    "percentage_of_circulating_supply": 0.16001191729459688
                },
                "0xf809a4156b5abd7b74a94d8a99c93ccbdadb7d07": {
                    "balance": 1242845849112.907,
                    "percentage_of_total_supply": 0.12428458491129071,
                    "percentage_of_circulating_supply": 0.13733721150663397
                },
                "0x0042bbc95de63341111d706623a250e6d833ba09": {
                    "balance": 756323511173.5018,
                    "percentage_of_total_supply": 0.07563235111735019,
                    "percentage_of_circulating_supply": 0.08357541854093525
                },
                "0x08a98377775bee43fbbc70f6286bad83e6f89470": {
                    "balance": 217473644194.35672,
                    "percentage_of_total_supply": 0.021747364419435672,
                    "percentage_of_circulating_supply": 0.024031318036067666
                },
                "0x5adadded3a8bc29a8db8102814452324eee44e98": {
                    "balance": 157882040776.113,
                    "percentage_of_total_supply": 0.0157882040776113,
                    "percentage_of_circulating_supply": 0.017446314233293327
                },
                "0x98c1d69ba85d6e74002c6313f786561caf1b2928": {
                    "balance": 131781870133.50534,
                    "percentage_of_total_supply": 0.013178187013350535,
                    "percentage_of_circulating_supply": 0.0145621877276116
                },
                "0xad2c9ade39dca8fc88e5367a87c0d733e30fafc2": {
                    "balance": 117913156538.44832,
                    "percentage_of_total_supply": 0.011791315653844833,
                    "percentage_of_circulating_supply": 0.013029664242346901
                },
                "0xc1e6238a865b587906f0e37c14f3f78bfb59d7be": {
                    "balance": 53858764334.95585,
                    "percentage_of_total_supply": 0.005385876433495584,
                    "percentage_of_circulating_supply": 0.005951512421460256
                },
                "0x28ed27ee5d1c7b2a0bce33954dc5898c3545bef9": {
                    "balance": 37371993838.238045,
                    "percentage_of_total_supply": 0.003737199383823805,
                    "percentage_of_circulating_supply": 0.0041296878658364095
                },
                "0xa2d615ce04d2be86449414b1181cc946624fe382": {
                    "balance": 28992435343.70944,