{
    "token_address": "0x433fCBeD0BA893E9a54557B4e38b24346968EEef",
    "chain": "bsc",
    "token_name": "The Animal Farm",
    "analyses": {
        "contract": {
            "contract_name": null,
            "compiler_version": null,
            "license_type": null,
            "implementation": null,
            "source_code": null,
            "abi": null,
            "verified": false,
            "owner": "0x351f76e5ac5d6005eaa7dc3c3b6f3805656e5d13",
            "creator": "0x351f76e5ac5d6005eaa7dc3c3b6f3805656e5d13",
            "is_hidden_owner": false,
            "is_proxy": null,
            "is_sellable": true,
            "is_hardcoded_owner": null,
            "code_analysis": null
        },
        "holder": {
            "total_holders": 25,
            "holders_list": {
                "0x0eb2be213e4f50043caee53b2b474471e111fcc0": {
                    "balance": 1.1062803572758159e+30,
                    "percentage_of_total_supply": 0.1106,
                    "percentage_of_circulating_supply": 0.1106
                },
                "0xcfec258b9df06d97c5341f5f02bbc13ebf9f0122": {
                    "balance": 6.530170506525906e+31,
                    "percentage_of_total_supply": 6.5302,
                    "percentage_of_circulating_supply": 6.5302
                },
                "0xaaa8e647f8f19f46ea5fd1dd936b3c02e6aabf62": {
                    "balance": 2.1329208489311415e+31,
                    "percentage_of_total_supply": 2.1329,
                    "percentage_of_circulating_supply": 2.1329
                },
                "0x3b13a046131ee1225c62937d21f300dbeb21e80b": {
                    "balance": 2.559889150192624e+30,
                    "percentage_of_total_supply": 0.256,
                    "percentage_of_circulating_supply": 0.256
                },
                "0x3aceab980a3f534b9595651308e8ca04d1a01084": {
                    "balance": 1.5173112625729349e+28,
                    "percentage_of_total_supply": 0.0015,
                    "percentage_of_circulating_supply": 0.0015
                },
                "0xf7ae6317510d3e321ab9ffc49e0510d8c1ca1a29": {
                    "balance": 1.2548350563494272e+32,
                    "percentage_of_total_supply": 12.5484,
                    "percentage_of_circulating_supply": 12.5484
                },
                "0x5170f5c1d92705e597aa5c685b4705130e4635b5": {
                    "balance": 1.0333562671418e+31,
                    "percentage_of_total_supply": 1.0334,
                    "percentage_of_circulating_supply": 1.0334
                },
                "0x28b75d295b9a74b891734d96e6f7f61a5f9afe93": {
                    "balance": 2.8685894317102868e+31,
                    "percentage_of_total_supply": 2.8686,
                    "percentage_of_circulating_supply": 2.8686
                },
                "0x71660da9ffe18e14c5ff17407f095895f0c602cc": {
                    "balance": 2.3364772374983713e+31,
                    "percentage_of_total_supply": 2.3365,
                    "percentage_of_circulating_supply": 2.3365
                },
                "0xb0949e02eb6a3fbcf79985354af2622eeb167fe3": {
                    "balance": 8.464508245278746e+30,
                    "percentage_of_total_supply": 0.8465,
                    "percentage_of_circulating_supply": 0.8465
                },
                "0x5f7a3b157a27c4ef4255f40cf047c656684ddbd8": {
                    "balance": 8.6136621600198e+30,
                    "percentage_of_total_supply": 0.8614,
                    "percentage_of_circulating_supply": 0.8614
                },
                "0xd32952c778991dd2a403595d08df150bfd10dd36": {
                    "balance": 1.452979597711807e+31,
                    "percentage_of_total_supply": 1.453,
                    "percentage_of_circulating_supply": 1.453
                },
                "0xe7166f094b001f9c5a8615f78afeb66ff96b250b": {
                    "balance": 3.061691751282385e+27,
                    "percentage_of_total_supply": 0.0003,
                    "percentage_of_circulating_supply": 0.0003
                },
                "0x14b013c9e99f39f50750d2fcbf28abeec933c64e": {
                    "balance": 1.2071178981760873e+29,
                    "percentage_of_total_supply": 0.0121,
                    "percentage_of_circulating_supply": 0.0121
                },
                "0xeaf8abfc5ece12af5e67ddcf88a8f91fdcda8f34": {
                    "balance": 3.1240728220980526e+31,
                    "percentage_of_total_supply": 3.1241,
                    "percentage_of_circulating_supply": 3.1241
                },
                "0x786497a041c711b9cf8bb2cf8d2e586b715d5457": {
                    "balance": 4.562110756156915e+31,
                    "percentage_of_total_supply": 4.5621,
                    "percentage_of_circulating_supply": 4.5621
                },
                "0x0e9f3def941ba2ae0286d0de7022d15e0c1b4457": {
                    "balance": 4.258716504868005e+28,
                    "percentage_of_total_supply": 0.0043,
                    "percentage_of_circulating_supply": 0.0043
                },
                "0x2b15d3a599e3fbf1f18d84f5395490a256585503": {
                    "balance": 1e+18,
                    "percentage_of_total_supply": 0.0,
                    "percentage_of_circulating_supply": 0.0
                },
                "0x8f0f2a7e2cf33ce26a1363bbab3e8c554df95ed3": {
                    "balance": 5.481913274741032e+31,
                    "percentage_of_total_supply": 5.4819,
                    "percentage_of_circulating_supply": 5.4819
                },
                "0xa1525bfe5d8335b9cb5ea63239a33946efee7e2d": {
                    "balance": 2.3693727397431102e+30,
                    "percentage_of_total_supply": 0.2369,
                    "percentage_of_circulating_supply": 0.2369
                },
                "0x8655a99fcc8376726d352f333850fdc0c33b7865": {
                    "balance": 5.411156568242505e+31,
                    "percentage_of_total_supply": 5.4112,
                    "percentage_of_circulating_supply": 5.4112
                },
                "0x8e3c10987b4425f723d0be1cf1f16fa83a8068e5": {
                    "balance": 4.48639e+30,
                    "percentage_of_total_supply": 0.4486,
                    "percentage_of_circulating_supply": 0.4486
                },
                "0x72d59fa86133d75e5e7c4f32aa90516bdbd605a1": {
                    "balance": 1.1791125160621093e+31,
                    "percentage_of_total_supply": 1.1791,
                    "percentage_of_circulating_supply": 1.1791
                },
                "0xa1e41182bb012aa5421b4348e29cede77f0fcebc": {
                    "balance": 6.187703682277888e+31,
                    "percentage_of_total_supply": 6.1877,
                    "percentage_of_circulating_supply": 6.1877
                }
            },
            "total_supply": 1e+33,
            "total_circulating_supply": 1e+33,
            "owner": {
                "address": "0x351f76e5ac5d6005eaa7dc3c3b6f3805656e5d13",
                "balance": 4.2372922286232474e+32,
                "percentage_of_supply": 42.3729,
                "exceeds_5_percent": true
            },
            "creator": {},
            "holders_exceeding_5_percent": [
                {
                    "address": "0xcfec258b9df06d97c5341f5f02bbc13ebf9f0122",
                    "balance": 6.530170506525906e+31,
                    "percentage_of_supply": 6.5302
                },
                {
                    "address": "0xf7ae6317510d3e321ab9ffc49e0510d8c1ca1a29",
                    "balance": 1.2548350563494272e+32,
                    "percentage_of_supply": 12.5484
                },
                {
                    "address": "0x351f76e5ac5d6005eaa7dc3c3b6f3805656e5d13",
                    "balance": 4.2372922286232474e+32,