{
    "token_address": "0x80c1dB1dcBC4a97c686044cccf2AeD6FAc5F1B2F",
    "chain": "bsc",
    "token_name": "Photon Impulse",
    "analyses": {
        "contract": {
            "contract_name": null,
            "compiler_version": null,
            "license_type": null,
            "implementation": null,
            "source_code": null,
            "abi": null,
            "verified": false,
            "owner": "0x50827699094d02c709115fe23f9eef9a3905d640",
            "creator": "0x50827699094d02c709115fe23f9eef9a3905d640",
            "is_hidden_owner": false,
            "is_proxy": null,
            "is_sellable": true,
            "is_hardcoded_owner": null,
            "code_analysis": {
                "total_matches": 0,
                "patterns_found": {}
            }
        },
        "holder": {
            "total_holders": 18,
            "holders_list": {
                "0x50827699094d02c709115fe23f9eef9a3905d640": {
                    "balance": 999136011.0909129,
                    "percentage_of_total_supply": 99.9136011090913,
                    "percentage_of_circulating_supply": 99.9136011090913
                },
                "0x5143cf1e84d37e16de084756611004e8b594a7c5": {
                    "balance": 811103.0276161878,
                    "percentage_of_total_supply": 0.08111030276161879,
                    "percentage_of_circulating_supply": 0.08111030276161879
                },
                "0xba97e75dea5b80946c95975bdaf96d95b87bb7f2": {
                    "balance": 19832.659737019458,
                    "percentage_of_total_supply": 0.0019832659737019456,
                    "percentage_of_circulating_supply": 0.0019832659737019456
                },
                "0x118bae8f80cd80742780071d900a7b537a7b1480": {
                    "balance": 8856.2385386515,
                    "percentage_of_total_supply": 0.0008856238538651499,
                    "percentage_of_circulating_supply": 0.0008856238538651499
                },
                "0x359b44872948a7c7a202fac34de8ca712c26e7cd": {
                    "balance": 7580.893109755414,
                    "percentage_of_total_supply": 0.0007580893109755413,
                    "percentage_of_circulating_supply": 0.0007580893109755413
                },
                "0x19fe5388caea083ceb624d31f32b90fa887da526": {
                    "balance": 7435.378415855595,
                    "percentage_of_total_supply": 0.0007435378415855594,
                    "percentage_of_circulating_supply": 0.0007435378415855594
                },
                "0x06f9bddb9527397f4b5a25b6955ed68aca10aee4": {
                    "balance": 5281.602629415824,
                    "percentage_of_total_supply": 0.0005281602629415823,
                    "percentage_of_circulating_supply": 0.0005281602629415823
                },
                "0x4131bc550cc5dee14c2bae83d2c13f508e6f3273": {
                    "balance": 2587.004560905878,
                    "percentage_of_total_supply": 0.0002587004560905878,
                    "percentage_of_circulating_supply": 0.0002587004560905878
                },
                "0x2189f337c2e9b6f7f3957a73ac7852359deb023c": {
                    "balance": 756.1511045982577,
                    "percentage_of_total_supply": 7.561511045982578e-05,
                    "percentage_of_circulating_supply": 7.561511045982578e-05
                },
                "0xbc91b37de5e43bf6da3546f900af86805037bab4": {
                    "balance": 205.11772564567647,
                    "percentage_of_total_supply": 2.0511772564567645e-05,
                    "percentage_of_circulating_supply": 2.0511772564567645e-05
                },
                "0xdda421d8b995a08c448c3bdf937676581f90c942": {
                    "balance": 92.36658253527993,
                    "percentage_of_total_supply": 9.236658253527994e-06,
                    "percentage_of_circulating_supply": 9.236658253527994e-06
                },
                "0x816014b4b9ac8e7f9f72f29755d60ede6cdf3f64": {
                    "balance": 88.40830704969896,
                    "percentage_of_total_supply": 8.840830704969896e-06,
                    "percentage_of_circulating_supply": 8.840830704969896e-06
                },
                "0x1460bb69ca4e6f58880b667f6b11d91e717d70dc": {
                    "balance": 56.23368094826445,
                    "percentage_of_total_supply": 5.623368094826445e-06,
                    "percentage_of_circulating_supply": 5.623368094826445e-06
                },
                "0x802f6afee788d50c064ba9e17ea8ab590ba8c65a": {
                    "balance": 54.08518808706888,
                    "percentage_of_total_supply": 5.4085188087068875e-06,
                    "percentage_of_circulating_supply": 5.4085188087068875e-06
                },
                "0x797614e53f6c1ebe6203da63ab7a7ef3a0b144ec": {
                    "balance": 39.80967266228053,
                    "percentage_of_total_supply": 3.980967266228054e-06,
                    "percentage_of_circulating_supply": 3.980967266228054e-06
                },
                "0x0ed943ce24baebf257488771759f9bf482c39706": {
                    "balance": 10.935735071118557,
                    "percentage_of_total_supply": 1.0935735071118557e-06,
                    "percentage_of_circulating_supply": 1.0935735071118557e-06
                },
                "0x54479abf9ebe90bed385f6bbc383d7f13209f6ff": {
                    "balance": 8.992566966066757,
                    "percentage_of_total_supply": 8.992566966066758e-07,
                    "percentage_of_circulating_supply": 8.992566966066758e-07
                },
                "0x5f6adcd2aa8d7fc24b11f18be6866ccfce233e41": {
                    "balance": 0.003915703023111497,
                    "percentage_of_total_supply": 3.9157030231114973e-10,
                    "percentage_of_circulating_supply": 3.9157030231114973e-10
                }
            },
            "total_supply": 1000000000.0,
            "total_circulating_supply": 1000000000.0,
            "owner": {
                "address": "0x50827699094d02c709115fe23f9eef9a3905d640",
                "balance": 999136011.0909129,
                "percentage_of_circulating_supply": 99.9136011090913,
                "exceeds_5_percent": true
            },
            "creator": {
                "address": "0x50827699094d02c709115fe23f9eef9a3905d640",
                "balance": 999136011.0909129,
                "percentage_of_circulating_supply": 99.9136011090913,
                "exceeds_5_percent": true
            },
            "holders_exceeding_5_percent_circulating": [],
            "howmany_holders_exceeding_5_percent_circulating": 0,
            "top_10_holders": [
                {
                    "address": "0x50827699094d02c709115fe23f9eef9a3905d640",
                    "balance": 999136011.0909129,
                    "percentage_of_total_supply": 99.9136011090913,
                    "percentage_of_circulating_supply": 99.9136011090913
                },
                {
                    "address": "0x5143cf1e84d37e16de084756611004e8b594a7c5",
                    "balance": 811103.0276161878,
                    "percentage_of_total_supply": 0.08111030276161879,
                    "percentage_of_circulating_supply": 0.08111030276161879
                },
                {
                    "address": "0xba97e75dea5b80946c95975bdaf96d95b87bb7f2",
                    "balance": 19832.659737019458,
                    "percentage_of_total_supply": 0.0019832659737019456,
                    "percentage_of_circulating_supply": 0.0019832659737019456
                },
                {
                    "address": "0x118bae8f80cd80742780071d900a7b537a7b1480",
                    "balance": 8856.2385386515,
                    "percentage_of_total_supply": 0.0008856238538651499,