{
    "token_address": "0xf57E7D7D33e35ab37F3Ac18ea9E07B1BE9daB94a",
    "chain": "bsc",
    "token_name": "Wapeq",
    "analyses": {
        "contract": {
            "contract_name": null,
            "compiler_version": null,
            "license_type": null,
            "implementation": null,
            "source_code": null,
            "abi": null,
            "verified": false,
            "owner": "0x78a86c4fbd8132c0caf98166af1fbae770ef4fc7",
            "creator": "0x78a86c4fbd8132c0caf98166af1fbae770ef4fc7",
            "is_hidden_owner": false,
            "is_proxy": null,
            "is_sellable": true,
            "is_hardcoded_owner": null,
            "code_analysis": null
        },
        "holder": {
            "total_holders": 38,
            "holders_list": {
                "0x387ae3a4693416d4f44a276eb46ff3320a5474a1": {
                    "balance": 311547,
                    "percentage_of_total_supply": 0.0,
                    "percentage_of_circulating_supply": 0.0
                },
                "0xb0a1cf41af1c9e90735afabb60bed7aa9e2766d6": {
                    "balance": 8.953750918285921e+19,
                    "percentage_of_total_supply": 0.0,
                    "percentage_of_circulating_supply": 0.0
                },
                "0xcb43e0f56bea8ce6c657cf99b1194373fd4757a4": {
                    "balance": 6.904981164729587e+20,
                    "percentage_of_total_supply": 0.0001,
                    "percentage_of_circulating_supply": 0.0001
                },
                "0x82ce9cc723a21f6da4802458bb11089784d178e7": {
                    "balance": 2.08380943293564e+21,
                    "percentage_of_total_supply": 0.0002,
                    "percentage_of_circulating_supply": 0.0002
                },
                "0x16b976c0924f1ee2c844c345fbaa3817615dd0b5": {
                    "balance": 6.026215189822181e+19,
                    "percentage_of_total_supply": 0.0,
                    "percentage_of_circulating_supply": 0.0
                },
                "0x8bb0d1debcf47c7ae441ba47c9ed8e491a4926d3": {
                    "balance": 1.8752273393162616e+22,
                    "percentage_of_total_supply": 0.0019,
                    "percentage_of_circulating_supply": 0.0019
                },
                "0xaeeb9dee394c445f1d90018245a82a045136310f": {
                    "balance": 1.5108252501857685e+22,
                    "percentage_of_total_supply": 0.0015,
                    "percentage_of_circulating_supply": 0.0015
                },
                "0x50b562ed5edd92d8e0bfeeb387777f2ec1e0f4a1": {
                    "balance": 3.129935810413435e+21,
                    "percentage_of_total_supply": 0.0003,
                    "percentage_of_circulating_supply": 0.0003
                },
                "0xd91d457887e09a22ecaff13477f4fe5a255e4e33": {
                    "balance": 2.1045202185210204e+21,
                    "percentage_of_total_supply": 0.0002,
                    "percentage_of_circulating_supply": 0.0002
                },
                "0x4c3f51f02c891e3ef22e48920e354e2ea4dc11f3": {
                    "balance": 160826324.0,
                    "percentage_of_total_supply": 0.0,
                    "percentage_of_circulating_supply": 0.0
                },
                "0x3ac8371a9576a3ef32f84c1d6770f9a24d6b2e40": {
                    "balance": 6.572506013663827e+20,
                    "percentage_of_total_supply": 0.0001,
                    "percentage_of_circulating_supply": 0.0001
                },
                "0xbfb2ad25426e03706f3cd54c8475445f1ce9f7b9": {
                    "balance": 1.4452962451180478e+22,
                    "percentage_of_total_supply": 0.0014,
                    "percentage_of_circulating_supply": 0.0014
                },
                "0x7c0d5052edcef7c988bf7b4986c372d4ecdeeaaf": {
                    "balance": 2.0985959851369824e+20,
                    "percentage_of_total_supply": 0.0,
                    "percentage_of_circulating_supply": 0.0
                },
                "0xf25424b220d9c23875b17fafa7675d4a78d6d458": {
                    "balance": 6.187948711710786e+20,
                    "percentage_of_total_supply": 0.0001,
                    "percentage_of_circulating_supply": 0.0001
                },
                "0xa35eae2fa66a687c0b99eeb67d203a484f0812a8": {
                    "balance": 1.3250761844939534e+22,
                    "percentage_of_total_supply": 0.0013,
                    "percentage_of_circulating_supply": 0.0013
                },
                "0x3bfc7d193d62b394838586186804c3a59eece3d8": {
                    "balance": 7.949128120987732e+20,
                    "percentage_of_total_supply": 0.0001,
                    "percentage_of_circulating_supply": 0.0001
                },
                "0x0f80681b49f0d3c53a4defb165186408a3f674a0": {
                    "balance": 4.50380419134735e+20,
                    "percentage_of_total_supply": 0.0,
                    "percentage_of_circulating_supply": 0.0
                },
                "0xe101f7cf836c68853a9e266f32c09813701be1e3": {
                    "balance": 1.9452349400719253e+22,
                    "percentage_of_total_supply": 0.0019,
                    "percentage_of_circulating_supply": 0.0019
                },
                "0xebb34919867468e4891935366d0760c19f11d737": {
                    "balance": 6.47830864375941e+21,
                    "percentage_of_total_supply": 0.0006,
                    "percentage_of_circulating_supply": 0.0006
                },
                "0xebc3655dbcf5810e725e1d8de753aa77f0d45ce2": {
                    "balance": 4e+18,
                    "percentage_of_total_supply": 0.0,
                    "percentage_of_circulating_supply": 0.0
                },
                "0x068c1ec751c4044eb5ac8c8fec93cf1a3a74ef7f": {
                    "balance": 7.259721008117822e+20,
                    "percentage_of_total_supply": 0.0001,
                    "percentage_of_circulating_supply": 0.0001
                },
                "0xe732fb9fa88a84037f84e371d99cf8b9b2140465": {
                    "balance": 1.999171063646784e+20,
                    "percentage_of_total_supply": 0.0,
                    "percentage_of_circulating_supply": 0.0
                },
                "0x50baf76ddc7833155036b90bab3de8b74f400a0f": {
                    "balance": 2.1722924918257657e+21,
                    "percentage_of_total_supply": 0.0002,
                    "percentage_of_circulating_supply": 0.0002
                },
                "0x571a0011d8e52e808e1e9c01bba92241bd41a484": {
                    "balance": 1.5988326250804242e+21,
                    "percentage_of_total_supply": 0.0002,
                    "percentage_of_circulating_supply": 0.0002
                },
                "0x2e26e580985ee73e940dc9fcf50af0886c5f181a": {
                    "balance": 3.579427382614602e+20,
                    "percentage_of_total_supply": 0.0,
                    "percentage_of_circulating_supply": 0.0
                },
                "0x6febbb7f0593ae38a86caf415debc4d2e495a43c": {
                    "balance": 1.214425237463424e+21,
                    "percentage_of_total_supply": 0.0001,
                    "percentage_of_circulating_supply": 0.0001
                },
                "0x3e2a791d1d477c9a5be005f326f0b778238ecbeb": {
                    "balance": 4.5188255490045924e+21,
                    "percentage_of_total_supply": 0.0005,
                    "percentage_of_circulating_supply": 0.0005
                },
                "0x58a3967f2e5582f2a41e7795254e65ca9bddf1ca": {
                    "balance": 5.236386063455596e+21,
                    "percentage_of_total_supply": 0.0005,
                    "percentage_of_circulating_supply": 0.0005
                },