{
    "token_address": "0x0e9b196749949cd85AC922238655cC2071801916",
    "chain": "bsc",
    "token_name": "Cindicator",
    "analyses": {
        "contract": {
            "contract_name": null,
            "compiler_version": null,
            "license_type": null,
            "implementation": null,
            "source_code": null,
            "abi": null,
            "verified": false,
            "owner": "0x438fa4fb6fc45056e3261d97d29f0073f4296d33",
            "creator": "0x438fa4fb6fc45056e3261d97d29f0073f4296d33",
            "is_hidden_owner": false,
            "is_proxy": null,
            "is_sellable": true,
            "is_hardcoded_owner": null,
            "code_analysis": {
                "total_matches": 0,
                "patterns_found": {}
            }
        },
        "holder": {
            "total_holders": 2,
            "holders_list": {
                "0x438fa4fb6fc45056e3261d97d29f0073f4296d33": {
                    "balance": 977527.024029923,
                    "percentage_of_total_supply": 97.7527024029923,
                    "percentage_of_circulating_supply": 98.86358185263713
                },
                "0xfa9c970380ad485bf2ef63bec21e7bda15f0e501": {
                    "balance": 4e-09,
                    "percentage_of_total_supply": 4e-13,
                    "percentage_of_circulating_supply": 4.045456725894499e-13
                }
            },
            "total_supply": 1000000.0,
            "total_circulating_supply": 988763.5120149635,
            "owner": {
                "address": "0x438fa4fb6fc45056e3261d97d29f0073f4296d33",
                "balance": 977527.024029923,
                "percentage_of_circulating_supply": 98.86358185263713,
                "exceeds_5_percent": true
            },
            "creator": {
                "address": "0x438fa4fb6fc45056e3261d97d29f0073f4296d33",
                "balance": 977527.024029923,
                "percentage_of_circulating_supply": 98.86358185263713,
                "exceeds_5_percent": true
            },
            "holders_exceeding_5_percent_circulating": [],
            "howmany_holders_exceeding_5_percent_circulating": 0,
            "top_10_holders": [
                {
                    "address": "0x438fa4fb6fc45056e3261d97d29f0073f4296d33",
                    "balance": 977527.024029923,
                    "percentage_of_total_supply": 97.7527024029923,
                    "percentage_of_circulating_supply": 98.86358185263713
                },
                {
                    "address": "0xfa9c970380ad485bf2ef63bec21e7bda15f0e501",
                    "balance": 4e-09,
                    "percentage_of_total_supply": 4e-13,
                    "percentage_of_circulating_supply": 4.045456725894499e-13
                }
            ],
            "total_top_10_balance": 977527.024029927,
            "top10_percentage_of_total_supply": 97.7527024029927,
            "top10_percentage_of_circulating_supply": 98.86358185263754,
            "top_10_less_than_70_percent_of_total": false,
            "top_10_less_than_70_percent_of_circulating": false
        },
        "liquidity": {
            "price_usd": 93.97974837668544,
            "liquidity_usd": 7.518379870134835e-16,
            "market_cap_usd": 92923746.06321406,
            "liquidity_to_market_cap_ratio": 8.090913451788996e-24,
            "token_volume": 0.0,
            "volume_usd": 0.0,
            "volume_to_liquidity_ratio": 0.0,
            "locked_liquidity_percent": 100.0,
            "locked_95_for_15_days": false,
            "creator_under_5_percent": false,
            "creator_percent_of_lp": 97.7527,
            "owner_under_5_percent": true,
            "owner_percent_of_lp": 0.0,
            "total_lp_supply": 1e-15,
            "lp_holders_count": 1,
            "lp_holders": [
                {
                    "address": "0x0000000000000000000000000000000000000000",
                    "balance": 1e-15,
                    "is_locked": true,
                    "percent": 100.0,
                    "tag": "Null Address"
                }
            ],
            "error": "Liquidity pool info could not be retrieved."
        },
        "security": {
            "warnings": null,
            "homany_warnings": 0,
            "suspicious_urls": null,
            "howmany_suspicious_urls": 0,
            "suspicious_addresses": null,
            "howmany_suspicious_addresses": 0,
            "error": "Security analysis data not available."
        },
        "lifecycle": {
            "token_age_seconds": 80304614.71501,
            "token_creation_date": "2023-02-09T11:30:28",
            "creation_to_first_trade_seconds": 0.0,
            "creation_to_first_trade_blocks": 0,
            "last_tx_hash": "0x8e86daab32e2bf0357422ef84d2628b6af326e7d61005ad972d7d4765e8dac71",
            "last_active_age": "2023-02-09T19:03:25",
            "inactive_days": 929.1370465141434
        }
    },
    "errors": []
}