{
    "token_address": "0x523990c21468289fBA9A32D2bf0C6adb2b96B39C",
    "chain": "bsc",
    "token_name": "Craving Sun",
    "analyses": {
        "contract": {
            "contract_name": null,
            "compiler_version": null,
            "license_type": null,
            "implementation": null,
            "source_code": null,
            "abi": null,
            "verified": false,
            "owner": "0x39795e85605b402856ad890f483dfe25c7834fb7",
            "creator": "0x39795e85605b402856ad890f483dfe25c7834fb7",
            "is_hidden_owner": false,
            "is_proxy": null,
            "is_sellable": true,
            "is_hardcoded_owner": null,
            "code_analysis": {
                "total_matches": 0,
                "patterns_found": {}
            }
        },
        "holder": {
            "total_holders": 26,
            "holders_list": {
                "0x39795e85605b402856ad890f483dfe25c7834fb7": {
                    "balance": 221209382634887.78,
                    "percentage_of_total_supply": 22.120938263488778,
                    "percentage_of_circulating_supply": 22.120938263488778
                },
                "0x500199aa53e2fa5837838320e646a3648efb4dfc": {
                    "balance": 146260149393641.0,
                    "percentage_of_total_supply": 14.6260149393641,
                    "percentage_of_circulating_supply": 14.6260149393641
                },
                "0x11bf269b75c7dab30b6c9b643d1213ff7b58a586": {
                    "balance": 124212163637815.3,
                    "percentage_of_total_supply": 12.42121636378153,
                    "percentage_of_circulating_supply": 12.42121636378153
                },
                "0x28bd0b3b9f51c548e11f3fd7c279dc91d407f563": {
                    "balance": 69395640634096.516,
                    "percentage_of_total_supply": 6.939564063409652,
                    "percentage_of_circulating_supply": 6.939564063409652
                },
                "0x5eef3a1d6b11b6ce3dd66f72aab863792966f010": {
                    "balance": 62353492733239.56,
                    "percentage_of_total_supply": 6.235349273323957,
                    "percentage_of_circulating_supply": 6.235349273323957
                },
                "0x50a805a18de8ffc62e757dca407ff4a21e72c14e": {
                    "balance": 57635619324949.414,
                    "percentage_of_total_supply": 5.763561932494941,
                    "percentage_of_circulating_supply": 5.763561932494941
                },
                "0x8721f416f9e47309a92397d1b645f843894a7a71": {
                    "balance": 51780031491682.984,
                    "percentage_of_total_supply": 5.178003149168299,
                    "percentage_of_circulating_supply": 5.178003149168299
                },
                "0x0042bbc95de63341111d706623a250e6d833ba09": {
                    "balance": 48875942860903.5,
                    "percentage_of_total_supply": 4.88759428609035,
                    "percentage_of_circulating_supply": 4.88759428609035
                },
                "0x77777015b898d67752bbc9680f240d3ce8a26635": {
                    "balance": 41977187959895.22,
                    "percentage_of_total_supply": 4.1977187959895215,
                    "percentage_of_circulating_supply": 4.1977187959895215
                },
                "0x47c7fc456520d25956b63372831fb03eaba0fd59": {
                    "balance": 33824847539104.22,
                    "percentage_of_total_supply": 3.3824847539104224,
                    "percentage_of_circulating_supply": 3.3824847539104224
                },
                "0x6c1ff1e24bbd7fd0b92e7e57e45f56df53085b10": {
                    "balance": 32224910663840.38,
                    "percentage_of_total_supply": 3.222491066384038,
                    "percentage_of_circulating_supply": 3.222491066384038
                },
                "0xf0fb5f431cb5083db273e552aa85ff28679a40e5": {
                    "balance": 27565999599143.73,
                    "percentage_of_total_supply": 2.7565999599143733,
                    "percentage_of_circulating_supply": 2.7565999599143733
                },
                "0xb7e606e082eeca21a58e4c94450554ef1a73eac0": {
                    "balance": 19625106369148.402,
                    "percentage_of_total_supply": 1.9625106369148406,
                    "percentage_of_circulating_supply": 1.9625106369148406
                },
                "0xdbc71e7f041d3e06ff7b14b1ca3ee0e06ca268f8": {
                    "balance": 11547299496880.688,
                    "percentage_of_total_supply": 1.1547299496880687,
                    "percentage_of_circulating_supply": 1.1547299496880687
                },
                "0xa3b1214f5a6bdf53b2578797e6dc22884f8e717d": {
                    "balance": 11048302367936.752,
                    "percentage_of_total_supply": 1.1048302367936753,
                    "percentage_of_circulating_supply": 1.1048302367936753
                },
                "0xee0aa037906afa17d17bba73f3e4ebeef4455f85": {
                    "balance": 10408014700864.94,
                    "percentage_of_total_supply": 1.040801470086494,
                    "percentage_of_circulating_supply": 1.040801470086494
                },
                "0xfa632418ed766733bba6913c70879df657de987f": {
                    "balance": 9604632980334.285,
                    "percentage_of_total_supply": 0.9604632980334286,
                    "percentage_of_circulating_supply": 0.9604632980334286
                },
                "0xfd33edecd821f25b73aad4a24bb0614319234f64": {
                    "balance": 8948064916551.957,
                    "percentage_of_total_supply": 0.8948064916551958,
                    "percentage_of_circulating_supply": 0.8948064916551958
                },
                "0xdd82288f6329e8c5f99d0e461b0966e7ef35ad92": {
                    "balance": 5625902923181.078,
                    "percentage_of_total_supply": 0.5625902923181079,
                    "percentage_of_circulating_supply": 0.5625902923181079
                },
                "0xac195d808f5f32637100077751f6d225274cc264": {
                    "balance": 3408828346204.135,
                    "percentage_of_total_supply": 0.3408828346204135,
                    "percentage_of_circulating_supply": 0.3408828346204135
                },
                "0x45319741679d6dc956c7e587860b93540fe72d89": {
                    "balance": 1723721976936.031,
                    "percentage_of_total_supply": 0.1723721976936031,
                    "percentage_of_circulating_supply": 0.1723721976936031
                },
                "0x28756b01e59a2d980b7cb59b7836af0dedef4eb2": {
                    "balance": 620420667640.1139,
                    "percentage_of_total_supply": 0.06204206676401139,
                    "percentage_of_circulating_supply": 0.06204206676401139
                },
                "0x0ed943ce24baebf257488771759f9bf482c39706": {
                    "balance": 118149317590.44046,
                    "percentage_of_total_supply": 0.011814931759044045,
                    "percentage_of_circulating_supply": 0.011814931759044045
                },
                "0xd7f236bea64621615c606a7c2fbe436fe3363f65": {
                    "balance": 6183058228.760118,
                    "percentage_of_total_supply": 0.0006183058228760118,
                    "percentage_of_circulating_supply": 0.0006183058228760118
                },
                "0xf7e77eb854cdff8ea822e90756c5bb8e28215027": {
                    "balance": 4405301.8556045685,
                    "percentage_of_total_supply": 4.405301855604569e-07,
                    "percentage_of_circulating_supply": 4.405301855604569e-07
                },
                "0x9e21f5720c46ab21cfbae5840719e57de0e74220": {
                    "balance": 1.0,
                    "percentage_of_total_supply": 1e-13,