{
    "token_address": "0xc760D3b6EC993c5d27bBE6C59ebb0ecf82f40fD5",
    "chain": "bsc",
    "token_name": "REDFALCON",
    "analyses": {
        "contract": {
            "contract_name": null,
            "compiler_version": null,
            "license_type": null,
            "implementation": null,
            "source_code": null,
            "abi": null,
            "verified": false,
            "owner": "0x6fbe515cf3d13edacecbbd49b7aaf3c38e456066",
            "creator": "0x6fbe515cf3d13edacecbbd49b7aaf3c38e456066",
            "is_hidden_owner": false,
            "is_proxy": null,
            "is_sellable": true,
            "is_hardcoded_owner": null,
            "code_analysis": {
                "total_matches": 0,
                "patterns_found": {}
            }
        },
        "holder": {
            "total_holders": 5,
            "holders_list": {
                "0x6fbe515cf3d13edacecbbd49b7aaf3c38e456066": {
                    "balance": 547029406.3631387,
                    "percentage_of_total_supply": 54.70294063631387,
                    "percentage_of_circulating_supply": 54.81429933617604
                },
                "0x5d331c70c6214e07883804f9c23edc7ba61484d8": {
                    "balance": 399206177.4711424,
                    "percentage_of_total_supply": 39.92061774711424,
                    "percentage_of_circulating_supply": 40.00188409291398
                },
                "0xc71b11482210b8c81ce5ac7f6001bd2aaf3c1e07": {
                    "balance": 49298215.07075858,
                    "percentage_of_total_supply": 4.929821507075858,
                    "percentage_of_circulating_supply": 4.93985713783345
                },
                "0x3b2fcef7671e587842db72518c7a858d35435eb8": {
                    "balance": 254389.796017723,
                    "percentage_of_total_supply": 0.0254389796017723,
                    "percentage_of_circulating_supply": 0.025490765697022785
                },
                "0x3b918e64ddccac5a01a7ceee306431237233353c": {
                    "balance": 148685.391624013,
                    "percentage_of_total_supply": 0.014868539162401299,
                    "percentage_of_circulating_supply": 0.014898807026810689
                }
            },
            "total_supply": 1000000000.0,
            "total_circulating_supply": 997968437.0463406,
            "owner": {
                "address": "0x6fbe515cf3d13edacecbbd49b7aaf3c38e456066",
                "balance": 547029406.3631387,
                "percentage_of_circulating_supply": 54.81429933617604,
                "exceeds_5_percent": true
            },
            "creator": {
                "address": "0x6fbe515cf3d13edacecbbd49b7aaf3c38e456066",
                "balance": 547029406.3631387,
                "percentage_of_circulating_supply": 54.81429933617604,
                "exceeds_5_percent": true
            },
            "holders_exceeding_5_percent_circulating": [
                {
                    "address": "0x5d331c70c6214e07883804f9c23edc7ba61484d8",
                    "balance": 399206177.4711424,
                    "percentage_of_supply": 40.00188409291398
                }
            ],
            "howmany_holders_exceeding_5_percent_circulating": 1,
            "top_10_holders": [
                {
                    "address": "0x6fbe515cf3d13edacecbbd49b7aaf3c38e456066",
                    "balance": 547029406.3631387,
                    "percentage_of_total_supply": 54.70294063631387,
                    "percentage_of_circulating_supply": 54.81429933617604
                },
                {
                    "address": "0x5d331c70c6214e07883804f9c23edc7ba61484d8",
                    "balance": 399206177.4711424,
                    "percentage_of_total_supply": 39.92061774711424,
                    "percentage_of_circulating_supply": 40.00188409291398
                },
                {
                    "address": "0xc71b11482210b8c81ce5ac7f6001bd2aaf3c1e07",
                    "balance": 49298215.07075858,
                    "percentage_of_total_supply": 4.929821507075858,
                    "percentage_of_circulating_supply": 4.93985713783345
                },
                {
                    "address": "0x3b2fcef7671e587842db72518c7a858d35435eb8",
                    "balance": 254389.796017723,
                    "percentage_of_total_supply": 0.0254389796017723,
                    "percentage_of_circulating_supply": 0.025490765697022785
                },
                {
                    "address": "0x3b918e64ddccac5a01a7ceee306431237233353c",
                    "balance": 148685.391624013,
                    "percentage_of_total_supply": 0.014868539162401299,
                    "percentage_of_circulating_supply": 0.014898807026810689
                }
            ],
            "total_top_10_balance": 995936874.0926813,
            "top10_percentage_of_total_supply": 99.59368740926814,
            "top10_percentage_of_circulating_supply": 99.7964301396473,
            "top_10_less_than_70_percent_of_total": false,
            "top_10_less_than_70_percent_of_circulating": false
        },
        "liquidity": {
            "price_usd": 0.005122626128722904,
            "liquidity_usd": 1.5233193441851332e-06,
            "market_cap_usd": 5112219.191254343,
            "liquidity_to_market_cap_ratio": 2.979761405362138e-13,
            "token_volume": 654304517.9698855,
            "volume_usd": 3351757.41989398,
            "volume_to_liquidity_ratio": 2200298599691.8003,
            "locked_liquidity_percent": 0.0,
            "locked_95_for_15_days": false,
            "creator_under_5_percent": false,
            "creator_percent_of_lp": 54.7029,
            "owner_under_5_percent": true,
            "owner_percent_of_lp": 0.0,
            "total_lp_supply": 0.000307926306190231,
            "lp_holders_count": 2,
            "lp_holders": [
                {
                    "address": "0x0ed943ce24baebf257488771759f9bf482c39706",
                    "balance": 0.000307926306189231,
                    "is_locked": false,
                    "percent": 99.99999999967525,
                    "tag": ""
                },
                {
                    "address": "0x0000000000000000000000000000000000000000",
                    "balance": 1e-15,
                    "is_locked": true,
                    "percent": 3.24753e-10,
                    "tag": "Null Address"
                }
            ]
        },
        "security": {
            "warnings": null,
            "homany_warnings": 0,
            "suspicious_urls": null,
            "howmany_suspicious_urls": 0,
            "suspicious_addresses": null,
            "howmany_suspicious_addresses": 0,
            "error": "Security analysis data not available."
        },
        "lifecycle": {
            "token_age_seconds": 75964156.45908,
            "token_creation_date": "2023-03-30T20:20:27",
            "creation_to_first_trade_seconds": 0.0,
            "creation_to_first_trade_blocks": 0,
            "last_tx_hash": "0x7b1d765d2862b7442c2e4dcd4943e8bd93af5a3d27620afb0723a6f1497d71da",
            "last_active_age": "2023-03-30T21:25:10",
            "inactive_days": 879.1698678211806
        }
    },
    "errors": []
}