{
    "token_address": "0xAB400739737132c5fb1b7f22935Cd31031B1f60a",
    "chain": "bsc",
    "token_name": "RammusMoon",
    "analyses": {
        "contract": {
            "contract_name": null,
            "compiler_version": null,
            "license_type": null,
            "implementation": null,
            "source_code": null,
            "abi": null,
            "verified": false,
            "owner": null,
            "creator": "0x6b79a54b6d30e71eab11c1a05f0d5687b384c7ac",
            "is_hidden_owner": true,
            "is_proxy": null,
            "is_sellable": true,
            "is_hardcoded_owner": null,
            "code_analysis": {
                "total_matches": 0,
                "patterns_found": {}
            }
        },
        "holder": {
            "total_holders": 6,
            "holders_list": {
                "0x6b79a54b6d30e71eab11c1a05f0d5687b384c7ac": {
                    "balance": 9.999316914041702e+16,
                    "percentage_of_total_supply": 99.99316914041702,
                    "percentage_of_circulating_supply": 99.99316914041702
                },
                "0xb07f0e43bdfb70ba4c27a502899bdef2fafca597": {
                    "balance": 3207967433805.737,
                    "percentage_of_total_supply": 0.003207967433805737,
                    "percentage_of_circulating_supply": 0.003207967433805737
                },
                "0x2be87ad70cf11ea294d7c42044b5b8277a3e4874": {
                    "balance": 1717720669655.1558,
                    "percentage_of_total_supply": 0.0017177206696551556,
                    "percentage_of_circulating_supply": 0.0017177206696551556
                },
                "0xcb692809bf98a8201648b3c81f7231230f5cdfb1": {
                    "balance": 1711172622921.347,
                    "percentage_of_total_supply": 0.001711172622921347,
                    "percentage_of_circulating_supply": 0.001711172622921347
                },
                "0xc7e7242bce35e2cf6d66e02188f950e66ff65814": {
                    "balance": 104598286663.6515,
                    "percentage_of_total_supply": 0.0001045982866636515,
                    "percentage_of_circulating_supply": 0.0001045982866636515
                },
                "0x4d0999a641abd6d6737bc5c72532e22f85896d87": {
                    "balance": 89400569928.65312,
                    "percentage_of_total_supply": 8.940056992865313e-05,
                    "percentage_of_circulating_supply": 8.940056992865313e-05
                }
            },
            "total_supply": 1e+17,
            "total_circulating_supply": 1e+17,
            "owner": {},
            "creator": {
                "address": "0x6b79a54b6d30e71eab11c1a05f0d5687b384c7ac",
                "balance": 9.999316914041702e+16,
                "percentage_of_circulating_supply": 99.99316914041702,
                "exceeds_5_percent": true
            },
            "holders_exceeding_5_percent_circulating": [],
            "howmany_holders_exceeding_5_percent_circulating": 0,
            "top_10_holders": [
                {
                    "address": "0x6b79a54b6d30e71eab11c1a05f0d5687b384c7ac",
                    "balance": 9.999316914041702e+16,
                    "percentage_of_total_supply": 99.99316914041702,
                    "percentage_of_circulating_supply": 99.99316914041702
                },
                {
                    "address": "0xb07f0e43bdfb70ba4c27a502899bdef2fafca597",
                    "balance": 3207967433805.737,
                    "percentage_of_total_supply": 0.003207967433805737,
                    "percentage_of_circulating_supply": 0.003207967433805737
                },
                {
                    "address": "0x2be87ad70cf11ea294d7c42044b5b8277a3e4874",
                    "balance": 1717720669655.1558,
                    "percentage_of_total_supply": 0.0017177206696551556,
                    "percentage_of_circulating_supply": 0.0017177206696551556
                },
                {
                    "address": "0xcb692809bf98a8201648b3c81f7231230f5cdfb1",
                    "balance": 1711172622921.347,
                    "percentage_of_total_supply": 0.001711172622921347,
                    "percentage_of_circulating_supply": 0.001711172622921347
                },
                {
                    "address": "0xc7e7242bce35e2cf6d66e02188f950e66ff65814",
                    "balance": 104598286663.6515,
                    "percentage_of_total_supply": 0.0001045982866636515,
                    "percentage_of_circulating_supply": 0.0001045982866636515
                },
                {
                    "address": "0x4d0999a641abd6d6737bc5c72532e22f85896d87",
                    "balance": 89400569928.65312,
                    "percentage_of_total_supply": 8.940056992865313e-05,
                    "percentage_of_circulating_supply": 8.940056992865313e-05
                }
            ],
            "total_top_10_balance": 1e+17,
            "top10_percentage_of_total_supply": 100.0,
            "top10_percentage_of_circulating_supply": 100.0,
            "top_10_less_than_70_percent_of_total": false,
            "top_10_less_than_70_percent_of_circulating": false
        },
        "liquidity": {
            "price_usd": 1.1331949877665452e-18,
            "liquidity_usd": 2.0261655549324448e-07,
            "market_cap_usd": 0.11331949877665452,
            "liquidity_to_market_cap_ratio": 1.7880113985730624e-06,
            "token_volume": 223080142759137.47,
            "volume_usd": 0.00025279329964489995,
            "volume_to_liquidity_ratio": 1247.6438513600554,
            "locked_liquidity_percent": 0.0,
            "locked_95_for_15_days": false,
            "creator_under_5_percent": false,
            "creator_percent_of_lp": 99.9932,
            "owner_under_5_percent": true,
            "owner_percent_of_lp": 0.0,
            "total_lp_supply": 2759.8215243444447,
            "lp_holders_count": 2,
            "lp_holders": [
                {
                    "address": "0x8cc7bc33f5188b1fb683bedc4dbffa77b136833b",
                    "balance": 2759.8215243444447,
                    "is_locked": false,
                    "percent": 100.0,
                    "tag": ""
                },
                {
                    "address": "0x0000000000000000000000000000000000000000",
                    "balance": 1e-15,
                    "is_locked": true,
                    "percent": 0.0,
                    "tag": "Null Address"
                }
            ]
        },
        "security": {
            "warnings": null,
            "homany_warnings": 0,
            "suspicious_urls": null,
            "howmany_suspicious_urls": 0,
            "suspicious_addresses": null,
            "howmany_suspicious_addresses": 0,
            "error": "Security analysis data not available."
        },
        "lifecycle": {
            "token_age_seconds": 128174883.699192,
            "token_creation_date": "2021-08-03T21:20:30",
            "creation_to_first_trade_seconds": 0.0,
            "creation_to_first_trade_blocks": 0,
            "last_tx_hash": "0xb41960428f1d8632fd22d9277d21715531b6c80436a34a1d96b70d2320edf69d",
            "last_active_age": "2021-08-04T00:10:33",
            "inactive_days": 1483.3875412575694
        }
    },
    "errors": []
}