{
    "token_address": "0xF2217602Cee2B220b11a076bA11AA9b75FC9bDE6",
    "chain": "bsc",
    "token_name": "AeroWave",
    "analyses": {
        "contract": {
            "contract_name": null,
            "compiler_version": null,
            "license_type": null,
            "implementation": null,
            "source_code": null,
            "abi": null,
            "verified": false,
            "owner": "0x848a9d821db33b056204b8b30540260c053becb9",
            "creator": "0x848a9d821db33b056204b8b30540260c053becb9",
            "is_hidden_owner": false,
            "is_proxy": null,
            "is_sellable": true,
            "is_hardcoded_owner": null,
            "code_analysis": {
                "total_matches": 0,
                "patterns_found": {}
            }
        },
        "holder": {
            "total_holders": 44,
            "holders_list": {
                "0x848a9d821db33b056204b8b30540260c053becb9": {
                    "balance": 999095631.9163771,
                    "percentage_of_total_supply": 99.9095631916377,
                    "percentage_of_circulating_supply": 99.90956319163773
                },
                "0x66daaf52e9c824259821490d195cf37fcd4290f2": {
                    "balance": 882429.0452454312,
                    "percentage_of_total_supply": 0.08824290452454311,
                    "percentage_of_circulating_supply": 0.08824290452454316
                },
                "0xa2a0727c1583e31bb6f2afe9d8ab8a3d6241bf2f": {
                    "balance": 4589.201848377671,
                    "percentage_of_total_supply": 0.0004589201848377671,
                    "percentage_of_circulating_supply": 0.00045892018483776714
                },
                "0x208a2950ecb6a28641953afe8e0694653a8e37a9": {
                    "balance": 3632.7039255436134,
                    "percentage_of_total_supply": 0.00036327039255436137,
                    "percentage_of_circulating_supply": 0.0003632703925543614
                },
                "0xe4a89b64b293dcd92f6cadabb906e1aa7c0beede": {
                    "balance": 2254.382160797124,
                    "percentage_of_total_supply": 0.00022543821607971242,
                    "percentage_of_circulating_supply": 0.00022543821607971245
                },
                "0x5b0415bfacefa5a3b5c9f6b13b25a0a20fffed83": {
                    "balance": 1998.8304708434341,
                    "percentage_of_total_supply": 0.0001998830470843434,
                    "percentage_of_circulating_supply": 0.00019988304708434343
                },
                "0x16684e77e47f644ccfb75caf96ebc95d7cb43ec7": {
                    "balance": 1932.3552055355465,
                    "percentage_of_total_supply": 0.00019323552055355462,
                    "percentage_of_circulating_supply": 0.0001932355205535547
                },
                "0xae98d9e4a3cd9d07a741aca283642233d1f96a76": {
                    "balance": 1013.1897980241704,
                    "percentage_of_total_supply": 0.00010131897980241705,
                    "percentage_of_circulating_supply": 0.00010131897980241706
                },
                "0xd9cc99e54819811a705058f2a3ca169197e0390a": {
                    "balance": 1000.0795159073748,
                    "percentage_of_total_supply": 0.00010000795159073748,
                    "percentage_of_circulating_supply": 0.0001000079515907375
                },
                "0x45f00ad566fc2a8ea775885dc0846ad7a0f19c09": {
                    "balance": 902.8288943759919,
                    "percentage_of_total_supply": 9.028288943759919e-05,
                    "percentage_of_circulating_supply": 9.028288943759922e-05
                },
                "0x4351179620f9f329eaf13ca7c452c824a029c851": {
                    "balance": 502.8642399012382,
                    "percentage_of_total_supply": 5.028642399012381e-05,
                    "percentage_of_circulating_supply": 5.0286423990123825e-05
                },
                "0xe5ae113bc96b51d666432e06e2bb841fe6a98068": {
                    "balance": 439.7849470763763,
                    "percentage_of_total_supply": 4.397849470763763e-05,
                    "percentage_of_circulating_supply": 4.397849470763764e-05
                },
                "0x6e9dcd2a32c238605699a3debbd0967a8a90f20b": {
                    "balance": 383.57341129114735,
                    "percentage_of_total_supply": 3.8357341129114735e-05,
                    "percentage_of_circulating_supply": 3.835734112911474e-05
                },
                "0x3b1ec621bcfda6c90304ab0dc6838f7dfd534ca6": {
                    "balance": 342.22831982611757,
                    "percentage_of_total_supply": 3.4222831982611757e-05,
                    "percentage_of_circulating_supply": 3.422283198261177e-05
                },
                "0x1230a9fd0fdc8d7b8ab77b446d547f32b9b9a1bf": {
                    "balance": 305.64888504948885,
                    "percentage_of_total_supply": 3.056488850494888e-05,
                    "percentage_of_circulating_supply": 3.056488850494889e-05
                },
                "0x9db2e7345cce00412b4791019da81ffa5bbe6b77": {
                    "balance": 276.0401912883535,
                    "percentage_of_total_supply": 2.7604019128835355e-05,
                    "percentage_of_circulating_supply": 2.7604019128835362e-05
                },
                "0x8b0ce6c867eaa80df8924cd1768570e66b0a1a45": {
                    "balance": 265.9972328195434,
                    "percentage_of_total_supply": 2.659972328195434e-05,
                    "percentage_of_circulating_supply": 2.6599723281954342e-05
                },
                "0x0e082e00fda45e7ae4e01cf0f94ea28ed4bca515": {
                    "balance": 233.83739327865285,
                    "percentage_of_total_supply": 2.3383739327865286e-05,
                    "percentage_of_circulating_supply": 2.338373932786529e-05
                },
                "0x74abbadec271bcaa1671340f9d90fd2948949ad4": {
                    "balance": 188.89244758180237,
                    "percentage_of_total_supply": 1.8889244758180237e-05,
                    "percentage_of_circulating_supply": 1.8889244758180244e-05
                },
                "0x88f00dce1525851ea14a64d6ab5c3b592394cad1": {
                    "balance": 183.50862438406003,
                    "percentage_of_total_supply": 1.8350862438406002e-05,
                    "percentage_of_circulating_supply": 1.835086243840601e-05
                },
                "0x4ff983c1fcad0722bae1795c24efc7da00fe1db9": {
                    "balance": 144.81037627525342,
                    "percentage_of_total_supply": 1.4481037627525342e-05,
                    "percentage_of_circulating_supply": 1.4481037627525344e-05
                },
                "0x5f4dd5008c7298f81b524ce8731c9614bdadb60b": {
                    "balance": 131.78465708717692,
                    "percentage_of_total_supply": 1.3178465708717693e-05,
                    "percentage_of_circulating_supply": 1.3178465708717697e-05
                },
                "0x0caf53341b7266b8444e9a3cff7540d451454cad": {
                    "balance": 124.99407867370724,
                    "percentage_of_total_supply": 1.2499407867370725e-05,
                    "percentage_of_circulating_supply": 1.2499407867370727e-05
                },
                "0xa922ad0fe27a5513348ae8e2e46644d87ee2d297": {
                    "balance": 118.07796829313506,
                    "percentage_of_total_supply": 1.1807796829313506e-05,
                    "percentage_of_circulating_supply": 1.1807796829313509e-05
                },
                "0xe075a503c18a8a3585200a8b212a8992c8ff12e8": {
                    "balance": 117.06103535765234,
                    "percentage_of_total_supply": 1.1706103535765234e-05,