{
    "token_address": "0xC1479A7FEAeC849237fA3256f99Fc281D69CFC6f",
    "chain": "bsc",
    "token_name": "DendySoft",
    "analyses": {
        "contract": {
            "contract_name": null,
            "compiler_version": null,
            "license_type": null,
            "implementation": null,
            "source_code": null,
            "abi": null,
            "verified": false,
            "owner": "0x265a31ec8254fc2fb2b64b64428de8624a908eeb",
            "creator": "0x265a31ec8254fc2fb2b64b64428de8624a908eeb",
            "is_hidden_owner": false,
            "is_proxy": null,
            "is_sellable": true,
            "is_hardcoded_owner": null,
            "code_analysis": {
                "total_matches": 0,
                "patterns_found": {}
            }
        },
        "holder": {
            "total_holders": 10,
            "holders_list": {
                "0x265a31ec8254fc2fb2b64b64428de8624a908eeb": {
                    "balance": 999152440.9511453,
                    "percentage_of_total_supply": 99.91524409511452,
                    "percentage_of_circulating_supply": 99.91524409511452
                },
                "0xd8b9e1833b70e2b68ef63dacd0f20890ed09afec": {
                    "balance": 844598.0500419369,
                    "percentage_of_total_supply": 0.0844598050041937,
                    "percentage_of_circulating_supply": 0.0844598050041937
                },
                "0x4416e13cac72268556168b093d04743be7955282": {
                    "balance": 1058.4329605123228,
                    "percentage_of_total_supply": 0.00010584329605123226,
                    "percentage_of_circulating_supply": 0.00010584329605123226
                },
                "0xe7455d2918cc44e65f4d05dcb3ffec5e52e228cb": {
                    "balance": 701.2149283668696,
                    "percentage_of_total_supply": 7.012149283668696e-05,
                    "percentage_of_circulating_supply": 7.012149283668696e-05
                },
                "0x0769320b4ed6450d56c635659ac0e319ffee8e1e": {
                    "balance": 594.1696767081684,
                    "percentage_of_total_supply": 5.941696767081683e-05,
                    "percentage_of_circulating_supply": 5.941696767081683e-05
                },
                "0x59d89c10796fef156888481c3a6b2b99f6dd3631": {
                    "balance": 250.70086778047065,
                    "percentage_of_total_supply": 2.507008677804706e-05,
                    "percentage_of_circulating_supply": 2.507008677804706e-05
                },
                "0x88c3fd476df595606c20a2f1dc32e74edbe61352": {
                    "balance": 178.64276181362294,
                    "percentage_of_total_supply": 1.7864276181362296e-05,
                    "percentage_of_circulating_supply": 1.7864276181362296e-05
                },
                "0x0ed943ce24baebf257488771759f9bf482c39706": {
                    "balance": 109.54434259480034,
                    "percentage_of_total_supply": 1.0954434259480033e-05,
                    "percentage_of_circulating_supply": 1.0954434259480033e-05
                },
                "0xba46c33e9a14ac54a4090d18ddc3f2810e0e0782": {
                    "balance": 68.29327500441119,
                    "percentage_of_total_supply": 6.829327500441118e-06,
                    "percentage_of_circulating_supply": 6.829327500441118e-06
                },
                "0xb7373eebd973cb090397540d78c2e611e9d7833b": {
                    "balance": 4.8696e-14,
                    "percentage_of_total_supply": 4.8696000000000005e-21,
                    "percentage_of_circulating_supply": 4.8696000000000005e-21
                }
            },
            "total_supply": 1000000000.0,
            "total_circulating_supply": 1000000000.0,
            "owner": {
                "address": "0x265a31ec8254fc2fb2b64b64428de8624a908eeb",
                "balance": 999152440.9511453,
                "percentage_of_circulating_supply": 99.91524409511452,
                "exceeds_5_percent": true
            },
            "creator": {
                "address": "0x265a31ec8254fc2fb2b64b64428de8624a908eeb",
                "balance": 999152440.9511453,
                "percentage_of_circulating_supply": 99.91524409511452,
                "exceeds_5_percent": true
            },
            "holders_exceeding_5_percent_circulating": [],
            "howmany_holders_exceeding_5_percent_circulating": 0,
            "top_10_holders": [
                {
                    "address": "0x265a31ec8254fc2fb2b64b64428de8624a908eeb",
                    "balance": 999152440.9511453,
                    "percentage_of_total_supply": 99.91524409511452,
                    "percentage_of_circulating_supply": 99.91524409511452
                },
                {
                    "address": "0xd8b9e1833b70e2b68ef63dacd0f20890ed09afec",
                    "balance": 844598.0500419369,
                    "percentage_of_total_supply": 0.0844598050041937,
                    "percentage_of_circulating_supply": 0.0844598050041937
                },
                {
                    "address": "0x4416e13cac72268556168b093d04743be7955282",
                    "balance": 1058.4329605123228,
                    "percentage_of_total_supply": 0.00010584329605123226,
                    "percentage_of_circulating_supply": 0.00010584329605123226
                },
                {
                    "address": "0xe7455d2918cc44e65f4d05dcb3ffec5e52e228cb",
                    "balance": 701.2149283668696,
                    "percentage_of_total_supply": 7.012149283668696e-05,
                    "percentage_of_circulating_supply": 7.012149283668696e-05
                },
                {
                    "address": "0x0769320b4ed6450d56c635659ac0e319ffee8e1e",
                    "balance": 594.1696767081684,
                    "percentage_of_total_supply": 5.941696767081683e-05,
                    "percentage_of_circulating_supply": 5.941696767081683e-05
                },
                {
                    "address": "0x59d89c10796fef156888481c3a6b2b99f6dd3631",
                    "balance": 250.70086778047065,
                    "percentage_of_total_supply": 2.507008677804706e-05,
                    "percentage_of_circulating_supply": 2.507008677804706e-05
                },
                {
                    "address": "0x88c3fd476df595606c20a2f1dc32e74edbe61352",
                    "balance": 178.64276181362294,
                    "percentage_of_total_supply": 1.7864276181362296e-05,
                    "percentage_of_circulating_supply": 1.7864276181362296e-05
                },
                {
                    "address": "0x0ed943ce24baebf257488771759f9bf482c39706",
                    "balance": 109.54434259480034,
                    "percentage_of_total_supply": 1.0954434259480033e-05,
                    "percentage_of_circulating_supply": 1.0954434259480033e-05
                },
                {
                    "address": "0xba46c33e9a14ac54a4090d18ddc3f2810e0e0782",
                    "balance": 68.29327500441119,
                    "percentage_of_total_supply": 6.829327500441118e-06,
                    "percentage_of_circulating_supply": 6.829327500441118e-06
                },
                {
                    "address": "0xb7373eebd973cb090397540d78c2e611e9d7833b",
                    "balance": 4.8696e-14,
                    "percentage_of_total_supply": 4.8696000000000005e-21,
                    "percentage_of_circulating_supply": 4.8696000000000005e-21
                }
            ],
            "total_top_10_balance": 999999999.9999999,
            "top10_percentage_of_total_supply": 99.99999999999999,
            "top10_percentage_of_circulating_supply": 99.99999999999999,
            "top_10_less_than_70_percent_of_total": false,