{
    "token_address": "0xa68f513f0Dc18b83B5aA1EB2d7DE48fB1D88d282",
    "chain": "bsc",
    "token_name": "BabyCrab",
    "analyses": {
        "contract": {
            "contract_name": null,
            "compiler_version": null,
            "license_type": null,
            "implementation": null,
            "source_code": null,
            "abi": null,
            "verified": false,
            "owner": null,
            "creator": "0x624d5cefd4adf7c50c524a9cdbc2f51b25763af4",
            "is_hidden_owner": true,
            "is_proxy": null,
            "is_sellable": true,
            "is_hardcoded_owner": null,
            "code_analysis": {
                "total_matches": 0,
                "patterns_found": {}
            }
        },
        "holder": {
            "total_holders": 15,
            "holders_list": {
                "0x0499e8f7181d31387cb8038e3441d7da63e94f56": {
                    "balance": 79031428.5663361,
                    "percentage_of_total_supply": 79.03142856633609,
                    "percentage_of_circulating_supply": 79.03142856633607
                },
                "0x24286bb69778205e01d2f6586f68d5448c26e824": {
                    "balance": 6858218.949468011,
                    "percentage_of_total_supply": 6.858218949468011,
                    "percentage_of_circulating_supply": 6.858218949468009
                },
                "0xa2a260357808589ec9f850cd3541e4ecd665070a": {
                    "balance": 4817068.383819441,
                    "percentage_of_total_supply": 4.817068383819442,
                    "percentage_of_circulating_supply": 4.817068383819441
                },
                "0xb3829af1ad774e9fbe212bd697fcebf2fd5e1983": {
                    "balance": 3122090.3099739566,
                    "percentage_of_total_supply": 3.1220903099739563,
                    "percentage_of_circulating_supply": 3.122090309973956
                },
                "0x666336b2a58198f9dad407ddf19432b374b47480": {
                    "balance": 2185651.36,
                    "percentage_of_total_supply": 2.18565136,
                    "percentage_of_circulating_supply": 2.1856513599999996
                },
                "0xbca2cae8330541846350d080775ef65ce0c9161a": {
                    "balance": 1662382.36579703,
                    "percentage_of_total_supply": 1.66238236579703,
                    "percentage_of_circulating_supply": 1.6623823657970296
                },
                "0xdc0e7afe9038940984174b52a8738e44531f5cd4": {
                    "balance": 818853.7133883501,
                    "percentage_of_total_supply": 0.8188537133883501,
                    "percentage_of_circulating_supply": 0.8188537133883499
                },
                "0xcd88d7573818abe26b02f4bf19c4db44aff3c591": {
                    "balance": 790890.6922756403,
                    "percentage_of_total_supply": 0.7908906922756402,
                    "percentage_of_circulating_supply": 0.7908906922756401
                },
                "0xd893e535f948f2fd3c82112c9770e458d291be80": {
                    "balance": 324440.9413597051,
                    "percentage_of_total_supply": 0.3244409413597051,
                    "percentage_of_circulating_supply": 0.324440941359705
                },
                "0xbda333d28ad0c834d98f773960567192a6b99e45": {
                    "balance": 243193.63363602766,
                    "percentage_of_total_supply": 0.24319363363602764,
                    "percentage_of_circulating_supply": 0.2431936336360276
                },
                "0x72cf85e195eb7af2bb90ed00ac2c6f0a0ed0c604": {
                    "balance": 133999.8406854937,
                    "percentage_of_total_supply": 0.13399984068549367,
                    "percentage_of_circulating_supply": 0.13399984068549364
                },
                "0xf2246f9a0de47bf59d906d99cee0ffd7a76fd659": {
                    "balance": 9200.0,
                    "percentage_of_total_supply": 0.0092,
                    "percentage_of_circulating_supply": 0.009199999999999998
                },
                "0x2e1f3c871b2d74a7b5da51e553baba1b70b1d50b": {
                    "balance": 2576.0,
                    "percentage_of_total_supply": 0.0025759999999999997,
                    "percentage_of_circulating_supply": 0.0025759999999999993
                },
                "0xea9ac2ef66aaf2d73cf4f88a4c28d4bf9184ead9": {
                    "balance": 5.243260254852662,
                    "percentage_of_total_supply": 5.243260254852662e-06,
                    "percentage_of_circulating_supply": 5.243260254852661e-06
                },
                "0xf3a1cead8703da356278502a1e3bd95cd86c992b": {
                    "balance": 2.7e-17,
                    "percentage_of_total_supply": 2.7e-23,
                    "percentage_of_circulating_supply": 2.699999999999999e-23
                }
            },
            "total_supply": 100000000.0,
            "total_circulating_supply": 100000000.00000001,
            "owner": {},
            "creator": {},
            "holders_exceeding_5_percent_circulating": [
                {
                    "address": "0x0499e8f7181d31387cb8038e3441d7da63e94f56",
                    "balance": 79031428.5663361,
                    "percentage_of_supply": 79.03142856633607
                },
                {
                    "address": "0x24286bb69778205e01d2f6586f68d5448c26e824",
                    "balance": 6858218.949468011,
                    "percentage_of_supply": 6.858218949468009
                }
            ],
            "howmany_holders_exceeding_5_percent_circulating": 2,
            "top_10_holders": [
                {
                    "address": "0x0499e8f7181d31387cb8038e3441d7da63e94f56",
                    "balance": 79031428.5663361,
                    "percentage_of_total_supply": 79.03142856633609,
                    "percentage_of_circulating_supply": 79.03142856633607
                },
                {
                    "address": "0x24286bb69778205e01d2f6586f68d5448c26e824",
                    "balance": 6858218.949468011,
                    "percentage_of_total_supply": 6.858218949468011,
                    "percentage_of_circulating_supply": 6.858218949468009
                },
                {
                    "address": "0xa2a260357808589ec9f850cd3541e4ecd665070a",
                    "balance": 4817068.383819441,
                    "percentage_of_total_supply": 4.817068383819442,
                    "percentage_of_circulating_supply": 4.817068383819441
                },
                {
                    "address": "0xb3829af1ad774e9fbe212bd697fcebf2fd5e1983",
                    "balance": 3122090.3099739566,
                    "percentage_of_total_supply": 3.1220903099739563,
                    "percentage_of_circulating_supply": 3.122090309973956
                },
                {
                    "address": "0x666336b2a58198f9dad407ddf19432b374b47480",
                    "balance": 2185651.36,
                    "percentage_of_total_supply": 2.18565136,
                    "percentage_of_circulating_supply": 2.1856513599999996
                },
                {
                    "address": "0xbca2cae8330541846350d080775ef65ce0c9161a",
                    "balance": 1662382.36579703,
                    "percentage_of_total_supply": 1.66238236579703,
                    "percentage_of_circulating_supply": 1.6623823657970296
                },
                {
                    "address": "0xdc0e7afe9038940984174b52a8738e44531f5cd4",
                    "balance": 818853.7133883501,
                    "percentage_of_total_supply": 0.8188537133883501,
                    "percentage_of_circulating_supply": 0.8188537133883499
                },
                {
                    "address": "0xcd88d7573818abe26b02f4bf19c4db44aff3c591",