{
    "token_address": "0xe76Ac8686106668aAbF659926B01687F2921CBe4",
    "chain": "bsc",
    "token_name": "PokeMoon",
    "analyses": {
        "contract": {
            "contract_name": null,
            "compiler_version": null,
            "license_type": null,
            "implementation": null,
            "source_code": null,
            "abi": null,
            "verified": false,
            "owner": null,
            "creator": "0x6b79a54b6d30e71eab11c1a05f0d5687b384c7ac",
            "is_hidden_owner": true,
            "is_proxy": null,
            "is_sellable": true,
            "is_hardcoded_owner": null,
            "code_analysis": {
                "total_matches": 0,
                "patterns_found": {}
            }
        },
        "holder": {
            "total_holders": 8,
            "holders_list": {
                "0x6b79a54b6d30e71eab11c1a05f0d5687b384c7ac": {
                    "balance": 9993109322330.879,
                    "percentage_of_total_supply": 99.93109322330879,
                    "percentage_of_circulating_supply": 99.93109322330879
                },
                "0x27086d1c1866bf284eb318da8dc5ec84de465b0b": {
                    "balance": 3956140842.329151,
                    "percentage_of_total_supply": 0.03956140842329151,
                    "percentage_of_circulating_supply": 0.03956140842329151
                },
                "0x9097cbe8aae996db186ed7aa8837e3033abe8435": {
                    "balance": 1632369999.9999998,
                    "percentage_of_total_supply": 0.0163237,
                    "percentage_of_circulating_supply": 0.0163237
                },
                "0x695e9f3ff6e535fed53ba7788bc86941b1b495cf": {
                    "balance": 605353441.4750625,
                    "percentage_of_total_supply": 0.0060535344147506255,
                    "percentage_of_circulating_supply": 0.0060535344147506255
                },
                "0x5e3773713f0a20806168d633652b905ee7253f83": {
                    "balance": 294820836.3238566,
                    "percentage_of_total_supply": 0.002948208363238566,
                    "percentage_of_circulating_supply": 0.002948208363238566
                },
                "0xcb692809bf98a8201648b3c81f7231230f5cdfb1": {
                    "balance": 197524580.7122642,
                    "percentage_of_total_supply": 0.001975245807122642,
                    "percentage_of_circulating_supply": 0.001975245807122642
                },
                "0x9ac86daa132e13d246f7181b4e62f0d6eeb387c9": {
                    "balance": 195576143.97779608,
                    "percentage_of_total_supply": 0.001955761439777961,
                    "percentage_of_circulating_supply": 0.001955761439777961
                },
                "0x4c1c7bc31eb9bc4b47fac2ae337691ec79961f5f": {
                    "balance": 8891824.303215869,
                    "percentage_of_total_supply": 8.891824303215869e-05,
                    "percentage_of_circulating_supply": 8.891824303215869e-05
                }
            },
            "total_supply": 10000000000000.0,
            "total_circulating_supply": 10000000000000.0,
            "owner": {},
            "creator": {
                "address": "0x6b79a54b6d30e71eab11c1a05f0d5687b384c7ac",
                "balance": 9993109322330.879,
                "percentage_of_circulating_supply": 99.93109322330879,
                "exceeds_5_percent": true
            },
            "holders_exceeding_5_percent_circulating": [],
            "howmany_holders_exceeding_5_percent_circulating": 0,
            "top_10_holders": [
                {
                    "address": "0x6b79a54b6d30e71eab11c1a05f0d5687b384c7ac",
                    "balance": 9993109322330.879,
                    "percentage_of_total_supply": 99.93109322330879,
                    "percentage_of_circulating_supply": 99.93109322330879
                },
                {
                    "address": "0x27086d1c1866bf284eb318da8dc5ec84de465b0b",
                    "balance": 3956140842.329151,
                    "percentage_of_total_supply": 0.03956140842329151,
                    "percentage_of_circulating_supply": 0.03956140842329151
                },
                {
                    "address": "0x9097cbe8aae996db186ed7aa8837e3033abe8435",
                    "balance": 1632369999.9999998,
                    "percentage_of_total_supply": 0.0163237,
                    "percentage_of_circulating_supply": 0.0163237
                },
                {
                    "address": "0x695e9f3ff6e535fed53ba7788bc86941b1b495cf",
                    "balance": 605353441.4750625,
                    "percentage_of_total_supply": 0.0060535344147506255,
                    "percentage_of_circulating_supply": 0.0060535344147506255
                },
                {
                    "address": "0x5e3773713f0a20806168d633652b905ee7253f83",
                    "balance": 294820836.3238566,
                    "percentage_of_total_supply": 0.002948208363238566,
                    "percentage_of_circulating_supply": 0.002948208363238566
                },
                {
                    "address": "0xcb692809bf98a8201648b3c81f7231230f5cdfb1",
                    "balance": 197524580.7122642,
                    "percentage_of_total_supply": 0.001975245807122642,
                    "percentage_of_circulating_supply": 0.001975245807122642
                },
                {
                    "address": "0x9ac86daa132e13d246f7181b4e62f0d6eeb387c9",
                    "balance": 195576143.97779608,
                    "percentage_of_total_supply": 0.001955761439777961,
                    "percentage_of_circulating_supply": 0.001955761439777961
                },
                {
                    "address": "0x4c1c7bc31eb9bc4b47fac2ae337691ec79961f5f",
                    "balance": 8891824.303215869,
                    "percentage_of_total_supply": 8.891824303215869e-05,
                    "percentage_of_circulating_supply": 8.891824303215869e-05
                }
            ],
            "total_top_10_balance": 10000000000000.0,
            "top10_percentage_of_total_supply": 100.0,
            "top10_percentage_of_circulating_supply": 100.0,
            "top_10_less_than_70_percent_of_total": false,
            "top_10_less_than_70_percent_of_circulating": false
        },
        "liquidity": {
            "price_usd": 1.3678084872302466e-14,
            "liquidity_usd": 2.4324625497797686e-07,
            "market_cap_usd": 0.13678084872302465,
            "liquidity_to_market_cap_ratio": 1.7783648606431743e-06,
            "token_volume": 22934448319.324615,
            "volume_usd": 0.00031369933061115674,
            "volume_to_liquidity_ratio": 1289.6368358869845,
            "locked_liquidity_percent": 0.0,
            "locked_95_for_15_days": false,
            "creator_under_5_percent": false,
            "creator_percent_of_lp": 99.9311,
            "owner_under_5_percent": true,
            "owner_percent_of_lp": 0.0,
            "total_lp_supply": 30.19935775311368,
            "lp_holders_count": 2,
            "lp_holders": [
                {
                    "address": "0x8cc7bc33f5188b1fb683bedc4dbffa77b136833b",
                    "balance": 30.19935775311368,
                    "is_locked": false,
                    "percent": 100.0,
                    "tag": ""
                },
                {
                    "address": "0x0000000000000000000000000000000000000000",
                    "balance": 1e-15,
                    "is_locked": true,
                    "percent": 3.3e-15,
                    "tag": "Null Address"
                }
            ]
        },
        "security": {
            "warnings": null,
            "homany_warnings": 0,
            "suspicious_urls": null,
            "howmany_suspicious_urls": 0,
            "suspicious_addresses": null,