{
    "token_address": "0xC3b8C096aB5197CDC80dfD2F4728A850aD5B709c",
    "chain": "bsc",
    "token_name": "TermoOftend",
    "analyses": {
        "contract": {
            "contract_name": null,
            "compiler_version": null,
            "license_type": null,
            "implementation": null,
            "source_code": null,
            "abi": null,
            "verified": false,
            "owner": "0x63c91fe38d04c5240add54da57e1613e5bc1c8c5",
            "creator": "0x63c91fe38d04c5240add54da57e1613e5bc1c8c5",
            "is_hidden_owner": false,
            "is_proxy": null,
            "is_sellable": true,
            "is_hardcoded_owner": null,
            "code_analysis": {
                "total_matches": 0,
                "patterns_found": {}
            }
        },
        "holder": {
            "total_holders": 9,
            "holders_list": {
                "0x63c91fe38d04c5240add54da57e1613e5bc1c8c5": {
                    "balance": 999083672.4858267,
                    "percentage_of_total_supply": 99.90836724858268,
                    "percentage_of_circulating_supply": 99.90836724858268
                },
                "0x7bf7dd2d8045aa76690b58cb5291ce5230a9706b": {
                    "balance": 908602.6566289099,
                    "percentage_of_total_supply": 0.09086026566289097,
                    "percentage_of_circulating_supply": 0.09086026566289097
                },
                "0xad5f71579263c74f769ac88538475cf8c78e1e82": {
                    "balance": 2988.854508533484,
                    "percentage_of_total_supply": 0.0002988854508533484,
                    "percentage_of_circulating_supply": 0.0002988854508533484
                },
                "0xcf502a5077a6aa959e2de9354ce4f060678159aa": {
                    "balance": 1562.4186479778364,
                    "percentage_of_total_supply": 0.00015624186479778365,
                    "percentage_of_circulating_supply": 0.00015624186479778365
                },
                "0xe47deae6bd3763298d810c79cdef600d7d0eee4d": {
                    "balance": 1406.5645991173446,
                    "percentage_of_total_supply": 0.00014065645991173445,
                    "percentage_of_circulating_supply": 0.00014065645991173445
                },
                "0x59306d204d30fd2acb792893b5939af2f6be1161": {
                    "balance": 1370.6272235849667,
                    "percentage_of_total_supply": 0.00013706272235849666,
                    "percentage_of_circulating_supply": 0.00013706272235849666
                },
                "0xeac7422a0929b47bb37aafad7873dab58e70f949": {
                    "balance": 317.80280978104685,
                    "percentage_of_total_supply": 3.1780280978104686e-05,
                    "percentage_of_circulating_supply": 3.1780280978104686e-05
                },
                "0x0ed943ce24baebf257488771759f9bf482c39706": {
                    "balance": 78.58975540005306,
                    "percentage_of_total_supply": 7.858975540005307e-06,
                    "percentage_of_circulating_supply": 7.858975540005307e-06
                },
                "0x3c9805f954fbdbcbe2f15223641b525de4de7cda": {
                    "balance": 3.4744e-14,
                    "percentage_of_total_supply": 3.4744e-21,
                    "percentage_of_circulating_supply": 3.4744e-21
                }
            },
            "total_supply": 1000000000.0,
            "total_circulating_supply": 1000000000.0,
            "owner": {
                "address": "0x63c91fe38d04c5240add54da57e1613e5bc1c8c5",
                "balance": 999083672.4858267,
                "percentage_of_circulating_supply": 99.90836724858268,
                "exceeds_5_percent": true
            },
            "creator": {
                "address": "0x63c91fe38d04c5240add54da57e1613e5bc1c8c5",
                "balance": 999083672.4858267,
                "percentage_of_circulating_supply": 99.90836724858268,
                "exceeds_5_percent": true
            },
            "holders_exceeding_5_percent_circulating": [],
            "howmany_holders_exceeding_5_percent_circulating": 0,
            "top_10_holders": [
                {
                    "address": "0x63c91fe38d04c5240add54da57e1613e5bc1c8c5",
                    "balance": 999083672.4858267,
                    "percentage_of_total_supply": 99.90836724858268,
                    "percentage_of_circulating_supply": 99.90836724858268
                },
                {
                    "address": "0x7bf7dd2d8045aa76690b58cb5291ce5230a9706b",
                    "balance": 908602.6566289099,
                    "percentage_of_total_supply": 0.09086026566289097,
                    "percentage_of_circulating_supply": 0.09086026566289097
                },
                {
                    "address": "0xad5f71579263c74f769ac88538475cf8c78e1e82",
                    "balance": 2988.854508533484,
                    "percentage_of_total_supply": 0.0002988854508533484,
                    "percentage_of_circulating_supply": 0.0002988854508533484
                },
                {
                    "address": "0xcf502a5077a6aa959e2de9354ce4f060678159aa",
                    "balance": 1562.4186479778364,
                    "percentage_of_total_supply": 0.00015624186479778365,
                    "percentage_of_circulating_supply": 0.00015624186479778365
                },
                {
                    "address": "0xe47deae6bd3763298d810c79cdef600d7d0eee4d",
                    "balance": 1406.5645991173446,
                    "percentage_of_total_supply": 0.00014065645991173445,
                    "percentage_of_circulating_supply": 0.00014065645991173445
                },
                {
                    "address": "0x59306d204d30fd2acb792893b5939af2f6be1161",
                    "balance": 1370.6272235849667,
                    "percentage_of_total_supply": 0.00013706272235849666,
                    "percentage_of_circulating_supply": 0.00013706272235849666
                },
                {
                    "address": "0xeac7422a0929b47bb37aafad7873dab58e70f949",
                    "balance": 317.80280978104685,
                    "percentage_of_total_supply": 3.1780280978104686e-05,
                    "percentage_of_circulating_supply": 3.1780280978104686e-05
                },
                {
                    "address": "0x0ed943ce24baebf257488771759f9bf482c39706",
                    "balance": 78.58975540005306,
                    "percentage_of_total_supply": 7.858975540005307e-06,
                    "percentage_of_circulating_supply": 7.858975540005307e-06
                },
                {
                    "address": "0x3c9805f954fbdbcbe2f15223641b525de4de7cda",
                    "balance": 3.4744e-14,
                    "percentage_of_total_supply": 3.4744e-21,
                    "percentage_of_circulating_supply": 3.4744e-21
                }
            ],
            "total_top_10_balance": 1000000000.0,
            "top10_percentage_of_total_supply": 100.0,
            "top10_percentage_of_circulating_supply": 100.0,
            "top_10_less_than_70_percent_of_total": false,
            "top_10_less_than_70_percent_of_circulating": false
        },
        "liquidity": {
            "price_usd": 9.858152798720213e-07,
            "liquidity_usd": 6.850233216774701e-20,
            "market_cap_usd": 985.8152798720213,
            "liquidity_to_market_cap_ratio": 6.948799999999999e-23,
            "token_volume": 0.0,
            "volume_usd": 0.0,
            "volume_to_liquidity_ratio": 0.0,
            "locked_liquidity_percent": 100.0,
            "locked_95_for_15_days": false,
            "creator_under_5_percent": false,
            "creator_percent_of_lp": 99.9084,
            "owner_under_5_percent": true,
            "owner_percent_of_lp": 0.0,
            "total_lp_supply": 1e-15,