{
    "token_address": "0x5ac410B4735E56C96DEB825d5DbA8806f76fFA1f",
    "chain": "bsc",
    "token_name": "AI Wallet ",
    "analyses": {
        "contract": {
            "contract_name": null,
            "compiler_version": null,
            "license_type": null,
            "implementation": null,
            "source_code": null,
            "abi": null,
            "verified": false,
            "owner": null,
            "creator": "0xf29bdfabc6c4e4c13949dd2228e370b4259d7b4b",
            "is_hidden_owner": true,
            "is_proxy": null,
            "is_sellable": true,
            "is_hardcoded_owner": null,
            "code_analysis": {
                "total_matches": 0,
                "patterns_found": {}
            }
        },
        "holder": {
            "total_holders": 15,
            "holders_list": {
                "0xf29bdfabc6c4e4c13949dd2228e370b4259d7b4b": {
                    "balance": 99017889467.86752,
                    "percentage_of_total_supply": 99.01788946786752,
                    "percentage_of_circulating_supply": 99.01788946786752
                },
                "0xddc96fa25f70b6f7d7d489646ba3f40e12a55063": {
                    "balance": 287634239.71026385,
                    "percentage_of_total_supply": 0.28763423971026386,
                    "percentage_of_circulating_supply": 0.28763423971026386
                },
                "0x9daeccb49db77eb384c3b67e4198084d89eafbe5": {
                    "balance": 163861358.0886939,
                    "percentage_of_total_supply": 0.16386135808869393,
                    "percentage_of_circulating_supply": 0.16386135808869393
                },
                "0xe87e5aba5dd5a647be98a915450ea411381da9ff": {
                    "balance": 98712984.51810063,
                    "percentage_of_total_supply": 0.09871298451810065,
                    "percentage_of_circulating_supply": 0.09871298451810065
                },
                "0xbdbc5fa310eec7e44d153eb0c736b768ab9f6729": {
                    "balance": 72302738.20360835,
                    "percentage_of_total_supply": 0.07230273820360836,
                    "percentage_of_circulating_supply": 0.07230273820360836
                },
                "0x942bbc3bc919c07445a05300db8c9de17405de4f": {
                    "balance": 70429480.98586969,
                    "percentage_of_total_supply": 0.0704294809858697,
                    "percentage_of_circulating_supply": 0.0704294809858697
                },
                "0x23b0b167997d94fba61b46dffb031d0f737aa184": {
                    "balance": 65260165.62015967,
                    "percentage_of_total_supply": 0.06526016562015968,
                    "percentage_of_circulating_supply": 0.06526016562015968
                },
                "0xdffddff50e46478bd94df1954d806d6c2bef96cc": {
                    "balance": 64902839.19973907,
                    "percentage_of_total_supply": 0.06490283919973908,
                    "percentage_of_circulating_supply": 0.06490283919973908
                },
                "0x69edc0d5952616a39a58bad55e95d463747485a8": {
                    "balance": 59026454.36601185,
                    "percentage_of_total_supply": 0.05902645436601185,
                    "percentage_of_circulating_supply": 0.05902645436601185
                },
                "0x6db01b708943e8eff37fa69bc4a23cf5d0ba2c08": {
                    "balance": 32175174.14685323,
                    "percentage_of_total_supply": 0.03217517414685323,
                    "percentage_of_circulating_supply": 0.03217517414685323
                },
                "0x1683261e69e6a985eca463232bcea650c9f23747": {
                    "balance": 25994628.002992913,
                    "percentage_of_total_supply": 0.025994628002992914,
                    "percentage_of_circulating_supply": 0.025994628002992914
                },
                "0x104a6f5058ffa2cc9a3f3f3d85e7fc0a406a173b": {
                    "balance": 22000000.0,
                    "percentage_of_total_supply": 0.022000000000000002,
                    "percentage_of_circulating_supply": 0.022000000000000002
                },
                "0x6da8da8e74bea91a4be161426b2475d8b9f43dd4": {
                    "balance": 12986489.263186214,
                    "percentage_of_total_supply": 0.012986489263186216,
                    "percentage_of_circulating_supply": 0.012986489263186216
                },
                "0xdc2535f880bb56781c4f35e9761fe9090aa65cff": {
                    "balance": 6432527.0345534785,
                    "percentage_of_total_supply": 0.006432527034553479,
                    "percentage_of_circulating_supply": 0.006432527034553479
                },
                "0x94e94e09ebf4487dc2f15d270232f2dfa0380139": {
                    "balance": 391452.9924380489,
                    "percentage_of_total_supply": 0.0003914529924380489,
                    "percentage_of_circulating_supply": 0.0003914529924380489
                }
            },
            "total_supply": 99999999999.99998,
            "total_circulating_supply": 99999999999.99998,
            "owner": {},
            "creator": {
                "address": "0xf29bdfabc6c4e4c13949dd2228e370b4259d7b4b",
                "balance": 99017889467.86752,
                "percentage_of_circulating_supply": 99.01788946786752,
                "exceeds_5_percent": true
            },
            "holders_exceeding_5_percent_circulating": [],
            "howmany_holders_exceeding_5_percent_circulating": 0,
            "top_10_holders": [
                {
                    "address": "0xf29bdfabc6c4e4c13949dd2228e370b4259d7b4b",
                    "balance": 99017889467.86752,
                    "percentage_of_total_supply": 99.01788946786752,
                    "percentage_of_circulating_supply": 99.01788946786752
                },
                {
                    "address": "0xddc96fa25f70b6f7d7d489646ba3f40e12a55063",
                    "balance": 287634239.71026385,
                    "percentage_of_total_supply": 0.28763423971026386,
                    "percentage_of_circulating_supply": 0.28763423971026386
                },
                {
                    "address": "0x9daeccb49db77eb384c3b67e4198084d89eafbe5",
                    "balance": 163861358.0886939,
                    "percentage_of_total_supply": 0.16386135808869393,
                    "percentage_of_circulating_supply": 0.16386135808869393
                },
                {
                    "address": "0xe87e5aba5dd5a647be98a915450ea411381da9ff",
                    "balance": 98712984.51810063,
                    "percentage_of_total_supply": 0.09871298451810065,
                    "percentage_of_circulating_supply": 0.09871298451810065
                },
                {
                    "address": "0xbdbc5fa310eec7e44d153eb0c736b768ab9f6729",
                    "balance": 72302738.20360835,
                    "percentage_of_total_supply": 0.07230273820360836,
                    "percentage_of_circulating_supply": 0.07230273820360836
                },
                {
                    "address": "0x942bbc3bc919c07445a05300db8c9de17405de4f",
                    "balance": 70429480.98586969,
                    "percentage_of_total_supply": 0.0704294809858697,
                    "percentage_of_circulating_supply": 0.0704294809858697
                },
                {
                    "address": "0x23b0b167997d94fba61b46dffb031d0f737aa184",
                    "balance": 65260165.62015967,
                    "percentage_of_total_supply": 0.06526016562015968,
                    "percentage_of_circulating_supply": 0.06526016562015968
                },
                {
                    "address": "0xdffddff50e46478bd94df1954d806d6c2bef96cc",
                    "balance": 64902839.19973907,