{
    "token_address": "0x5f3C5F1B3245dC0123beEe8bBc77b44220707DeB",
    "chain": "bsc",
    "token_name": "McDoge Inu",
    "analyses": {
        "contract": {
            "contract_name": null,
            "compiler_version": null,
            "license_type": null,
            "implementation": null,
            "source_code": null,
            "abi": null,
            "verified": false,
            "owner": "0x351f76e5ac5d6005eaa7dc3c3b6f3805656e5d13",
            "creator": "0x351f76e5ac5d6005eaa7dc3c3b6f3805656e5d13",
            "is_hidden_owner": false,
            "is_proxy": null,
            "is_sellable": false,
            "is_hardcoded_owner": null,
            "code_analysis": {
                "total_matches": 0,
                "patterns_found": {}
            }
        },
        "holder": {
            "total_holders": 10,
            "holders_list": {
                "0x46fbd7446cab99eb838df50737cdfd86427df438": {
                    "balance": 436946677236346.44,
                    "percentage_of_total_supply": 43.694667723634645,
                    "percentage_of_circulating_supply": 43.694667723634645
                },
                "0x3883e6c1c7caebf561e22d12bb307beb1ee980b1": {
                    "balance": 208471326534693.06,
                    "percentage_of_total_supply": 20.84713265346931,
                    "percentage_of_circulating_supply": 20.84713265346931
                },
                "0x4404d6e955857dab1f078448c097180041568267": {
                    "balance": 149228223269008.5,
                    "percentage_of_total_supply": 14.92282232690085,
                    "percentage_of_circulating_supply": 14.92282232690085
                },
                "0x351f76e5ac5d6005eaa7dc3c3b6f3805656e5d13": {
                    "balance": 131265088286487.05,
                    "percentage_of_total_supply": 13.126508828648706,
                    "percentage_of_circulating_supply": 13.126508828648706
                },
                "0x44e1e0002ea24bab0af2c68a2cd01de331b6a949": {
                    "balance": 46305539357405.59,
                    "percentage_of_total_supply": 4.63055393574056,
                    "percentage_of_circulating_supply": 4.63055393574056
                },
                "0x5e579cce84ab93d3bef08799524aaf4ddbaa73d5": {
                    "balance": 18821642530308.035,
                    "percentage_of_total_supply": 1.8821642530308036,
                    "percentage_of_circulating_supply": 1.8821642530308036
                },
                "0x2b38ddc93ae3505b4cdb0c6dffd32d8050e5590b": {
                    "balance": 8537777094475.272,
                    "percentage_of_total_supply": 0.8537777094475273,
                    "percentage_of_circulating_supply": 0.8537777094475273
                },
                "0x37007778a8e8224be738576e0fad1f9049374815": {
                    "balance": 330360254425.714,
                    "percentage_of_total_supply": 0.0330360254425714,
                    "percentage_of_circulating_supply": 0.0330360254425714
                },
                "0x0ed943ce24baebf257488771759f9bf482c39706": {
                    "balance": 93365436850.36537,
                    "percentage_of_total_supply": 0.009336543685036539,
                    "percentage_of_circulating_supply": 0.009336543685036539
                },
                "0x74466961e5d55b1b616e2fc66e3293b1a344d554": {
                    "balance": 5.756354917e-09,
                    "percentage_of_total_supply": 5.756354917e-22,
                    "percentage_of_circulating_supply": 5.756354917e-22
                }
            },
            "total_supply": 1000000000000000.0,
            "total_circulating_supply": 1000000000000000.0,
            "owner": {
                "address": "0x351f76e5ac5d6005eaa7dc3c3b6f3805656e5d13",
                "balance": 131265088286487.05,
                "percentage_of_circulating_supply": 13.126508828648706,
                "exceeds_5_percent": true
            },
            "creator": {
                "address": "0x351f76e5ac5d6005eaa7dc3c3b6f3805656e5d13",
                "balance": 131265088286487.05,
                "percentage_of_circulating_supply": 13.126508828648706,
                "exceeds_5_percent": true
            },
            "holders_exceeding_5_percent_circulating": [
                {
                    "address": "0x46fbd7446cab99eb838df50737cdfd86427df438",
                    "balance": 436946677236346.44,
                    "percentage_of_supply": 43.694667723634645
                },
                {
                    "address": "0x3883e6c1c7caebf561e22d12bb307beb1ee980b1",
                    "balance": 208471326534693.06,
                    "percentage_of_supply": 20.84713265346931
                },
                {
                    "address": "0x4404d6e955857dab1f078448c097180041568267",
                    "balance": 149228223269008.5,
                    "percentage_of_supply": 14.92282232690085
                }
            ],
            "howmany_holders_exceeding_5_percent_circulating": 3,
            "top_10_holders": [
                {
                    "address": "0x46fbd7446cab99eb838df50737cdfd86427df438",
                    "balance": 436946677236346.44,
                    "percentage_of_total_supply": 43.694667723634645,
                    "percentage_of_circulating_supply": 43.694667723634645
                },
                {
                    "address": "0x3883e6c1c7caebf561e22d12bb307beb1ee980b1",
                    "balance": 208471326534693.06,
                    "percentage_of_total_supply": 20.84713265346931,
                    "percentage_of_circulating_supply": 20.84713265346931
                },
                {
                    "address": "0x4404d6e955857dab1f078448c097180041568267",
                    "balance": 149228223269008.5,
                    "percentage_of_total_supply": 14.92282232690085,
                    "percentage_of_circulating_supply": 14.92282232690085
                },
                {
                    "address": "0x351f76e5ac5d6005eaa7dc3c3b6f3805656e5d13",
                    "balance": 131265088286487.05,
                    "percentage_of_total_supply": 13.126508828648706,
                    "percentage_of_circulating_supply": 13.126508828648706
                },
                {
                    "address": "0x44e1e0002ea24bab0af2c68a2cd01de331b6a949",
                    "balance": 46305539357405.59,
                    "percentage_of_total_supply": 4.63055393574056,
                    "percentage_of_circulating_supply": 4.63055393574056
                },
                {
                    "address": "0x5e579cce84ab93d3bef08799524aaf4ddbaa73d5",
                    "balance": 18821642530308.035,
                    "percentage_of_total_supply": 1.8821642530308036,
                    "percentage_of_circulating_supply": 1.8821642530308036
                },
                {
                    "address": "0x2b38ddc93ae3505b4cdb0c6dffd32d8050e5590b",
                    "balance": 8537777094475.272,
                    "percentage_of_total_supply": 0.8537777094475273,
                    "percentage_of_circulating_supply": 0.8537777094475273
                },
                {
                    "address": "0x37007778a8e8224be738576e0fad1f9049374815",
                    "balance": 330360254425.714,
                    "percentage_of_total_supply": 0.0330360254425714,
                    "percentage_of_circulating_supply": 0.0330360254425714
                },
                {
                    "address": "0x0ed943ce24baebf257488771759f9bf482c39706",
                    "balance": 93365436850.36537,
                    "percentage_of_total_supply": 0.009336543685036539,