{
    "token_address": "0xa68f513f0Dc18b83B5aA1EB2d7DE48fB1D88d282",
    "chain": "bsc",
    "token_name": "BabyCrab",
    "analyses": {
        "contract": {
            "contract_name": null,
            "compiler_version": null,
            "license_type": null,
            "implementation": null,
            "source_code": null,
            "abi": null,
            "verified": false,
            "owner": null,
            "creator": "0x624d5cefd4adf7c50c524a9cdbc2f51b25763af4",
            "is_hidden_owner": true,
            "is_proxy": null,
            "is_sellable": true,
            "is_hardcoded_owner": null,
            "code_analysis": null
        },
        "holder": {
            "total_holders": 15,
            "holders_list": {
                "0x0499e8f7181d31387cb8038e3441d7da63e94f56": {
                    "balance": 7.90314285663361e+25,
                    "percentage_of_total_supply": 79.0314,
                    "percentage_of_circulating_supply": 79.0314
                },
                "0x24286bb69778205e01d2f6586f68d5448c26e824": {
                    "balance": 6.858218949468011e+24,
                    "percentage_of_total_supply": 6.8582,
                    "percentage_of_circulating_supply": 6.8582
                },
                "0xa2a260357808589ec9f850cd3541e4ecd665070a": {
                    "balance": 4.8170683838194417e+24,
                    "percentage_of_total_supply": 4.8171,
                    "percentage_of_circulating_supply": 4.8171
                },
                "0xb3829af1ad774e9fbe212bd697fcebf2fd5e1983": {
                    "balance": 3.1220903099739564e+24,
                    "percentage_of_total_supply": 3.1221,
                    "percentage_of_circulating_supply": 3.1221
                },
                "0x666336b2a58198f9dad407ddf19432b374b47480": {
                    "balance": 2.18565136e+24,
                    "percentage_of_total_supply": 2.1857,
                    "percentage_of_circulating_supply": 2.1857
                },
                "0xbca2cae8330541846350d080775ef65ce0c9161a": {
                    "balance": 1.66238236579703e+24,
                    "percentage_of_total_supply": 1.6624,
                    "percentage_of_circulating_supply": 1.6624
                },
                "0xdc0e7afe9038940984174b52a8738e44531f5cd4": {
                    "balance": 8.188537133883501e+23,
                    "percentage_of_total_supply": 0.8189,
                    "percentage_of_circulating_supply": 0.8189
                },
                "0xcd88d7573818abe26b02f4bf19c4db44aff3c591": {
                    "balance": 7.908906922756403e+23,
                    "percentage_of_total_supply": 0.7909,
                    "percentage_of_circulating_supply": 0.7909
                },
                "0xd893e535f948f2fd3c82112c9770e458d291be80": {
                    "balance": 3.244409413597051e+23,
                    "percentage_of_total_supply": 0.3244,
                    "percentage_of_circulating_supply": 0.3244
                },
                "0xbda333d28ad0c834d98f773960567192a6b99e45": {
                    "balance": 2.4319363363602766e+23,
                    "percentage_of_total_supply": 0.2432,
                    "percentage_of_circulating_supply": 0.2432
                },
                "0x72cf85e195eb7af2bb90ed00ac2c6f0a0ed0c604": {
                    "balance": 1.3399984068549368e+23,
                    "percentage_of_total_supply": 0.134,
                    "percentage_of_circulating_supply": 0.134
                },
                "0xf2246f9a0de47bf59d906d99cee0ffd7a76fd659": {
                    "balance": 9.2e+21,
                    "percentage_of_total_supply": 0.0092,
                    "percentage_of_circulating_supply": 0.0092
                },
                "0x2e1f3c871b2d74a7b5da51e553baba1b70b1d50b": {
                    "balance": 2.576e+21,
                    "percentage_of_total_supply": 0.0026,
                    "percentage_of_circulating_supply": 0.0026
                },
                "0xea9ac2ef66aaf2d73cf4f88a4c28d4bf9184ead9": {
                    "balance": 5.243260254852662e+18,
                    "percentage_of_total_supply": 0.0,
                    "percentage_of_circulating_supply": 0.0
                },
                "0xf3a1cead8703da356278502a1e3bd95cd86c992b": {
                    "balance": 27,
                    "percentage_of_total_supply": 0.0,
                    "percentage_of_circulating_supply": 0.0
                }
            },
            "total_supply": 1e+26,
            "total_circulating_supply": 1e+26,
            "owner": {},
            "creator": {},
            "holders_exceeding_5_percent": [
                {
                    "address": "0x0499e8f7181d31387cb8038e3441d7da63e94f56",
                    "balance": 7.90314285663361e+25,
                    "percentage_of_supply": 79.0314
                },
                {
                    "address": "0x24286bb69778205e01d2f6586f68d5448c26e824",
                    "balance": 6.858218949468011e+24,
                    "percentage_of_supply": 6.8582
                }
            ],
            "howmany_holders_exceeding_5_percent": 2,
            "top_10_holders": [
                {
                    "address": "0x0499e8f7181d31387cb8038e3441d7da63e94f56",
                    "balance": 7.90314285663361e+25,
                    "percentage_of_total_supply": 79.0314,
                    "percentage_of_circulating_supply": 79.0314
                },
                {
                    "address": "0x24286bb69778205e01d2f6586f68d5448c26e824",
                    "balance": 6.858218949468011e+24,
                    "percentage_of_total_supply": 6.8582,
                    "percentage_of_circulating_supply": 6.8582
                },
                {
                    "address": "0xa2a260357808589ec9f850cd3541e4ecd665070a",
                    "balance": 4.8170683838194417e+24,
                    "percentage_of_total_supply": 4.8171,
                    "percentage_of_circulating_supply": 4.8171
                },
                {
                    "address": "0xb3829af1ad774e9fbe212bd697fcebf2fd5e1983",
                    "balance": 3.1220903099739564e+24,
                    "percentage_of_total_supply": 3.1221,
                    "percentage_of_circulating_supply": 3.1221
                },
                {
                    "address": "0x666336b2a58198f9dad407ddf19432b374b47480",
                    "balance": 2.18565136e+24,
                    "percentage_of_total_supply": 2.1857,
                    "percentage_of_circulating_supply": 2.1857
                },
                {
                    "address": "0xbca2cae8330541846350d080775ef65ce0c9161a",
                    "balance": 1.66238236579703e+24,
                    "percentage_of_total_supply": 1.6624,
                    "percentage_of_circulating_supply": 1.6624
                },
                {
                    "address": "0xdc0e7afe9038940984174b52a8738e44531f5cd4",
                    "balance": 8.188537133883501e+23,
                    "percentage_of_total_supply": 0.8189,
                    "percentage_of_circulating_supply": 0.8189
                },
                {
                    "address": "0xcd88d7573818abe26b02f4bf19c4db44aff3c591",
                    "balance": 7.908906922756403e+23,
                    "percentage_of_total_supply": 0.7909,
                    "percentage_of_circulating_supply": 0.7909
                },
                {
                    "address": "0xd893e535f948f2fd3c82112c9770e458d291be80",
                    "balance": 3.244409413597051e+23,
                    "percentage_of_total_supply": 0.3244,
                    "percentage_of_circulating_supply": 0.3244
                },
                {
                    "address": "0xbda333d28ad0c834d98f773960567192a6b99e45",