{
    "token_address": "0x52ebE2D720005bbcFD83Dc84085b5b6c83A55e80",
    "chain": "bsc",
    "token_name": "Xertoin",
    "analyses": {
        "contract": {
            "contract_name": null,
            "compiler_version": null,
            "license_type": null,
            "implementation": null,
            "source_code": null,
            "abi": null,
            "verified": false,
            "owner": "0x652e6b24975aa8f6889f0d9afc14ad5d3c004f64",
            "creator": "0x652e6b24975aa8f6889f0d9afc14ad5d3c004f64",
            "is_hidden_owner": false,
            "is_proxy": null,
            "is_sellable": true,
            "is_hardcoded_owner": null,
            "code_analysis": {
                "total_matches": 0,
                "patterns_found": {}
            }
        },
        "holder": {
            "total_holders": 23,
            "holders_list": {
                "0x652e6b24975aa8f6889f0d9afc14ad5d3c004f64": {
                    "balance": 99999038000.88736,
                    "percentage_of_total_supply": 99.99903800088737,
                    "percentage_of_circulating_supply": 99.99903800088737
                },
                "0xa4ae419a16dc50388766516c17fa171cb47856ca": {
                    "balance": 954909.558074039,
                    "percentage_of_total_supply": 0.0009549095580740389,
                    "percentage_of_circulating_supply": 0.0009549095580740389
                },
                "0x7d072d897a8ce3ddef1b117d9d9a7483f3e74279": {
                    "balance": 3495.838995828,
                    "percentage_of_total_supply": 3.495838995828e-06,
                    "percentage_of_circulating_supply": 3.495838995828e-06
                },
                "0x89385507015a2da44853a18dab1caf90fda500b3": {
                    "balance": 1711.515556519,
                    "percentage_of_total_supply": 1.711515556519e-06,
                    "percentage_of_circulating_supply": 1.711515556519e-06
                },
                "0xb78c6ceceb14e1ba7881156f0e84a761fc7a12f6": {
                    "balance": 554.099322532,
                    "percentage_of_total_supply": 5.54099322532e-07,
                    "percentage_of_circulating_supply": 5.54099322532e-07
                },
                "0x33b646581b0fde9de08e2b08bd5335f771ac50b9": {
                    "balance": 484.539165105,
                    "percentage_of_total_supply": 4.845391651050001e-07,
                    "percentage_of_circulating_supply": 4.845391651050001e-07
                },
                "0x75be8d79d8469f2961c20817926b5715cbc6ac9f": {
                    "balance": 321.730195368,
                    "percentage_of_total_supply": 3.21730195368e-07,
                    "percentage_of_circulating_supply": 3.21730195368e-07
                },
                "0xc820efccce0374404db89958fd05d849995ec244": {
                    "balance": 121.997037708,
                    "percentage_of_total_supply": 1.21997037708e-07,
                    "percentage_of_circulating_supply": 1.21997037708e-07
                },
                "0x680b6130b38016910a9d4fc0a45341333c749798": {
                    "balance": 117.349973964,
                    "percentage_of_total_supply": 1.17349973964e-07,
                    "percentage_of_circulating_supply": 1.17349973964e-07
                },
                "0x05f831d57573f476823c85e367c9ccac3f24c434": {
                    "balance": 53.692882784,
                    "percentage_of_total_supply": 5.3692882784e-08,
                    "percentage_of_circulating_supply": 5.3692882784e-08
                },
                "0x0ed943ce24baebf257488771759f9bf482c39706": {
                    "balance": 46.678810022,
                    "percentage_of_total_supply": 4.6678810021999996e-08,
                    "percentage_of_circulating_supply": 4.6678810021999996e-08
                },
                "0x1fa37a1e0cc05cfea64d42c6f574359c962a395b": {
                    "balance": 38.064073271,
                    "percentage_of_total_supply": 3.8064073271e-08,
                    "percentage_of_circulating_supply": 3.8064073271e-08
                },
                "0xcebc2abf77b4a230a64d1a46551a1eadb9ea1e80": {
                    "balance": 29.966928098,
                    "percentage_of_total_supply": 2.9966928098e-08,
                    "percentage_of_circulating_supply": 2.9966928098e-08
                },
                "0x52fbe9d67e9d3a02714ab619a2026b66a28d1fd8": {
                    "balance": 26.05657507,
                    "percentage_of_total_supply": 2.605657507e-08,
                    "percentage_of_circulating_supply": 2.605657507e-08
                },
                "0xa29ddbc998582a4187e82ba96378784c6919a260": {
                    "balance": 24.811829571,
                    "percentage_of_total_supply": 2.4811829571e-08,
                    "percentage_of_circulating_supply": 2.4811829571e-08
                },
                "0x8489f4f2a0cf1f365dfa15f144399bcb6121f2be": {
                    "balance": 24.565390727,
                    "percentage_of_total_supply": 2.4565390727e-08,
                    "percentage_of_circulating_supply": 2.4565390727e-08
                },
                "0xc00c59c3cd001a375d4fb9cde3289ba9e0ac52e7": {
                    "balance": 9.962439545,
                    "percentage_of_total_supply": 9.962439545e-09,
                    "percentage_of_circulating_supply": 9.962439545e-09
                },
                "0x4d25a15586f46aef6f522aee033e7a0364cc6d9c": {
                    "balance": 9.043929065,
                    "percentage_of_total_supply": 9.043929065e-09,
                    "percentage_of_circulating_supply": 9.043929065e-09
                },
                "0x9bf2127b1d25d79c0da1e9f750653662e0340141": {
                    "balance": 8.898575999,
                    "percentage_of_total_supply": 8.898575999e-09,
                    "percentage_of_circulating_supply": 8.898575999e-09
                },
                "0x9d6531992694f5f45589c817169ed80bd2f4ab7b": {
                    "balance": 7.187463267,
                    "percentage_of_total_supply": 7.187463267000001e-09,
                    "percentage_of_circulating_supply": 7.187463267000001e-09
                },
                "0xff63b95bdb31fd95d0408c2774e4c5510d591c7a": {
                    "balance": 2.153976806,
                    "percentage_of_total_supply": 2.153976806e-09,
                    "percentage_of_circulating_supply": 2.153976806e-09
                },
                "0x6b0b6affc4ec52fb01bab4e254cad8eb1b6e8e74": {
                    "balance": 1.401435536,
                    "percentage_of_total_supply": 1.401435536e-09,
                    "percentage_of_circulating_supply": 1.401435536e-09
                },
                "0xc2511c885a5ea72d581064a761de67f356aa64c5": {
                    "balance": 1e-09,
                    "percentage_of_total_supply": 9.999999999999999e-19,
                    "percentage_of_circulating_supply": 9.999999999999999e-19
                }
            },
            "total_supply": 100000000000.0,
            "total_circulating_supply": 100000000000.0,
            "owner": {
                "address": "0x652e6b24975aa8f6889f0d9afc14ad5d3c004f64",
                "balance": 99999038000.88736,
                "percentage_of_circulating_supply": 99.99903800088737,
                "exceeds_5_percent": true
            },
            "creator": {
                "address": "0x652e6b24975aa8f6889f0d9afc14ad5d3c004f64",
                "balance": 99999038000.88736,
                "percentage_of_circulating_supply": 99.99903800088737,
                "exceeds_5_percent": true
            },
            "holders_exceeding_5_percent_circulating": [],
            "howmany_holders_exceeding_5_percent_circulating": 0,