{
    "token_address": "0x6DeF75d571639852FAC3bdEA3c47780124795767",
    "chain": "bsc",
    "token_name": "Lunar Beacon",
    "analyses": {
        "contract": {
            "contract_name": null,
            "compiler_version": null,
            "license_type": null,
            "implementation": null,
            "source_code": null,
            "abi": null,
            "verified": false,
            "owner": "0xa8303fd6f3f8bea0209779960effcfc84274c1ca",
            "creator": "0xa8303fd6f3f8bea0209779960effcfc84274c1ca",
            "is_hidden_owner": false,
            "is_proxy": null,
            "is_sellable": true,
            "is_hardcoded_owner": null,
            "code_analysis": {
                "total_matches": 0,
                "patterns_found": {}
            }
        },
        "holder": {
            "total_holders": 13,
            "holders_list": {
                "0xa8303fd6f3f8bea0209779960effcfc84274c1ca": {
                    "balance": 999900728.7485418,
                    "percentage_of_total_supply": 99.99007287485418,
                    "percentage_of_circulating_supply": 99.99007287485418
                },
                "0x51811c84c48a834ca989ce53fcd4cf87ad11d317": {
                    "balance": 32260.64354134216,
                    "percentage_of_total_supply": 0.0032260643541342157,
                    "percentage_of_circulating_supply": 0.0032260643541342157
                },
                "0xcf6f5aba0aee72a2c49d5c36677bc60eb3a2de47": {
                    "balance": 15759.022994762374,
                    "percentage_of_total_supply": 0.0015759022994762373,
                    "percentage_of_circulating_supply": 0.0015759022994762373
                },
                "0x509ec68b65c0399d0b6f6fdd6d99eccb3413f098": {
                    "balance": 15372.308193474517,
                    "percentage_of_total_supply": 0.0015372308193474515,
                    "percentage_of_circulating_supply": 0.0015372308193474515
                },
                "0xce786336a94ac7379935b4b3b5f6d98aae1fc3e1": {
                    "balance": 15337.704381927624,
                    "percentage_of_total_supply": 0.0015337704381927625,
                    "percentage_of_circulating_supply": 0.0015337704381927625
                },
                "0xa3563e783e9e02fe23113deb0d6883991caf47ac": {
                    "balance": 13678.315379587015,
                    "percentage_of_total_supply": 0.0013678315379587014,
                    "percentage_of_circulating_supply": 0.0013678315379587014
                },
                "0x2a7902d790ef1c5892626f0f9a9140ea44f7600b": {
                    "balance": 4068.376138822708,
                    "percentage_of_total_supply": 0.0004068376138822708,
                    "percentage_of_circulating_supply": 0.0004068376138822708
                },
                "0xb0bce00d3978e8bd0a7224ceaf3eb7b24f6863a8": {
                    "balance": 1724.9952865682044,
                    "percentage_of_total_supply": 0.00017249952865682047,
                    "percentage_of_circulating_supply": 0.00017249952865682047
                },
                "0xbd4bdc5cf7cb905ceab4da8c58552cb7d8f28633": {
                    "balance": 517.5811472044167,
                    "percentage_of_total_supply": 5.175811472044167e-05,
                    "percentage_of_circulating_supply": 5.175811472044167e-05
                },
                "0x1b92868c4ebfa2ba089e08b34fc01091246f3881": {
                    "balance": 359.2172366276769,
                    "percentage_of_total_supply": 3.5921723662767694e-05,
                    "percentage_of_circulating_supply": 3.5921723662767694e-05
                },
                "0xdd9c35849f7127cfbb1bab8a9f71f71815bc68b9": {
                    "balance": 155.61435426908875,
                    "percentage_of_total_supply": 1.5561435426908873e-05,
                    "percentage_of_circulating_supply": 1.5561435426908873e-05
                },
                "0x0ed943ce24baebf257488771759f9bf482c39706": {
                    "balance": 37.47280364609484,
                    "percentage_of_total_supply": 3.7472803646094834e-06,
                    "percentage_of_circulating_supply": 3.7472803646094834e-06
                },
                "0x0f869e88340fbe6be10d02ea1548144aa824213d": {
                    "balance": 1.16478e-13,
                    "percentage_of_total_supply": 1.16478e-20,
                    "percentage_of_circulating_supply": 1.16478e-20
                }
            },
            "total_supply": 1000000000.0,
            "total_circulating_supply": 1000000000.0,
            "owner": {
                "address": "0xa8303fd6f3f8bea0209779960effcfc84274c1ca",
                "balance": 999900728.7485418,
                "percentage_of_circulating_supply": 99.99007287485418,
                "exceeds_5_percent": true
            },
            "creator": {
                "address": "0xa8303fd6f3f8bea0209779960effcfc84274c1ca",
                "balance": 999900728.7485418,
                "percentage_of_circulating_supply": 99.99007287485418,
                "exceeds_5_percent": true
            },
            "holders_exceeding_5_percent_circulating": [],
            "howmany_holders_exceeding_5_percent_circulating": 0,
            "top_10_holders": [
                {
                    "address": "0xa8303fd6f3f8bea0209779960effcfc84274c1ca",
                    "balance": 999900728.7485418,
                    "percentage_of_total_supply": 99.99007287485418,
                    "percentage_of_circulating_supply": 99.99007287485418
                },
                {
                    "address": "0x51811c84c48a834ca989ce53fcd4cf87ad11d317",
                    "balance": 32260.64354134216,
                    "percentage_of_total_supply": 0.0032260643541342157,
                    "percentage_of_circulating_supply": 0.0032260643541342157
                },
                {
                    "address": "0xcf6f5aba0aee72a2c49d5c36677bc60eb3a2de47",
                    "balance": 15759.022994762374,
                    "percentage_of_total_supply": 0.0015759022994762373,
                    "percentage_of_circulating_supply": 0.0015759022994762373
                },
                {
                    "address": "0x509ec68b65c0399d0b6f6fdd6d99eccb3413f098",
                    "balance": 15372.308193474517,
                    "percentage_of_total_supply": 0.0015372308193474515,
                    "percentage_of_circulating_supply": 0.0015372308193474515
                },
                {
                    "address": "0xce786336a94ac7379935b4b3b5f6d98aae1fc3e1",
                    "balance": 15337.704381927624,
                    "percentage_of_total_supply": 0.0015337704381927625,
                    "percentage_of_circulating_supply": 0.0015337704381927625
                },
                {
                    "address": "0xa3563e783e9e02fe23113deb0d6883991caf47ac",
                    "balance": 13678.315379587015,
                    "percentage_of_total_supply": 0.0013678315379587014,
                    "percentage_of_circulating_supply": 0.0013678315379587014
                },
                {
                    "address": "0x2a7902d790ef1c5892626f0f9a9140ea44f7600b",
                    "balance": 4068.376138822708,
                    "percentage_of_total_supply": 0.0004068376138822708,
                    "percentage_of_circulating_supply": 0.0004068376138822708
                },
                {
                    "address": "0xb0bce00d3978e8bd0a7224ceaf3eb7b24f6863a8",
                    "balance": 1724.9952865682044,
                    "percentage_of_total_supply": 0.00017249952865682047,
                    "percentage_of_circulating_supply": 0.00017249952865682047
                },
                {
                    "address": "0xbd4bdc5cf7cb905ceab4da8c58552cb7d8f28633",