{
    "token_address": "0x0d71c3Ee529F62aAf754daAb9fBE8d78EdE53691",
    "chain": "bsc",
    "token_name": "One Fifty Nation",
    "analyses": {
        "contract": {
            "contract_name": null,
            "compiler_version": null,
            "license_type": null,
            "implementation": null,
            "source_code": null,
            "abi": null,
            "verified": false,
            "owner": "0x5f39742241d6a8f368343ed66cf3e620e187a5cc",
            "creator": "0x5f39742241d6a8f368343ed66cf3e620e187a5cc",
            "is_hidden_owner": false,
            "is_proxy": null,
            "is_sellable": true,
            "is_hardcoded_owner": null,
            "code_analysis": {
                "total_matches": 0,
                "patterns_found": {}
            }
        },
        "holder": {
            "total_holders": 20,
            "holders_list": {
                "0x5f39742241d6a8f368343ed66cf3e620e187a5cc": {
                    "balance": 378361413240543.75,
                    "percentage_of_total_supply": 37.836141324054374,
                    "percentage_of_circulating_supply": 37.83614132405438
                },
                "0x77ed260142827d1895e555cb5c4a8c6521ad72ad": {
                    "balance": 123797841887344.36,
                    "percentage_of_total_supply": 12.379784188734437,
                    "percentage_of_circulating_supply": 12.379784188734439
                },
                "0xa384319a8db07c7bb9a43e4d0c832f4c8dd31315": {
                    "balance": 91291896592637.27,
                    "percentage_of_total_supply": 9.129189659263726,
                    "percentage_of_circulating_supply": 9.129189659263728
                },
                "0x101b3f85ec98c367f5701296964b3926eadc31fe": {
                    "balance": 82282353460505.8,
                    "percentage_of_total_supply": 8.22823534605058,
                    "percentage_of_circulating_supply": 8.228235346050582
                },
                "0x3c75c93d0d90cc735ca43612d16fabbcf03071ca": {
                    "balance": 78512605078924.77,
                    "percentage_of_total_supply": 7.851260507892476,
                    "percentage_of_circulating_supply": 7.851260507892478
                },
                "0x6c694d5bae61cf8dd840821f04939f4aa47c082b": {
                    "balance": 61219150368936.19,
                    "percentage_of_total_supply": 6.121915036893618,
                    "percentage_of_circulating_supply": 6.12191503689362
                },
                "0x07e172845c220267740cbcc4d16eab0dd3685250": {
                    "balance": 57219712549206.0,
                    "percentage_of_total_supply": 5.7219712549206,
                    "percentage_of_circulating_supply": 5.721971254920601
                },
                "0x937b94fe6244588066a5d52f331cc5f245c49d44": {
                    "balance": 48661711552905.96,
                    "percentage_of_total_supply": 4.866171155290597,
                    "percentage_of_circulating_supply": 4.866171155290598
                },
                "0x26e79f005992b4b9a0d8f2fafe933793ac312c3c": {
                    "balance": 39320351408611.43,
                    "percentage_of_total_supply": 3.932035140861143,
                    "percentage_of_circulating_supply": 3.932035140861144
                },
                "0x10d66ce0b59c3789d9a2750b5a0857e713df3daa": {
                    "balance": 18940740900708.02,
                    "percentage_of_total_supply": 1.894074090070802,
                    "percentage_of_circulating_supply": 1.8940740900708024
                },
                "0x633ba9dbe72d413248acecd0ab28a2523b302d87": {
                    "balance": 11400506612810.285,
                    "percentage_of_total_supply": 1.1400506612810284,
                    "percentage_of_circulating_supply": 1.1400506612810286
                },
                "0xbdb2a08ee2ce9e1c0e8ff1e3d66f26469b526ad4": {
                    "balance": 4570934818945.076,
                    "percentage_of_total_supply": 0.4570934818945076,
                    "percentage_of_circulating_supply": 0.4570934818945077
                },
                "0x3ea2519bccf085ee9e9c3a570e6450bdbf17f754": {
                    "balance": 3374628628071.0654,
                    "percentage_of_total_supply": 0.3374628628071065,
                    "percentage_of_circulating_supply": 0.3374628628071066
                },
                "0xe6ec74cc959f51ae357da96d9e1b2493c2b9d611": {
                    "balance": 758611220285.5677,
                    "percentage_of_total_supply": 0.07586112202855677,
                    "percentage_of_circulating_supply": 0.07586112202855678
                },
                "0x1344019e9860b8bc6a8f8671671ad20447801df5": {
                    "balance": 235116509464.26108,
                    "percentage_of_total_supply": 0.02351165094642611,
                    "percentage_of_circulating_supply": 0.023511650946426113
                },
                "0xd7f236bea64621615c606a7c2fbe436fe3363f65": {
                    "balance": 50785416222.817345,
                    "percentage_of_total_supply": 0.005078541622281735,
                    "percentage_of_circulating_supply": 0.0050785416222817355
                },
                "0xb1b9b4bbe8a92d535f5df2368e7fd2ecfb3a1950": {
                    "balance": 1380204415.9979994,
                    "percentage_of_total_supply": 0.00013802044159979995,
                    "percentage_of_circulating_supply": 0.00013802044159979995
                },
                "0xed86f5216bcafdd85e5875d35463aca60925bf16": {
                    "balance": 202252464.52585855,
                    "percentage_of_total_supply": 2.0225246452585855e-05,
                    "percentage_of_circulating_supply": 2.0225246452585858e-05
                },
                "0x9e21f5720c46ab21cfbae5840719e57de0e74220": {
                    "balance": 56465819.41731132,
                    "percentage_of_total_supply": 5.6465819417311325e-06,
                    "percentage_of_circulating_supply": 5.646581941731133e-06
                },
                "0x234e28aa3f573bb071aeb1a4e6d53fac7b0e0b74": {
                    "balance": 831177.4802782132,
                    "percentage_of_total_supply": 8.311774802782133e-08,
                    "percentage_of_circulating_supply": 8.311774802782134e-08
                }
            },
            "total_supply": 1000000000000000.0,
            "total_circulating_supply": 999999999999999.8,
            "owner": {
                "address": "0x5f39742241d6a8f368343ed66cf3e620e187a5cc",
                "balance": 378361413240543.75,
                "percentage_of_circulating_supply": 37.83614132405438,
                "exceeds_5_percent": true
            },
            "creator": {
                "address": "0x5f39742241d6a8f368343ed66cf3e620e187a5cc",
                "balance": 378361413240543.75,
                "percentage_of_circulating_supply": 37.83614132405438,
                "exceeds_5_percent": true
            },
            "holders_exceeding_5_percent_circulating": [
                {
                    "address": "0x77ed260142827d1895e555cb5c4a8c6521ad72ad",
                    "balance": 123797841887344.36,
                    "percentage_of_supply": 12.379784188734439
                },
                {
                    "address": "0xa384319a8db07c7bb9a43e4d0c832f4c8dd31315",
                    "balance": 91291896592637.27,
                    "percentage_of_supply": 9.129189659263728
                },
                {
                    "address": "0x101b3f85ec98c367f5701296964b3926eadc31fe",
                    "balance": 82282353460505.8,
                    "percentage_of_supply": 8.228235346050582
                },
                {
                    "address": "0x3c75c93d0d90cc735ca43612d16fabbcf03071ca",