{
    "token_address": "0x640b653ed91E49EBfF4D356e67762AA3Da269856",
    "chain": "bsc",
    "token_name": "Walken",
    "analyses": {
        "contract": {
            "contract_name": null,
            "compiler_version": null,
            "license_type": null,
            "implementation": null,
            "source_code": null,
            "abi": null,
            "verified": false,
            "owner": "0x757d0e298f926d36d44d7cc2d2e55fcaf86c9746",
            "creator": "0x757d0e298f926d36d44d7cc2d2e55fcaf86c9746",
            "is_hidden_owner": false,
            "is_proxy": null,
            "is_sellable": true,
            "is_hardcoded_owner": null,
            "code_analysis": {
                "total_matches": 0,
                "patterns_found": {}
            }
        },
        "holder": {
            "total_holders": 41,
            "holders_list": {
                "0x757d0e298f926d36d44d7cc2d2e55fcaf86c9746": {
                    "balance": 505347458.1204432,
                    "percentage_of_total_supply": 50.53474581204432,
                    "percentage_of_circulating_supply": 52.98020969674575
                },
                "0xd678c7c63c918eb6fbe312d1476eb9bf3054de69": {
                    "balance": 229114679.0,
                    "percentage_of_total_supply": 22.911467899999998,
                    "percentage_of_circulating_supply": 24.02019351827732
                },
                "0xa0c366a8b05cf673769bf85be33fe2f6256fa22f": {
                    "balance": 50169265.87601835,
                    "percentage_of_total_supply": 5.016926587601835,
                    "percentage_of_circulating_supply": 5.259704355354148
                },
                "0x156d38208bf1ebaf174df646a3c4a357f8ae40f6": {
                    "balance": 25427362.263201755,
                    "percentage_of_total_supply": 2.5427362263201756,
                    "percentage_of_circulating_supply": 2.665783636767543
                },
                "0x039c1c71491cae8c665471443075cc14f6dea370": {
                    "balance": 23122703.342465047,
                    "percentage_of_total_supply": 2.3122703342465045,
                    "percentage_of_circulating_supply": 2.4241651009699305
                },
                "0xb169f82575d22c4f27205cd7b67f21b51fbcb215": {
                    "balance": 13496678.690910952,
                    "percentage_of_total_supply": 1.3496678690910953,
                    "percentage_of_circulating_supply": 1.4149806351329017
                },
                "0x9f6bc97083ccd5b6a71b16bdd7f67ec1529138c2": {
                    "balance": 10956917.237452324,
                    "percentage_of_total_supply": 1.0956917237452324,
                    "percentage_of_circulating_supply": 1.1487141441834607
                },
                "0x9b69b82b91d9d610d53b41fc69146d6f96101be8": {
                    "balance": 9807024.62351869,
                    "percentage_of_total_supply": 0.9807024623518691,
                    "percentage_of_circulating_supply": 1.0281603532501282
                },
                "0xe18830cc4e6cfe2d8837c8d20afe1ab546fdac1a": {
                    "balance": 6625959.11105112,
                    "percentage_of_total_supply": 0.6625959111051121,
                    "percentage_of_circulating_supply": 0.6946600749733747
                },
                "0x7226b62a23a7c48ac39c255bf579b57c09d475a2": {
                    "balance": 5552953.57609632,
                    "percentage_of_total_supply": 0.555295357609632,
                    "percentage_of_circulating_supply": 0.5821670618312662
                },
                "0x5a1f224b4719312ca3b484de14e802580bcfb2b2": {
                    "balance": 3950834.949083058,
                    "percentage_of_total_supply": 0.3950834949083058,
                    "percentage_of_circulating_supply": 0.41420226957936807
                },
                "0x31518da8efe4a908c9d1fdfeb07f8e90ad9e6e3f": {
                    "balance": 2933178.325915452,
                    "percentage_of_total_supply": 0.2933178325915452,
                    "percentage_of_circulating_supply": 0.307511990587499
                },
                "0xb9b965dde6f39b267d564d6623946a4ff93d9c5d": {
                    "balance": 2610739.280870257,
                    "percentage_of_total_supply": 0.26107392808702573,
                    "percentage_of_circulating_supply": 0.27370774769202694
                },
                "0x8d1a7e62f84998ed0e52c3a461eed559fa60ef7c": {
                    "balance": 2579402.291643307,
                    "percentage_of_total_supply": 0.2579402291643307,
                    "percentage_of_circulating_supply": 0.27042240365035813
                },
                "0xf6d6c43ddb54355136bcacfcff528fc038dd0f3a": {
                    "balance": 2441419.251469183,
                    "percentage_of_total_supply": 0.2441419251469183,
                    "percentage_of_circulating_supply": 0.2559563758005114
                },
                "0x297c2647987d9c71b4ea9932a56fca635f667b21": {
                    "balance": 2417371.497133339,
                    "percentage_of_total_supply": 0.2417371497133339,
                    "percentage_of_circulating_supply": 0.25343522911821187
                },
                "0x1babc10e57c050bd1e4e6a59635d84c0bd808072": {
                    "balance": 1781286.77789882,
                    "percentage_of_total_supply": 0.178128677789882,
                    "percentage_of_circulating_supply": 0.18674863305758915
                },
                "0x2dfdd82ce244a1c7a274e739d125183686ddd0a5": {
                    "balance": 1746465.732764799,
                    "percentage_of_total_supply": 0.1746465732764799,
                    "percentage_of_circulating_supply": 0.18309802347518064
                },
                "0x56edbe904d9ebb7bd249cc31bfda08d4f971e4fe": {
                    "balance": 1607682.896141336,
                    "percentage_of_total_supply": 0.1607682896141336,
                    "percentage_of_circulating_supply": 0.16854814562684317
                },
                "0x362fe2240fbb30c1606ce4784e169f3717e71405": {
                    "balance": 1391525.156994431,
                    "percentage_of_total_supply": 0.1391525156994431,
                    "percentage_of_circulating_supply": 0.14588634697018896
                },
                "0xadcdc43983e6a1a54d9b41e68bda68c7cd3f95cc": {
                    "balance": 1204259.579146046,
                    "percentage_of_total_supply": 0.1204259579146046,
                    "percentage_of_circulating_supply": 0.12625357861652867
                },
                "0x40ac3afe94bd2be380978fab3a4692f2afe39eaa": {
                    "balance": 663668.696538222,
                    "percentage_of_total_supply": 0.0663668696538222,
                    "percentage_of_circulating_supply": 0.06957847743518414
                },
                "0xfb638743cc3500082c39ead911867cf6cc201539": {
                    "balance": 599227.507669012,
                    "percentage_of_total_supply": 0.0599227507669012,
                    "percentage_of_circulating_supply": 0.06282251647300466
                },
                "0x906f4caecf6d6a38163ef4cf7835886963dafc78": {
                    "balance": 557078.318416995,
                    "percentage_of_total_supply": 0.05570783184169951,
                    "percentage_of_circulating_supply": 0.058403630320049166
                },
                "0x051eea227d2d8f51153918f8e611ad97d2db69d4": {
                    "balance": 504935.696084311,
                    "percentage_of_total_supply": 0.050493569608431106,
                    "percentage_of_circulating_supply": 0.05293704090531543
                },
                "0xc3503b0e6278fe67baa281f0d86309dbaf8df96c": {
                    "balance": 272484.108301909,