{
    "token_address": "0x9f01DD3C8878dFD03A32E50DECa67188e74B7645",
    "chain": "bsc",
    "token_name": "SHIBA TRON",
    "analyses": {
        "contract": {
            "contract_name": null,
            "compiler_version": null,
            "license_type": null,
            "implementation": null,
            "source_code": null,
            "abi": null,
            "verified": false,
            "owner": "0x351f76e5ac5d6005eaa7dc3c3b6f3805656e5d13",
            "creator": "0x351f76e5ac5d6005eaa7dc3c3b6f3805656e5d13",
            "is_hidden_owner": false,
            "is_proxy": null,
            "is_sellable": true,
            "is_hardcoded_owner": null,
            "code_analysis": null
        },
        "holder": {
            "total_holders": 14,
            "holders_list": {
                "0xc0631c2db4c71916b7849a67b01a6c908866e140": {
                    "balance": 2.1395217363897238e+32,
                    "percentage_of_total_supply": 21.3952,
                    "percentage_of_circulating_supply": 21.3952
                },
                "0x7ef231fc849409753b4bf01ef466b3c9a3e9da4f": {
                    "balance": 6.830430158663118e+31,
                    "percentage_of_total_supply": 6.8304,
                    "percentage_of_circulating_supply": 6.8304
                },
                "0xf27a670c0e3e0d7496a807f80182a3004a57185b": {
                    "balance": 3.66188452880658e+31,
                    "percentage_of_total_supply": 3.6619,
                    "percentage_of_circulating_supply": 3.6619
                },
                "0xc56fa53912becffa63f2da2a6e251d72d4a7dac9": {
                    "balance": 2.990979050456532e+31,
                    "percentage_of_total_supply": 2.991,
                    "percentage_of_circulating_supply": 2.991
                },
                "0xb8e720cdc07e278bf404ecb94e9dec043504d07b": {
                    "balance": 1.8236580450358004e+31,
                    "percentage_of_total_supply": 1.8237,
                    "percentage_of_circulating_supply": 1.8237
                },
                "0xcfecc18d46d39f7c7bd89e222a95b1cd0aef64d5": {
                    "balance": 1.7404157319866479e+31,
                    "percentage_of_total_supply": 1.7404,
                    "percentage_of_circulating_supply": 1.7404
                },
                "0x8487e0d0abc3f126011b8b52a8df6466ae541013": {
                    "balance": 1.4535584756938142e+31,
                    "percentage_of_total_supply": 1.4536,
                    "percentage_of_circulating_supply": 1.4536
                },
                "0x3dd18b3909f4cfdc5827971afcd43dc5227c1af0": {
                    "balance": 1.163908224468023e+31,
                    "percentage_of_total_supply": 1.1639,
                    "percentage_of_circulating_supply": 1.1639
                },
                "0x80969dc6469e8cc0209814a42456d1b533b70274": {
                    "balance": 7.728693007246184e+30,
                    "percentage_of_total_supply": 0.7729,
                    "percentage_of_circulating_supply": 0.7729
                },
                "0x92b00b3d101a36ea7e83f18df3d7aa9a9433401a": {
                    "balance": 7.093358597847545e+30,
                    "percentage_of_total_supply": 0.7093,
                    "percentage_of_circulating_supply": 0.7093
                },
                "0xe92ca6d620c124379f9bd73c381f96a944ab2b57": {
                    "balance": 2.60798808508503e+30,
                    "percentage_of_total_supply": 0.2608,
                    "percentage_of_circulating_supply": 0.2608
                },
                "0x33631e0312c245963da411c20734cf34f0ce73ed": {
                    "balance": 1.703832533258433e+30,
                    "percentage_of_total_supply": 0.1704,
                    "percentage_of_circulating_supply": 0.1704
                },
                "0x9d1bbeef9407dd8ee773855cde9a53765f45767f": {
                    "balance": 1.2329577035161462e+29,
                    "percentage_of_total_supply": 0.0123,
                    "percentage_of_circulating_supply": 0.0123
                }
            },
            "total_supply": 1e+33,
            "total_circulating_supply": 1e+33,
            "owner": {
                "address": "0x351f76e5ac5d6005eaa7dc3c3b6f3805656e5d13",
                "balance": 5.701423162161336e+32,
                "percentage_of_supply": 57.0142,
                "exceeds_5_percent": true
            },
            "creator": {},
            "holders_exceeding_5_percent": [
                {
                    "address": "0x351f76e5ac5d6005eaa7dc3c3b6f3805656e5d13",
                    "balance": 5.701423162161336e+32,
                    "percentage_of_supply": 57.0142
                },
                {
                    "address": "0xc0631c2db4c71916b7849a67b01a6c908866e140",
                    "balance": 2.1395217363897238e+32,
                    "percentage_of_supply": 21.3952
                },
                {
                    "address": "0x7ef231fc849409753b4bf01ef466b3c9a3e9da4f",
                    "balance": 6.830430158663118e+31,
                    "percentage_of_supply": 6.8304
                }
            ],
            "howmany_holders_exceeding_5_percent": 3,
            "top_10_holders": [
                {
                    "address": "0x351f76e5ac5d6005eaa7dc3c3b6f3805656e5d13",
                    "balance": 5.701423162161336e+32,
                    "percentage_of_total_supply": 57.0142,
                    "percentage_of_circulating_supply": 57.0142
                },
                {
                    "address": "0xc0631c2db4c71916b7849a67b01a6c908866e140",
                    "balance": 2.1395217363897238e+32,
                    "percentage_of_total_supply": 21.3952,
                    "percentage_of_circulating_supply": 21.3952
                },
                {
                    "address": "0x7ef231fc849409753b4bf01ef466b3c9a3e9da4f",
                    "balance": 6.830430158663118e+31,
                    "percentage_of_total_supply": 6.8304,
                    "percentage_of_circulating_supply": 6.8304
                },
                {
                    "address": "0xf27a670c0e3e0d7496a807f80182a3004a57185b",
                    "balance": 3.66188452880658e+31,
                    "percentage_of_total_supply": 3.6619,
                    "percentage_of_circulating_supply": 3.6619
                },
                {
                    "address": "0xc56fa53912becffa63f2da2a6e251d72d4a7dac9",
                    "balance": 2.990979050456532e+31,
                    "percentage_of_total_supply": 2.991,
                    "percentage_of_circulating_supply": 2.991
                },
                {
                    "address": "0xb8e720cdc07e278bf404ecb94e9dec043504d07b",
                    "balance": 1.8236580450358004e+31,
                    "percentage_of_total_supply": 1.8237,
                    "percentage_of_circulating_supply": 1.8237
                },
                {
                    "address": "0xcfecc18d46d39f7c7bd89e222a95b1cd0aef64d5",
                    "balance": 1.7404157319866479e+31,
                    "percentage_of_total_supply": 1.7404,
                    "percentage_of_circulating_supply": 1.7404
                },
                {
                    "address": "0x8487e0d0abc3f126011b8b52a8df6466ae541013",
                    "balance": 1.4535584756938142e+31,
                    "percentage_of_total_supply": 1.4536,
                    "percentage_of_circulating_supply": 1.4536
                },
                {
                    "address": "0x3dd18b3909f4cfdc5827971afcd43dc5227c1af0",
                    "balance": 1.163908224468023e+31,
                    "percentage_of_total_supply": 1.1639,