{
    "token_address": "0x4A46E9569CB328e6c5d7423008dc59487A0E0473",
    "chain": "bsc",
    "token_name": "Space Doge",
    "analyses": {
        "contract": {
            "contract_name": null,
            "compiler_version": null,
            "license_type": null,
            "implementation": null,
            "source_code": null,
            "abi": null,
            "verified": false,
            "owner": "0x2146c48274f54bf86f74195f5c52915f61d14578",
            "creator": "0x2146c48274f54bf86f74195f5c52915f61d14578",
            "is_hidden_owner": false,
            "is_proxy": null,
            "is_sellable": true,
            "is_hardcoded_owner": null,
            "code_analysis": {
                "total_matches": 0,
                "patterns_found": {}
            }
        },
        "holder": {
            "total_holders": 28,
            "holders_list": {
                "0x2146c48274f54bf86f74195f5c52915f61d14578": {
                    "balance": 533065261163317.44,
                    "percentage_of_total_supply": 53.306526116331746,
                    "percentage_of_circulating_supply": 60.801465074769126
                },
                "0xbca855631b288c1adfcb40121714d577601b5c32": {
                    "balance": 72314416222893.52,
                    "percentage_of_total_supply": 7.231441622289353,
                    "percentage_of_circulating_supply": 8.248187928778773
                },
                "0xa2095ff98617d3cfdcf5ea25092f48d0f2c9d92b": {
                    "balance": 45343897437798.66,
                    "percentage_of_total_supply": 4.534389743779866,
                    "percentage_of_circulating_supply": 5.1719284621954795
                },
                "0x30d7ba9efe480fe37dc4070cedab4a2fdf12dd93": {
                    "balance": 41938025215068.08,
                    "percentage_of_total_supply": 4.193802521506808,
                    "percentage_of_circulating_supply": 4.783454412043421
                },
                "0xf5485435cd73555ed03c7914d15fc842dd74c72c": {
                    "balance": 35746761962523.8,
                    "percentage_of_total_supply": 3.57467619625238,
                    "percentage_of_circulating_supply": 4.077278444776737
                },
                "0x898eae0e311f9ab127dd3f4db12ce89d1078d8d3": {
                    "balance": 6211376400011.628,
                    "percentage_of_total_supply": 0.6211376400011628,
                    "percentage_of_circulating_supply": 0.7084700744283665
                },
                "0x54fd29da575a43bb151e51eada2fe22d6c481072": {
                    "balance": 4806707669622.149,
                    "percentage_of_total_supply": 0.4806707669622149,
                    "percentage_of_circulating_supply": 0.5482534499835221
                },
                "0x56222ead24db8d9a67047c7c4cab43447fba8406": {
                    "balance": 3877992130467.6357,
                    "percentage_of_total_supply": 0.38779921304676357,
                    "percentage_of_circulating_supply": 0.4423240834833133
                },
                "0xcdbff8356b67c0b745e8d8a9beef0804f5d16886": {
                    "balance": 3872409626805.369,
                    "percentage_of_total_supply": 0.3872409626805369,
                    "percentage_of_circulating_supply": 0.4416873426821771
                },
                "0x5e3773713f0a20806168d633652b905ee7253f83": {
                    "balance": 2335445924528.336,
                    "percentage_of_total_supply": 0.2335445924528336,
                    "percentage_of_circulating_supply": 0.2663811434726316
                },
                "0xf809a4156b5abd7b74a94d8a99c93ccbdadb7d07": {
                    "balance": 1179923842827.682,
                    "percentage_of_total_supply": 0.11799238428276818,
                    "percentage_of_circulating_supply": 0.13458220512065042
                },
                "0xfc2f16404c4631d7db635b195e908a18fcdb3ddd": {
                    "balance": 1084008253774.7296,
                    "percentage_of_total_supply": 0.10840082537747295,
                    "percentage_of_circulating_supply": 0.12364206558651133
                },
                "0x688a80821c22b53bd242870f8c761876f43bdf1b": {
                    "balance": 871621990424.5856,
                    "percentage_of_total_supply": 0.08716219904245856,
                    "percentage_of_circulating_supply": 0.09941727189940561
                },
                "0x08a98377775bee43fbbc70f6286bad83e6f89470": {
                    "balance": 163885076415.94986,
                    "percentage_of_total_supply": 0.016388507641594986,
                    "percentage_of_circulating_supply": 0.018692744539823603
                },
                "0xf78724f40915ce321e34989a6b0608c1b0736859": {
                    "balance": 130963392555.00294,
                    "percentage_of_total_supply": 0.013096339255500293,
                    "percentage_of_circulating_supply": 0.014937694722648047
                },
                "0x96ef454874cd50417e21de73f62ef18a5cae9f6b": {
                    "balance": 118261717842.93268,
                    "percentage_of_total_supply": 0.011826171784293267,
                    "percentage_of_circulating_supply": 0.013488940718848106
                },
                "0xfdb7149e27d7e43dd668d72dc9dc1ae69c8297f0": {
                    "balance": 111031815975.1299,
                    "percentage_of_total_supply": 0.011103181597512989,
                    "percentage_of_circulating_supply": 0.012664297550486509
                },
                "0xa9c1d49cac6b3c92efba55f82317da309152cb9a": {
                    "balance": 92312184206.7396,
                    "percentage_of_total_supply": 0.009231218420673959,
                    "percentage_of_circulating_supply": 0.010529134897616485
                },
                "0xd1ce214fd6adf0a15374392ad03447e6e499215d": {
                    "balance": 64000768009.21612,
                    "percentage_of_total_supply": 0.006400076800921611,
                    "percentage_of_circulating_supply": 0.007299932568066087
                },
                "0xb2ad7ccbcdeb8dd2bf300ef765b4c8b2e7fd21c1": {
                    "balance": 62809136429.29388,
                    "percentage_of_total_supply": 0.006280913642929388,
                    "percentage_of_circulating_supply": 0.007164014977543458
                },
                "0x24da4656291a998b8093b7a022a2c7b7b0f1b550": {
                    "balance": 36806624713.28469,
                    "percentage_of_total_supply": 0.0036806624713284697,
                    "percentage_of_circulating_supply": 0.004198166472414866
                },
                "0x3dbba6fc0732dde0fedf9fad966c0b6e8be1faaf": {
                    "balance": 21740316374.288548,
                    "percentage_of_total_supply": 0.002174031637428855,
                    "percentage_of_circulating_supply": 0.0024797021735407324
                },
                "0x680516bef1f77085a21253b20b657d05d8270f10": {
                    "balance": 6706085332.159968,
                    "percentage_of_total_supply": 0.0006706085332159969,
                    "percentage_of_circulating_supply": 0.0007648966136377529
                },
                "0x579ba46fee9ed0d4fe5f9884ac8711c84171dff3": {
                    "balance": 2493106587.4136386,
                    "percentage_of_total_supply": 0.00024931065874136385,
                    "percentage_of_circulating_supply": 0.0002843639309218944
                },
                "0x0982aab1eba7f06846ded964742762add8df7a53": {
                    "balance": 1612859529.0958946,
                    "percentage_of_total_supply": 0.00016128595290958945,
                    "percentage_of_circulating_supply": 0.00018396288310895627
                },