{
    "token_address": "0x9b22aFc9899775693C64d01922A6687e5de30e7e",
    "chain": "bsc",
    "token_name": "Flixxo",
    "analyses": {
        "contract": {
            "contract_name": null,
            "compiler_version": null,
            "license_type": null,
            "implementation": null,
            "source_code": null,
            "abi": null,
            "verified": false,
            "owner": "0x3386f8f6fdd80998781a4daf78f78687b2ff2789",
            "creator": "0x3386f8f6fdd80998781a4daf78f78687b2ff2789",
            "is_hidden_owner": false,
            "is_proxy": null,
            "is_sellable": true,
            "is_hardcoded_owner": null,
            "code_analysis": {
                "total_matches": 0,
                "patterns_found": {}
            }
        },
        "holder": {
            "total_holders": 2,
            "holders_list": {
                "0x3386f8f6fdd80998781a4daf78f78687b2ff2789": {
                    "balance": 1000000.0,
                    "percentage_of_total_supply": 100.0,
                    "percentage_of_circulating_supply": 99.9999996751161
                },
                "0xcd52316f9365f3b931c97d5bfa3cb8152c70c168": {
                    "balance": 0.006497678,
                    "percentage_of_total_supply": 6.497678e-07,
                    "percentage_of_circulating_supply": 6.49767797889009e-07
                }
            },
            "total_supply": 1000000.0,
            "total_circulating_supply": 1000000.003248839,
            "owner": {
                "address": "0x3386f8f6fdd80998781a4daf78f78687b2ff2789",
                "balance": 1000000.0,
                "percentage_of_circulating_supply": 98.75322530251337,
                "exceeds_5_percent": true
            },
            "creator": {
                "address": "0x3386f8f6fdd80998781a4daf78f78687b2ff2789",
                "balance": 1000000.0,
                "percentage_of_circulating_supply": 98.75322530251337,
                "exceeds_5_percent": true
            },
            "holders_exceeding_5_percent_circulating": [],
            "howmany_holders_exceeding_5_percent_circulating": 0,
            "top_10_holders": [
                {
                    "address": "0x3386f8f6fdd80998781a4daf78f78687b2ff2789",
                    "balance": 1000000.0,
                    "percentage_of_total_supply": 100.0,
                    "percentage_of_circulating_supply": 99.9999996751161
                },
                {
                    "address": "0xcd52316f9365f3b931c97d5bfa3cb8152c70c168",
                    "balance": 0.006497678,
                    "percentage_of_total_supply": 6.497678e-07,
                    "percentage_of_circulating_supply": 6.49767797889009e-07
                }
            ],
            "total_top_10_balance": 1000000.006497678,
            "top10_percentage_of_total_supply": 100.0000006497678,
            "top10_percentage_of_circulating_supply": 100.0000003248839,
            "top_10_less_than_70_percent_of_total": false,
            "top_10_less_than_70_percent_of_circulating": false
        },
        "liquidity": {
            "price_usd": 147.0848185158965,
            "liquidity_usd": 1.911419578809467e-09,
            "market_cap_usd": 147084818.9937514,
            "liquidity_to_market_cap_ratio": 1.299535595778018e-17,
            "token_volume": 0.0,
            "volume_usd": 0.0,
            "volume_to_liquidity_ratio": 0.0,
            "locked_liquidity_percent": 0.0,
            "locked_95_for_15_days": false,
            "creator_under_5_percent": false,
            "creator_percent_of_lp": 98.7532,
            "owner_under_5_percent": true,
            "owner_percent_of_lp": 0.0,
            "total_lp_supply": 2.271433527e-09,
            "lp_holders_count": 2,
            "lp_holders": [
                {
                    "address": "0x0ed943ce24baebf257488771759f9bf482c39706",
                    "balance": 2.271432527e-09,
                    "is_locked": false,
                    "percent": 99.99995597493881,
                    "tag": ""
                },
                {
                    "address": "0x0000000000000000000000000000000000000000",
                    "balance": 1e-15,
                    "is_locked": true,
                    "percent": 4.4025061183299996e-05,
                    "tag": "Null Address"
                }
            ],
            "error": "Liquidity pool info could not be retrieved."
        },
        "security": {
            "warnings": null,
            "homany_warnings": 0,
            "suspicious_urls": null,
            "howmany_suspicious_urls": 0,
            "suspicious_addresses": null,
            "howmany_suspicious_addresses": 0,
            "error": "Security analysis data not available."
        },
        "lifecycle": {
            "token_age_seconds": 78066968.788355,
            "token_creation_date": "2023-03-06T13:28:38",
            "creation_to_first_trade_seconds": 0.0,
            "creation_to_first_trade_blocks": 0,
            "last_tx_hash": "0x426526fa5da28a87515cc4b89cde2e61aa781fd792b43840b1c12d08f76638f8",
            "last_active_age": "2023-05-10T17:50:56",
            "inactive_days": 838.3707589218866
        }
    },
    "errors": []
}