{
    "token_address": "0xe3fCFeAFB5E81FDE8D192244E2851d66D93dcdC3",
    "chain": "bsc",
    "token_name": "UnitySynergy",
    "analyses": {
        "contract": {
            "contract_name": null,
            "compiler_version": null,
            "license_type": null,
            "implementation": null,
            "source_code": null,
            "abi": null,
            "verified": false,
            "owner": "0x365502d9bf95dc9be734391ff169faea86fd2e9f",
            "creator": "0x365502d9bf95dc9be734391ff169faea86fd2e9f",
            "is_hidden_owner": false,
            "is_proxy": null,
            "is_sellable": true,
            "is_hardcoded_owner": null,
            "code_analysis": null
        },
        "holder": {
            "total_holders": 46,
            "holders_list": {
                "0xc3980c35ba7688a3d69a50730610d750dbda067c": {
                    "balance": 9.438903715199248e+22,
                    "percentage_of_total_supply": 0.0094,
                    "percentage_of_circulating_supply": 0.0094
                },
                "0xed1666b1cca19b8ccbc8a0ad68d9d1c7d3876841": {
                    "balance": 3.1916914406849117e+22,
                    "percentage_of_total_supply": 0.0032,
                    "percentage_of_circulating_supply": 0.0032
                },
                "0xa6989599ebdb816274740be4e78608da8d15b836": {
                    "balance": 2.1564705028377732e+22,
                    "percentage_of_total_supply": 0.0022,
                    "percentage_of_circulating_supply": 0.0022
                },
                "0xa0c5cf3b56d78ab618e405e3bfe98e62a0fb2198": {
                    "balance": 1.3871029651591546e+22,
                    "percentage_of_total_supply": 0.0014,
                    "percentage_of_circulating_supply": 0.0014
                },
                "0xb64de905ab0c2879fb514e0f47e15b5dfe210452": {
                    "balance": 4.980158254246428e+21,
                    "percentage_of_total_supply": 0.0005,
                    "percentage_of_circulating_supply": 0.0005
                },
                "0x3975a69655e4ea96046760f4c8510cbe151076a7": {
                    "balance": 4.902778604290088e+21,
                    "percentage_of_total_supply": 0.0005,
                    "percentage_of_circulating_supply": 0.0005
                },
                "0xc8d3774e58568f00defedcc3a899ef23c417122b": {
                    "balance": 4.865651310493119e+21,
                    "percentage_of_total_supply": 0.0005,
                    "percentage_of_circulating_supply": 0.0005
                },
                "0x513a53792d46c9b33261fe7871337c5be1cd4d43": {
                    "balance": 2.9884519931492104e+21,
                    "percentage_of_total_supply": 0.0003,
                    "percentage_of_circulating_supply": 0.0003
                },
                "0xa0d4ac0026d500055a3fefb0a1cc6a8e36a30858": {
                    "balance": 2.103215104030375e+21,
                    "percentage_of_total_supply": 0.0002,
                    "percentage_of_circulating_supply": 0.0002
                },
                "0x13654bf2b09d369bcff39f5c18f940cdb362bc74": {
                    "balance": 1.7144288652439378e+21,
                    "percentage_of_total_supply": 0.0002,
                    "percentage_of_circulating_supply": 0.0002
                },
                "0x2a78ed83611de1efa6ed7ea070b2df7449d460ad": {
                    "balance": 1.7138514882183438e+21,
                    "percentage_of_total_supply": 0.0002,
                    "percentage_of_circulating_supply": 0.0002
                },
                "0x867e3c40b376d82d5924fdc0bf8859cee81f107c": {
                    "balance": 1.6999636615691648e+21,
                    "percentage_of_total_supply": 0.0002,
                    "percentage_of_circulating_supply": 0.0002
                },
                "0x35ae2a9eeaa10d034541e22bec09e32df279bfb5": {
                    "balance": 1.6620690267313306e+21,
                    "percentage_of_total_supply": 0.0002,
                    "percentage_of_circulating_supply": 0.0002
                },
                "0x43459ced712839ed6cafae5febfc90c841432e25": {
                    "balance": 1.6046767012272792e+21,
                    "percentage_of_total_supply": 0.0002,
                    "percentage_of_circulating_supply": 0.0002
                },
                "0x843ddd7ef08be571ee00552e6722be7bb9139437": {
                    "balance": 1.5950111032731312e+21,
                    "percentage_of_total_supply": 0.0002,
                    "percentage_of_circulating_supply": 0.0002
                },
                "0x49d44451edec8e7e0ff75956eda48ed674c9c463": {
                    "balance": 1.4807955692991435e+21,
                    "percentage_of_total_supply": 0.0001,
                    "percentage_of_circulating_supply": 0.0001
                },
                "0xb8ea1fdae9ba4ccf20a0f972b45e31d73b747ca9": {
                    "balance": 1.3873908746378003e+21,
                    "percentage_of_total_supply": 0.0001,
                    "percentage_of_circulating_supply": 0.0001
                },
                "0xe75de7b30fca9d16471c64dde50221548af03f2a": {
                    "balance": 1.3652275403152422e+21,
                    "percentage_of_total_supply": 0.0001,
                    "percentage_of_circulating_supply": 0.0001
                },
                "0xd93b04070f14ebf3fef8764380bc8e121a71134d": {
                    "balance": 1.1684596508486128e+21,
                    "percentage_of_total_supply": 0.0001,
                    "percentage_of_circulating_supply": 0.0001
                },
                "0x1ce871963e4282e346975a6af2a3e3f926e80573": {
                    "balance": 1.0023354941807991e+21,
                    "percentage_of_total_supply": 0.0001,
                    "percentage_of_circulating_supply": 0.0001
                },
                "0x6948ac51d270e42b5ebd4a5a9a3b0463d721ad3c": {
                    "balance": 9.425541777795212e+20,
                    "percentage_of_total_supply": 0.0001,
                    "percentage_of_circulating_supply": 0.0001
                },
                "0x3bd6f082a05655e9dfd3ce9cce4c05daf7d634dc": {
                    "balance": 7.840427243867511e+20,
                    "percentage_of_total_supply": 0.0001,
                    "percentage_of_circulating_supply": 0.0001
                },
                "0xda07365e866e196393aaeae165ca9f5e1f358321": {
                    "balance": 5.8930326484616013e+20,
                    "percentage_of_total_supply": 0.0001,
                    "percentage_of_circulating_supply": 0.0001
                },
                "0x6e78480178fcfd264d77bef33eed3e92eef9e234": {
                    "balance": 5.233824635933142e+20,
                    "percentage_of_total_supply": 0.0001,
                    "percentage_of_circulating_supply": 0.0001
                },
                "0x1ab88f9436d6efead048e3befded6cc9b5867de2": {
                    "balance": 4.9548724426071e+20,
                    "percentage_of_total_supply": 0.0,
                    "percentage_of_circulating_supply": 0.0
                },
                "0x9bc421e92acd6cb48fa14ec096c677c69952f717": {
                    "balance": 4.505102352145385e+20,
                    "percentage_of_total_supply": 0.0,
                    "percentage_of_circulating_supply": 0.0
                },
                "0xdb0debde2a5c153127191241f76ca3b1f68dc02a": {
                    "balance": 4.354202762010645e+20,
                    "percentage_of_total_supply": 0.0,
                    "percentage_of_circulating_supply": 0.0
                },
                "0xbaba2cf5292340b87d4eb87c293d2ff4b02843b7": {
                    "balance": 4.3073397916380706e+20,
                    "percentage_of_total_supply": 0.0,