{
    "token_address": "0x49B708b15Dd277e4a39deA369c12e39CF67469cf",
    "chain": "bsc",
    "token_name": "BOONTK",
    "analyses": {
        "contract": {
            "contract_name": null,
            "compiler_version": null,
            "license_type": null,
            "implementation": null,
            "source_code": null,
            "abi": null,
            "verified": false,
            "owner": "0x6fbe515cf3d13edacecbbd49b7aaf3c38e456066",
            "creator": "0x6fbe515cf3d13edacecbbd49b7aaf3c38e456066",
            "is_hidden_owner": false,
            "is_proxy": null,
            "is_sellable": true,
            "is_hardcoded_owner": null,
            "code_analysis": {
                "total_matches": 0,
                "patterns_found": {}
            }
        },
        "holder": {
            "total_holders": 9,
            "holders_list": {
                "0x6fbe515cf3d13edacecbbd49b7aaf3c38e456066": {
                    "balance": 770009091.143808,
                    "percentage_of_total_supply": 77.0009091143808,
                    "percentage_of_circulating_supply": 77.6183834858209
                },
                "0xc6135c92e847b4035c73540b141db91b7142d9d5": {
                    "balance": 212236273.5517284,
                    "percentage_of_total_supply": 21.223627355172837,
                    "percentage_of_circulating_supply": 21.393820747842362
                },
                "0xf0858c046bf6a9fd504ea149352cff0c92a45342": {
                    "balance": 1784563.349293318,
                    "percentage_of_total_supply": 0.1784563349293318,
                    "percentage_of_circulating_supply": 0.17988738573778792
                },
                "0xa507bf22a15e6a7c690dd5bafcd5f09e3d531747": {
                    "balance": 30864.360697513,
                    "percentage_of_total_supply": 0.0030864360697512995,
                    "percentage_of_circulating_supply": 0.0031111863641839115
                },
                "0xcd85da204a0c18a06fffee9ead91d93425a960a9": {
                    "balance": 27203.185731656,
                    "percentage_of_total_supply": 0.0027203185731656003,
                    "percentage_of_circulating_supply": 0.002742132951987895
                },
                "0xd0f6cc4b71a2d2b55762d16a75dac0fabfb82595": {
                    "balance": 947.762523926,
                    "percentage_of_total_supply": 9.47762523926e-05,
                    "percentage_of_circulating_supply": 9.553626818392835e-05
                },
                "0x0ed943ce24baebf257488771759f9bf482c39706": {
                    "balance": 537.587602683,
                    "percentage_of_total_supply": 5.37587602683e-05,
                    "percentage_of_circulating_supply": 5.4189854616247994e-05
                },
                "0x81c643f9c2c501314402461fb654b8d9dc09f84c": {
                    "balance": 0.346177328,
                    "percentage_of_total_supply": 3.46177328e-08,
                    "percentage_of_circulating_supply": 3.489533423415461e-08
                },
                "0xff8a5c1d47d773d75e0f0ed1ba3bc62f8542e44e": {
                    "balance": 1.223e-06,
                    "percentage_of_total_supply": 1.223e-13,
                    "percentage_of_circulating_supply": 1.2328073018222352e-13
                }
            },
            "total_supply": 1000000000.0,
            "total_circulating_supply": 992044740.643782,
            "owner": {
                "address": "0x6fbe515cf3d13edacecbbd49b7aaf3c38e456066",
                "balance": 770009091.143808,
                "percentage_of_circulating_supply": 77.62996138360275,
                "exceeds_5_percent": true
            },
            "creator": {
                "address": "0x6fbe515cf3d13edacecbbd49b7aaf3c38e456066",
                "balance": 770009091.143808,
                "percentage_of_circulating_supply": 77.62996138360275,
                "exceeds_5_percent": true
            },
            "holders_exceeding_5_percent_circulating": [
                {
                    "address": "0xc6135c92e847b4035c73540b141db91b7142d9d5",
                    "balance": 212236273.5517284,
                    "percentage_of_supply": 21.393820747842362
                }
            ],
            "howmany_holders_exceeding_5_percent_circulating": 1,
            "top_10_holders": [
                {
                    "address": "0x6fbe515cf3d13edacecbbd49b7aaf3c38e456066",
                    "balance": 770009091.143808,
                    "percentage_of_total_supply": 77.0009091143808,
                    "percentage_of_circulating_supply": 77.6183834858209
                },
                {
                    "address": "0xc6135c92e847b4035c73540b141db91b7142d9d5",
                    "balance": 212236273.5517284,
                    "percentage_of_total_supply": 21.223627355172837,
                    "percentage_of_circulating_supply": 21.393820747842362
                },
                {
                    "address": "0xf0858c046bf6a9fd504ea149352cff0c92a45342",
                    "balance": 1784563.349293318,
                    "percentage_of_total_supply": 0.1784563349293318,
                    "percentage_of_circulating_supply": 0.17988738573778792
                },
                {
                    "address": "0xa507bf22a15e6a7c690dd5bafcd5f09e3d531747",
                    "balance": 30864.360697513,
                    "percentage_of_total_supply": 0.0030864360697512995,
                    "percentage_of_circulating_supply": 0.0031111863641839115
                },
                {
                    "address": "0xcd85da204a0c18a06fffee9ead91d93425a960a9",
                    "balance": 27203.185731656,
                    "percentage_of_total_supply": 0.0027203185731656003,
                    "percentage_of_circulating_supply": 0.002742132951987895
                },
                {
                    "address": "0xd0f6cc4b71a2d2b55762d16a75dac0fabfb82595",
                    "balance": 947.762523926,
                    "percentage_of_total_supply": 9.47762523926e-05,
                    "percentage_of_circulating_supply": 9.553626818392835e-05
                },
                {
                    "address": "0x0ed943ce24baebf257488771759f9bf482c39706",
                    "balance": 537.587602683,
                    "percentage_of_total_supply": 5.37587602683e-05,
                    "percentage_of_circulating_supply": 5.4189854616247994e-05
                },
                {
                    "address": "0x81c643f9c2c501314402461fb654b8d9dc09f84c",
                    "balance": 0.346177328,
                    "percentage_of_total_supply": 3.46177328e-08,
                    "percentage_of_circulating_supply": 3.489533423415461e-08
                },
                {
                    "address": "0xff8a5c1d47d773d75e0f0ed1ba3bc62f8542e44e",
                    "balance": 1.223e-06,
                    "percentage_of_total_supply": 1.223e-13,
                    "percentage_of_circulating_supply": 1.2328073018222352e-13
                }
            ],
            "total_top_10_balance": 984089481.287564,
            "top10_percentage_of_total_supply": 98.4089481287564,
            "top10_percentage_of_circulating_supply": 99.19809469973548,
            "top_10_less_than_70_percent_of_total": false,
            "top_10_less_than_70_percent_of_circulating": false
        },
        "liquidity": {
            "price_usd": 195.87921238915214,
            "liquidity_usd": 1.356178847112424e-07,
            "market_cap_usd": 194320942452.10474,
            "liquidity_to_market_cap_ratio": 6.979066846830924e-19,
            "token_volume": 0.0,
            "volume_usd": 0.0,
            "volume_to_liquidity_ratio": 0.0,
            "locked_liquidity_percent": 0.0,
            "locked_95_for_15_days": false,
            "creator_under_5_percent": false,