{
    "token_address": "0x49eD84B0852FD42B5c6ddD815aA49B43f643aACc",
    "chain": "bsc",
    "token_name": "Innov",
    "analyses": {
        "contract": {
            "contract_name": null,
            "compiler_version": null,
            "license_type": null,
            "implementation": null,
            "source_code": null,
            "abi": null,
            "verified": false,
            "owner": "0x2592437737985dceeac426084319a0a241137642",
            "creator": "0x2592437737985dceeac426084319a0a241137642",
            "is_hidden_owner": false,
            "is_proxy": null,
            "is_sellable": true,
            "is_hardcoded_owner": null,
            "code_analysis": {
                "total_matches": 0,
                "patterns_found": {}
            }
        },
        "holder": {
            "total_holders": 30,
            "holders_list": {
                "0xebf976787f5210c4a50dcc634d682fa429e88cff": {
                    "balance": 9.730140108,
                    "percentage_of_total_supply": 0.0009730140108,
                    "percentage_of_circulating_supply": 0.0009730140108
                },
                "0xfac10b5c3d9d02f2c011162f106805b6e43183e2": {
                    "balance": 23.217625964,
                    "percentage_of_total_supply": 0.0023217625964,
                    "percentage_of_circulating_supply": 0.0023217625964
                },
                "0x3f1cc8fa8afbf109ca80f302c351f41d924c8cb9": {
                    "balance": 886.800891319,
                    "percentage_of_total_supply": 0.08868008913190001,
                    "percentage_of_circulating_supply": 0.08868008913190001
                },
                "0x4b9e1f5e411c10db4a651c3390512198240efbee": {
                    "balance": 60.020110376,
                    "percentage_of_total_supply": 0.0060020110376,
                    "percentage_of_circulating_supply": 0.0060020110376
                },
                "0x0ed943ce24baebf257488771759f9bf482c39706": {
                    "balance": 179.071582479,
                    "percentage_of_total_supply": 0.017907158247900002,
                    "percentage_of_circulating_supply": 0.017907158247900002
                },
                "0xc17744097ba86bc893b150fea184813d719d8c88": {
                    "balance": 93.373878477,
                    "percentage_of_total_supply": 0.0093373878477,
                    "percentage_of_circulating_supply": 0.0093373878477
                },
                "0x8bc22b911e9f53cd08282fc119c63d78e1d55ad1": {
                    "balance": 619.781151734,
                    "percentage_of_total_supply": 0.061978115173399996,
                    "percentage_of_circulating_supply": 0.061978115173399996
                },
                "0xfcc2aab0e376d0ee2d65959ce68316575a65d35b": {
                    "balance": 152.488836017,
                    "percentage_of_total_supply": 0.0152488836017,
                    "percentage_of_circulating_supply": 0.0152488836017
                },
                "0x3380ae5077b5e30b11f2775d70ee9988d833bb60": {
                    "balance": 39.668000139,
                    "percentage_of_total_supply": 0.0039668000139,
                    "percentage_of_circulating_supply": 0.0039668000139
                },
                "0xc0f437eb58114d0f7402dea14b2601c1ae9973dc": {
                    "balance": 103.313218719,
                    "percentage_of_total_supply": 0.010331321871900001,
                    "percentage_of_circulating_supply": 0.010331321871900001
                },
                "0x6517f140d33cf506df3a272cc7c6e024abcf5754": {
                    "balance": 4e-09,
                    "percentage_of_total_supply": 4e-13,
                    "percentage_of_circulating_supply": 4e-13
                },
                "0x049bf43e7702def27d4194e6c531d53443859f27": {
                    "balance": 1.0,
                    "percentage_of_total_supply": 9.999999999999999e-05,
                    "percentage_of_circulating_supply": 9.999999999999999e-05
                },
                "0xc2c49a2c546f4e4921532412bae75d445db40672": {
                    "balance": 1191.25108742,
                    "percentage_of_total_supply": 0.119125108742,
                    "percentage_of_circulating_supply": 0.119125108742
                },
                "0xbbb5e62676b643882e11e1a167930e7460c13b69": {
                    "balance": 158.605093372,
                    "percentage_of_total_supply": 0.0158605093372,
                    "percentage_of_circulating_supply": 0.0158605093372
                },
                "0x2988caea2b34a2ec72c9557f11fe8da62f517932": {
                    "balance": 164.807061405,
                    "percentage_of_total_supply": 0.016480706140500002,
                    "percentage_of_circulating_supply": 0.016480706140500002
                },
                "0xf51bee1c55ddb86a0809dae6f3113708ba623651": {
                    "balance": 8631.077571968,
                    "percentage_of_total_supply": 0.8631077571968,
                    "percentage_of_circulating_supply": 0.8631077571968
                },
                "0x4a655f409676711d92cc17df33966a988adda2ac": {
                    "balance": 4335.840441073,
                    "percentage_of_total_supply": 0.4335840441073,
                    "percentage_of_circulating_supply": 0.4335840441073
                },
                "0xfeb9f47e43b36f8e3ccc0deeeaa6e23a26741d56": {
                    "balance": 2068.460918762,
                    "percentage_of_total_supply": 0.20684609187619998,
                    "percentage_of_circulating_supply": 0.20684609187619998
                },
                "0xca12de281fd7d6fdd0babfd9d79c693d2b15eac9": {
                    "balance": 239.980574536,
                    "percentage_of_total_supply": 0.0239980574536,
                    "percentage_of_circulating_supply": 0.0239980574536
                },
                "0xacbc97d8e40d173be5fcbee757c0f4d955128cc1": {
                    "balance": 1.235344315,
                    "percentage_of_total_supply": 0.0001235344315,
                    "percentage_of_circulating_supply": 0.0001235344315
                },
                "0x81fad2f48ba1bd5d1f1bee4b7fcd3e613bc539af": {
                    "balance": 2.801522072,
                    "percentage_of_total_supply": 0.0002801522072,
                    "percentage_of_circulating_supply": 0.0002801522072
                },
                "0x7f3ad93a147189eb3ad328f7fe7149ad5d1377a2": {
                    "balance": 608.388581919,
                    "percentage_of_total_supply": 0.060838858191900005,
                    "percentage_of_circulating_supply": 0.060838858191900005
                },
                "0x1cb53c66cd08511b0c0c9295d765b5062a9a4f4b": {
                    "balance": 209.845321956,
                    "percentage_of_total_supply": 0.0209845321956,
                    "percentage_of_circulating_supply": 0.0209845321956
                },
                "0x890f0e114e3ad6c21221b9b42560c3c24d59e152": {
                    "balance": 7.344857683,
                    "percentage_of_total_supply": 0.0007344857683,
                    "percentage_of_circulating_supply": 0.0007344857683
                },
                "0x2592437737985dceeac426084319a0a241137642": {
                    "balance": 964936.02123366,
                    "percentage_of_total_supply": 96.493602123366,
                    "percentage_of_circulating_supply": 96.493602123366
                },
                "0x58ba7ba9ce7874b0644f208400d7cc0fccef386d": {
                    "balance": 10872.510432079,
                    "percentage_of_total_supply": 1.0872510432079,
                    "percentage_of_circulating_supply": 1.0872510432079
                },
                "0x4ae2082fd3fa13a62019966ee62ca2f28a3d56eb": {
                    "balance": 144.975627547,