{
    "token_address": "0x013AbE3F0A299ab7d9037a1f9357a3B25037bC38",
    "chain": "bsc",
    "token_name": "Defina Finance",
    "analyses": {
        "contract": {
            "contract_name": null,
            "compiler_version": null,
            "license_type": null,
            "implementation": null,
            "source_code": null,
            "abi": null,
            "verified": false,
            "owner": "0x00b6a8bc5bc000309bfa9f8d6486371531ed1633",
            "creator": "0x00b6a8bc5bc000309bfa9f8d6486371531ed1633",
            "is_hidden_owner": false,
            "is_proxy": null,
            "is_sellable": true,
            "is_hardcoded_owner": null,
            "code_analysis": {
                "total_matches": 0,
                "patterns_found": {}
            }
        },
        "holder": {
            "total_holders": 35,
            "holders_list": {
                "0x389eaf7f3ecd44541bbc20d4631b8e6603f2670f": {
                    "balance": 575.037447,
                    "percentage_of_total_supply": 0.0575037447,
                    "percentage_of_circulating_supply": 0.0575037447
                },
                "0xf01d402a6d5d081f42c547cf141a976050ddba5f": {
                    "balance": 881.44941,
                    "percentage_of_total_supply": 0.08814494099999999,
                    "percentage_of_circulating_supply": 0.08814494099999999
                },
                "0xb895172a4033561e968c202344e554f5156d3dd6": {
                    "balance": 9.346631,
                    "percentage_of_total_supply": 0.0009346630999999999,
                    "percentage_of_circulating_supply": 0.0009346630999999999
                },
                "0x745bd9c65a57633810b657c506a44c7beff040d0": {
                    "balance": 6422.98587,
                    "percentage_of_total_supply": 0.642298587,
                    "percentage_of_circulating_supply": 0.642298587
                },
                "0x7aa4035accf4b259f1fed033c3d90d72c0018bbb": {
                    "balance": 309.122091,
                    "percentage_of_total_supply": 0.0309122091,
                    "percentage_of_circulating_supply": 0.0309122091
                },
                "0x126880ec699a82590a0f1e73e874c36f63a3f421": {
                    "balance": 1469.764231,
                    "percentage_of_total_supply": 0.1469764231,
                    "percentage_of_circulating_supply": 0.1469764231
                },
                "0x97c09b02f80a1d613ec7638409d24b58165d7569": {
                    "balance": 1.531189,
                    "percentage_of_total_supply": 0.0001531189,
                    "percentage_of_circulating_supply": 0.0001531189
                },
                "0x9b6ac417c5caf42fd2602ebd63165bb7a560b211": {
                    "balance": 0.217389,
                    "percentage_of_total_supply": 2.17389e-05,
                    "percentage_of_circulating_supply": 2.17389e-05
                },
                "0x0ed943ce24baebf257488771759f9bf482c39706": {
                    "balance": 152.161589,
                    "percentage_of_total_supply": 0.0152161589,
                    "percentage_of_circulating_supply": 0.0152161589
                },
                "0xc8e3972919b0ad597a2ace12e1460140b36f4366": {
                    "balance": 1.530922,
                    "percentage_of_total_supply": 0.0001530922,
                    "percentage_of_circulating_supply": 0.0001530922
                },
                "0x333e84d1da8aebfb2f657a5f77ab0d820f180654": {
                    "balance": 57.673829,
                    "percentage_of_total_supply": 0.0057673829000000005,
                    "percentage_of_circulating_supply": 0.0057673829000000005
                },
                "0x79df4be51972f3d8ff7c047fdcbae5a765a65e09": {
                    "balance": 14163.792026,
                    "percentage_of_total_supply": 1.4163792026,
                    "percentage_of_circulating_supply": 1.4163792026
                },
                "0xdc06065ef0fcc9b8377d464e0e13c9a87a946b98": {
                    "balance": 27.875235,
                    "percentage_of_total_supply": 0.0027875235,
                    "percentage_of_circulating_supply": 0.0027875235
                },
                "0x22eb28edb7c09828e0ac8be6aa1e0d2b3c816ba0": {
                    "balance": 1555.104343,
                    "percentage_of_total_supply": 0.1555104343,
                    "percentage_of_circulating_supply": 0.1555104343
                },
                "0xcf8a3ad45ff8a9b0c7d76f3d1961d0523faa6819": {
                    "balance": 1e-06,
                    "percentage_of_total_supply": 1e-10,
                    "percentage_of_circulating_supply": 1e-10
                },
                "0x4ce0290ca4f50083dac80bcb1ff66b374e4940d4": {
                    "balance": 9.59379,
                    "percentage_of_total_supply": 0.000959379,
                    "percentage_of_circulating_supply": 0.000959379
                },
                "0x23ba6243135dbc290ba030bbcdde5cd9750011c3": {
                    "balance": 5035.354003,
                    "percentage_of_total_supply": 0.5035354003,
                    "percentage_of_circulating_supply": 0.5035354003
                },
                "0x744f4cb5c10ce66bd0cd0137a26f776562d3ad65": {
                    "balance": 1000.0,
                    "percentage_of_total_supply": 0.1,
                    "percentage_of_circulating_supply": 0.1
                },
                "0xc1883de66b2a535c6f568244868ad606f35cae11": {
                    "balance": 53.739738,
                    "percentage_of_total_supply": 0.0053739738,
                    "percentage_of_circulating_supply": 0.0053739738
                },
                "0xee16f534524e84ae746cb983eeadc414c2b4f0e6": {
                    "balance": 47.900165,
                    "percentage_of_total_supply": 0.0047900165,
                    "percentage_of_circulating_supply": 0.0047900165
                },
                "0x22c7780ddba0d73f3a7efb165a2f7798b3a12802": {
                    "balance": 6115.0,
                    "percentage_of_total_supply": 0.6114999999999999,
                    "percentage_of_circulating_supply": 0.6114999999999999
                },
                "0x4cb4bd2233d4b7c76a0e8c861178c064bad132d8": {
                    "balance": 4374.35998,
                    "percentage_of_total_supply": 0.437435998,
                    "percentage_of_circulating_supply": 0.437435998
                },
                "0x47b9b677b018e17714960125a1e840a96bc19f25": {
                    "balance": 60.132673,
                    "percentage_of_total_supply": 0.0060132673,
                    "percentage_of_circulating_supply": 0.0060132673
                },
                "0x8e530b4417c779fdb80d13ee512fde52001dd7b6": {
                    "balance": 749.537032,
                    "percentage_of_total_supply": 0.0749537032,
                    "percentage_of_circulating_supply": 0.0749537032
                },
                "0x5da98fac05111c4c5ba357b73ee73379d5c23673": {
                    "balance": 179.95592,
                    "percentage_of_total_supply": 0.017995591999999998,
                    "percentage_of_circulating_supply": 0.017995591999999998
                },
                "0x683738541d2b9a55bed619ee43238149861e8b19": {
                    "balance": 41.754816,
                    "percentage_of_total_supply": 0.0041754816,
                    "percentage_of_circulating_supply": 0.0041754816
                },
                "0x3b55c0c153b08cd00846ccc6a19e57c34aca982c": {
                    "balance": 2683.575335,
                    "percentage_of_total_supply": 0.2683575335,
                    "percentage_of_circulating_supply": 0.2683575335
                },
                "0x7a475962aec8d2eea781365c33ff39b044361ff5": {
                    "balance": 24.298087,