{
    "token_address": "0x2A9cDA03c398Ef597534fCD5d3eF76Aa8D24659e",
    "chain": "bsc",
    "token_name": "DigitalRise",
    "analyses": {
        "contract": {
            "contract_name": null,
            "compiler_version": null,
            "license_type": null,
            "implementation": null,
            "source_code": null,
            "abi": null,
            "verified": false,
            "owner": "0x5f7c6c749ad64ee9bbafde0ab26b06a7ce2775a7",
            "creator": "0x5f7c6c749ad64ee9bbafde0ab26b06a7ce2775a7",
            "is_hidden_owner": false,
            "is_proxy": null,
            "is_sellable": true,
            "is_hardcoded_owner": null,
            "code_analysis": {
                "total_matches": 0,
                "patterns_found": {}
            }
        },
        "holder": {
            "total_holders": 28,
            "holders_list": {
                "0x5f7c6c749ad64ee9bbafde0ab26b06a7ce2775a7": {
                    "balance": 999138492.8750848,
                    "percentage_of_total_supply": 99.91384928750848,
                    "percentage_of_circulating_supply": 99.9138492875085
                },
                "0x6aa1e7b852a9f2478aa107a7ce63f2b029af959a": {
                    "balance": 796207.554247802,
                    "percentage_of_total_supply": 0.0796207554247802,
                    "percentage_of_circulating_supply": 0.07962075542478021
                },
                "0xc48517da3294cd1984e8d8ff769d4c9df4868eab": {
                    "balance": 16385.940203434504,
                    "percentage_of_total_supply": 0.0016385940203434502,
                    "percentage_of_circulating_supply": 0.0016385940203434502
                },
                "0x768166078c61c89d8613098dcb4ad11735a0b6a3": {
                    "balance": 8099.409792605752,
                    "percentage_of_total_supply": 0.0008099409792605753,
                    "percentage_of_circulating_supply": 0.0008099409792605753
                },
                "0x28b7fdbbe32e4a72dfb90c33a0c320f20cdbab7a": {
                    "balance": 5604.824738915777,
                    "percentage_of_total_supply": 0.0005604824738915776,
                    "percentage_of_circulating_supply": 0.0005604824738915777
                },
                "0xb852016a2d9b6e2a1cc17313fbbb083670ce21af": {
                    "balance": 5242.576773628709,
                    "percentage_of_total_supply": 0.000524257677362871,
                    "percentage_of_circulating_supply": 0.0005242576773628711
                },
                "0xb2986de84f98ac7f936bc13a9bcac2f28092e4b0": {
                    "balance": 4389.417390571626,
                    "percentage_of_total_supply": 0.0004389417390571627,
                    "percentage_of_circulating_supply": 0.0004389417390571627
                },
                "0x9b5166f1a47d3bbf329b4fbe60925a378102ca40": {
                    "balance": 4147.682864261388,
                    "percentage_of_total_supply": 0.0004147682864261388,
                    "percentage_of_circulating_supply": 0.0004147682864261389
                },
                "0xf81a2d09ea2ce1cd20c385b25dd0fd46830dfd29": {
                    "balance": 3790.290648704624,
                    "percentage_of_total_supply": 0.0003790290648704624,
                    "percentage_of_circulating_supply": 0.00037902906487046243
                },
                "0x2948f468c20ef1b0247997b6ce9b906013cbd24e": {
                    "balance": 3697.0226248562153,
                    "percentage_of_total_supply": 0.00036970226248562153,
                    "percentage_of_circulating_supply": 0.00036970226248562153
                },
                "0xc2643aee896b2daf88016c12756eb4212ce4c6eb": {
                    "balance": 2164.691249867439,
                    "percentage_of_total_supply": 0.00021646912498674394,
                    "percentage_of_circulating_supply": 0.00021646912498674394
                },
                "0x68a557629679e74e23db29c8ad4ac44937b3fb26": {
                    "balance": 2015.5759170752056,
                    "percentage_of_total_supply": 0.00020155759170752054,
                    "percentage_of_circulating_supply": 0.00020155759170752054
                },
                "0xdc3935f68b34729c3eb344fbcaa112e9208ce1da": {
                    "balance": 1599.9198676128565,
                    "percentage_of_total_supply": 0.00015999198676128567,
                    "percentage_of_circulating_supply": 0.00015999198676128567
                },
                "0xc9cfd71a35cb5ba50ade0ac0a5d2a9865d88ede0": {
                    "balance": 1486.9173663650042,
                    "percentage_of_total_supply": 0.00014869173663650042,
                    "percentage_of_circulating_supply": 0.00014869173663650044
                },
                "0x0d3b69d859b62008ac03a4dd5aed2f2da6f43235": {
                    "balance": 1315.3313975575356,
                    "percentage_of_total_supply": 0.00013153313975575358,
                    "percentage_of_circulating_supply": 0.00013153313975575358
                },
                "0x77c175d1518e71f99165733300982c5c05f7353c": {
                    "balance": 1292.3397567714644,
                    "percentage_of_total_supply": 0.00012923397567714644,
                    "percentage_of_circulating_supply": 0.00012923397567714647
                },
                "0x56aa9eb8c647278f8054ee4b339a14bbce4262e1": {
                    "balance": 1174.7037434966185,
                    "percentage_of_total_supply": 0.00011747037434966185,
                    "percentage_of_circulating_supply": 0.00011747037434966185
                },
                "0xe6742f8ba2d5b62e9c0fa1bdb2aea2a658a70b97": {
                    "balance": 1039.7029889622067,
                    "percentage_of_total_supply": 0.00010397029889622068,
                    "percentage_of_circulating_supply": 0.00010397029889622068
                },
                "0x05c56b14ff9ed08405cba91c792530079b7dddf0": {
                    "balance": 501.1128693300426,
                    "percentage_of_total_supply": 5.011128693300426e-05,
                    "percentage_of_circulating_supply": 5.0111286933004275e-05
                },
                "0xcc314c031d7511a72f5278dfc5bae25d61545f9e": {
                    "balance": 403.8405748988269,
                    "percentage_of_total_supply": 4.038405748988269e-05,
                    "percentage_of_circulating_supply": 4.03840574898827e-05
                },
                "0xd1dc838522feabf1406e99ffdc16ab0a599b95c9": {
                    "balance": 267.7672589833372,
                    "percentage_of_total_supply": 2.677672589833372e-05,
                    "percentage_of_circulating_supply": 2.6776725898333724e-05
                },
                "0x48187ef0684caf8315811409321a51e9375f458b": {
                    "balance": 262.8959665238857,
                    "percentage_of_total_supply": 2.6289596652388566e-05,
                    "percentage_of_circulating_supply": 2.6289596652388573e-05
                },
                "0x5d87d6a3eaf73b317d1e4ba1d0aeb72a47cce332": {
                    "balance": 154.19389989856433,
                    "percentage_of_total_supply": 1.541938998985643e-05,
                    "percentage_of_circulating_supply": 1.5419389989856434e-05
                },
                "0x786520787a50804b722e0b5807d6855935ae5364": {
                    "balance": 106.16247586539251,
                    "percentage_of_total_supply": 1.0616247586539252e-05,
                    "percentage_of_circulating_supply": 1.0616247586539252e-05
                },
                "0x0ed943ce24baebf257488771759f9bf482c39706": {
                    "balance": 103.32763882788349,
                    "percentage_of_total_supply": 1.033276388278835e-05,