{
    "token_address": "0x9112588Cd1C502F063AEa8F76375cCbAcce62c98",
    "chain": "bsc",
    "token_name": "Neptune Land",
    "analyses": {
        "contract": {
            "contract_name": null,
            "compiler_version": null,
            "license_type": null,
            "implementation": null,
            "source_code": null,
            "abi": null,
            "verified": false,
            "owner": "0x942eb6a11bf6ddd7a6db39a049b5939073d9382e",
            "creator": "0x942eb6a11bf6ddd7a6db39a049b5939073d9382e",
            "is_hidden_owner": false,
            "is_proxy": null,
            "is_sellable": true,
            "is_hardcoded_owner": null,
            "code_analysis": null
        },
        "holder": {
            "total_holders": 11,
            "holders_list": {
                "0x02a0dbc4175a253caa94053d70362ea289324cf2": {
                    "balance": 2.3708622125890642e+22,
                    "percentage_of_total_supply": 2.3709,
                    "percentage_of_circulating_supply": 3.0535
                },
                "0x0ed943ce24baebf257488771759f9bf482c39706": {
                    "balance": 1.9553329369953388e+22,
                    "percentage_of_total_supply": 1.9553,
                    "percentage_of_circulating_supply": 2.5183
                },
                "0x60eeaf47b1c9b169fb27b58c7eb10f6704ba4fd4": {
                    "balance": 1.6183460280869417e+22,
                    "percentage_of_total_supply": 1.6183,
                    "percentage_of_circulating_supply": 2.0843
                },
                "0xa089c9e7029f7520149ae9ef6d0c2c39d5a2c849": {
                    "balance": 1.132520927620277e+22,
                    "percentage_of_total_supply": 1.1325,
                    "percentage_of_circulating_supply": 1.4586
                },
                "0x5e3773713f0a20806168d633652b905ee7253f83": {
                    "balance": 1.3749344440958732e+21,
                    "percentage_of_total_supply": 0.1375,
                    "percentage_of_circulating_supply": 0.1771
                },
                "0x8bcca67aaadb3aa330509e41cd4e63f4d9a110e6": {
                    "balance": 2.7056436693692786e+20,
                    "percentage_of_total_supply": 0.0271,
                    "percentage_of_circulating_supply": 0.0348
                },
                "0xcb24d73c8d679baddeb8c10c705aceec39a6e404": {
                    "balance": 2.6697087750249965e+20,
                    "percentage_of_total_supply": 0.0267,
                    "percentage_of_circulating_supply": 0.0344
                },
                "0x98c1d69ba85d6e74002c6313f786561caf1b2928": {
                    "balance": 2.0273415505848805e+20,
                    "percentage_of_total_supply": 0.0203,
                    "percentage_of_circulating_supply": 0.0261
                },
                "0xfdb7149e27d7e43dd668d72dc9dc1ae69c8297f0": {
                    "balance": 1.8380645123997643e+19,
                    "percentage_of_total_supply": 0.0018,
                    "percentage_of_circulating_supply": 0.0024
                },
                "0x53927ce0c2e7bd734556dbb1299f0e1d16066dd3": {
                    "balance": 8.705555209966331e+18,
                    "percentage_of_total_supply": 0.0009,
                    "percentage_of_circulating_supply": 0.0011
                }
            },
            "total_supply": 1e+24,
            "total_circulating_supply": 7.764374335517969e+23,
            "owner": {
                "address": "0x942eb6a11bf6ddd7a6db39a049b5939073d9382e",
                "balance": 4.799619560067499e+23,
                "percentage_of_supply": 62.99,
                "exceeds_5_percent": true
            },
            "creator": {},
            "holders_exceeding_5_percent": [
                {
                    "address": "0x942eb6a11bf6ddd7a6db39a049b5939073d9382e",
                    "balance": 4.799619560067499e+23,
                    "percentage_of_supply": 61.8159
                }
            ],
            "howmany_holders_exceeding_5_percent": 1,
            "top_10_holders": [
                {
                    "address": "0x942eb6a11bf6ddd7a6db39a049b5939073d9382e",
                    "balance": 4.799619560067499e+23,
                    "percentage_of_total_supply": 47.9962,
                    "percentage_of_circulating_supply": 61.8159
                },
                {
                    "address": "0x02a0dbc4175a253caa94053d70362ea289324cf2",
                    "balance": 2.3708622125890642e+22,
                    "percentage_of_total_supply": 2.3709,
                    "percentage_of_circulating_supply": 3.0535
                },
                {
                    "address": "0x0ed943ce24baebf257488771759f9bf482c39706",
                    "balance": 1.9553329369953388e+22,
                    "percentage_of_total_supply": 1.9553,
                    "percentage_of_circulating_supply": 2.5183
                },
                {
                    "address": "0x60eeaf47b1c9b169fb27b58c7eb10f6704ba4fd4",
                    "balance": 1.6183460280869417e+22,
                    "percentage_of_total_supply": 1.6183,
                    "percentage_of_circulating_supply": 2.0843
                },
                {
                    "address": "0xa089c9e7029f7520149ae9ef6d0c2c39d5a2c849",
                    "balance": 1.132520927620277e+22,
                    "percentage_of_total_supply": 1.1325,
                    "percentage_of_circulating_supply": 1.4586
                },
                {
                    "address": "0x5e3773713f0a20806168d633652b905ee7253f83",
                    "balance": 1.3749344440958732e+21,
                    "percentage_of_total_supply": 0.1375,
                    "percentage_of_circulating_supply": 0.1771
                },
                {
                    "address": "0x8bcca67aaadb3aa330509e41cd4e63f4d9a110e6",
                    "balance": 2.7056436693692786e+20,
                    "percentage_of_total_supply": 0.0271,
                    "percentage_of_circulating_supply": 0.0348
                },
                {
                    "address": "0xcb24d73c8d679baddeb8c10c705aceec39a6e404",
                    "balance": 2.6697087750249965e+20,
                    "percentage_of_total_supply": 0.0267,
                    "percentage_of_circulating_supply": 0.0344
                },
                {
                    "address": "0x98c1d69ba85d6e74002c6313f786561caf1b2928",
                    "balance": 2.0273415505848805e+20,
                    "percentage_of_total_supply": 0.0203,
                    "percentage_of_circulating_supply": 0.0261
                },
                {
                    "address": "0xfdb7149e27d7e43dd668d72dc9dc1ae69c8297f0",
                    "balance": 1.8380645123997643e+19,
                    "percentage_of_total_supply": 0.0018,
                    "percentage_of_circulating_supply": 0.0024
                }
            ],
            "total_top_10_balance": 5.5286616154838394e+23,
            "top10_percentage_of_total_supply": 55.2866,
            "top10_percentage_of_circulating_supply": 71.2055,
            "top_10_less_than_70_percent_of_total": true,
            "top_10_less_than_70_percent_of_circulating": false
        },
        "liquidity": {
            "price_usd": 7.830309607998678e-11,
            "liquidity_usd": 1.3633438520712461e-09,
            "market_cap_usd": 60797454959504.7,
            "liquidity_to_market_cap_ratio": 2.242435728566808e-23,
            "token_volume": 0.0,
            "volume_usd": 0.0,
            "volume_to_liquidity_ratio": 0.0,
            "locked_liquidity_percent": 0.0,
            "locked_95_for_15_days": false,
            "creator_under_5_percent": false,
            "creator_percent_of_lp": 48.9078,
            "owner_under_5_percent": true,
            "owner_percent_of_lp": 0.0,