{
    "token_address": "0x1Be40403066D8683DAc4B919A3dc0eCfE03f278E",
    "chain": "bsc",
    "token_name": "NationSky",
    "analyses": {
        "contract": {
            "contract_name": null,
            "compiler_version": null,
            "license_type": null,
            "implementation": null,
            "source_code": null,
            "abi": null,
            "verified": false,
            "owner": "0x537d5d501d67e6f7b3ecdebefa9ed4a2048ca765",
            "creator": "0x537d5d501d67e6f7b3ecdebefa9ed4a2048ca765",
            "is_hidden_owner": false,
            "is_proxy": null,
            "is_sellable": false,
            "is_hardcoded_owner": null,
            "code_analysis": {
                "total_matches": 0,
                "patterns_found": {}
            }
        },
        "holder": {
            "total_holders": 8,
            "holders_list": {
                "0x537d5d501d67e6f7b3ecdebefa9ed4a2048ca765": {
                    "balance": 804861745295383.6,
                    "percentage_of_total_supply": 80.48617452953836,
                    "percentage_of_circulating_supply": 88.88592037576153
                },
                "0xdf82180d69858c3c7179b1302bfcf9121f7926dc": {
                    "balance": 2787320181462.5825,
                    "percentage_of_total_supply": 0.27873201814625825,
                    "percentage_of_circulating_supply": 0.3078212142140151
                },
                "0x0ed943ce24baebf257488771759f9bf482c39706": {
                    "balance": 1053921993264.6575,
                    "percentage_of_total_supply": 0.10539219932646576,
                    "percentage_of_circulating_supply": 0.11639120249305199
                },
                "0xcd88d7573818abe26b02f4bf19c4db44aff3c591": {
                    "balance": 660450409169.3889,
                    "percentage_of_total_supply": 0.0660450409169389,
                    "percentage_of_circulating_supply": 0.07293767261857481
                },
                "0xf809a4156b5abd7b74a94d8a99c93ccbdadb7d07": {
                    "balance": 657258264465.1448,
                    "percentage_of_total_supply": 0.06572582644651448,
                    "percentage_of_circulating_supply": 0.07258514409840615
                },
                "0x75ed387e63218f88240f7ca394613d71786e45f7": {
                    "balance": 653437378472.3245,
                    "percentage_of_total_supply": 0.06534373784723245,
                    "percentage_of_circulating_supply": 0.07216317974228179
                },
                "0x81bbdf730330052302aacb80d66e1d6a4632866e": {
                    "balance": 325273116908.1614,
                    "percentage_of_total_supply": 0.032527311690816144,
                    "percentage_of_circulating_supply": 0.035921946270739774
                },
                "0x650c2ac8d3a5f2676b1977ce34613695d9f1483a": {
                    "balance": 0.001364479,
                    "percentage_of_total_supply": 1.3644789999999999e-16,
                    "percentage_of_circulating_supply": 1.5068795660537697e-16
                }
            },
            "total_supply": 1000000000000000.0,
            "total_circulating_supply": 905499703319562.9,
            "owner": {
                "address": "0x537d5d501d67e6f7b3ecdebefa9ed4a2048ca765",
                "balance": 804861745295383.6,
                "percentage_of_circulating_supply": 88.92582061662522,
                "exceeds_5_percent": true
            },
            "creator": {
                "address": "0x537d5d501d67e6f7b3ecdebefa9ed4a2048ca765",
                "balance": 804861745295383.6,
                "percentage_of_circulating_supply": 88.92582061662522,
                "exceeds_5_percent": true
            },
            "holders_exceeding_5_percent_circulating": [],
            "howmany_holders_exceeding_5_percent_circulating": 0,
            "top_10_holders": [
                {
                    "address": "0x537d5d501d67e6f7b3ecdebefa9ed4a2048ca765",
                    "balance": 804861745295383.6,
                    "percentage_of_total_supply": 80.48617452953836,
                    "percentage_of_circulating_supply": 88.88592037576153
                },
                {
                    "address": "0xdf82180d69858c3c7179b1302bfcf9121f7926dc",
                    "balance": 2787320181462.5825,
                    "percentage_of_total_supply": 0.27873201814625825,
                    "percentage_of_circulating_supply": 0.3078212142140151
                },
                {
                    "address": "0x0ed943ce24baebf257488771759f9bf482c39706",
                    "balance": 1053921993264.6575,
                    "percentage_of_total_supply": 0.10539219932646576,
                    "percentage_of_circulating_supply": 0.11639120249305199
                },
                {
                    "address": "0xcd88d7573818abe26b02f4bf19c4db44aff3c591",
                    "balance": 660450409169.3889,
                    "percentage_of_total_supply": 0.0660450409169389,
                    "percentage_of_circulating_supply": 0.07293767261857481
                },
                {
                    "address": "0xf809a4156b5abd7b74a94d8a99c93ccbdadb7d07",
                    "balance": 657258264465.1448,
                    "percentage_of_total_supply": 0.06572582644651448,
                    "percentage_of_circulating_supply": 0.07258514409840615
                },
                {
                    "address": "0x75ed387e63218f88240f7ca394613d71786e45f7",
                    "balance": 653437378472.3245,
                    "percentage_of_total_supply": 0.06534373784723245,
                    "percentage_of_circulating_supply": 0.07216317974228179
                },
                {
                    "address": "0x81bbdf730330052302aacb80d66e1d6a4632866e",
                    "balance": 325273116908.1614,
                    "percentage_of_total_supply": 0.032527311690816144,
                    "percentage_of_circulating_supply": 0.035921946270739774
                },
                {
                    "address": "0x650c2ac8d3a5f2676b1977ce34613695d9f1483a",
                    "balance": 0.001364479,
                    "percentage_of_total_supply": 1.3644789999999999e-16,
                    "percentage_of_circulating_supply": 1.5068795660537697e-16
                }
            ],
            "total_top_10_balance": 810999406639125.9,
            "top10_percentage_of_total_supply": 81.09994066391259,
            "top10_percentage_of_circulating_supply": 89.5637407351986,
            "top_10_less_than_70_percent_of_total": false,
            "top_10_less_than_70_percent_of_circulating": false
        },
        "liquidity": {
            "price_usd": 8.708244141630573e-10,
            "liquidity_usd": 2.376443251625589e-21,
            "market_cap_usd": 788531.2486680805,
            "liquidity_to_market_cap_ratio": 3.0137591321075396e-27,
            "token_volume": 0.0,
            "volume_usd": 0.0,
            "volume_to_liquidity_ratio": 0.0,
            "locked_liquidity_percent": 100.0,
            "locked_95_for_15_days": false,
            "creator_under_5_percent": false,
            "creator_percent_of_lp": 80.5223,
            "owner_under_5_percent": true,
            "owner_percent_of_lp": 0.0,
            "total_lp_supply": 1e-15,
            "lp_holders_count": 1,
            "lp_holders": [
                {
                    "address": "0x0000000000000000000000000000000000000000",
                    "balance": 1e-15,
                    "is_locked": true,
                    "percent": 100.0,
                    "tag": "Null Address"
                }
            ],
            "error": "Liquidity pool info could not be retrieved."
        },
        "security": {
            "warnings": null,
            "homany_warnings": 0,
            "suspicious_urls": null,