{
    "token_address": "0x2dBF59F42c746802f8B47AeeEc010E294D455bAe",
    "chain": "bsc",
    "token_name": "Reptitle",
    "analyses": {
        "contract": {
            "contract_name": null,
            "compiler_version": null,
            "license_type": null,
            "implementation": null,
            "source_code": null,
            "abi": null,
            "verified": false,
            "owner": "0xe0263ec4e014530d541133ce49bccf54554f9ae7",
            "creator": "0xe0263ec4e014530d541133ce49bccf54554f9ae7",
            "is_hidden_owner": false,
            "is_proxy": null,
            "is_sellable": true,
            "is_hardcoded_owner": null,
            "code_analysis": {
                "total_matches": 0,
                "patterns_found": {}
            }
        },
        "holder": {
            "total_holders": 17,
            "holders_list": {
                "0xe0263ec4e014530d541133ce49bccf54554f9ae7": {
                    "balance": 99999040992.15282,
                    "percentage_of_total_supply": 99.99904099215281,
                    "percentage_of_circulating_supply": 99.99904099215281
                },
                "0xb136bd8091b926ee0a941f08a03b62e179670c54": {
                    "balance": 955138.537405223,
                    "percentage_of_total_supply": 0.000955138537405223,
                    "percentage_of_circulating_supply": 0.000955138537405223
                },
                "0xd592772cfaa126918f068459d935c86e5bd49d37": {
                    "balance": 2774.945787454,
                    "percentage_of_total_supply": 2.774945787454e-06,
                    "percentage_of_circulating_supply": 2.774945787454e-06
                },
                "0xb1bd5022c2b968db371f9355b3a399bea0fbbbbc": {
                    "balance": 635.067143982,
                    "percentage_of_total_supply": 6.35067143982e-07,
                    "percentage_of_circulating_supply": 6.35067143982e-07
                },
                "0xa0c85b034b2b7fe58698c6c3cc4dc2b0b45afec8": {
                    "balance": 136.037881949,
                    "percentage_of_total_supply": 1.36037881949e-07,
                    "percentage_of_circulating_supply": 1.36037881949e-07
                },
                "0x96848c5aaafee294eb7d451ffa7e031eabc291ac": {
                    "balance": 98.957418912,
                    "percentage_of_total_supply": 9.895741891199999e-08,
                    "percentage_of_circulating_supply": 9.895741891199999e-08
                },
                "0x45ea087ddcffc7082915650a2f7ce0e0990e75a0": {
                    "balance": 72.986640207,
                    "percentage_of_total_supply": 7.2986640207e-08,
                    "percentage_of_circulating_supply": 7.2986640207e-08
                },
                "0x0ed943ce24baebf257488771759f9bf482c39706": {
                    "balance": 49.04879097,
                    "percentage_of_total_supply": 4.904879097e-08,
                    "percentage_of_circulating_supply": 4.904879097e-08
                },
                "0xd6eba1cc4b090bd60b010c4ed6467bf7deb6c06f": {
                    "balance": 37.443314444,
                    "percentage_of_total_supply": 3.7443314444e-08,
                    "percentage_of_circulating_supply": 3.7443314444e-08
                },
                "0xb4aed7c833f49a47a998f867e645a9c9a9668f2c": {
                    "balance": 22.076954851,
                    "percentage_of_total_supply": 2.2076954850999998e-08,
                    "percentage_of_circulating_supply": 2.2076954850999998e-08
                },
                "0xefdbe20986ce4e7c1a559885b10b619154103008": {
                    "balance": 17.303076821,
                    "percentage_of_total_supply": 1.7303076821000002e-08,
                    "percentage_of_circulating_supply": 1.7303076821000002e-08
                },
                "0x9cdee55988f3268d647f046dcacdd91ccf321bad": {
                    "balance": 12.14733698,
                    "percentage_of_total_supply": 1.214733698e-08,
                    "percentage_of_circulating_supply": 1.214733698e-08
                },
                "0x749b6c2fe92c1a3efa09352ed3b7f22b4566abc4": {
                    "balance": 8.811152269,
                    "percentage_of_total_supply": 8.811152269e-09,
                    "percentage_of_circulating_supply": 8.811152269e-09
                },
                "0xbb5836bfd7f71793b4c4cdcb6ad8d8718fb8b894": {
                    "balance": 3.224842713,
                    "percentage_of_total_supply": 3.2248427129999997e-09,
                    "percentage_of_circulating_supply": 3.2248427129999997e-09
                },
                "0xb2e5a5553e514ecdf12e7216120670a31e259b22": {
                    "balance": 1.215599497,
                    "percentage_of_total_supply": 1.215599497e-09,
                    "percentage_of_circulating_supply": 1.215599497e-09
                },
                "0xfb9c0016eae487a384f76fb82b40979945de64ae": {
                    "balance": 0.043832172,
                    "percentage_of_total_supply": 4.3832172e-11,
                    "percentage_of_circulating_supply": 4.3832172e-11
                },
                "0x127dc4b45e0c7f341d8dad4e93256a4e4ba78da1": {
                    "balance": 1e-09,
                    "percentage_of_total_supply": 9.999999999999999e-19,
                    "percentage_of_circulating_supply": 9.999999999999999e-19
                }
            },
            "total_supply": 100000000000.0,
            "total_circulating_supply": 100000000000.0,
            "owner": {
                "address": "0xe0263ec4e014530d541133ce49bccf54554f9ae7",
                "balance": 99999040992.15282,
                "percentage_of_circulating_supply": 99.99904099215281,
                "exceeds_5_percent": true
            },
            "creator": {
                "address": "0xe0263ec4e014530d541133ce49bccf54554f9ae7",
                "balance": 99999040992.15282,
                "percentage_of_circulating_supply": 99.99904099215281,
                "exceeds_5_percent": true
            },
            "holders_exceeding_5_percent_circulating": [],
            "howmany_holders_exceeding_5_percent_circulating": 0,
            "top_10_holders": [
                {
                    "address": "0xe0263ec4e014530d541133ce49bccf54554f9ae7",
                    "balance": 99999040992.15282,
                    "percentage_of_total_supply": 99.99904099215281,
                    "percentage_of_circulating_supply": 99.99904099215281
                },
                {
                    "address": "0xb136bd8091b926ee0a941f08a03b62e179670c54",
                    "balance": 955138.537405223,
                    "percentage_of_total_supply": 0.000955138537405223,
                    "percentage_of_circulating_supply": 0.000955138537405223
                },
                {
                    "address": "0xd592772cfaa126918f068459d935c86e5bd49d37",
                    "balance": 2774.945787454,
                    "percentage_of_total_supply": 2.774945787454e-06,
                    "percentage_of_circulating_supply": 2.774945787454e-06
                },
                {
                    "address": "0xb1bd5022c2b968db371f9355b3a399bea0fbbbbc",
                    "balance": 635.067143982,
                    "percentage_of_total_supply": 6.35067143982e-07,
                    "percentage_of_circulating_supply": 6.35067143982e-07
                },
                {
                    "address": "0xa0c85b034b2b7fe58698c6c3cc4dc2b0b45afec8",
                    "balance": 136.037881949,
                    "percentage_of_total_supply": 1.36037881949e-07,
                    "percentage_of_circulating_supply": 1.36037881949e-07
                },
                {
                    "address": "0x96848c5aaafee294eb7d451ffa7e031eabc291ac",
                    "balance": 98.957418912,