{
    "token_address": "0x31bbC9992ABa29031444b16E88B040E01Cac7257",
    "chain": "bsc",
    "token_name": "ITevolve",
    "analyses": {
        "contract": {
            "contract_name": null,
            "compiler_version": null,
            "license_type": null,
            "implementation": null,
            "source_code": null,
            "abi": null,
            "verified": false,
            "owner": "0xae6ebb90d1778969b4e0ee65ca8e618b9d3816e5",
            "creator": "0xae6ebb90d1778969b4e0ee65ca8e618b9d3816e5",
            "is_hidden_owner": false,
            "is_proxy": null,
            "is_sellable": true,
            "is_hardcoded_owner": null,
            "code_analysis": null
        },
        "holder": {
            "total_holders": 33,
            "holders_list": {
                "0x2ca83fc7a0f957f70cee4bab11ada9845bb39cfd": {
                    "balance": 4.071991041811722e+22,
                    "percentage_of_total_supply": 0.0041,
                    "percentage_of_circulating_supply": 0.0041
                },
                "0xae36e672fc92dd6d7d8c9cb0878d164e23fd7f13": {
                    "balance": 2.7722799979937315e+22,
                    "percentage_of_total_supply": 0.0028,
                    "percentage_of_circulating_supply": 0.0028
                },
                "0xbd5baaff125bec1115ca2a8b5f82d4b589c21044": {
                    "balance": 2.153050315842498e+22,
                    "percentage_of_total_supply": 0.0022,
                    "percentage_of_circulating_supply": 0.0022
                },
                "0xe0522c28c951137708478d68367ac9c419a9590b": {
                    "balance": 1.2918347523730748e+22,
                    "percentage_of_total_supply": 0.0013,
                    "percentage_of_circulating_supply": 0.0013
                },
                "0x20d6d71adb7b614a16cdd41dfcc49b7398256aba": {
                    "balance": 1.276302523526272e+22,
                    "percentage_of_total_supply": 0.0013,
                    "percentage_of_circulating_supply": 0.0013
                },
                "0x7e75e2560ea69bb0a0e675a29cf7c0517fc47eac": {
                    "balance": 1.2516617394993328e+22,
                    "percentage_of_total_supply": 0.0013,
                    "percentage_of_circulating_supply": 0.0013
                },
                "0x3ff2d19f86b91eb82138f0864ad7a948b6e90523": {
                    "balance": 4.009293951114241e+21,
                    "percentage_of_total_supply": 0.0004,
                    "percentage_of_circulating_supply": 0.0004
                },
                "0xe18360829d0abbc5f87cecfb0e31e163dbf9f6a5": {
                    "balance": 3.908315701712577e+21,
                    "percentage_of_total_supply": 0.0004,
                    "percentage_of_circulating_supply": 0.0004
                },
                "0x95267bda4e0e8214c2e5bdb669c58ca0a2b8c02e": {
                    "balance": 2.767859301293597e+21,
                    "percentage_of_total_supply": 0.0003,
                    "percentage_of_circulating_supply": 0.0003
                },
                "0x87cd9e85a0e5bf1e1272ae786434beb530a060dc": {
                    "balance": 2.470650749525747e+21,
                    "percentage_of_total_supply": 0.0002,
                    "percentage_of_circulating_supply": 0.0002
                },
                "0xf6ec5ca2cb962692b0c5f02f79abda56eed3376d": {
                    "balance": 2.364921817364402e+21,
                    "percentage_of_total_supply": 0.0002,
                    "percentage_of_circulating_supply": 0.0002
                },
                "0x7ad2c4bb407c9c7a626d9d7415200da5f52c9e0c": {
                    "balance": 1.8133551517549776e+21,
                    "percentage_of_total_supply": 0.0002,
                    "percentage_of_circulating_supply": 0.0002
                },
                "0x7f95f502f7b420a9d785d7ea8f53b2a8bd2c9ab5": {
                    "balance": 1.7325456605730408e+21,
                    "percentage_of_total_supply": 0.0002,
                    "percentage_of_circulating_supply": 0.0002
                },
                "0x85a37716073937a65ad3941170c6f5d3a0896c19": {
                    "balance": 1.6106288419774828e+21,
                    "percentage_of_total_supply": 0.0002,
                    "percentage_of_circulating_supply": 0.0002
                },
                "0x6606f70360450d62bee553b50243d2c2d8629b43": {
                    "balance": 1.0872994339896167e+21,
                    "percentage_of_total_supply": 0.0001,
                    "percentage_of_circulating_supply": 0.0001
                },
                "0x030cb9d2bf83b7a1ec32649c920d581828161a44": {
                    "balance": 8.497142357486874e+20,
                    "percentage_of_total_supply": 0.0001,
                    "percentage_of_circulating_supply": 0.0001
                },
                "0x092761a07bee238d9851542b3ccbee187dd54b57": {
                    "balance": 7.66279222403965e+20,
                    "percentage_of_total_supply": 0.0001,
                    "percentage_of_circulating_supply": 0.0001
                },
                "0xe77c50ace5c35656f0cd1a264ec3e703674f6be6": {
                    "balance": 7.26330637236399e+20,
                    "percentage_of_total_supply": 0.0001,
                    "percentage_of_circulating_supply": 0.0001
                },
                "0xad6c700ed0e63698aa70301667fa03735f198e62": {
                    "balance": 6.942759710706619e+20,
                    "percentage_of_total_supply": 0.0001,
                    "percentage_of_circulating_supply": 0.0001
                },
                "0x76e0468b977e12731cf0a23555052f63bcfaf3cc": {
                    "balance": 6.143135598006074e+20,
                    "percentage_of_total_supply": 0.0001,
                    "percentage_of_circulating_supply": 0.0001
                },
                "0x3e6a7bc644ca3083a22b959045d7077b8fe468a8": {
                    "balance": 5.692582512873808e+20,
                    "percentage_of_total_supply": 0.0001,
                    "percentage_of_circulating_supply": 0.0001
                },
                "0x8c6942d46efddc1b8f40ca21b360eed877f15a69": {
                    "balance": 5.5405818419104625e+20,
                    "percentage_of_total_supply": 0.0001,
                    "percentage_of_circulating_supply": 0.0001
                },
                "0xbba353592d2b689f55a32ed18032f8cd5f5d1a37": {
                    "balance": 5.455061339634695e+20,
                    "percentage_of_total_supply": 0.0001,
                    "percentage_of_circulating_supply": 0.0001
                },
                "0xce5c1431d6e588b58cf777c22c1c5cb22b302913": {
                    "balance": 5.003885552018435e+20,
                    "percentage_of_total_supply": 0.0001,
                    "percentage_of_circulating_supply": 0.0001
                },
                "0x37966788426b47a174c46e4b6d04d3d1af3eeb3f": {
                    "balance": 4.647875422661881e+20,
                    "percentage_of_total_supply": 0.0,
                    "percentage_of_circulating_supply": 0.0
                },
                "0x32b0abe12a345101c8a1bf3aaa4c4c290d7de431": {
                    "balance": 3.424928301037286e+20,
                    "percentage_of_total_supply": 0.0,
                    "percentage_of_circulating_supply": 0.0
                },
                "0x0d9ee37e583f592adcb4b99076f4311e0b531533": {
                    "balance": 1.8289981035445204e+20,
                    "percentage_of_total_supply": 0.0,
                    "percentage_of_circulating_supply": 0.0
                },
                "0x13fd86c751d5bcc7dce85274c25b57784c59789a": {
                    "balance": 1.6071993028005862e+20,
                    "percentage_of_total_supply": 0.0,