{
    "token_address": "0x87C77D5F16A606BdA29F061014D99CBAa0019F8F",
    "chain": "bsc",
    "token_name": "Kreme Doge",
    "analyses": {
        "contract": {
            "contract_name": null,
            "compiler_version": null,
            "license_type": null,
            "implementation": null,
            "source_code": null,
            "abi": null,
            "verified": false,
            "owner": "0x8aba44b12062fa83b9e6d517def3d780ced7cf94",
            "creator": "0x8aba44b12062fa83b9e6d517def3d780ced7cf94",
            "is_hidden_owner": false,
            "is_proxy": null,
            "is_sellable": true,
            "is_hardcoded_owner": null,
            "code_analysis": {
                "total_matches": 0,
                "patterns_found": {}
            }
        },
        "holder": {
            "total_holders": 33,
            "holders_list": {
                "0x8aba44b12062fa83b9e6d517def3d780ced7cf94": {
                    "balance": 523374069179882.2,
                    "percentage_of_total_supply": 52.33740691798822,
                    "percentage_of_circulating_supply": 65.05954415762201
                },
                "0x5632c080b8a0d4a8bb2a8ca4849b5fbfa25c502c": {
                    "balance": 50527554760026.26,
                    "percentage_of_total_supply": 5.052755476002626,
                    "percentage_of_circulating_supply": 6.280975450766473
                },
                "0x461b522e07ebd62be4a08ada28b90e7ad41a6b8c": {
                    "balance": 10037229625747.27,
                    "percentage_of_total_supply": 1.003722962574727,
                    "percentage_of_circulating_supply": 1.247707180219615
                },
                "0x8ac37c7c290651a68c30c29898de8b355bb5638e": {
                    "balance": 7838829937967.313,
                    "percentage_of_total_supply": 0.7838829937967313,
                    "percentage_of_circulating_supply": 0.9744286783111366
                },
                "0xcd88d7573818abe26b02f4bf19c4db44aff3c591": {
                    "balance": 2982723548269.5376,
                    "percentage_of_total_supply": 0.29827235482695375,
                    "percentage_of_circulating_supply": 0.3707761729630609
                },
                "0x2ed69c8e1f830d29dd7a21004ae660d96d305f1e": {
                    "balance": 2738792998272.627,
                    "percentage_of_total_supply": 0.2738792998272627,
                    "percentage_of_circulating_supply": 0.34045367262638004
                },
                "0x52d96a78e51405e9ef7e3529d949c7d0599f2575": {
                    "balance": 1873839926599.9583,
                    "percentage_of_total_supply": 0.1873839926599958,
                    "percentage_of_circulating_supply": 0.2329331516939267
                },
                "0xd03cb17a8f8026d016b814057ec95cef317f8ade": {
                    "balance": 1820321916685.4927,
                    "percentage_of_total_supply": 0.18203219166854925,
                    "percentage_of_circulating_supply": 0.22628043897028294
                },
                "0xf809a4156b5abd7b74a94d8a99c93ccbdadb7d07": {
                    "balance": 1480189047355.7246,
                    "percentage_of_total_supply": 0.14801890473557247,
                    "percentage_of_circulating_supply": 0.18399922800716756
                },
                "0xaf15225212bb525ffb6d7db224912e405cd93963": {
                    "balance": 1298143138061.725,
                    "percentage_of_total_supply": 0.12981431380617253,
                    "percentage_of_circulating_supply": 0.16136947890059364
                },
                "0x3063891d300f82f08c3b5c88e703fedb3d4091f1": {
                    "balance": 810008100081.0007,
                    "percentage_of_total_supply": 0.08100081000810007,
                    "percentage_of_circulating_supply": 0.1006904255647006
                },
                "0x07048676f2af13ead18de6b43dcf2edbb29456ae": {
                    "balance": 721374038532.6031,
                    "percentage_of_total_supply": 0.07213740385326031,
                    "percentage_of_circulating_supply": 0.08967250935380892
                },
                "0xb35c3f4dd092ac17ad6ce7152364ae65426438f9": {
                    "balance": 719390326254.0375,
                    "percentage_of_total_supply": 0.07193903262540376,
                    "percentage_of_circulating_supply": 0.08942591819810725
                },
                "0x99a1a5954b65cc5a568740022eb18108ff010d9b": {
                    "balance": 717414788674.785,
                    "percentage_of_total_supply": 0.0717414788674785,
                    "percentage_of_circulating_supply": 0.08918034322230874
                },
                "0xaf7f185dbe709df645c1bceaaeda031483b6e000": {
                    "balance": 715447380930.894,
                    "percentage_of_total_supply": 0.07154473809308942,
                    "percentage_of_circulating_supply": 0.08893577884946868
                },
                "0xb364df0f3587a2762a1286ee9feaf0703bbf77f1": {
                    "balance": 543537947302.6878,
                    "percentage_of_total_supply": 0.05435379473026877,
                    "percentage_of_circulating_supply": 0.06756607399234468
                },
                "0x0de041f4b74e82fe30d5dd1d005cba23753b4949": {
                    "balance": 221944764653.0835,
                    "percentage_of_total_supply": 0.02219447646530835,
                    "percentage_of_circulating_supply": 0.0275894929970966
                },
                "0x35d939678102bfe8f6a2d060c86530c375a9c480": {
                    "balance": 143883394945.31076,
                    "percentage_of_total_supply": 0.014388339494531078,
                    "percentage_of_circulating_supply": 0.017885846162882153
                },
                "0x3d94e704345f03bef9539adddd889f9c54a08441": {
                    "balance": 97365965151.06573,
                    "percentage_of_total_supply": 0.009736596515106574,
                    "percentage_of_circulating_supply": 0.012103361022683891
                },
                "0xcea8e35011293e347062d14108a2fe3552d5dec7": {
                    "balance": 90260019559.98152,
                    "percentage_of_total_supply": 0.009026001955998151,
                    "percentage_of_circulating_supply": 0.011220035676265346
                },
                "0x98c1d69ba85d6e74002c6313f786561caf1b2928": {
                    "balance": 79032040070.14209,
                    "percentage_of_total_supply": 0.007903204007014207,
                    "percentage_of_circulating_supply": 0.009824308852113084
                },
                "0xdcfec4bcb4f50dc70504e85bec7d931f77fc2c92": {
                    "balance": 71860367196.36829,
                    "percentage_of_total_supply": 0.007186036719636829,
                    "percentage_of_circulating_supply": 0.008932813083615349
                },
                "0xa89c182025e2f3c9dee3e097f32d9fa54e0ed3a6": {
                    "balance": 1791337220.6222787,
                    "percentage_of_total_supply": 0.00017913372206222787,
                    "percentage_of_circulating_supply": 0.0002226774115670055
                },
                "0x35752b909a6b2b808bc14ec717f59ef814808451": {
                    "balance": 913823704.5887513,
                    "percentage_of_total_supply": 9.138237045887514e-05,
                    "percentage_of_circulating_supply": 0.00011359552786811796
                },
                "0x34ff2f3a592f8824403b8ff9a0168b38b2a4e699": {
                    "balance": 796221910.4039202,
                    "percentage_of_total_supply": 7.9622191040392e-05,
                    "percentage_of_circulating_supply": 9.89766929423205e-05
                },
                "0x2d1dc849eca19718f4cf6b117bd802b249e1df90": {
                    "balance": 536586293.84059507,