{
    "token_address": "0xFd07196bCFE03ae70ca1f4d4643c1de98133E55D",
    "chain": "bsc",
    "token_name": "DeHub",
    "analyses": {
        "contract": {
            "contract_name": null,
            "compiler_version": null,
            "license_type": null,
            "implementation": null,
            "source_code": null,
            "abi": null,
            "verified": false,
            "owner": "0x563619cee269cb0045a415ca71a5316e06500cab",
            "creator": "0x563619cee269cb0045a415ca71a5316e06500cab",
            "is_hidden_owner": false,
            "is_proxy": null,
            "is_sellable": true,
            "is_hardcoded_owner": null,
            "code_analysis": {
                "total_matches": 0,
                "patterns_found": {}
            }
        },
        "holder": {
            "total_holders": 2,
            "holders_list": {
                "0x563619cee269cb0045a415ca71a5316e06500cab": {
                    "balance": 954648.364510269,
                    "percentage_of_total_supply": 95.4648364510269,
                    "percentage_of_circulating_supply": 97.67980592759467
                },
                "0xee48b97ecb0a9de0663921d1e3508af3a3b1ac02": {
                    "balance": 4e-09,
                    "percentage_of_total_supply": 4e-13,
                    "percentage_of_circulating_supply": 4.092807762896197e-13
                }
            },
            "total_supply": 1000000.0,
            "total_circulating_supply": 977324.1822551365,
            "owner": {
                "address": "0x563619cee269cb0045a415ca71a5316e06500cab",
                "balance": 954648.364510269,
                "percentage_of_circulating_supply": 97.67980592759467,
                "exceeds_5_percent": true
            },
            "creator": {
                "address": "0x563619cee269cb0045a415ca71a5316e06500cab",
                "balance": 954648.364510269,
                "percentage_of_circulating_supply": 97.67980592759467,
                "exceeds_5_percent": true
            },
            "holders_exceeding_5_percent_circulating": [],
            "howmany_holders_exceeding_5_percent_circulating": 0,
            "top_10_holders": [
                {
                    "address": "0x563619cee269cb0045a415ca71a5316e06500cab",
                    "balance": 954648.364510269,
                    "percentage_of_total_supply": 95.4648364510269,
                    "percentage_of_circulating_supply": 97.67980592759467
                },
                {
                    "address": "0xee48b97ecb0a9de0663921d1e3508af3a3b1ac02",
                    "balance": 4e-09,
                    "percentage_of_total_supply": 4e-13,
                    "percentage_of_circulating_supply": 4.092807762896197e-13
                }
            ],
            "total_top_10_balance": 954648.364510273,
            "top10_percentage_of_total_supply": 95.4648364510273,
            "top10_percentage_of_circulating_supply": 97.67980592759508,
            "top_10_less_than_70_percent_of_total": false,
            "top_10_less_than_70_percent_of_circulating": false
        },
        "liquidity": {
            "price_usd": 87.29258030157237,
            "liquidity_usd": 6.98340642412579e-16,
            "market_cap_usd": 85313149.66017506,
            "liquidity_to_market_cap_ratio": 8.185615525792394e-24,
            "token_volume": 0.0,
            "volume_usd": 0.0,
            "volume_to_liquidity_ratio": 0.0,
            "locked_liquidity_percent": 100.0,
            "locked_95_for_15_days": false,
            "creator_under_5_percent": false,
            "creator_percent_of_lp": 95.4648,
            "owner_under_5_percent": true,
            "owner_percent_of_lp": 0.0,
            "total_lp_supply": 1e-15,
            "lp_holders_count": 1,
            "lp_holders": [
                {
                    "address": "0x0000000000000000000000000000000000000000",
                    "balance": 1e-15,
                    "is_locked": true,
                    "percent": 100.0,
                    "tag": "Null Address"
                }
            ],
            "error": "Liquidity pool info could not be retrieved."
        },
        "security": {
            "warnings": null,
            "homany_warnings": 0,
            "suspicious_urls": null,
            "howmany_suspicious_urls": 0,
            "suspicious_addresses": null,
            "howmany_suspicious_addresses": 0,
            "error": "Security analysis data not available."
        },
        "lifecycle": {
            "token_age_seconds": 92393616.171443,
            "token_creation_date": "2022-09-22T11:26:01",
            "creation_to_first_trade_seconds": 0.0,
            "creation_to_first_trade_blocks": 0,
            "last_tx_hash": "0xfba730a1bd5a37647dcf9b6410fb6fd93ac55dc43cb19fe03757e117c77a11d9",
            "last_active_age": "2023-12-25T06:49:31",
            "inactive_days": 610.562602826632
        }
    },
    "errors": []
}