{
    "token_address": "0x3Cd0b1C6A96fa96D1b31De5F9FF8C39a4218140E",
    "chain": "bsc",
    "token_name": "Chirpley",
    "analyses": {
        "contract": {
            "contract_name": null,
            "compiler_version": null,
            "license_type": null,
            "implementation": null,
            "source_code": null,
            "abi": null,
            "verified": false,
            "owner": "0x9160c11bbfe59162671a5003ed18514e77613a30",
            "creator": "0x9160c11bbfe59162671a5003ed18514e77613a30",
            "is_hidden_owner": false,
            "is_proxy": null,
            "is_sellable": true,
            "is_hardcoded_owner": null,
            "code_analysis": {
                "total_matches": 0,
                "patterns_found": {}
            }
        },
        "holder": {
            "total_holders": 2,
            "holders_list": {
                "0x9160c11bbfe59162671a5003ed18514e77613a30": {
                    "balance": 1000000.0,
                    "percentage_of_total_supply": 100.0,
                    "percentage_of_circulating_supply": 99.9999999999998
                },
                "0x2b48d72d99b02911ad9521ae7bcd11eba9e7612d": {
                    "balance": 4e-09,
                    "percentage_of_total_supply": 4e-13,
                    "percentage_of_circulating_supply": 3.9999999999999915e-13
                }
            },
            "total_supply": 1000000.0,
            "total_circulating_supply": 1000000.000000002,
            "owner": {
                "address": "0x9160c11bbfe59162671a5003ed18514e77613a30",
                "balance": 1000000.0,
                "percentage_of_circulating_supply": 98.5905927701192,
                "exceeds_5_percent": true
            },
            "creator": {
                "address": "0x9160c11bbfe59162671a5003ed18514e77613a30",
                "balance": 1000000.0,
                "percentage_of_circulating_supply": 98.5905927701192,
                "exceeds_5_percent": true
            },
            "holders_exceeding_5_percent_circulating": [],
            "howmany_holders_exceeding_5_percent_circulating": 0,
            "top_10_holders": [
                {
                    "address": "0x9160c11bbfe59162671a5003ed18514e77613a30",
                    "balance": 1000000.0,
                    "percentage_of_total_supply": 100.0,
                    "percentage_of_circulating_supply": 99.9999999999998
                },
                {
                    "address": "0x2b48d72d99b02911ad9521ae7bcd11eba9e7612d",
                    "balance": 4e-09,
                    "percentage_of_total_supply": 4e-13,
                    "percentage_of_circulating_supply": 3.9999999999999915e-13
                }
            ],
            "total_top_10_balance": 1000000.000000004,
            "top10_percentage_of_total_supply": 100.0000000000004,
            "top10_percentage_of_circulating_supply": 100.0000000000002,
            "top_10_less_than_70_percent_of_total": false,
            "top_10_less_than_70_percent_of_circulating": false
        },
        "liquidity": {
            "price_usd": 94.18316512470797,
            "liquidity_usd": 7.534653209976638e-16,
            "market_cap_usd": 94183165.12470816,
            "liquidity_to_market_cap_ratio": 7.999999999999983e-24,
            "token_volume": 0.0,
            "volume_usd": 0.0,
            "volume_to_liquidity_ratio": 0.0,
            "locked_liquidity_percent": 100.0,
            "locked_95_for_15_days": false,
            "creator_under_5_percent": false,
            "creator_percent_of_lp": 98.5906,
            "owner_under_5_percent": true,
            "owner_percent_of_lp": 0.0,
            "total_lp_supply": 1e-15,
            "lp_holders_count": 1,
            "lp_holders": [
                {
                    "address": "0x0000000000000000000000000000000000000000",
                    "balance": 1e-15,
                    "is_locked": true,
                    "percent": 100.0,
                    "tag": "Null Address"
                }
            ],
            "error": "Liquidity pool info could not be retrieved."
        },
        "security": {
            "warnings": null,
            "homany_warnings": 0,
            "suspicious_urls": null,
            "howmany_suspicious_urls": 0,
            "suspicious_addresses": null,
            "howmany_suspicious_addresses": 0,
            "error": "Security analysis data not available."
        },
        "lifecycle": {
            "token_age_seconds": 77461462.144572,
            "token_creation_date": "2023-03-13T13:39:17",
            "creation_to_first_trade_seconds": 0.0,
            "creation_to_first_trade_blocks": 0,
            "last_tx_hash": "0x0821d56b81364ef3b093c581e1d5501e30e2e3b6ce32a3d50ea22316622a2464",
            "last_active_age": "2023-03-13T16:49:53",
            "inactive_days": 896.4123718696527
        }
    },
    "errors": []
}