{
    "token_address": "0x56e418A81998cbeE96bb23281EeeF23DEe744151",
    "chain": "bsc",
    "token_name": "Xensor",
    "analyses": {
        "contract": {
            "contract_name": null,
            "compiler_version": null,
            "license_type": null,
            "implementation": null,
            "source_code": null,
            "abi": null,
            "verified": false,
            "owner": "0x55c805dee39d66291581a86f042b43f6236e1c06",
            "creator": "0x55c805dee39d66291581a86f042b43f6236e1c06",
            "is_hidden_owner": false,
            "is_proxy": null,
            "is_sellable": true,
            "is_hardcoded_owner": null,
            "code_analysis": {
                "total_matches": 0,
                "patterns_found": {}
            }
        },
        "holder": {
            "total_holders": 2,
            "holders_list": {
                "0x55c805dee39d66291581a86f042b43f6236e1c06": {
                    "balance": 1000000.0,
                    "percentage_of_total_supply": 100.0,
                    "percentage_of_circulating_supply": 99.9999999999998
                },
                "0xc1c099092b6a67a4b520e12838c903a2f3c664e5": {
                    "balance": 4e-09,
                    "percentage_of_total_supply": 4e-13,
                    "percentage_of_circulating_supply": 3.9999999999999915e-13
                }
            },
            "total_supply": 1000000.0,
            "total_circulating_supply": 1000000.000000002,
            "owner": {
                "address": "0x55c805dee39d66291581a86f042b43f6236e1c06",
                "balance": 1000000.0,
                "percentage_of_circulating_supply": 99.6730082852458,
                "exceeds_5_percent": true
            },
            "creator": {
                "address": "0x55c805dee39d66291581a86f042b43f6236e1c06",
                "balance": 1000000.0,
                "percentage_of_circulating_supply": 99.6730082852458,
                "exceeds_5_percent": true
            },
            "holders_exceeding_5_percent_circulating": [],
            "howmany_holders_exceeding_5_percent_circulating": 0,
            "top_10_holders": [
                {
                    "address": "0x55c805dee39d66291581a86f042b43f6236e1c06",
                    "balance": 1000000.0,
                    "percentage_of_total_supply": 100.0,
                    "percentage_of_circulating_supply": 99.9999999999998
                },
                {
                    "address": "0xc1c099092b6a67a4b520e12838c903a2f3c664e5",
                    "balance": 4e-09,
                    "percentage_of_total_supply": 4e-13,
                    "percentage_of_circulating_supply": 3.9999999999999915e-13
                }
            ],
            "total_top_10_balance": 1000000.000000004,
            "top10_percentage_of_total_supply": 100.0000000000004,
            "top10_percentage_of_circulating_supply": 100.0000000000002,
            "top_10_less_than_70_percent_of_total": false,
            "top_10_less_than_70_percent_of_circulating": false
        },
        "liquidity": {
            "price_usd": 99.52218397438467,
            "liquidity_usd": 7.961774717950776e-16,
            "market_cap_usd": 99522183.97438487,
            "liquidity_to_market_cap_ratio": 7.999999999999986e-24,
            "token_volume": 0.0,
            "volume_usd": 0.0,
            "volume_to_liquidity_ratio": 0.0,
            "locked_liquidity_percent": 100.0,
            "locked_95_for_15_days": false,
            "creator_under_5_percent": false,
            "creator_percent_of_lp": 99.673,
            "owner_under_5_percent": true,
            "owner_percent_of_lp": 0.0,
            "total_lp_supply": 1e-15,
            "lp_holders_count": 1,
            "lp_holders": [
                {
                    "address": "0x0000000000000000000000000000000000000000",
                    "balance": 1e-15,
                    "is_locked": true,
                    "percent": 100.0,
                    "tag": "Null Address"
                }
            ],
            "error": "Liquidity pool info could not be retrieved."
        },
        "security": {
            "warnings": null,
            "homany_warnings": 0,
            "suspicious_urls": null,
            "howmany_suspicious_urls": 0,
            "suspicious_addresses": null,
            "howmany_suspicious_addresses": 0,
            "error": "Security analysis data not available."
        },
        "lifecycle": {
            "token_age_seconds": 74779581.003954,
            "token_creation_date": "2023-04-13T14:35:54",
            "creation_to_first_trade_seconds": 0.0,
            "creation_to_first_trade_blocks": 0,
            "last_tx_hash": "0xf1ef3c74c2c6896c25176ccf3d555c8d855a58544f466e7e14b01ff827746043",
            "last_active_age": "2023-04-13T19:28:01",
            "inactive_days": 865.3015871525347
        }
    },
    "errors": []
}