{
    "token_address": "0xbA64fB706C7aBA64fBC3a69BB795f9F664ed4b77",
    "chain": "bsc",
    "token_name": "Digital Synthetix",
    "analyses": {
        "contract": {
            "contract_name": null,
            "compiler_version": null,
            "license_type": null,
            "implementation": null,
            "source_code": null,
            "abi": null,
            "verified": false,
            "owner": "0xdb4afc726e47c639f0f191d187958f8386e5821b",
            "creator": "0xdb4afc726e47c639f0f191d187958f8386e5821b",
            "is_hidden_owner": false,
            "is_proxy": null,
            "is_sellable": true,
            "is_hardcoded_owner": null,
            "code_analysis": {
                "total_matches": 0,
                "patterns_found": {}
            }
        },
        "holder": {
            "total_holders": 22,
            "holders_list": {
                "0xdb4afc726e47c639f0f191d187958f8386e5821b": {
                    "balance": 999222261.6707671,
                    "percentage_of_total_supply": 99.9222261670767,
                    "percentage_of_circulating_supply": 99.9222261670767
                },
                "0x670369750f926d58752675540d47e58395db67b6": {
                    "balance": 755921.270016522,
                    "percentage_of_total_supply": 0.0755921270016522,
                    "percentage_of_circulating_supply": 0.0755921270016522
                },
                "0x9192d899f8d800d74634847531da26a76e7ab7e8": {
                    "balance": 5313.508637268334,
                    "percentage_of_total_supply": 0.0005313508637268333,
                    "percentage_of_circulating_supply": 0.0005313508637268333
                },
                "0xdd8fa1dd789ff043c9ddba051095036bf1d26750": {
                    "balance": 4180.604381676708,
                    "percentage_of_total_supply": 0.0004180604381676707,
                    "percentage_of_circulating_supply": 0.0004180604381676707
                },
                "0xe27ebe394bc641c29fca10a22be2f0433afd109c": {
                    "balance": 4052.1964551041533,
                    "percentage_of_total_supply": 0.0004052196455104153,
                    "percentage_of_circulating_supply": 0.0004052196455104153
                },
                "0x299deb6bb9852b493a548b33de38240ac34302a0": {
                    "balance": 1692.0558923405795,
                    "percentage_of_total_supply": 0.00016920558923405794,
                    "percentage_of_circulating_supply": 0.00016920558923405794
                },
                "0xa5a394a356869c80aef0e479dda915657463341a": {
                    "balance": 1277.6505970599956,
                    "percentage_of_total_supply": 0.00012776505970599956,
                    "percentage_of_circulating_supply": 0.00012776505970599956
                },
                "0x6a7e48008ea752c295d61cb3b9ce80344ef32f10": {
                    "balance": 1119.0727851077613,
                    "percentage_of_total_supply": 0.00011190727851077613,
                    "percentage_of_circulating_supply": 0.00011190727851077613
                },
                "0x783b92b212e4c2fcb9870c779678f0c7925e3355": {
                    "balance": 1041.9923295961266,
                    "percentage_of_total_supply": 0.00010419923295961267,
                    "percentage_of_circulating_supply": 0.00010419923295961267
                },
                "0xd36febfb778f5df0cadb263f63e5b0e6a1c50abc": {
                    "balance": 801.0871439176194,
                    "percentage_of_total_supply": 8.010871439176193e-05,
                    "percentage_of_circulating_supply": 8.010871439176193e-05
                },
                "0xb67980aa7f1a32c827d4a351588d90630d748587": {
                    "balance": 640.5762528215213,
                    "percentage_of_total_supply": 6.405762528215213e-05,
                    "percentage_of_circulating_supply": 6.405762528215213e-05
                },
                "0xc6932aeaec90b777ccef11bd6a3f0ce2c2671eb1": {
                    "balance": 522.1565972822566,
                    "percentage_of_total_supply": 5.221565972822566e-05,
                    "percentage_of_circulating_supply": 5.221565972822566e-05
                },
                "0x1a75248ccd341b442ab8d1a267567ca2a2d7b95c": {
                    "balance": 447.8497449965787,
                    "percentage_of_total_supply": 4.4784974499657866e-05,
                    "percentage_of_circulating_supply": 4.4784974499657866e-05
                },
                "0x1cf8863bc8dfb46de8431b9359dec64d02296cf8": {
                    "balance": 315.9444029015878,
                    "percentage_of_total_supply": 3.159444029015878e-05,
                    "percentage_of_circulating_supply": 3.159444029015878e-05
                },
                "0xb2340f7617a91bf07cd6901a833a3a1f65218014": {
                    "balance": 160.02314358926068,
                    "percentage_of_total_supply": 1.600231435892607e-05,
                    "percentage_of_circulating_supply": 1.600231435892607e-05
                },
                "0x0ed943ce24baebf257488771759f9bf482c39706": {
                    "balance": 117.96057456625405,
                    "percentage_of_total_supply": 1.1796057456625405e-05,
                    "percentage_of_circulating_supply": 1.1796057456625405e-05
                },
                "0xee00ce48166c4b29e82cb548870a3f4dcfda03b9": {
                    "balance": 65.42143517107888,
                    "percentage_of_total_supply": 6.542143517107887e-06,
                    "percentage_of_circulating_supply": 6.542143517107887e-06
                },
                "0x9b5f3c22443122cd005249798b5d8de6b8606757": {
                    "balance": 28.980989315521274,
                    "percentage_of_total_supply": 2.8980989315521273e-06,
                    "percentage_of_circulating_supply": 2.8980989315521273e-06
                },
                "0x56cd02c97ce47c56ae13d21b64c71359be7a180a": {
                    "balance": 26.214409753429425,
                    "percentage_of_total_supply": 2.6214409753429426e-06,
                    "percentage_of_circulating_supply": 2.6214409753429426e-06
                },
                "0xaa28007173a84123112ff2bef742a39e619deb02": {
                    "balance": 8.958360795788622,
                    "percentage_of_total_supply": 8.958360795788621e-07,
                    "percentage_of_circulating_supply": 8.958360795788621e-07
                },
                "0xd00bd56ef6e5cce162c9a39830d81de9a8cee3d7": {
                    "balance": 4.801744809340775,
                    "percentage_of_total_supply": 4.801744809340775e-07,
                    "percentage_of_circulating_supply": 4.801744809340775e-07
                },
                "0x1b8b6308e352e70e42300d58e7a300099ef86ca3": {
                    "balance": 0.003338330642423422,
                    "percentage_of_total_supply": 3.338330642423422e-10,
                    "percentage_of_circulating_supply": 3.338330642423422e-10
                }
            },
            "total_supply": 1000000000.0,
            "total_circulating_supply": 1000000000.0,
            "owner": {
                "address": "0xdb4afc726e47c639f0f191d187958f8386e5821b",
                "balance": 999222261.6707671,
                "percentage_of_circulating_supply": 99.9222261670767,
                "exceeds_5_percent": true
            },
            "creator": {
                "address": "0xdb4afc726e47c639f0f191d187958f8386e5821b",
                "balance": 999222261.6707671,
                "percentage_of_circulating_supply": 99.9222261670767,
                "exceeds_5_percent": true
            },
            "holders_exceeding_5_percent_circulating": [],
            "howmany_holders_exceeding_5_percent_circulating": 0,