{
    "token_address": "0x5f0859D63cf99A579dA75D624E2786beFE93eaf5",
    "chain": "bsc",
    "token_name": "Sushi Secret",
    "analyses": {
        "contract": {
            "contract_name": null,
            "compiler_version": null,
            "license_type": null,
            "implementation": null,
            "source_code": null,
            "abi": null,
            "verified": false,
            "owner": "0x3e1bf56976122332f8afc643db262d6f06a1ae91",
            "creator": "0x3e1bf56976122332f8afc643db262d6f06a1ae91",
            "is_hidden_owner": false,
            "is_proxy": null,
            "is_sellable": true,
            "is_hardcoded_owner": null,
            "code_analysis": {
                "total_matches": 0,
                "patterns_found": {}
            }
        },
        "holder": {
            "total_holders": 17,
            "holders_list": {
                "0x3e1bf56976122332f8afc643db262d6f06a1ae91": {
                    "balance": 481838700321439.3,
                    "percentage_of_total_supply": 48.183870032143936,
                    "percentage_of_circulating_supply": 48.183870032143936
                },
                "0xa71d54f82b2da76a988bbbc3a1b311dcaa25460a": {
                    "balance": 116022099447513.81,
                    "percentage_of_total_supply": 11.602209944751381,
                    "percentage_of_circulating_supply": 11.602209944751381
                },
                "0xe489a0e45d85c48214d87f346906c872121d6b6b": {
                    "balance": 93995109132418.64,
                    "percentage_of_total_supply": 9.399510913241865,
                    "percentage_of_circulating_supply": 9.399510913241865
                },
                "0x860efb28c9fe045879529bc1aaed7878702ee251": {
                    "balance": 91874754446585.56,
                    "percentage_of_total_supply": 9.187475444658558,
                    "percentage_of_circulating_supply": 9.187475444658558
                },
                "0x701e13e8da8ef04cd40e92f21869932fe5e35555": {
                    "balance": 85465828195603.95,
                    "percentage_of_total_supply": 8.546582819560395,
                    "percentage_of_circulating_supply": 8.546582819560395
                },
                "0xcf8a1370e2a5f9f2db9badc9e93f3b4506cc4045": {
                    "balance": 48690352257045.66,
                    "percentage_of_total_supply": 4.869035225704566,
                    "percentage_of_circulating_supply": 4.869035225704566
                },
                "0x113d993464d60920adb6e6772ffdfb43513ca9e2": {
                    "balance": 39119836031223.46,
                    "percentage_of_total_supply": 3.911983603122346,
                    "percentage_of_circulating_supply": 3.911983603122346
                },
                "0x90f8ce0504153a5f203f541a10703d756228cd92": {
                    "balance": 17192152809560.746,
                    "percentage_of_total_supply": 1.7192152809560748,
                    "percentage_of_circulating_supply": 1.7192152809560748
                },
                "0xdaee76b433bbdcacfd6bf08a929763b14a952e2b": {
                    "balance": 10955260717073.162,
                    "percentage_of_total_supply": 1.0955260717073163,
                    "percentage_of_circulating_supply": 1.0955260717073163
                },
                "0xe2c8b988cc7ab30bf0b45284c04dcf459dd69ab2": {
                    "balance": 6125930823658.919,
                    "percentage_of_total_supply": 0.6125930823658918,
                    "percentage_of_circulating_supply": 0.6125930823658918
                },
                "0xcbd4eb59d7ace9a7e4ed461f93fbf68945169499": {
                    "balance": 3995656008530.8936,
                    "percentage_of_total_supply": 0.39956560085308934,
                    "percentage_of_circulating_supply": 0.39956560085308934
                },
                "0x7a0a754e23806376891c07d905bb106c620daf92": {
                    "balance": 3063375775625.8965,
                    "percentage_of_total_supply": 0.30633757756258967,
                    "percentage_of_circulating_supply": 0.30633757756258967
                },
                "0x631638c1c0fe4789e92dea64a26e020c708e5400": {
                    "balance": 792212267626.0977,
                    "percentage_of_total_supply": 0.07922122676260977,
                    "percentage_of_circulating_supply": 0.07922122676260977
                },
                "0xd747ff781a0821850562f2babb7989bcd45b1a0d": {
                    "balance": 395249732221.94775,
                    "percentage_of_total_supply": 0.03952497322219478,
                    "percentage_of_circulating_supply": 0.03952497322219478
                },
                "0x0000af8bc16fae70d2ee4697eddcc53d62dd2200": {
                    "balance": 308481053412.573,
                    "percentage_of_total_supply": 0.0308481053412573,
                    "percentage_of_circulating_supply": 0.0308481053412573
                },
                "0xea8ff827863cdb570e6fb13113e4b71779a680db": {
                    "balance": 134563090107.54941,
                    "percentage_of_total_supply": 0.013456309010754942,
                    "percentage_of_circulating_supply": 0.013456309010754942
                },
                "0xd3c64e5213c2f376b8ed635f4481ce0916d97363": {
                    "balance": 30437890351.84489,
                    "percentage_of_total_supply": 0.0030437890351844893,
                    "percentage_of_circulating_supply": 0.0030437890351844893
                }
            },
            "total_supply": 1000000000000000.0,
            "total_circulating_supply": 1000000000000000.0,
            "owner": {
                "address": "0x3e1bf56976122332f8afc643db262d6f06a1ae91",
                "balance": 481838700321439.3,
                "percentage_of_circulating_supply": 48.183870032143936,
                "exceeds_5_percent": true
            },
            "creator": {
                "address": "0x3e1bf56976122332f8afc643db262d6f06a1ae91",
                "balance": 481838700321439.3,
                "percentage_of_circulating_supply": 48.183870032143936,
                "exceeds_5_percent": true
            },
            "holders_exceeding_5_percent_circulating": [
                {
                    "address": "0xa71d54f82b2da76a988bbbc3a1b311dcaa25460a",
                    "balance": 116022099447513.81,
                    "percentage_of_supply": 11.602209944751381
                },
                {
                    "address": "0xe489a0e45d85c48214d87f346906c872121d6b6b",
                    "balance": 93995109132418.64,
                    "percentage_of_supply": 9.399510913241865
                },
                {
                    "address": "0x860efb28c9fe045879529bc1aaed7878702ee251",
                    "balance": 91874754446585.56,
                    "percentage_of_supply": 9.187475444658558
                },
                {
                    "address": "0x701e13e8da8ef04cd40e92f21869932fe5e35555",
                    "balance": 85465828195603.95,
                    "percentage_of_supply": 8.546582819560395
                }
            ],
            "howmany_holders_exceeding_5_percent_circulating": 4,
            "top_10_holders": [
                {
                    "address": "0x3e1bf56976122332f8afc643db262d6f06a1ae91",
                    "balance": 481838700321439.3,
                    "percentage_of_total_supply": 48.183870032143936,
                    "percentage_of_circulating_supply": 48.183870032143936
                },
                {
                    "address": "0xa71d54f82b2da76a988bbbc3a1b311dcaa25460a",
                    "balance": 116022099447513.81,
                    "percentage_of_total_supply": 11.602209944751381,