{
    "token_address": "0x83192cb5Ab04853dE08B4697bb20B931f214DCE4",
    "chain": "bsc",
    "token_name": "Moon Sense",
    "analyses": {
        "contract": {
            "contract_name": null,
            "compiler_version": null,
            "license_type": null,
            "implementation": null,
            "source_code": null,
            "abi": null,
            "verified": false,
            "owner": "0x4a4dc023c9bd472b67f2080f1df4b944382b11a4",
            "creator": "0x4a4dc023c9bd472b67f2080f1df4b944382b11a4",
            "is_hidden_owner": false,
            "is_proxy": null,
            "is_sellable": true,
            "is_hardcoded_owner": null,
            "code_analysis": {
                "total_matches": 0,
                "patterns_found": {}
            }
        },
        "holder": {
            "total_holders": 26,
            "holders_list": {
                "0x4a4dc023c9bd472b67f2080f1df4b944382b11a4": {
                    "balance": 567609478373402.5,
                    "percentage_of_total_supply": 56.76094783734025,
                    "percentage_of_circulating_supply": 62.92909007668869
                },
                "0x6d3d9d78ac5129bf64e9b18d2f7df60155b4b59a": {
                    "balance": 151266002702673.28,
                    "percentage_of_total_supply": 15.126600270267328,
                    "percentage_of_circulating_supply": 16.77038927696528
                },
                "0x0a551039c8c5dc9f658cfe578ca3567e161ca4ef": {
                    "balance": 56349350302946.89,
                    "percentage_of_total_supply": 5.634935030294689,
                    "percentage_of_circulating_supply": 6.247276474555771
                },
                "0xa439ecd45cd8222b6fe8a6f098df22c20e911305": {
                    "balance": 9136436864661.537,
                    "percentage_of_total_supply": 0.9136436864661537,
                    "percentage_of_circulating_supply": 1.0129282197399023
                },
                "0xf0e8704b0874e0f30b25a9911b7537111de0dc6c": {
                    "balance": 6754876627375.177,
                    "percentage_of_total_supply": 0.6754876627375177,
                    "percentage_of_circulating_supply": 0.7488920744578784
                },
                "0xfdd32dd33e546830e7074ab75cbe7aa5daba460f": {
                    "balance": 4213491498971.224,
                    "percentage_of_total_supply": 0.4213491498971224,
                    "percentage_of_circulating_supply": 0.4671366426719397
                },
                "0x17a6a3391f751287fddb76d197c53ce785ea864e": {
                    "balance": 1751546495357.4062,
                    "percentage_of_total_supply": 0.17515464953574061,
                    "percentage_of_circulating_supply": 0.19418848940951644
                },
                "0xf809a4156b5abd7b74a94d8a99c93ccbdadb7d07": {
                    "balance": 1713335461505.9448,
                    "percentage_of_total_supply": 0.17133354615059448,
                    "percentage_of_circulating_supply": 0.18995215142930363
                },
                "0x6f75810d4e90d9eac81640e29103cd0ba774d1ea": {
                    "balance": 1700980160160.777,
                    "percentage_of_total_supply": 0.1700980160160777,
                    "percentage_of_circulating_supply": 0.1885823577579527
                },
                "0x2d42fe146950f7045d464fb9e03fbb88f3bd170e": {
                    "balance": 1236404137420.223,
                    "percentage_of_total_supply": 0.1236404137420223,
                    "percentage_of_circulating_supply": 0.13707626510726303
                },
                "0x63cbea20f4e6339982f856b2ff57dd052767d11c": {
                    "balance": 728389899937.2616,
                    "percentage_of_total_supply": 0.07283898999372616,
                    "percentage_of_circulating_supply": 0.08075431325681341
                },
                "0xb6d00d9e25d12401cef73ea04b7f3a82ddcf1133": {
                    "balance": 474008532153.57874,
                    "percentage_of_total_supply": 0.04740085321535788,
                    "percentage_of_circulating_supply": 0.05255184550915579
                },
                "0x171e92471be718e685f578ff54466af040f3d9fe": {
                    "balance": 472336081288.17444,
                    "percentage_of_total_supply": 0.047233608128817446,
                    "percentage_of_circulating_supply": 0.05236642610520314
                },
                "0x3ee23460f4ea12ad5f7d6dac5d188b2e8b60a859": {
                    "balance": 201208589662.6029,
                    "percentage_of_total_supply": 0.020120858966260292,
                    "percentage_of_circulating_supply": 0.022307367909652497
                },
                "0x93680debaa20ca94e969d671dfe2e12dec8d863c": {
                    "balance": 116373242352.50433,
                    "percentage_of_total_supply": 0.011637324235250435,
                    "percentage_of_circulating_supply": 0.012901937916018121
                },
                "0xdf82180d69858c3c7179b1302bfcf9121f7926dc": {
                    "balance": 93185445253.88402,
                    "percentage_of_total_supply": 0.009318544525388403,
                    "percentage_of_circulating_supply": 0.010331179273155692
                },
                "0x0fceba7b6fb65e5923a45536a5c9dd83b58aabe8": {
                    "balance": 79195640864.31012,
                    "percentage_of_total_supply": 0.007919564086431012,
                    "percentage_of_circulating_supply": 0.008780173354245364
                },
                "0x6310f86264f2e48d3a3581f5445e8c583305e811": {
                    "balance": 20698388777.186337,
                    "percentage_of_total_supply": 0.002069838877718634,
                    "percentage_of_circulating_supply": 0.002294765717328297
                },
                "0x2ae018d4ce7d267d69a9e4aab9482472d71fdda1": {
                    "balance": 19004403053.239372,
                    "percentage_of_total_supply": 0.0019004403053239373,
                    "percentage_of_circulating_supply": 0.0021069588108679443
                },
                "0x544341efcb54da0a81d5e2d9ab38b8f60cb80369": {
                    "balance": 15098158184.655413,
                    "percentage_of_total_supply": 0.0015098158184655415,
                    "percentage_of_circulating_supply": 0.0016738856424966923
                },
                "0xfdb7149e27d7e43dd668d72dc9dc1ae69c8297f0": {
                    "balance": 6039123212.818783,
                    "percentage_of_total_supply": 0.0006039123212818783,
                    "percentage_of_circulating_supply": 0.0006695387288682439
                },
                "0xc6227e27df04f922140ceef503442506fe610149": {
                    "balance": 4127450310.008277,
                    "percentage_of_total_supply": 0.0004127450310008277,
                    "percentage_of_circulating_supply": 0.00045759752478040806
                },
                "0x5d5c8ca86348b97cabae2ca9788cd027249dd9b9": {
                    "balance": 3516022597.7545514,
                    "percentage_of_total_supply": 0.0003516022597754551,
                    "percentage_of_circulating_supply": 0.00038981044396903627
                },
                "0x5f4930b21ec909f4b909b56f81f6b1a2f439047e": {
                    "balance": 229358434.3829912,
                    "percentage_of_total_supply": 2.2935843438299122e-05,
                    "percentage_of_circulating_supply": 2.5428253274587803e-05
                },
                "0x2143a39a1bc8bd290c1273432f649516d798f5ba": {
                    "balance": 2600.604641682,
                    "percentage_of_total_supply": 2.6006046416820003e-10,
                    "percentage_of_circulating_supply": 2.8832091426528565e-10
                },