{
    "token_address": "0x98dB5056c3B4CB837480e909AE4Aaeccd8366a2F",
    "chain": "bsc",
    "token_name": "Bloom Hive",
    "analyses": {
        "contract": {
            "contract_name": null,
            "compiler_version": null,
            "license_type": null,
            "implementation": null,
            "source_code": null,
            "abi": null,
            "verified": false,
            "owner": "0x71fb00352e0e748029d5563053255ec856d02c37",
            "creator": "0x71fb00352e0e748029d5563053255ec856d02c37",
            "is_hidden_owner": false,
            "is_proxy": null,
            "is_sellable": true,
            "is_hardcoded_owner": null,
            "code_analysis": null
        },
        "holder": {
            "total_holders": 18,
            "holders_list": {
                "0x836cf1db6ea3e55fb10ad7b7d992a102c996542e": {
                    "balance": 8.196393320823826e+23,
                    "percentage_of_total_supply": 0.082,
                    "percentage_of_circulating_supply": 0.082
                },
                "0xeff843b411c3b1386c7519c1475a71688d3b0f78": {
                    "balance": 5.10622461333931e+21,
                    "percentage_of_total_supply": 0.0005,
                    "percentage_of_circulating_supply": 0.0005
                },
                "0xe501c7c58db529517732a4494a893823ec0d31de": {
                    "balance": 3.61832251544714e+21,
                    "percentage_of_total_supply": 0.0004,
                    "percentage_of_circulating_supply": 0.0004
                },
                "0x56cd02c97ce47c56ae13d21b64c71359be7a180a": {
                    "balance": 2.3624586437693454e+21,
                    "percentage_of_total_supply": 0.0002,
                    "percentage_of_circulating_supply": 0.0002
                },
                "0x01ffaf6b8198b0e324b5367af49e213c9bfe21ee": {
                    "balance": 1.5722030709491538e+21,
                    "percentage_of_total_supply": 0.0002,
                    "percentage_of_circulating_supply": 0.0002
                },
                "0xc92716767fead4096e0b7fd4f0dba63a2b712403": {
                    "balance": 1.3726681375114183e+21,
                    "percentage_of_total_supply": 0.0001,
                    "percentage_of_circulating_supply": 0.0001
                },
                "0x9bb340eef3018afbec4f68bf1e58985bd25c95ed": {
                    "balance": 5.5022142709634223e+20,
                    "percentage_of_total_supply": 0.0001,
                    "percentage_of_circulating_supply": 0.0001
                },
                "0x7b65d3523a6afac63b0273a537254ab484c5419e": {
                    "balance": 3.610023302962632e+20,
                    "percentage_of_total_supply": 0.0,
                    "percentage_of_circulating_supply": 0.0
                },
                "0xa68b10af102d916c24c1c6b63b11e48578c9fe45": {
                    "balance": 2.6518296228373434e+20,
                    "percentage_of_total_supply": 0.0,
                    "percentage_of_circulating_supply": 0.0
                },
                "0x84a62cf45c32cc3a3c726003090df5996cac2aaf": {
                    "balance": 2.066353336583579e+20,
                    "percentage_of_total_supply": 0.0,
                    "percentage_of_circulating_supply": 0.0
                },
                "0xb07b32f9312aae81efcbebf60426dc947c3cdd7e": {
                    "balance": 1.1639571222808956e+20,
                    "percentage_of_total_supply": 0.0,
                    "percentage_of_circulating_supply": 0.0
                },
                "0x0ed943ce24baebf257488771759f9bf482c39706": {
                    "balance": 1.0524236587616364e+20,
                    "percentage_of_total_supply": 0.0,
                    "percentage_of_circulating_supply": 0.0
                },
                "0x247b6b89060ca1be9681ab6550c6b1cd0f15b7c3": {
                    "balance": 9.360234393334715e+19,
                    "percentage_of_total_supply": 0.0,
                    "percentage_of_circulating_supply": 0.0
                },
                "0xf8c9de16ff6355883160e21d923f349eb1b95d00": {
                    "balance": 8.011954451487747e+19,
                    "percentage_of_total_supply": 0.0,
                    "percentage_of_circulating_supply": 0.0
                },
                "0x599fd1765c745d7d20a7afe69e8619781e35cd4e": {
                    "balance": 4.09298546559885e+19,
                    "percentage_of_total_supply": 0.0,
                    "percentage_of_circulating_supply": 0.0
                },
                "0x05100290bcde2cf7d90012d37ad3086066e782dd": {
                    "balance": 1.7141876538648959e+19,
                    "percentage_of_total_supply": 0.0,
                    "percentage_of_circulating_supply": 0.0
                },
                "0x8dce93f5177bc3ed135e45947eea69bb6d48e418": {
                    "balance": 2915458288698971.0,
                    "percentage_of_total_supply": 0.0,
                    "percentage_of_circulating_supply": 0.0
                }
            },
            "total_supply": 1e+27,
            "total_circulating_supply": 1e+27,
            "owner": {
                "address": "0x71fb00352e0e748029d5563053255ec856d02c37",
                "balance": 9.9916449231427e+26,
                "percentage_of_supply": 99.9164,
                "exceeds_5_percent": true
            },
            "creator": {},
            "holders_exceeding_5_percent": [
                {
                    "address": "0x71fb00352e0e748029d5563053255ec856d02c37",
                    "balance": 9.9916449231427e+26,
                    "percentage_of_supply": 99.9164
                }
            ],
            "howmany_holders_exceeding_5_percent": 1,
            "top_10_holders": [
                {
                    "address": "0x71fb00352e0e748029d5563053255ec856d02c37",
                    "balance": 9.9916449231427e+26,
                    "percentage_of_total_supply": 99.9164,
                    "percentage_of_circulating_supply": 99.9164
                },
                {
                    "address": "0x836cf1db6ea3e55fb10ad7b7d992a102c996542e",
                    "balance": 8.196393320823826e+23,
                    "percentage_of_total_supply": 0.082,
                    "percentage_of_circulating_supply": 0.082
                },
                {
                    "address": "0xeff843b411c3b1386c7519c1475a71688d3b0f78",
                    "balance": 5.10622461333931e+21,
                    "percentage_of_total_supply": 0.0005,
                    "percentage_of_circulating_supply": 0.0005
                },
                {
                    "address": "0xe501c7c58db529517732a4494a893823ec0d31de",
                    "balance": 3.61832251544714e+21,
                    "percentage_of_total_supply": 0.0004,
                    "percentage_of_circulating_supply": 0.0004
                },
                {
                    "address": "0x56cd02c97ce47c56ae13d21b64c71359be7a180a",
                    "balance": 2.3624586437693454e+21,
                    "percentage_of_total_supply": 0.0002,
                    "percentage_of_circulating_supply": 0.0002
                },
                {
                    "address": "0x01ffaf6b8198b0e324b5367af49e213c9bfe21ee",
                    "balance": 1.5722030709491538e+21,
                    "percentage_of_total_supply": 0.0002,
                    "percentage_of_circulating_supply": 0.0002
                },
                {
                    "address": "0xc92716767fead4096e0b7fd4f0dba63a2b712403",
                    "balance": 1.3726681375114183e+21,
                    "percentage_of_total_supply": 0.0001,
                    "percentage_of_circulating_supply": 0.0001
                },
                {
                    "address": "0x9bb340eef3018afbec4f68bf1e58985bd25c95ed",