{
    "token_address": "0xeD25B95b3a33117B948f05451f021B6D217bC016",
    "chain": "bsc",
    "token_name": "EverPump",
    "analyses": {
        "contract": {
            "contract_name": null,
            "compiler_version": null,
            "license_type": null,
            "implementation": null,
            "source_code": null,
            "abi": null,
            "verified": false,
            "owner": null,
            "creator": "0x1ede5474844db2cdcf8bd8dfea43400aaa96eee7",
            "is_hidden_owner": true,
            "is_proxy": null,
            "is_sellable": true,
            "is_hardcoded_owner": null,
            "code_analysis": {
                "total_matches": 0,
                "patterns_found": {}
            }
        },
        "holder": {
            "total_holders": 38,
            "holders_list": {
                "0x1ede5474844db2cdcf8bd8dfea43400aaa96eee7": {
                    "balance": 63278424.02635931,
                    "percentage_of_total_supply": 63.27842402635932,
                    "percentage_of_circulating_supply": 63.27842402635932
                },
                "0x0ed943ce24baebf257488771759f9bf482c39706": {
                    "balance": 6785366.736858514,
                    "percentage_of_total_supply": 6.785366736858514,
                    "percentage_of_circulating_supply": 6.785366736858514
                },
                "0x8ded210a084ef45e92b70037cb8c5baeb1ae6562": {
                    "balance": 5163613.264791051,
                    "percentage_of_total_supply": 5.163613264791051,
                    "percentage_of_circulating_supply": 5.163613264791051
                },
                "0x41c64feb053bfd3807cbd96c04ea07bf8d86a5ef": {
                    "balance": 3901676.458733932,
                    "percentage_of_total_supply": 3.901676458733932,
                    "percentage_of_circulating_supply": 3.901676458733932
                },
                "0x109d0576364c4ed5b3b8698be92e03293ea3f50d": {
                    "balance": 3192566.084187555,
                    "percentage_of_total_supply": 3.192566084187555,
                    "percentage_of_circulating_supply": 3.192566084187555
                },
                "0x5de6781e6b468a442a6f15ae5ab1b7f26fe53f61": {
                    "balance": 3083933.711458327,
                    "percentage_of_total_supply": 3.083933711458327,
                    "percentage_of_circulating_supply": 3.083933711458327
                },
                "0x7e1e285c4c0a6f67ae4430a6a47ed4d7d1116eb2": {
                    "balance": 3031836.088768104,
                    "percentage_of_total_supply": 3.0318360887681037,
                    "percentage_of_circulating_supply": 3.0318360887681037
                },
                "0x8db6bc9413e5443356278fe1db135f3351bc0b68": {
                    "balance": 1925266.451757447,
                    "percentage_of_total_supply": 1.925266451757447,
                    "percentage_of_circulating_supply": 1.925266451757447
                },
                "0xfbe772db6db2ae7ebd78200cfe77431d6d8230d6": {
                    "balance": 1811216.109931442,
                    "percentage_of_total_supply": 1.8112161099314419,
                    "percentage_of_circulating_supply": 1.8112161099314419
                },
                "0x9e67da7671a631b98267dd9fadb05f512ce5111a": {
                    "balance": 1045619.861722628,
                    "percentage_of_total_supply": 1.045619861722628,
                    "percentage_of_circulating_supply": 1.045619861722628
                },
                "0xcc9d1f45722050433389b7b2d1d1398805ee55eb": {
                    "balance": 1005304.929689257,
                    "percentage_of_total_supply": 1.0053049296892569,
                    "percentage_of_circulating_supply": 1.0053049296892569
                },
                "0x0d7e83f03c795784819a80f67d49544dbc0d65ac": {
                    "balance": 965167.517196044,
                    "percentage_of_total_supply": 0.9651675171960441,
                    "percentage_of_circulating_supply": 0.9651675171960441
                },
                "0x7b691c5a63f7aecb1b1c0c36c0afaa17c6de51ad": {
                    "balance": 716329.35709089,
                    "percentage_of_total_supply": 0.7163293570908901,
                    "percentage_of_circulating_supply": 0.7163293570908901
                },
                "0xe06805d8a503d70b945218347d963e3fdc64bd9f": {
                    "balance": 527454.435680921,
                    "percentage_of_total_supply": 0.527454435680921,
                    "percentage_of_circulating_supply": 0.527454435680921
                },
                "0x2e89803a2cc03ff85bee73deb3d05a52e9e705db": {
                    "balance": 506249.0,
                    "percentage_of_total_supply": 0.5062490000000001,
                    "percentage_of_circulating_supply": 0.5062490000000001
                },
                "0xa7b76e09135917d1a7ea3fb345ff057f0607fea4": {
                    "balance": 456186.519270662,
                    "percentage_of_total_supply": 0.456186519270662,
                    "percentage_of_circulating_supply": 0.456186519270662
                },
                "0x171f5a674d32dc0d7f6b5dddc4bdde2e04020e0c": {
                    "balance": 376577.983478403,
                    "percentage_of_total_supply": 0.376577983478403,
                    "percentage_of_circulating_supply": 0.376577983478403
                },
                "0xf809f706717dd1624fc6442777ec219b853af718": {
                    "balance": 363564.249908146,
                    "percentage_of_total_supply": 0.363564249908146,
                    "percentage_of_circulating_supply": 0.363564249908146
                },
                "0x59ac74242d5fb819b0854734312e06f71f3d030d": {
                    "balance": 347581.627240817,
                    "percentage_of_total_supply": 0.347581627240817,
                    "percentage_of_circulating_supply": 0.347581627240817
                },
                "0x1ebf0f6c3ecc39e989c1d3c374f575656ab83be8": {
                    "balance": 343618.369398453,
                    "percentage_of_total_supply": 0.343618369398453,
                    "percentage_of_circulating_supply": 0.343618369398453
                },
                "0x9ece3eeb981ac5aab111f28e56af44da70ec531c": {
                    "balance": 260671.553099034,
                    "percentage_of_total_supply": 0.260671553099034,
                    "percentage_of_circulating_supply": 0.260671553099034
                },
                "0x993b855193bf7df077d81e42615100de1ed9f639": {
                    "balance": 200000.0,
                    "percentage_of_total_supply": 0.2,
                    "percentage_of_circulating_supply": 0.2
                },
                "0x055a896282ed1d5162a2e544efc6e352adea1380": {
                    "balance": 121567.496163395,
                    "percentage_of_total_supply": 0.12156749616339499,
                    "percentage_of_circulating_supply": 0.12156749616339499
                },
                "0x43d4b4551bc9cd2f1770e5fc59b043043a80d167": {
                    "balance": 108245.52711282,
                    "percentage_of_total_supply": 0.10824552711282,
                    "percentage_of_circulating_supply": 0.10824552711282
                },
                "0x5e3773713f0a20806168d633652b905ee7253f83": {
                    "balance": 107948.519993416,
                    "percentage_of_total_supply": 0.107948519993416,
                    "percentage_of_circulating_supply": 0.107948519993416
                },
                "0xcb692809bf98a8201648b3c81f7231230f5cdfb1": {
                    "balance": 104763.437977959,
                    "percentage_of_total_supply": 0.10476343797795899,
                    "percentage_of_circulating_supply": 0.10476343797795899
                },