{
    "token_address": "0x34782a49402D407341F9D9F5159088371FA743dE",
    "chain": "bsc",
    "token_name": "Squid Gamers",
    "analyses": {
        "contract": {
            "contract_name": null,
            "compiler_version": null,
            "license_type": null,
            "implementation": null,
            "source_code": null,
            "abi": null,
            "verified": false,
            "owner": "0x59c3f39e850b2fca5afd7909cd7024c71e0baeae",
            "creator": "0x59c3f39e850b2fca5afd7909cd7024c71e0baeae",
            "is_hidden_owner": false,
            "is_proxy": null,
            "is_sellable": true,
            "is_hardcoded_owner": null,
            "code_analysis": null
        },
        "holder": {
            "total_holders": 35,
            "holders_list": {
                "0x581539fc5568daf037eb8573a32c7f685ec24758": {
                    "balance": 1.6196064620982496e+32,
                    "percentage_of_total_supply": 16.1961,
                    "percentage_of_circulating_supply": 16.1961
                },
                "0x2a1203869dd2f1d8abc50d2c5718428b5e302e30": {
                    "balance": 1.0197826706026909e+32,
                    "percentage_of_total_supply": 10.1978,
                    "percentage_of_circulating_supply": 10.1978
                },
                "0xf306e658e6d8cdfaa0eb979d6e5cff0815f387e8": {
                    "balance": 1.0145023222497587e+32,
                    "percentage_of_total_supply": 10.145,
                    "percentage_of_circulating_supply": 10.145
                },
                "0x403756c0669783cc7eb9e929aeb881170b67dfb8": {
                    "balance": 7.930371149442929e+31,
                    "percentage_of_total_supply": 7.9304,
                    "percentage_of_circulating_supply": 7.9304
                },
                "0xc49f1ba250eb51947f1ea0d5c1d4e11db6222dec": {
                    "balance": 4.6386517356171255e+31,
                    "percentage_of_total_supply": 4.6387,
                    "percentage_of_circulating_supply": 4.6387
                },
                "0xa9e0a4b2edc54f66ef7c2bc2f288f11fbcfe7d38": {
                    "balance": 4.290296722434137e+31,
                    "percentage_of_total_supply": 4.2903,
                    "percentage_of_circulating_supply": 4.2903
                },
                "0xdd82288f6329e8c5f99d0e461b0966e7ef35ad92": {
                    "balance": 3.8692967497968055e+31,
                    "percentage_of_total_supply": 3.8693,
                    "percentage_of_circulating_supply": 3.8693
                },
                "0x00f311e557cfa981227fa32cbb7ce9ea98987fd2": {
                    "balance": 2.866833458813016e+31,
                    "percentage_of_total_supply": 2.8668,
                    "percentage_of_circulating_supply": 2.8668
                },
                "0xd2526fe52c6b8ea9a25e2944357e12e361eae534": {
                    "balance": 2.7632445666582655e+31,
                    "percentage_of_total_supply": 2.7632,
                    "percentage_of_circulating_supply": 2.7632
                },
                "0x6580bbc79b329c56656d700d61b2a2edff3a56b9": {
                    "balance": 2.5228580445857695e+31,
                    "percentage_of_total_supply": 2.5229,
                    "percentage_of_circulating_supply": 2.5229
                },
                "0xab77bd85a084254819658fd8e3862c2c6d285078": {
                    "balance": 1.5701713901266955e+31,
                    "percentage_of_total_supply": 1.5702,
                    "percentage_of_circulating_supply": 1.5702
                },
                "0x40f621fd09b7fdc6bd2801b8354c51f0c11ab5c1": {
                    "balance": 1.532465864529244e+31,
                    "percentage_of_total_supply": 1.5325,
                    "percentage_of_circulating_supply": 1.5325
                },
                "0xe7ef4a0d9ac3e214ff2f4c75ab9c651b7ab15f9c": {
                    "balance": 1.5012033640354532e+31,
                    "percentage_of_total_supply": 1.5012,
                    "percentage_of_circulating_supply": 1.5012
                },
                "0xa7d65db29d75a3ec2c179229fd3bc93bfa0d6f0d": {
                    "balance": 1.0718624819400747e+31,
                    "percentage_of_total_supply": 1.0719,
                    "percentage_of_circulating_supply": 1.0719
                },
                "0xadb85f4f15c6ec85e2ce20843a7ab23efecbcf7e": {
                    "balance": 9.860849474537009e+30,
                    "percentage_of_total_supply": 0.9861,
                    "percentage_of_circulating_supply": 0.9861
                },
                "0x6be676eb7c231dc46d7340e8e2039b3266b74c31": {
                    "balance": 9.827650429019401e+30,
                    "percentage_of_total_supply": 0.9828,
                    "percentage_of_circulating_supply": 0.9828
                },
                "0x231a3a02683c99b199a1e67f1620359a1d41ba31": {
                    "balance": 9.172712699665692e+30,
                    "percentage_of_total_supply": 0.9173,
                    "percentage_of_circulating_supply": 0.9173
                },
                "0xd7f236bea64621615c606a7c2fbe436fe3363f65": {
                    "balance": 9.154464759381248e+30,
                    "percentage_of_total_supply": 0.9154,
                    "percentage_of_circulating_supply": 0.9154
                },
                "0xac195d808f5f32637100077751f6d225274cc264": {
                    "balance": 8.225968561962435e+30,
                    "percentage_of_total_supply": 0.8226,
                    "percentage_of_circulating_supply": 0.8226
                },
                "0x3a0a1379915944148b5687bf190366d7243628ec": {
                    "balance": 7.357889938970115e+30,
                    "percentage_of_total_supply": 0.7358,
                    "percentage_of_circulating_supply": 0.7358
                },
                "0x525fcc6c1d51dce09cc5fdc5455b00ebcfc0c275": {
                    "balance": 7.138936847176103e+30,
                    "percentage_of_total_supply": 0.7139,
                    "percentage_of_circulating_supply": 0.7139
                },
                "0xbf73f0d0a830774e0ec12d78c7d89b324c32be31": {
                    "balance": 6.781396660776681e+30,
                    "percentage_of_total_supply": 0.6781,
                    "percentage_of_circulating_supply": 0.6781
                },
                "0x406e874a18ed7960205f3ed3c1fcab4bede5536d": {
                    "balance": 4.160731163442471e+30,
                    "percentage_of_total_supply": 0.4161,
                    "percentage_of_circulating_supply": 0.4161
                },
                "0x975faf6a31850db6b454b5b3c677b1d7cf5d6f8c": {
                    "balance": 3.157704737732831e+30,
                    "percentage_of_total_supply": 0.3158,
                    "percentage_of_circulating_supply": 0.3158
                },
                "0x6c694d5bae61cf8dd840821f04939f4aa47c082b": {
                    "balance": 2.903288499529397e+30,
                    "percentage_of_total_supply": 0.2903,
                    "percentage_of_circulating_supply": 0.2903
                },
                "0xacebd847ae82a6abe115eff61c8d622134b824e9": {
                    "balance": 1.4229722645230546e+30,
                    "percentage_of_total_supply": 0.1423,
                    "percentage_of_circulating_supply": 0.1423
                },
                "0xcf58158a47b8895150e2517781e1f5e04440490b": {
                    "balance": 1.3278347459724397e+30,
                    "percentage_of_total_supply": 0.1328,
                    "percentage_of_circulating_supply": 0.1328
                },
                "0xbc03ba2fbb3861bb455c7d970a069e95dd7b6bce": {
                    "balance": 1.0083025222517271e+30,
                    "percentage_of_total_supply": 0.1008,