{
    "token_address": "0x39F51bE47C9Ea5a81f98F12296b328cBF1CC76d6",
    "chain": "bsc",
    "token_name": "BitTube",
    "analyses": {
        "contract": {
            "contract_name": null,
            "compiler_version": null,
            "license_type": null,
            "implementation": null,
            "source_code": null,
            "abi": null,
            "verified": false,
            "owner": "0x03aeff5607b88559851589b0bd9ee5a5d47d7360",
            "creator": "0x03aeff5607b88559851589b0bd9ee5a5d47d7360",
            "is_hidden_owner": false,
            "is_proxy": null,
            "is_sellable": true,
            "is_hardcoded_owner": null,
            "code_analysis": {
                "total_matches": 0,
                "patterns_found": {}
            }
        },
        "holder": {
            "total_holders": 2,
            "holders_list": {
                "0x03aeff5607b88559851589b0bd9ee5a5d47d7360": {
                    "balance": 992833.370656737,
                    "percentage_of_total_supply": 99.2833370656737,
                    "percentage_of_circulating_supply": 99.64037990085923
                },
                "0x6a4faaa500015194d98f3c45e9c6cd7be34ec18a": {
                    "balance": 3e-09,
                    "percentage_of_total_supply": 3e-13,
                    "percentage_of_circulating_supply": 3.010788602974214e-13
                }
            },
            "total_supply": 1000000.0,
            "total_circulating_supply": 996416.68532837,
            "owner": {
                "address": "0x03aeff5607b88559851589b0bd9ee5a5d47d7360",
                "balance": 992833.370656737,
                "percentage_of_circulating_supply": 99.64037990085923,
                "exceeds_5_percent": true
            },
            "creator": {
                "address": "0x03aeff5607b88559851589b0bd9ee5a5d47d7360",
                "balance": 992833.370656737,
                "percentage_of_circulating_supply": 99.64037990085923,
                "exceeds_5_percent": true
            },
            "holders_exceeding_5_percent_circulating": [],
            "howmany_holders_exceeding_5_percent_circulating": 0,
            "top_10_holders": [
                {
                    "address": "0x03aeff5607b88559851589b0bd9ee5a5d47d7360",
                    "balance": 992833.370656737,
                    "percentage_of_total_supply": 99.2833370656737,
                    "percentage_of_circulating_supply": 99.64037990085923
                },
                {
                    "address": "0x6a4faaa500015194d98f3c45e9c6cd7be34ec18a",
                    "balance": 3e-09,
                    "percentage_of_total_supply": 3e-13,
                    "percentage_of_circulating_supply": 3.010788602974214e-13
                }
            ],
            "total_top_10_balance": 992833.37065674,
            "top10_percentage_of_total_supply": 99.283337065674,
            "top10_percentage_of_circulating_supply": 99.64037990085953,
            "top_10_less_than_70_percent_of_total": false,
            "top_10_less_than_70_percent_of_circulating": false
        },
        "liquidity": {
            "price_usd": 137.18265230440022,
            "liquidity_usd": 8.230959138264012e-16,
            "market_cap_usd": 136691083.69370475,
            "liquidity_to_market_cap_ratio": 6.021577205948427e-24,
            "token_volume": 0.0,
            "volume_usd": 0.0,
            "volume_to_liquidity_ratio": 0.0,
            "locked_liquidity_percent": 100.0,
            "locked_95_for_15_days": false,
            "creator_under_5_percent": false,
            "creator_percent_of_lp": 99.2833,
            "owner_under_5_percent": true,
            "owner_percent_of_lp": 0.0,
            "total_lp_supply": 1e-15,
            "lp_holders_count": 1,
            "lp_holders": [
                {
                    "address": "0x0000000000000000000000000000000000000000",
                    "balance": 1e-15,
                    "is_locked": true,
                    "percent": 100.0,
                    "tag": "Null Address"
                }
            ],
            "error": "Liquidity pool info could not be retrieved."
        },
        "security": {
            "warnings": null,
            "homany_warnings": 0,
            "suspicious_urls": null,
            "howmany_suspicious_urls": 0,
            "suspicious_addresses": null,
            "howmany_suspicious_addresses": 0,
            "error": "Security analysis data not available."
        },
        "lifecycle": {
            "token_age_seconds": 74411187.678405,
            "token_creation_date": "2023-04-18T13:53:28",
            "creation_to_first_trade_seconds": 0.0,
            "creation_to_first_trade_blocks": 0,
            "last_tx_hash": "0x1f2b8c4b9588364b74c81e72ed672fe3176d812754bb94dd6567cd18276fc914",
            "last_active_age": "2024-06-19T23:11:16",
            "inactive_days": 432.85326794384264
        }
    },
    "errors": []
}