{
    "token_address": "0xeD9712Fe8a3f9a6105e3bCfDB1AC59338C8d5d64",
    "chain": "bsc",
    "token_name": "Fire Fox Protocol",
    "analyses": {
        "contract": {
            "contract_name": null,
            "compiler_version": null,
            "license_type": null,
            "implementation": null,
            "source_code": null,
            "abi": null,
            "verified": false,
            "owner": "0xe52fd7050308a3c8f91f357321fba06ddf27f369",
            "creator": "0xe52fd7050308a3c8f91f357321fba06ddf27f369",
            "is_hidden_owner": false,
            "is_proxy": null,
            "is_sellable": true,
            "is_hardcoded_owner": null,
            "code_analysis": {
                "total_matches": 0,
                "patterns_found": {}
            }
        },
        "holder": {
            "total_holders": 18,
            "holders_list": {
                "0xe52fd7050308a3c8f91f357321fba06ddf27f369": {
                    "balance": 99997697887.48419,
                    "percentage_of_total_supply": 99.9976978874842,
                    "percentage_of_circulating_supply": 99.9976978874842
                },
                "0x72a8a4336bfa5cc984ed230ba0c08e518c35a114": {
                    "balance": 588379.137632984,
                    "percentage_of_total_supply": 0.000588379137632984,
                    "percentage_of_circulating_supply": 0.000588379137632984
                },
                "0x48c4c869d1361a8488162696f80b8ffe714bec60": {
                    "balance": 502191.506419415,
                    "percentage_of_total_supply": 0.000502191506419415,
                    "percentage_of_circulating_supply": 0.000502191506419415
                },
                "0x728a9f3e74cb9f17aa31ea558a48ac708e155064": {
                    "balance": 309600.747960423,
                    "percentage_of_total_supply": 0.00030960074796042297,
                    "percentage_of_circulating_supply": 0.00030960074796042297
                },
                "0xf78b477e511ea97ae0728501555a90cc4683e50d": {
                    "balance": 261448.01131811,
                    "percentage_of_total_supply": 0.00026144801131811003,
                    "percentage_of_circulating_supply": 0.00026144801131811003
                },
                "0x046d46e1239dd5d57d67491fd82e37c1697fcfb0": {
                    "balance": 164534.533727254,
                    "percentage_of_total_supply": 0.000164534533727254,
                    "percentage_of_circulating_supply": 0.000164534533727254
                },
                "0x984927d0fe7750984b1a6c12c15e9714c50b054e": {
                    "balance": 149829.845028399,
                    "percentage_of_total_supply": 0.000149829845028399,
                    "percentage_of_circulating_supply": 0.000149829845028399
                },
                "0x6bbb0126b7fd1bf4e49f5b254f36026d4ac27217": {
                    "balance": 115963.911689243,
                    "percentage_of_total_supply": 0.000115963911689243,
                    "percentage_of_circulating_supply": 0.000115963911689243
                },
                "0xfcd4fcc5afe7888a2714d85dd10b00eb2d0aec5c": {
                    "balance": 71025.592847707,
                    "percentage_of_total_supply": 7.102559284770701e-05,
                    "percentage_of_circulating_supply": 7.102559284770701e-05
                },
                "0x719578da3d2d9fd7d55a1232ba78be06da2ad6b6": {
                    "balance": 49462.84978087,
                    "percentage_of_total_supply": 4.9462849780869995e-05,
                    "percentage_of_circulating_supply": 4.9462849780869995e-05
                },
                "0x7850d6bd31b31750ccbce25c3179a5b6d80e79c0": {
                    "balance": 38030.237545639,
                    "percentage_of_total_supply": 3.8030237545639e-05,
                    "percentage_of_circulating_supply": 3.8030237545639e-05
                },
                "0x167ded354c614a8d478d04ba8f673b85856be78e": {
                    "balance": 23745.023379209,
                    "percentage_of_total_supply": 2.3745023379209e-05,
                    "percentage_of_circulating_supply": 2.3745023379209e-05
                },
                "0x87b86944b997f906eaea9a1f9afbb56c5d98879c": {
                    "balance": 13968.411480564,
                    "percentage_of_total_supply": 1.3968411480563999e-05,
                    "percentage_of_circulating_supply": 1.3968411480563999e-05
                },
                "0xa96b611f35505e5d2d4941036171762e42417ade": {
                    "balance": 6529.196802863,
                    "percentage_of_total_supply": 6.529196802863e-06,
                    "percentage_of_circulating_supply": 6.529196802863e-06
                },
                "0x9d172821da6f0c0fe3ad4026515f160e5bd051cb": {
                    "balance": 4805.893928766,
                    "percentage_of_total_supply": 4.805893928766001e-06,
                    "percentage_of_circulating_supply": 4.805893928766001e-06
                },
                "0x0ed943ce24baebf257488771759f9bf482c39706": {
                    "balance": 1761.210741084,
                    "percentage_of_total_supply": 1.7612107410840001e-06,
                    "percentage_of_circulating_supply": 1.7612107410840001e-06
                },
                "0xa2ccc5d6aa3c8f6797276780a8af100a15fc2585": {
                    "balance": 836.405514397,
                    "percentage_of_total_supply": 8.36405514397e-07,
                    "percentage_of_circulating_supply": 8.36405514397e-07
                },
                "0xb3d2a3695eb519bce70c45c33f3a6f9f250ec70c": {
                    "balance": 1.1e-08,
                    "percentage_of_total_supply": 1.1e-17,
                    "percentage_of_circulating_supply": 1.1e-17
                }
            },
            "total_supply": 100000000000.0,
            "total_circulating_supply": 100000000000.0,
            "owner": {
                "address": "0xe52fd7050308a3c8f91f357321fba06ddf27f369",
                "balance": 99997697887.48419,
                "percentage_of_circulating_supply": 99.9976978874842,
                "exceeds_5_percent": true
            },
            "creator": {
                "address": "0xe52fd7050308a3c8f91f357321fba06ddf27f369",
                "balance": 99997697887.48419,
                "percentage_of_circulating_supply": 99.9976978874842,
                "exceeds_5_percent": true
            },
            "holders_exceeding_5_percent_circulating": [],
            "howmany_holders_exceeding_5_percent_circulating": 0,
            "top_10_holders": [
                {
                    "address": "0xe52fd7050308a3c8f91f357321fba06ddf27f369",
                    "balance": 99997697887.48419,
                    "percentage_of_total_supply": 99.9976978874842,
                    "percentage_of_circulating_supply": 99.9976978874842
                },
                {
                    "address": "0x72a8a4336bfa5cc984ed230ba0c08e518c35a114",
                    "balance": 588379.137632984,
                    "percentage_of_total_supply": 0.000588379137632984,
                    "percentage_of_circulating_supply": 0.000588379137632984
                },
                {
                    "address": "0x48c4c869d1361a8488162696f80b8ffe714bec60",
                    "balance": 502191.506419415,
                    "percentage_of_total_supply": 0.000502191506419415,
                    "percentage_of_circulating_supply": 0.000502191506419415
                },
                {
                    "address": "0x728a9f3e74cb9f17aa31ea558a48ac708e155064",
                    "balance": 309600.747960423,
                    "percentage_of_total_supply": 0.00030960074796042297,