{
    "token_address": "0x43E8Da8586A65cb05A5f117189e73Fa0205d2c6D",
    "chain": "bsc",
    "token_name": "Swarm",
    "analyses": {
        "contract": {
            "contract_name": null,
            "compiler_version": null,
            "license_type": null,
            "implementation": null,
            "source_code": null,
            "abi": null,
            "verified": false,
            "owner": "0x5155f69dcae6f36e5043b2a61b1d8bd6e221a9be",
            "creator": "0x5155f69dcae6f36e5043b2a61b1d8bd6e221a9be",
            "is_hidden_owner": false,
            "is_proxy": null,
            "is_sellable": true,
            "is_hardcoded_owner": null,
            "code_analysis": {
                "total_matches": 0,
                "patterns_found": {}
            }
        },
        "holder": {
            "total_holders": 2,
            "holders_list": {
                "0x5155f69dcae6f36e5043b2a61b1d8bd6e221a9be": {
                    "balance": 941929.426932387,
                    "percentage_of_total_supply": 94.1929426932387,
                    "percentage_of_circulating_supply": 97.0096455482757
                },
                "0x17c2702ca9cc7d7b84c3dc8aad37f07411e9d51f": {
                    "balance": 4e-09,
                    "percentage_of_total_supply": 4e-13,
                    "percentage_of_circulating_supply": 4.119614178068956e-13
                }
            },
            "total_supply": 1000000.0,
            "total_circulating_supply": 970964.7134661955,
            "owner": {
                "address": "0x5155f69dcae6f36e5043b2a61b1d8bd6e221a9be",
                "balance": 941929.426932387,
                "percentage_of_circulating_supply": 97.0096455482757,
                "exceeds_5_percent": true
            },
            "creator": {
                "address": "0x5155f69dcae6f36e5043b2a61b1d8bd6e221a9be",
                "balance": 941929.426932387,
                "percentage_of_circulating_supply": 97.0096455482757,
                "exceeds_5_percent": true
            },
            "holders_exceeding_5_percent_circulating": [],
            "howmany_holders_exceeding_5_percent_circulating": 0,
            "top_10_holders": [
                {
                    "address": "0x5155f69dcae6f36e5043b2a61b1d8bd6e221a9be",
                    "balance": 941929.426932387,
                    "percentage_of_total_supply": 94.1929426932387,
                    "percentage_of_circulating_supply": 97.0096455482757
                },
                {
                    "address": "0x17c2702ca9cc7d7b84c3dc8aad37f07411e9d51f",
                    "balance": 4e-09,
                    "percentage_of_total_supply": 4e-13,
                    "percentage_of_circulating_supply": 4.119614178068956e-13
                }
            ],
            "total_top_10_balance": 941929.426932391,
            "top10_percentage_of_total_supply": 94.1929426932391,
            "top10_percentage_of_circulating_supply": 97.00964554827611,
            "top_10_less_than_70_percent_of_total": false,
            "top_10_less_than_70_percent_of_circulating": false
        },
        "liquidity": {
            "price_usd": 94.91534591425962,
            "liquidity_usd": 7.59322767314077e-16,
            "market_cap_usd": 92159451.64918391,
            "liquidity_to_market_cap_ratio": 8.239228356137912e-24,
            "token_volume": 0.0,
            "volume_usd": 0.0,
            "volume_to_liquidity_ratio": 0.0,
            "locked_liquidity_percent": 100.0,
            "locked_95_for_15_days": false,
            "creator_under_5_percent": false,
            "creator_percent_of_lp": 94.1929,
            "owner_under_5_percent": true,
            "owner_percent_of_lp": 0.0,
            "total_lp_supply": 1e-15,
            "lp_holders_count": 1,
            "lp_holders": [
                {
                    "address": "0x0000000000000000000000000000000000000000",
                    "balance": 1e-15,
                    "is_locked": true,
                    "percent": 100.0,
                    "tag": "Null Address"
                }
            ],
            "error": "Liquidity pool info could not be retrieved."
        },
        "security": {
            "warnings": null,
            "homany_warnings": 0,
            "suspicious_urls": null,
            "howmany_suspicious_urls": 0,
            "suspicious_addresses": null,
            "howmany_suspicious_addresses": 0,
            "error": "Security analysis data not available."
        },
        "lifecycle": {
            "token_age_seconds": 75964759.135605,
            "token_creation_date": "2023-03-31T13:28:19",
            "creation_to_first_trade_seconds": 0.0,
            "creation_to_first_trade_blocks": 0,
            "last_tx_hash": "0x30bee05fa38d6986ff8d14cde416fe668f95c63e96cf6677e0c2c30f602f00ab",
            "last_active_age": "2023-04-05T20:09:28",
            "inactive_days": 873.9432075400232
        }
    },
    "errors": []
}