{
    "token_address": "0xA4Ceab42D26aF0c088B45F48133E75B542810C93",
    "chain": "bsc",
    "token_name": "Mashil",
    "analyses": {
        "contract": {
            "contract_name": null,
            "compiler_version": null,
            "license_type": null,
            "implementation": null,
            "source_code": null,
            "abi": null,
            "verified": false,
            "owner": "0x0069075ae7ce55bd3558d1aedc4eb08b611b1213",
            "creator": "0x0069075ae7ce55bd3558d1aedc4eb08b611b1213",
            "is_hidden_owner": false,
            "is_proxy": null,
            "is_sellable": true,
            "is_hardcoded_owner": null,
            "code_analysis": {
                "total_matches": 0,
                "patterns_found": {}
            }
        },
        "holder": {
            "total_holders": 13,
            "holders_list": {
                "0x2be87ad70cf11ea294d7c42044b5b8277a3e4874": {
                    "balance": 14203.590353,
                    "percentage_of_total_supply": 0.014203590353,
                    "percentage_of_circulating_supply": 0.014203590353
                },
                "0x1bb158286fb302b7836d0f6781ed737a9dc53bf5": {
                    "balance": 4180.087271,
                    "percentage_of_total_supply": 0.004180087271,
                    "percentage_of_circulating_supply": 0.004180087271
                },
                "0xd416c265d6be2436d6689c6d461eab12cd3e171f": {
                    "balance": 29716.190566,
                    "percentage_of_total_supply": 0.029716190566,
                    "percentage_of_circulating_supply": 0.029716190566
                },
                "0x1b1ad28906a568f6b788e42c2b665efa780e601c": {
                    "balance": 198504.960212,
                    "percentage_of_total_supply": 0.198504960212,
                    "percentage_of_circulating_supply": 0.198504960212
                },
                "0x0611849df64f16088058a6ebca8c7717de7d7e35": {
                    "balance": 98176339.24462,
                    "percentage_of_total_supply": 98.17633924462001,
                    "percentage_of_circulating_supply": 98.17633924462001
                },
                "0x0ed943ce24baebf257488771759f9bf482c39706": {
                    "balance": 425334.6269,
                    "percentage_of_total_supply": 0.4253346269,
                    "percentage_of_circulating_supply": 0.4253346269
                },
                "0x3ffde9d192956f85f3b9f8384e8457475b6048b8": {
                    "balance": 218728.068769,
                    "percentage_of_total_supply": 0.21872806876900003,
                    "percentage_of_circulating_supply": 0.21872806876900003
                },
                "0x5e3773713f0a20806168d633652b905ee7253f83": {
                    "balance": 304882.314142,
                    "percentage_of_total_supply": 0.30488231414199995,
                    "percentage_of_circulating_supply": 0.30488231414199995
                },
                "0x4df97a667ff2dc7d3f23d85d29147eac576bbe69": {
                    "balance": 10000.0,
                    "percentage_of_total_supply": 0.01,
                    "percentage_of_circulating_supply": 0.01
                },
                "0x9fe85b028839cac553eaac1a88bb3c8eb6191a16": {
                    "balance": 75.853601,
                    "percentage_of_total_supply": 7.5853601e-05,
                    "percentage_of_circulating_supply": 7.5853601e-05
                },
                "0x1739a5febde20009ea867dafecf3cb73dc64cf17": {
                    "balance": 618035.063551,
                    "percentage_of_total_supply": 0.618035063551,
                    "percentage_of_circulating_supply": 0.618035063551
                },
                "0x1d53416d59d76c8d5b84ae8f8e2c2a15c5e03c12": {
                    "balance": 1.4e-05,
                    "percentage_of_total_supply": 1.4e-11,
                    "percentage_of_circulating_supply": 1.4e-11
                },
                "0xdf82180d69858c3c7179b1302bfcf9121f7926dc": {
                    "balance": 1e-06,
                    "percentage_of_total_supply": 1e-12,
                    "percentage_of_circulating_supply": 1e-12
                }
            },
            "total_supply": 100000000.0,
            "total_circulating_supply": 100000000.0,
            "owner": {},
            "creator": {},
            "holders_exceeding_5_percent_circulating": [
                {
                    "address": "0x0611849df64f16088058a6ebca8c7717de7d7e35",
                    "balance": 98176339.24462,
                    "percentage_of_supply": 98.17633924462001
                }
            ],
            "howmany_holders_exceeding_5_percent_circulating": 1,
            "top_10_holders": [
                {
                    "address": "0x0611849df64f16088058a6ebca8c7717de7d7e35",
                    "balance": 98176339.24462,
                    "percentage_of_total_supply": 98.17633924462001,
                    "percentage_of_circulating_supply": 98.17633924462001
                },
                {
                    "address": "0x1739a5febde20009ea867dafecf3cb73dc64cf17",
                    "balance": 618035.063551,
                    "percentage_of_total_supply": 0.618035063551,
                    "percentage_of_circulating_supply": 0.618035063551
                },
                {
                    "address": "0x0ed943ce24baebf257488771759f9bf482c39706",
                    "balance": 425334.6269,
                    "percentage_of_total_supply": 0.4253346269,
                    "percentage_of_circulating_supply": 0.4253346269
                },
                {
                    "address": "0x5e3773713f0a20806168d633652b905ee7253f83",
                    "balance": 304882.314142,
                    "percentage_of_total_supply": 0.30488231414199995,
                    "percentage_of_circulating_supply": 0.30488231414199995
                },
                {
                    "address": "0x3ffde9d192956f85f3b9f8384e8457475b6048b8",
                    "balance": 218728.068769,
                    "percentage_of_total_supply": 0.21872806876900003,
                    "percentage_of_circulating_supply": 0.21872806876900003
                },
                {
                    "address": "0x1b1ad28906a568f6b788e42c2b665efa780e601c",
                    "balance": 198504.960212,
                    "percentage_of_total_supply": 0.198504960212,
                    "percentage_of_circulating_supply": 0.198504960212
                },
                {
                    "address": "0xd416c265d6be2436d6689c6d461eab12cd3e171f",
                    "balance": 29716.190566,
                    "percentage_of_total_supply": 0.029716190566,
                    "percentage_of_circulating_supply": 0.029716190566
                },
                {
                    "address": "0x2be87ad70cf11ea294d7c42044b5b8277a3e4874",
                    "balance": 14203.590353,
                    "percentage_of_total_supply": 0.014203590353,
                    "percentage_of_circulating_supply": 0.014203590353
                },
                {
                    "address": "0x4df97a667ff2dc7d3f23d85d29147eac576bbe69",
                    "balance": 10000.0,
                    "percentage_of_total_supply": 0.01,
                    "percentage_of_circulating_supply": 0.01
                },
                {
                    "address": "0x1bb158286fb302b7836d0f6781ed737a9dc53bf5",
                    "balance": 4180.087271,
                    "percentage_of_total_supply": 0.004180087271,
                    "percentage_of_circulating_supply": 0.004180087271
                }
            ],
            "total_top_10_balance": 99999924.146384,
            "top10_percentage_of_total_supply": 99.999924146384,
            "top10_percentage_of_circulating_supply": 99.999924146384,