{
    "token_address": "0xE8e8bf8F58a9e17D827DC242C3010DfC2086BfFA",
    "chain": "bsc",
    "token_name": "ORE Network",
    "analyses": {
        "contract": {
            "contract_name": null,
            "compiler_version": null,
            "license_type": null,
            "implementation": null,
            "source_code": null,
            "abi": null,
            "verified": false,
            "owner": "0xe52fd7050308a3c8f91f357321fba06ddf27f369",
            "creator": "0xe52fd7050308a3c8f91f357321fba06ddf27f369",
            "is_hidden_owner": false,
            "is_proxy": null,
            "is_sellable": true,
            "is_hardcoded_owner": null,
            "code_analysis": {
                "total_matches": 0,
                "patterns_found": {}
            }
        },
        "holder": {
            "total_holders": 2,
            "holders_list": {
                "0xe52fd7050308a3c8f91f357321fba06ddf27f369": {
                    "balance": 1000000000.0,
                    "percentage_of_total_supply": 100.0,
                    "percentage_of_circulating_supply": 99.99999999999994
                },
                "0x4e84b21968d5e17496a5f080c948c62c686c25d0": {
                    "balance": 1e-06,
                    "percentage_of_total_supply": 1e-13,
                    "percentage_of_circulating_supply": 9.999999999999995e-14
                }
            },
            "total_supply": 1000000000.0,
            "total_circulating_supply": 1000000000.0000005,
            "owner": {
                "address": "0xe52fd7050308a3c8f91f357321fba06ddf27f369",
                "balance": 1000000000.0,
                "percentage_of_circulating_supply": 99.68299171397895,
                "exceeds_5_percent": true
            },
            "creator": {
                "address": "0xe52fd7050308a3c8f91f357321fba06ddf27f369",
                "balance": 1000000000.0,
                "percentage_of_circulating_supply": 99.68299171397895,
                "exceeds_5_percent": true
            },
            "holders_exceeding_5_percent_circulating": [],
            "howmany_holders_exceeding_5_percent_circulating": 0,
            "top_10_holders": [
                {
                    "address": "0xe52fd7050308a3c8f91f357321fba06ddf27f369",
                    "balance": 1000000000.0,
                    "percentage_of_total_supply": 100.0,
                    "percentage_of_circulating_supply": 99.99999999999994
                },
                {
                    "address": "0x4e84b21968d5e17496a5f080c948c62c686c25d0",
                    "balance": 1e-06,
                    "percentage_of_total_supply": 1e-13,
                    "percentage_of_circulating_supply": 9.999999999999995e-14
                }
            ],
            "total_top_10_balance": 1000000000.000001,
            "top10_percentage_of_total_supply": 100.00000000000011,
            "top10_percentage_of_circulating_supply": 100.00000000000004,
            "top_10_less_than_70_percent_of_total": false,
            "top_10_less_than_70_percent_of_circulating": false
        },
        "liquidity": {
            "price_usd": 4913.545956328871,
            "liquidity_usd": 9.827091912657744e-15,
            "market_cap_usd": 4913545956328.874,
            "liquidity_to_market_cap_ratio": 1.999999999999999e-27,
            "token_volume": 0.0,
            "volume_usd": 0.0,
            "volume_to_liquidity_ratio": 0.0,
            "locked_liquidity_percent": 100.0,
            "locked_95_for_15_days": false,
            "creator_under_5_percent": false,
            "creator_percent_of_lp": 99.683,
            "owner_under_5_percent": true,
            "owner_percent_of_lp": 0.0,
            "total_lp_supply": 1e-15,
            "lp_holders_count": 1,
            "lp_holders": [
                {
                    "address": "0x0000000000000000000000000000000000000000",
                    "balance": 1e-15,
                    "is_locked": true,
                    "percent": 100.0,
                    "tag": "Null Address"
                }
            ],
            "error": "Liquidity pool info could not be retrieved."
        },
        "security": {
            "warnings": null,
            "homany_warnings": 0,
            "suspicious_urls": null,
            "howmany_suspicious_urls": 0,
            "suspicious_addresses": null,
            "howmany_suspicious_addresses": 0,
            "error": "Security analysis data not available."
        },
        "lifecycle": {
            "token_age_seconds": 75595796.511811,
            "token_creation_date": "2023-04-05T09:02:31",
            "creation_to_first_trade_seconds": 0.0,
            "creation_to_first_trade_blocks": 0,
            "last_tx_hash": "0x7c2c598d58bd3bb9997ef9cdaa3804841be3af37ffaf0b12065c7301894155b7",
            "last_active_age": "2023-04-05T18:09:43",
            "inactive_days": 874.5713807083218
        }
    },
    "errors": []
}