{
    "token_address": "0xAB941cB1b32B53EB90269Cf98AF50a936A7Aea65",
    "chain": "bsc",
    "token_name": "SHIBA MOON",
    "analyses": {
        "contract": {
            "contract_name": null,
            "compiler_version": null,
            "license_type": null,
            "implementation": null,
            "source_code": null,
            "abi": null,
            "verified": false,
            "owner": "0x067abf305fd424401e071535b2f1882c47543424",
            "creator": "0x067abf305fd424401e071535b2f1882c47543424",
            "is_hidden_owner": false,
            "is_proxy": null,
            "is_sellable": true,
            "is_hardcoded_owner": null,
            "code_analysis": {
                "total_matches": 0,
                "patterns_found": {}
            }
        },
        "holder": {
            "total_holders": 13,
            "holders_list": {
                "0x067abf305fd424401e071535b2f1882c47543424": {
                    "balance": 962899.24927224,
                    "percentage_of_total_supply": 96.289924927224,
                    "percentage_of_circulating_supply": 96.289924927224
                },
                "0x550f09bf6a5c4df927b923d196f2bbae03830408": {
                    "balance": 7870.0,
                    "percentage_of_total_supply": 0.787,
                    "percentage_of_circulating_supply": 0.787
                },
                "0x559b67e36c762cf91132e977fa419327ce2de0de": {
                    "balance": 6248.68849931,
                    "percentage_of_total_supply": 0.624868849931,
                    "percentage_of_circulating_supply": 0.624868849931
                },
                "0x94333adf3e2f9e84164b9bfdac6deb78224262e2": {
                    "balance": 5333.68113427,
                    "percentage_of_total_supply": 0.5333681134270001,
                    "percentage_of_circulating_supply": 0.5333681134270001
                },
                "0x43d4b4551bc9cd2f1770e5fc59b043043a80d167": {
                    "balance": 3835.34891822,
                    "percentage_of_total_supply": 0.383534891822,
                    "percentage_of_circulating_supply": 0.383534891822
                },
                "0xcb692809bf98a8201648b3c81f7231230f5cdfb1": {
                    "balance": 3775.9593218,
                    "percentage_of_total_supply": 0.37759593218,
                    "percentage_of_circulating_supply": 0.37759593218
                },
                "0x95ac560cc05afd186a4b11ed58b0e985538f1612": {
                    "balance": 3166.7294986,
                    "percentage_of_total_supply": 0.31667294986,
                    "percentage_of_circulating_supply": 0.31667294986
                },
                "0xa244711afd473caafa99d6f07b9db5637d3f1643": {
                    "balance": 2643.98027948,
                    "percentage_of_total_supply": 0.264398027948,
                    "percentage_of_circulating_supply": 0.264398027948
                },
                "0x24546732d3de158f89cebf4a2127f9009916418e": {
                    "balance": 1399.5345943,
                    "percentage_of_total_supply": 0.13995345943,
                    "percentage_of_circulating_supply": 0.13995345943
                },
                "0xd893edbfbfb126c5b3266aaf28c463a0fde75817": {
                    "balance": 1008.27965753,
                    "percentage_of_total_supply": 0.100827965753,
                    "percentage_of_circulating_supply": 0.100827965753
                },
                "0x5a516eaff04ca967d68475843dbd15de98aed626": {
                    "balance": 986.50090698,
                    "percentage_of_total_supply": 0.098650090698,
                    "percentage_of_circulating_supply": 0.098650090698
                },
                "0x6a5031177590786afd34af5c8702d3b0d8231e04": {
                    "balance": 832.04791726,
                    "percentage_of_total_supply": 0.083204791726,
                    "percentage_of_circulating_supply": 0.083204791726
                },
                "0x0000606ec42c2f4673b8a0e12c59451bfdcd8502": {
                    "balance": 1e-08,
                    "percentage_of_total_supply": 1e-12,
                    "percentage_of_circulating_supply": 1e-12
                }
            },
            "total_supply": 1000000.0,
            "total_circulating_supply": 1000000.0,
            "owner": {
                "address": "0x067abf305fd424401e071535b2f1882c47543424",
                "balance": 962899.24927224,
                "percentage_of_circulating_supply": 96.289924927224,
                "exceeds_5_percent": true
            },
            "creator": {
                "address": "0x067abf305fd424401e071535b2f1882c47543424",
                "balance": 962899.24927224,
                "percentage_of_circulating_supply": 96.289924927224,
                "exceeds_5_percent": true
            },
            "holders_exceeding_5_percent_circulating": [],
            "howmany_holders_exceeding_5_percent_circulating": 0,
            "top_10_holders": [
                {
                    "address": "0x067abf305fd424401e071535b2f1882c47543424",
                    "balance": 962899.24927224,
                    "percentage_of_total_supply": 96.289924927224,
                    "percentage_of_circulating_supply": 96.289924927224
                },
                {
                    "address": "0x550f09bf6a5c4df927b923d196f2bbae03830408",
                    "balance": 7870.0,
                    "percentage_of_total_supply": 0.787,
                    "percentage_of_circulating_supply": 0.787
                },
                {
                    "address": "0x559b67e36c762cf91132e977fa419327ce2de0de",
                    "balance": 6248.68849931,
                    "percentage_of_total_supply": 0.624868849931,
                    "percentage_of_circulating_supply": 0.624868849931
                },
                {
                    "address": "0x94333adf3e2f9e84164b9bfdac6deb78224262e2",
                    "balance": 5333.68113427,
                    "percentage_of_total_supply": 0.5333681134270001,
                    "percentage_of_circulating_supply": 0.5333681134270001
                },
                {
                    "address": "0x43d4b4551bc9cd2f1770e5fc59b043043a80d167",
                    "balance": 3835.34891822,
                    "percentage_of_total_supply": 0.383534891822,
                    "percentage_of_circulating_supply": 0.383534891822
                },
                {
                    "address": "0xcb692809bf98a8201648b3c81f7231230f5cdfb1",
                    "balance": 3775.9593218,
                    "percentage_of_total_supply": 0.37759593218,
                    "percentage_of_circulating_supply": 0.37759593218
                },
                {
                    "address": "0x95ac560cc05afd186a4b11ed58b0e985538f1612",
                    "balance": 3166.7294986,
                    "percentage_of_total_supply": 0.31667294986,
                    "percentage_of_circulating_supply": 0.31667294986
                },
                {
                    "address": "0xa244711afd473caafa99d6f07b9db5637d3f1643",
                    "balance": 2643.98027948,
                    "percentage_of_total_supply": 0.264398027948,
                    "percentage_of_circulating_supply": 0.264398027948
                },
                {
                    "address": "0x24546732d3de158f89cebf4a2127f9009916418e",
                    "balance": 1399.5345943,
                    "percentage_of_total_supply": 0.13995345943,
                    "percentage_of_circulating_supply": 0.13995345943
                },
                {
                    "address": "0xd893edbfbfb126c5b3266aaf28c463a0fde75817",
                    "balance": 1008.27965753,
                    "percentage_of_total_supply": 0.100827965753,