{
    "token_address": "0xbEb02E0e6D2e403aaCB92cF3F8D6163aFa464180",
    "chain": "bsc",
    "token_name": "Legion Finance",
    "analyses": {
        "contract": {
            "contract_name": null,
            "compiler_version": null,
            "license_type": null,
            "implementation": null,
            "source_code": null,
            "abi": null,
            "verified": false,
            "owner": "0x8ce9943a7c9cd3f972167c1c3071a0b58b5f4c6d",
            "creator": "0x8ce9943a7c9cd3f972167c1c3071a0b58b5f4c6d",
            "is_hidden_owner": false,
            "is_proxy": null,
            "is_sellable": true,
            "is_hardcoded_owner": null,
            "code_analysis": {
                "total_matches": 0,
                "patterns_found": {}
            }
        },
        "holder": {
            "total_holders": 19,
            "holders_list": {
                "0x8ce9943a7c9cd3f972167c1c3071a0b58b5f4c6d": {
                    "balance": 926016685.8289917,
                    "percentage_of_total_supply": 92.60166858289917,
                    "percentage_of_circulating_supply": 92.60166858289917
                },
                "0x6fd9056c3b528d73de0791529cbe3b2aaafb467a": {
                    "balance": 14122826.2433261,
                    "percentage_of_total_supply": 1.41228262433261,
                    "percentage_of_circulating_supply": 1.41228262433261
                },
                "0xaa0354380c0b773bebfa259b94d4b3f3a018026f": {
                    "balance": 11109870.814593052,
                    "percentage_of_total_supply": 1.1109870814593052,
                    "percentage_of_circulating_supply": 1.1109870814593052
                },
                "0x864a64308a21b31dc9cdee5f285cfbaa2fd0c7ad": {
                    "balance": 6875731.542297831,
                    "percentage_of_total_supply": 0.6875731542297832,
                    "percentage_of_circulating_supply": 0.6875731542297832
                },
                "0x9bb5cab3bcab5b152689a147fa38f73168e87c0e": {
                    "balance": 6529050.391581485,
                    "percentage_of_total_supply": 0.6529050391581485,
                    "percentage_of_circulating_supply": 0.6529050391581485
                },
                "0x33d3164d87c39c704c2c3fd5893a22d6754e128f": {
                    "balance": 6130413.730876399,
                    "percentage_of_total_supply": 0.6130413730876398,
                    "percentage_of_circulating_supply": 0.6130413730876398
                },
                "0x7abacf7467926bed9b29ff92eafa26c381ebcfc0": {
                    "balance": 5649809.709092713,
                    "percentage_of_total_supply": 0.5649809709092712,
                    "percentage_of_circulating_supply": 0.5649809709092712
                },
                "0xe71e7002f3c8860990a74ce218575d2825611157": {
                    "balance": 4777435.564516843,
                    "percentage_of_total_supply": 0.4777435564516843,
                    "percentage_of_circulating_supply": 0.4777435564516843
                },
                "0xeaad3397382340efd40021c806bdfc9e59064672": {
                    "balance": 3302097.966807052,
                    "percentage_of_total_supply": 0.3302097966807052,
                    "percentage_of_circulating_supply": 0.3302097966807052
                },
                "0x92210f2b48a8133de0bf46de73223146da64f871": {
                    "balance": 3227489.992830619,
                    "percentage_of_total_supply": 0.3227489992830619,
                    "percentage_of_circulating_supply": 0.3227489992830619
                },
                "0x79344ad55095ee7db4aa903d232ff480442debd3": {
                    "balance": 3193583.686572589,
                    "percentage_of_total_supply": 0.3193583686572589,
                    "percentage_of_circulating_supply": 0.3193583686572589
                },
                "0xd9cf1de302ead080e3f85aaaf2c282116265429b": {
                    "balance": 2862036.41488337,
                    "percentage_of_total_supply": 0.286203641488337,
                    "percentage_of_circulating_supply": 0.286203641488337
                },
                "0x1828bad4e7ee6027f8d623cd555e0aee9fe8162e": {
                    "balance": 2820899.267074698,
                    "percentage_of_total_supply": 0.2820899267074698,
                    "percentage_of_circulating_supply": 0.2820899267074698
                },
                "0x502e5f9c2c9aed59d5d74d9a1831ca16d96a5571": {
                    "balance": 1468895.438334604,
                    "percentage_of_total_supply": 0.1468895438334604,
                    "percentage_of_circulating_supply": 0.1468895438334604
                },
                "0x8d0457f11af7becd26492e4b848c09c8c4246a09": {
                    "balance": 1277801.197935677,
                    "percentage_of_total_supply": 0.1277801197935677,
                    "percentage_of_circulating_supply": 0.1277801197935677
                },
                "0x65e1405b9f0b0beeef0c12b0e592c692ea4a9d80": {
                    "balance": 351942.948130369,
                    "percentage_of_total_supply": 0.035194294813036896,
                    "percentage_of_circulating_supply": 0.035194294813036896
                },
                "0xec721201d911d32a2e4686f896263f7b515273ba": {
                    "balance": 255130.340134337,
                    "percentage_of_total_supply": 0.0255130340134337,
                    "percentage_of_circulating_supply": 0.0255130340134337
                },
                "0x0ed943ce24baebf257488771759f9bf482c39706": {
                    "balance": 28298.922020419,
                    "percentage_of_total_supply": 0.0028298922020419002,
                    "percentage_of_circulating_supply": 0.0028298922020419002
                },
                "0x1daa865c424225f966f1cba564d192778f1a0f42": {
                    "balance": 1.75e-07,
                    "percentage_of_total_supply": 1.75e-14,
                    "percentage_of_circulating_supply": 1.75e-14
                }
            },
            "total_supply": 1000000000.0,
            "total_circulating_supply": 1000000000.0,
            "owner": {
                "address": "0x8ce9943a7c9cd3f972167c1c3071a0b58b5f4c6d",
                "balance": 926016685.8289917,
                "percentage_of_circulating_supply": 92.60166858289917,
                "exceeds_5_percent": true
            },
            "creator": {
                "address": "0x8ce9943a7c9cd3f972167c1c3071a0b58b5f4c6d",
                "balance": 926016685.8289917,
                "percentage_of_circulating_supply": 92.60166858289917,
                "exceeds_5_percent": true
            },
            "holders_exceeding_5_percent_circulating": [],
            "howmany_holders_exceeding_5_percent_circulating": 0,
            "top_10_holders": [
                {
                    "address": "0x8ce9943a7c9cd3f972167c1c3071a0b58b5f4c6d",
                    "balance": 926016685.8289917,
                    "percentage_of_total_supply": 92.60166858289917,
                    "percentage_of_circulating_supply": 92.60166858289917
                },
                {
                    "address": "0x6fd9056c3b528d73de0791529cbe3b2aaafb467a",
                    "balance": 14122826.2433261,
                    "percentage_of_total_supply": 1.41228262433261,
                    "percentage_of_circulating_supply": 1.41228262433261
                },
                {
                    "address": "0xaa0354380c0b773bebfa259b94d4b3f3a018026f",
                    "balance": 11109870.814593052,
                    "percentage_of_total_supply": 1.1109870814593052,
                    "percentage_of_circulating_supply": 1.1109870814593052
                },
                {
                    "address": "0x864a64308a21b31dc9cdee5f285cfbaa2fd0c7ad",