{
    "token_address": "0x5ac410B4735E56C96DEB825d5DbA8806f76fFA1f",
    "chain": "bsc",
    "token_name": "AI Wallet ",
    "analyses": {
        "contract": {
            "contract_name": null,
            "compiler_version": null,
            "license_type": null,
            "implementation": null,
            "source_code": null,
            "abi": null,
            "verified": false,
            "owner": null,
            "creator": "0xf29bdfabc6c4e4c13949dd2228e370b4259d7b4b",
            "is_hidden_owner": true,
            "is_proxy": null,
            "is_sellable": true,
            "is_hardcoded_owner": null,
            "code_analysis": null
        },
        "holder": {
            "total_holders": 15,
            "holders_list": {
                "0xddc96fa25f70b6f7d7d489646ba3f40e12a55063": {
                    "balance": 2.8763423971026385e+26,
                    "percentage_of_total_supply": 0.2876,
                    "percentage_of_circulating_supply": 0.2876
                },
                "0x9daeccb49db77eb384c3b67e4198084d89eafbe5": {
                    "balance": 1.638613580886939e+26,
                    "percentage_of_total_supply": 0.1639,
                    "percentage_of_circulating_supply": 0.1639
                },
                "0xe87e5aba5dd5a647be98a915450ea411381da9ff": {
                    "balance": 9.871298451810064e+25,
                    "percentage_of_total_supply": 0.0987,
                    "percentage_of_circulating_supply": 0.0987
                },
                "0xbdbc5fa310eec7e44d153eb0c736b768ab9f6729": {
                    "balance": 7.230273820360834e+25,
                    "percentage_of_total_supply": 0.0723,
                    "percentage_of_circulating_supply": 0.0723
                },
                "0x942bbc3bc919c07445a05300db8c9de17405de4f": {
                    "balance": 7.04294809858697e+25,
                    "percentage_of_total_supply": 0.0704,
                    "percentage_of_circulating_supply": 0.0704
                },
                "0x23b0b167997d94fba61b46dffb031d0f737aa184": {
                    "balance": 6.526016562015967e+25,
                    "percentage_of_total_supply": 0.0653,
                    "percentage_of_circulating_supply": 0.0653
                },
                "0xdffddff50e46478bd94df1954d806d6c2bef96cc": {
                    "balance": 6.490283919973907e+25,
                    "percentage_of_total_supply": 0.0649,
                    "percentage_of_circulating_supply": 0.0649
                },
                "0x69edc0d5952616a39a58bad55e95d463747485a8": {
                    "balance": 5.902645436601185e+25,
                    "percentage_of_total_supply": 0.059,
                    "percentage_of_circulating_supply": 0.059
                },
                "0x6db01b708943e8eff37fa69bc4a23cf5d0ba2c08": {
                    "balance": 3.217517414685323e+25,
                    "percentage_of_total_supply": 0.0322,
                    "percentage_of_circulating_supply": 0.0322
                },
                "0x1683261e69e6a985eca463232bcea650c9f23747": {
                    "balance": 2.5994628002992915e+25,
                    "percentage_of_total_supply": 0.026,
                    "percentage_of_circulating_supply": 0.026
                },
                "0x104a6f5058ffa2cc9a3f3f3d85e7fc0a406a173b": {
                    "balance": 2.2e+25,
                    "percentage_of_total_supply": 0.022,
                    "percentage_of_circulating_supply": 0.022
                },
                "0x6da8da8e74bea91a4be161426b2475d8b9f43dd4": {
                    "balance": 1.2986489263186215e+25,
                    "percentage_of_total_supply": 0.013,
                    "percentage_of_circulating_supply": 0.013
                },
                "0xdc2535f880bb56781c4f35e9761fe9090aa65cff": {
                    "balance": 6.432527034553479e+24,
                    "percentage_of_total_supply": 0.0064,
                    "percentage_of_circulating_supply": 0.0064
                },
                "0x94e94e09ebf4487dc2f15d270232f2dfa0380139": {
                    "balance": 3.914529924380489e+23,
                    "percentage_of_total_supply": 0.0004,
                    "percentage_of_circulating_supply": 0.0004
                }
            },
            "total_supply": 1e+29,
            "total_circulating_supply": 1e+29,
            "owner": {},
            "creator": {
                "address": "0xf29bdfabc6c4e4c13949dd2228e370b4259d7b4b",
                "balance": 9.901788946786752e+28,
                "percentage_of_supply": 99.0179,
                "exceeds_5_percent": true
            },
            "holders_exceeding_5_percent": [
                {
                    "address": "0xf29bdfabc6c4e4c13949dd2228e370b4259d7b4b",
                    "balance": 9.901788946786752e+28,
                    "percentage_of_supply": 99.0179
                }
            ],
            "howmany_holders_exceeding_5_percent": 1,
            "top_10_holders": [
                {
                    "address": "0xf29bdfabc6c4e4c13949dd2228e370b4259d7b4b",
                    "balance": 9.901788946786752e+28,
                    "percentage_of_total_supply": 99.0179,
                    "percentage_of_circulating_supply": 99.0179
                },
                {
                    "address": "0xddc96fa25f70b6f7d7d489646ba3f40e12a55063",
                    "balance": 2.8763423971026385e+26,
                    "percentage_of_total_supply": 0.2876,
                    "percentage_of_circulating_supply": 0.2876
                },
                {
                    "address": "0x9daeccb49db77eb384c3b67e4198084d89eafbe5",
                    "balance": 1.638613580886939e+26,
                    "percentage_of_total_supply": 0.1639,
                    "percentage_of_circulating_supply": 0.1639
                },
                {
                    "address": "0xe87e5aba5dd5a647be98a915450ea411381da9ff",
                    "balance": 9.871298451810064e+25,
                    "percentage_of_total_supply": 0.0987,
                    "percentage_of_circulating_supply": 0.0987
                },
                {
                    "address": "0xbdbc5fa310eec7e44d153eb0c736b768ab9f6729",
                    "balance": 7.230273820360834e+25,
                    "percentage_of_total_supply": 0.0723,
                    "percentage_of_circulating_supply": 0.0723
                },
                {
                    "address": "0x942bbc3bc919c07445a05300db8c9de17405de4f",
                    "balance": 7.04294809858697e+25,
                    "percentage_of_total_supply": 0.0704,
                    "percentage_of_circulating_supply": 0.0704
                },
                {
                    "address": "0x23b0b167997d94fba61b46dffb031d0f737aa184",
                    "balance": 6.526016562015967e+25,
                    "percentage_of_total_supply": 0.0653,
                    "percentage_of_circulating_supply": 0.0653
                },
                {
                    "address": "0xdffddff50e46478bd94df1954d806d6c2bef96cc",
                    "balance": 6.490283919973907e+25,
                    "percentage_of_total_supply": 0.0649,
                    "percentage_of_circulating_supply": 0.0649
                },
                {
                    "address": "0x69edc0d5952616a39a58bad55e95d463747485a8",
                    "balance": 5.902645436601185e+25,
                    "percentage_of_total_supply": 0.059,
                    "percentage_of_circulating_supply": 0.059
                },
                {
                    "address": "0x6db01b708943e8eff37fa69bc4a23cf5d0ba2c08",
                    "balance": 3.217517414685323e+25,
                    "percentage_of_total_supply": 0.0322,
                    "percentage_of_circulating_supply": 0.0322
                }
            ],