{
    "token_address": "0xcD80D66C4bF0c1e46b0E2104d77631082eA67Cc8",
    "chain": "bsc",
    "token_name": "Planet Pump",
    "analyses": {
        "contract": {
            "contract_name": null,
            "compiler_version": null,
            "license_type": null,
            "implementation": null,
            "source_code": null,
            "abi": null,
            "verified": false,
            "owner": "0x351f76e5ac5d6005eaa7dc3c3b6f3805656e5d13",
            "creator": "0x351f76e5ac5d6005eaa7dc3c3b6f3805656e5d13",
            "is_hidden_owner": false,
            "is_proxy": null,
            "is_sellable": true,
            "is_hardcoded_owner": null,
            "code_analysis": null
        },
        "holder": {
            "total_holders": 20,
            "holders_list": {
                "0xe1e2f56007c51629063e90eaccd98619903b2186": {
                    "balance": 1.406912532984917e+32,
                    "percentage_of_total_supply": 14.0691,
                    "percentage_of_circulating_supply": 14.0691
                },
                "0x8286b79d8fc73d3585efc84bd9d08c4a021415bc": {
                    "balance": 9.645811286978215e+31,
                    "percentage_of_total_supply": 9.6458,
                    "percentage_of_circulating_supply": 9.6458
                },
                "0x57e0b9c2c013a25f6716fc81429e21933116d7b9": {
                    "balance": 5.369446364630016e+31,
                    "percentage_of_total_supply": 5.3694,
                    "percentage_of_circulating_supply": 5.3694
                },
                "0x38fe6da8d7bf5d250e4f604b7ffffc83a0b64c33": {
                    "balance": 4.964129781089685e+31,
                    "percentage_of_total_supply": 4.9641,
                    "percentage_of_circulating_supply": 4.9641
                },
                "0x4a1c2fda3e8b034b11e9a0eedef75ecf3dc1e57c": {
                    "balance": 4.676670220470784e+31,
                    "percentage_of_total_supply": 4.6767,
                    "percentage_of_circulating_supply": 4.6767
                },
                "0xf0302f2808704aae7be3cf417c51500123267a9a": {
                    "balance": 4.466917938575214e+31,
                    "percentage_of_total_supply": 4.4669,
                    "percentage_of_circulating_supply": 4.4669
                },
                "0x85834e97528606011c8fbb66da66a19c4c129b2a": {
                    "balance": 2.2219321013913486e+31,
                    "percentage_of_total_supply": 2.2219,
                    "percentage_of_circulating_supply": 2.2219
                },
                "0xb7582befbaf4c5882d8be1d11e7e21b8616b6af2": {
                    "balance": 1.9387189031605837e+31,
                    "percentage_of_total_supply": 1.9387,
                    "percentage_of_circulating_supply": 1.9387
                },
                "0x172ff9063ebc0ec7b2e1f09bf2afd2855880955e": {
                    "balance": 1.1680531587056809e+31,
                    "percentage_of_total_supply": 1.1681,
                    "percentage_of_circulating_supply": 1.1681
                },
                "0x2a0c49781e561022431566692636fd444fde5228": {
                    "balance": 1.1371262416951768e+31,
                    "percentage_of_total_supply": 1.1371,
                    "percentage_of_circulating_supply": 1.1371
                },
                "0x36add4f6709150d1ba4bf586d10b37fe582c37c1": {
                    "balance": 6.269368192297047e+30,
                    "percentage_of_total_supply": 0.6269,
                    "percentage_of_circulating_supply": 0.6269
                },
                "0xcc7fb13128739afc0b4cb454167e3cfe47266559": {
                    "balance": 5.127110112386929e+30,
                    "percentage_of_total_supply": 0.5127,
                    "percentage_of_circulating_supply": 0.5127
                },
                "0x3188ec762822f201033127ec734bd61e3734b31c": {
                    "balance": 3.695574755171621e+30,
                    "percentage_of_total_supply": 0.3696,
                    "percentage_of_circulating_supply": 0.3696
                },
                "0x9739faf9dc648a00d6746b37e509c863befce05a": {
                    "balance": 1.44714841903485e+30,
                    "percentage_of_total_supply": 0.1447,
                    "percentage_of_circulating_supply": 0.1447
                },
                "0x3b62366d89d7ead60e3a66d353dfff894bc57dd3": {
                    "balance": 9.932430747903295e+29,
                    "percentage_of_total_supply": 0.0993,
                    "percentage_of_circulating_supply": 0.0993
                },
                "0xe6439d2f891a42bead3bb5ea53f4442409abdea6": {
                    "balance": 3.726547803870786e+29,
                    "percentage_of_total_supply": 0.0373,
                    "percentage_of_circulating_supply": 0.0373
                },
                "0x0ffdcfcaf1ed38ceb4f222bee6695d6fb059b527": {
                    "balance": 1.1446230359669335e+29,
                    "percentage_of_total_supply": 0.0114,
                    "percentage_of_circulating_supply": 0.0114
                },
                "0x0ed943ce24baebf257488771759f9bf482c39706": {
                    "balance": 2.1177042987399846e+28,
                    "percentage_of_total_supply": 0.0021,
                    "percentage_of_circulating_supply": 0.0021
                },
                "0x75fb965f14978767c6ae487d22fbb1659d58d11e": {
                    "balance": 9.768691047538526e+24,
                    "percentage_of_total_supply": 0.0,
                    "percentage_of_circulating_supply": 0.0
                }
            },
            "total_supply": 1e+33,
            "total_circulating_supply": 1e+33,
            "owner": {
                "address": "0x351f76e5ac5d6005eaa7dc3c3b6f3805656e5d13",
                "balance": 4.853799382851983e+32,
                "percentage_of_supply": 48.538,
                "exceeds_5_percent": true
            },
            "creator": {},
            "holders_exceeding_5_percent": [
                {
                    "address": "0x351f76e5ac5d6005eaa7dc3c3b6f3805656e5d13",
                    "balance": 4.853799382851983e+32,
                    "percentage_of_supply": 48.538
                },
                {
                    "address": "0xe1e2f56007c51629063e90eaccd98619903b2186",
                    "balance": 1.406912532984917e+32,
                    "percentage_of_supply": 14.0691
                },
                {
                    "address": "0x8286b79d8fc73d3585efc84bd9d08c4a021415bc",
                    "balance": 9.645811286978215e+31,
                    "percentage_of_supply": 9.6458
                },
                {
                    "address": "0x57e0b9c2c013a25f6716fc81429e21933116d7b9",
                    "balance": 5.369446364630016e+31,
                    "percentage_of_supply": 5.3694
                }
            ],
            "howmany_holders_exceeding_5_percent": 4,
            "top_10_holders": [
                {
                    "address": "0x351f76e5ac5d6005eaa7dc3c3b6f3805656e5d13",
                    "balance": 4.853799382851983e+32,
                    "percentage_of_total_supply": 48.538,
                    "percentage_of_circulating_supply": 48.538
                },
                {
                    "address": "0xe1e2f56007c51629063e90eaccd98619903b2186",
                    "balance": 1.406912532984917e+32,
                    "percentage_of_total_supply": 14.0691,
                    "percentage_of_circulating_supply": 14.0691
                },
                {
                    "address": "0x8286b79d8fc73d3585efc84bd9d08c4a021415bc",
                    "balance": 9.645811286978215e+31,
                    "percentage_of_total_supply": 9.6458,