{
    "token_address": "0xb45855a78ee9637Fa039D7050da087CC74Fd4003",
    "chain": "bsc",
    "token_name": "Project Safe Rise",
    "analyses": {
        "contract": {
            "contract_name": null,
            "compiler_version": null,
            "license_type": null,
            "implementation": null,
            "source_code": null,
            "abi": null,
            "verified": false,
            "owner": "0xfa4e2283c700e8ab8d9076e05a40e9662191ae5b",
            "creator": "0xfa4e2283c700e8ab8d9076e05a40e9662191ae5b",
            "is_hidden_owner": false,
            "is_proxy": null,
            "is_sellable": true,
            "is_hardcoded_owner": null,
            "code_analysis": null
        },
        "holder": {
            "total_holders": 37,
            "holders_list": {
                "0xcf19e366bffa1b3ff12fe906b1256b28aa28c07d": {
                    "balance": 6.837613885386181e+31,
                    "percentage_of_total_supply": 6.8376,
                    "percentage_of_circulating_supply": 6.8376
                },
                "0x14280d8e1a854bef6324012b05103bdada0cf3fd": {
                    "balance": 5.40826721893019e+31,
                    "percentage_of_total_supply": 5.4083,
                    "percentage_of_circulating_supply": 5.4083
                },
                "0x8f7e78912c4b88b5d78b3d8cc137fd461f63118e": {
                    "balance": 5.265041941064526e+31,
                    "percentage_of_total_supply": 5.265,
                    "percentage_of_circulating_supply": 5.265
                },
                "0xe24bc0022ecfb5f51ae7d5792e4b3b7f266f5c10": {
                    "balance": 4.404600691492311e+31,
                    "percentage_of_total_supply": 4.4046,
                    "percentage_of_circulating_supply": 4.4046
                },
                "0x6302d9fe1fc30fa3b5357ea23be0a1367356d28d": {
                    "balance": 4.2055938617656055e+31,
                    "percentage_of_total_supply": 4.2056,
                    "percentage_of_circulating_supply": 4.2056
                },
                "0x1ad1cc858620822083c60381765ba3c60b6b9f67": {
                    "balance": 4.1231569341453375e+31,
                    "percentage_of_total_supply": 4.1232,
                    "percentage_of_circulating_supply": 4.1232
                },
                "0x87130e3cf6abb17aea1e91185a4807393169050e": {
                    "balance": 3.663692995355798e+31,
                    "percentage_of_total_supply": 3.6637,
                    "percentage_of_circulating_supply": 3.6637
                },
                "0xfe834e5d65ae44e4e10a3c350558d8c61f08c613": {
                    "balance": 3.478944743097826e+31,
                    "percentage_of_total_supply": 3.4789,
                    "percentage_of_circulating_supply": 3.4789
                },
                "0x6f95a1a76fbe668958c18771989c034a6681a940": {
                    "balance": 3.471838194118917e+31,
                    "percentage_of_total_supply": 3.4718,
                    "percentage_of_circulating_supply": 3.4718
                },
                "0x781bc59ef5ca626d5d0873064d672ec4edb41b6d": {
                    "balance": 3.072523977441803e+31,
                    "percentage_of_total_supply": 3.0725,
                    "percentage_of_circulating_supply": 3.0725
                },
                "0xa438eb222767f361683c385d7ed5cb2d63b0a79f": {
                    "balance": 3.0259824950066976e+31,
                    "percentage_of_total_supply": 3.026,
                    "percentage_of_circulating_supply": 3.026
                },
                "0x8bd779b95d9b1b474e050882b3f6c5101fe1a1a4": {
                    "balance": 2.7568434871395927e+31,
                    "percentage_of_total_supply": 2.7568,
                    "percentage_of_circulating_supply": 2.7568
                },
                "0x8f6ace70d22334f0d9a5ff0a9f2de4fdd0f6cc3c": {
                    "balance": 2.7454590682581965e+31,
                    "percentage_of_total_supply": 2.7455,
                    "percentage_of_circulating_supply": 2.7455
                },
                "0x4bc466b2a4154331d38cf5b2a81894e029b1c9d5": {
                    "balance": 2.2260929380234047e+31,
                    "percentage_of_total_supply": 2.2261,
                    "percentage_of_circulating_supply": 2.2261
                },
                "0xec2aebe05939bd6aad3ec26a2aba93d065e7412d": {
                    "balance": 1.990303668806627e+31,
                    "percentage_of_total_supply": 1.9903,
                    "percentage_of_circulating_supply": 1.9903
                },
                "0x9762ce830244be1cf5a83b206f743ed47aefac16": {
                    "balance": 1.9481390000002e+31,
                    "percentage_of_total_supply": 1.9481,
                    "percentage_of_circulating_supply": 1.9481
                },
                "0x4fdb68a130b9e3ffb1c9d0c8b17b1e014619160f": {
                    "balance": 1.5799157658304205e+31,
                    "percentage_of_total_supply": 1.5799,
                    "percentage_of_circulating_supply": 1.5799
                },
                "0x8cb7b547f585f3ae7f4a810b88fdd029b93eb8a6": {
                    "balance": 1.4430825710405883e+31,
                    "percentage_of_total_supply": 1.4431,
                    "percentage_of_circulating_supply": 1.4431
                },
                "0xa04442c0cba8dedd64c096913a0b1adff0beff81": {
                    "balance": 1.428402480484198e+31,
                    "percentage_of_total_supply": 1.4284,
                    "percentage_of_circulating_supply": 1.4284
                },
                "0xc194cccfb9c6d697f210add111f1460fdbea84dc": {
                    "balance": 1.1778612196554574e+31,
                    "percentage_of_total_supply": 1.1779,
                    "percentage_of_circulating_supply": 1.1779
                },
                "0x2fb69969a1aafbc084323dba9fb8b22c57687196": {
                    "balance": 9.541424586926681e+30,
                    "percentage_of_total_supply": 0.9541,
                    "percentage_of_circulating_supply": 0.9541
                },
                "0x00807aa382aa6ba0adede9e6614951f2b153ff11": {
                    "balance": 9.469444465492226e+30,
                    "percentage_of_total_supply": 0.9469,
                    "percentage_of_circulating_supply": 0.9469
                },
                "0x276400018f6dc97aa37fe3ff1a7b5c21079b7f18": {
                    "balance": 8.110389816687088e+30,
                    "percentage_of_total_supply": 0.811,
                    "percentage_of_circulating_supply": 0.811
                },
                "0x13bc77e573da27ab3eb13fbe54b1e7b421f05ccf": {
                    "balance": 5.138849302892498e+30,
                    "percentage_of_total_supply": 0.5139,
                    "percentage_of_circulating_supply": 0.5139
                },
                "0xe831ff44fe7755fd89fb424529373bb2bf21590f": {
                    "balance": 3.847320766735813e+30,
                    "percentage_of_total_supply": 0.3847,
                    "percentage_of_circulating_supply": 0.3847
                },
                "0x51f6b2b40143b0e1681fef95033290b2fe6ad6f2": {
                    "balance": 3.378175950114123e+30,
                    "percentage_of_total_supply": 0.3378,
                    "percentage_of_circulating_supply": 0.3378
                },
                "0x238dddedbfd6d60b0733ffbbc0bd9fd761ea4c0b": {
                    "balance": 2.6205219042116e+30,
                    "percentage_of_total_supply": 0.2621,
                    "percentage_of_circulating_supply": 0.2621
                },
                "0x5cfdeec03b24f91b961bfc79395d90783c22fd07": {
                    "balance": 1.354783164400907e+30,
                    "percentage_of_total_supply": 0.1355,