{
    "token_address": "0x6078f530Cbb0eCe8cde511f50A2F12df78049741",
    "chain": "bsc",
    "token_name": "Ginger Grace",
    "analyses": {
        "contract": {
            "contract_name": null,
            "compiler_version": null,
            "license_type": null,
            "implementation": null,
            "source_code": null,
            "abi": null,
            "verified": false,
            "owner": "0x624be9bc11e8fada9649378922195bc459ce405a",
            "creator": "0x624be9bc11e8fada9649378922195bc459ce405a",
            "is_hidden_owner": false,
            "is_proxy": null,
            "is_sellable": true,
            "is_hardcoded_owner": null,
            "code_analysis": {
                "total_matches": 0,
                "patterns_found": {}
            }
        },
        "holder": {
            "total_holders": 2,
            "holders_list": {
                "0x624be9bc11e8fada9649378922195bc459ce405a": {
                    "balance": 1000000000.0,
                    "percentage_of_total_supply": 100.0,
                    "percentage_of_circulating_supply": 99.99999999999994
                },
                "0x86136f5f2afba55762883b0e31cfb7760020af87": {
                    "balance": 1e-06,
                    "percentage_of_total_supply": 1e-13,
                    "percentage_of_circulating_supply": 9.999999999999995e-14
                }
            },
            "total_supply": 1000000000.0,
            "total_circulating_supply": 1000000000.0000005,
            "owner": {
                "address": "0x624be9bc11e8fada9649378922195bc459ce405a",
                "balance": 1000000000.0,
                "percentage_of_circulating_supply": 99.98638432374946,
                "exceeds_5_percent": true
            },
            "creator": {
                "address": "0x624be9bc11e8fada9649378922195bc459ce405a",
                "balance": 1000000000.0,
                "percentage_of_circulating_supply": 99.98638432374946,
                "exceeds_5_percent": true
            },
            "holders_exceeding_5_percent_circulating": [],
            "howmany_holders_exceeding_5_percent_circulating": 0,
            "top_10_holders": [
                {
                    "address": "0x624be9bc11e8fada9649378922195bc459ce405a",
                    "balance": 1000000000.0,
                    "percentage_of_total_supply": 100.0,
                    "percentage_of_circulating_supply": 99.99999999999994
                },
                {
                    "address": "0x86136f5f2afba55762883b0e31cfb7760020af87",
                    "balance": 1e-06,
                    "percentage_of_total_supply": 1e-13,
                    "percentage_of_circulating_supply": 9.999999999999995e-14
                }
            ],
            "total_top_10_balance": 1000000000.000001,
            "top10_percentage_of_total_supply": 100.00000000000011,
            "top10_percentage_of_circulating_supply": 100.00000000000004,
            "top_10_less_than_70_percent_of_total": false,
            "top_10_less_than_70_percent_of_circulating": false
        },
        "liquidity": {
            "price_usd": 11028.603732527696,
            "liquidity_usd": 2.2057207465055397e-14,
            "market_cap_usd": 11028603732527.701,
            "liquidity_to_market_cap_ratio": 1.9999999999999994e-27,
            "token_volume": 0.0,
            "volume_usd": 0.0,
            "volume_to_liquidity_ratio": 0.0,
            "locked_liquidity_percent": 100.0,
            "locked_95_for_15_days": false,
            "creator_under_5_percent": false,
            "creator_percent_of_lp": 99.9864,
            "owner_under_5_percent": true,
            "owner_percent_of_lp": 0.0,
            "total_lp_supply": 1e-15,
            "lp_holders_count": 1,
            "lp_holders": [
                {
                    "address": "0x0000000000000000000000000000000000000000",
                    "balance": 1e-15,
                    "is_locked": true,
                    "percent": 100.0,
                    "tag": "Null Address"
                }
            ],
            "error": "Liquidity pool info could not be retrieved."
        },
        "security": {
            "warnings": null,
            "homany_warnings": 0,
            "suspicious_urls": null,
            "howmany_suspicious_urls": 0,
            "suspicious_addresses": null,
            "howmany_suspicious_addresses": 0,
            "error": "Security analysis data not available."
        },
        "lifecycle": {
            "token_age_seconds": 84459657.114305,
            "token_creation_date": "2022-12-23T19:11:55",
            "creation_to_first_trade_seconds": 0.0,
            "creation_to_first_trade_blocks": 0,
            "last_tx_hash": "0x1592b624b849915e02b09d4e2ecffd82643c2927f0e1bf68e4818d3276bab4d8",
            "last_active_age": "2023-10-23T21:26:50",
            "inactive_days": 673.4486696433912
        }
    },
    "errors": []
}