{
    "token_address": "0xf57E7D7D33e35ab37F3Ac18ea9E07B1BE9daB94a",
    "chain": "bsc",
    "token_name": "Wapeq",
    "analyses": {
        "contract": {
            "contract_name": null,
            "compiler_version": null,
            "license_type": null,
            "implementation": null,
            "source_code": null,
            "abi": null,
            "verified": false,
            "owner": "0x78a86c4fbd8132c0caf98166af1fbae770ef4fc7",
            "creator": "0x78a86c4fbd8132c0caf98166af1fbae770ef4fc7",
            "is_hidden_owner": false,
            "is_proxy": null,
            "is_sellable": true,
            "is_hardcoded_owner": null,
            "code_analysis": {
                "total_matches": 0,
                "patterns_found": {}
            }
        },
        "holder": {
            "total_holders": 38,
            "holders_list": {
                "0x78a86c4fbd8132c0caf98166af1fbae770ef4fc7": {
                    "balance": 999855845.3458881,
                    "percentage_of_total_supply": 99.98558453458881,
                    "percentage_of_circulating_supply": 99.98558453458881
                },
                "0xe101f7cf836c68853a9e266f32c09813701be1e3": {
                    "balance": 19452.349400719253,
                    "percentage_of_total_supply": 0.0019452349400719254,
                    "percentage_of_circulating_supply": 0.0019452349400719254
                },
                "0x8bb0d1debcf47c7ae441ba47c9ed8e491a4926d3": {
                    "balance": 18752.273393162617,
                    "percentage_of_total_supply": 0.0018752273393162616,
                    "percentage_of_circulating_supply": 0.0018752273393162616
                },
                "0xaeeb9dee394c445f1d90018245a82a045136310f": {
                    "balance": 15108.252501857685,
                    "percentage_of_total_supply": 0.0015108252501857685,
                    "percentage_of_circulating_supply": 0.0015108252501857685
                },
                "0xbfb2ad25426e03706f3cd54c8475445f1ce9f7b9": {
                    "balance": 14452.962451180478,
                    "percentage_of_total_supply": 0.0014452962451180478,
                    "percentage_of_circulating_supply": 0.0014452962451180478
                },
                "0xe77ef4302a862e4be2ca7c4960453e1e416678bf": {
                    "balance": 13477.288871492625,
                    "percentage_of_total_supply": 0.0013477288871492625,
                    "percentage_of_circulating_supply": 0.0013477288871492625
                },
                "0xa35eae2fa66a687c0b99eeb67d203a484f0812a8": {
                    "balance": 13250.761844939534,
                    "percentage_of_total_supply": 0.0013250761844939534,
                    "percentage_of_circulating_supply": 0.0013250761844939534
                },
                "0x682342fa9d4ddd2b41271d738263b886426f8db8": {
                    "balance": 7838.963240710321,
                    "percentage_of_total_supply": 0.000783896324071032,
                    "percentage_of_circulating_supply": 0.000783896324071032
                },
                "0xebb34919867468e4891935366d0760c19f11d737": {
                    "balance": 6478.30864375941,
                    "percentage_of_total_supply": 0.000647830864375941,
                    "percentage_of_circulating_supply": 0.000647830864375941
                },
                "0x58a3967f2e5582f2a41e7795254e65ca9bddf1ca": {
                    "balance": 5236.386063455596,
                    "percentage_of_total_supply": 0.0005236386063455596,
                    "percentage_of_circulating_supply": 0.0005236386063455596
                },
                "0x3e2a791d1d477c9a5be005f326f0b778238ecbeb": {
                    "balance": 4518.825549004592,
                    "percentage_of_total_supply": 0.00045188255490045926,
                    "percentage_of_circulating_supply": 0.00045188255490045926
                },
                "0x2158be092bbbabea0a4991662201108fd130a593": {
                    "balance": 3918.1567460530123,
                    "percentage_of_total_supply": 0.0003918156746053012,
                    "percentage_of_circulating_supply": 0.0003918156746053012
                },
                "0x50b562ed5edd92d8e0bfeeb387777f2ec1e0f4a1": {
                    "balance": 3129.935810413435,
                    "percentage_of_total_supply": 0.0003129935810413435,
                    "percentage_of_circulating_supply": 0.0003129935810413435
                },
                "0x50baf76ddc7833155036b90bab3de8b74f400a0f": {
                    "balance": 2172.292491825766,
                    "percentage_of_total_supply": 0.00021722924918257655,
                    "percentage_of_circulating_supply": 0.00021722924918257655
                },
                "0xd91d457887e09a22ecaff13477f4fe5a255e4e33": {
                    "balance": 2104.5202185210205,
                    "percentage_of_total_supply": 0.00021045202185210202,
                    "percentage_of_circulating_supply": 0.00021045202185210202
                },
                "0x82ce9cc723a21f6da4802458bb11089784d178e7": {
                    "balance": 2083.80943293564,
                    "percentage_of_total_supply": 0.000208380943293564,
                    "percentage_of_circulating_supply": 0.000208380943293564
                },
                "0xebb9961496b98655560b75aa96b8b439eb47b7e6": {
                    "balance": 1602.6961079507896,
                    "percentage_of_total_supply": 0.00016026961079507898,
                    "percentage_of_circulating_supply": 0.00016026961079507898
                },
                "0x571a0011d8e52e808e1e9c01bba92241bd41a484": {
                    "balance": 1598.8326250804241,
                    "percentage_of_total_supply": 0.00015988326250804242,
                    "percentage_of_circulating_supply": 0.00015988326250804242
                },
                "0xb9988b43e49022db2b51e655b90919951c22b6dc": {
                    "balance": 1498.8356885628345,
                    "percentage_of_total_supply": 0.00014988356885628346,
                    "percentage_of_circulating_supply": 0.00014988356885628346
                },
                "0x6febbb7f0593ae38a86caf415debc4d2e495a43c": {
                    "balance": 1214.425237463424,
                    "percentage_of_total_supply": 0.00012144252374634239,
                    "percentage_of_circulating_supply": 0.00012144252374634239
                },
                "0xa58ecb651be5114d08e80bce412c49ca6485f202": {
                    "balance": 1153.505708320575,
                    "percentage_of_total_supply": 0.00011535057083205751,
                    "percentage_of_circulating_supply": 0.00011535057083205751
                },
                "0x3bfc7d193d62b394838586186804c3a59eece3d8": {
                    "balance": 794.9128120987732,
                    "percentage_of_total_supply": 7.949128120987731e-05,
                    "percentage_of_circulating_supply": 7.949128120987731e-05
                },
                "0x068c1ec751c4044eb5ac8c8fec93cf1a3a74ef7f": {
                    "balance": 725.9721008117822,
                    "percentage_of_total_supply": 7.259721008117823e-05,
                    "percentage_of_circulating_supply": 7.259721008117823e-05
                },
                "0xcb43e0f56bea8ce6c657cf99b1194373fd4757a4": {
                    "balance": 690.4981164729587,
                    "percentage_of_total_supply": 6.904981164729588e-05,
                    "percentage_of_circulating_supply": 6.904981164729588e-05
                },
                "0x3ac8371a9576a3ef32f84c1d6770f9a24d6b2e40": {
                    "balance": 657.2506013663827,
                    "percentage_of_total_supply": 6.572506013663828e-05,
                    "percentage_of_circulating_supply": 6.572506013663828e-05
                },