{
    "token_address": "0x6052A1305609ff75247a47636F78f61829695B44",
    "chain": "bsc",
    "token_name": "Lightation",
    "analyses": {
        "contract": {
            "contract_name": null,
            "compiler_version": null,
            "license_type": null,
            "implementation": null,
            "source_code": null,
            "abi": null,
            "verified": false,
            "owner": "0x245834b6c6b82e02d03372fc6e92c0676605a9e9",
            "creator": "0x245834b6c6b82e02d03372fc6e92c0676605a9e9",
            "is_hidden_owner": false,
            "is_proxy": null,
            "is_sellable": true,
            "is_hardcoded_owner": null,
            "code_analysis": null
        },
        "holder": {
            "total_holders": 37,
            "holders_list": {
                "0xaf4f8d2d9730cb9ed9423d857a2f6a11fad83028": {
                    "balance": 5.856427978001538e+22,
                    "percentage_of_total_supply": 5.8564,
                    "percentage_of_circulating_supply": 7.3762
                },
                "0x0ed943ce24baebf257488771759f9bf482c39706": {
                    "balance": 5.691369368979381e+22,
                    "percentage_of_total_supply": 5.6914,
                    "percentage_of_circulating_supply": 7.1683
                },
                "0xf3fcb601f8eb665812e192ecb18c47a11927d041": {
                    "balance": 4.073865849715576e+22,
                    "percentage_of_total_supply": 4.0739,
                    "percentage_of_circulating_supply": 5.1311
                },
                "0x03c9d5e45a482861a9f3d0dcb468f533e9e17409": {
                    "balance": 2.4096304102142284e+22,
                    "percentage_of_total_supply": 2.4096,
                    "percentage_of_circulating_supply": 3.035
                },
                "0xe35a765b074090dd7a835218a307efa7e4e2239d": {
                    "balance": 1.4825052720404609e+22,
                    "percentage_of_total_supply": 1.4825,
                    "percentage_of_circulating_supply": 1.8672
                },
                "0xddc955029ff965da0f6df06e5244f58bb9a44717": {
                    "balance": 1.1632396738287951e+22,
                    "percentage_of_total_supply": 1.1632,
                    "percentage_of_circulating_supply": 1.4651
                },
                "0xc5666b27ead4c43a7990f41dddf29e9286b81c4c": {
                    "balance": 6.739729164977646e+21,
                    "percentage_of_total_supply": 0.674,
                    "percentage_of_circulating_supply": 0.8489
                },
                "0x10bd59f1c5a2e6669fbd808e95452778ae17df5c": {
                    "balance": 5.136322169194624e+21,
                    "percentage_of_total_supply": 0.5136,
                    "percentage_of_circulating_supply": 0.6469
                },
                "0xff53b11bb8fd716f72c57258d26ca84bcdb14905": {
                    "balance": 2.550555238248338e+21,
                    "percentage_of_total_supply": 0.2551,
                    "percentage_of_circulating_supply": 0.3212
                },
                "0xb6d00d9e25d12401cef73ea04b7f3a82ddcf1133": {
                    "balance": 1.9754063202136398e+21,
                    "percentage_of_total_supply": 0.1975,
                    "percentage_of_circulating_supply": 0.2488
                },
                "0x8097d5fde9a559a2c7b7fb1d98fecd198432001b": {
                    "balance": 1.319622953019074e+21,
                    "percentage_of_total_supply": 0.132,
                    "percentage_of_circulating_supply": 0.1662
                },
                "0x9774253acd00a6dffc24d1e6d1f5e416aa562f4f": {
                    "balance": 1.3100438799827377e+21,
                    "percentage_of_total_supply": 0.131,
                    "percentage_of_circulating_supply": 0.165
                },
                "0xe4fb536cd2ee96827382bcd7ded11e67733293a1": {
                    "balance": 1.2872088693374528e+21,
                    "percentage_of_total_supply": 0.1287,
                    "percentage_of_circulating_supply": 0.1621
                },
                "0x1b2bbd53d0fec191e750a1dd0163205072f88c9b": {
                    "balance": 1.1903122945379082e+21,
                    "percentage_of_total_supply": 0.119,
                    "percentage_of_circulating_supply": 0.1499
                },
                "0xcd88d7573818abe26b02f4bf19c4db44aff3c591": {
                    "balance": 1.1125781447542802e+21,
                    "percentage_of_total_supply": 0.1113,
                    "percentage_of_circulating_supply": 0.1401
                },
                "0xf809a4156b5abd7b74a94d8a99c93ccbdadb7d07": {
                    "balance": 1.1056648210756622e+21,
                    "percentage_of_total_supply": 0.1106,
                    "percentage_of_circulating_supply": 0.1393
                },
                "0x98c1d69ba85d6e74002c6313f786561caf1b2928": {
                    "balance": 9.216318066235373e+20,
                    "percentage_of_total_supply": 0.0922,
                    "percentage_of_circulating_supply": 0.1161
                },
                "0xdf82180d69858c3c7179b1302bfcf9121f7926dc": {
                    "balance": 3.377401853373029e+20,
                    "percentage_of_total_supply": 0.0338,
                    "percentage_of_circulating_supply": 0.0425
                },
                "0xa9fe9d96a1e7093a9d0afac9f5ea34fc93d2a6ae": {
                    "balance": 2.9368811119633573e+20,
                    "percentage_of_total_supply": 0.0294,
                    "percentage_of_circulating_supply": 0.037
                },
                "0x758aebdc6cdf7c3f907bc4815e805a5ab5a06d0c": {
                    "balance": 2.2754148159984573e+20,
                    "percentage_of_total_supply": 0.0228,
                    "percentage_of_circulating_supply": 0.0287
                },
                "0xc1e6238a865b587906f0e37c14f3f78bfb59d7be": {
                    "balance": 2.2331024663509215e+20,
                    "percentage_of_total_supply": 0.0223,
                    "percentage_of_circulating_supply": 0.0281
                },
                "0xa9c1d49cac6b3c92efba55f82317da309152cb9a": {
                    "balance": 9.126874817066289e+19,
                    "percentage_of_total_supply": 0.0091,
                    "percentage_of_circulating_supply": 0.0115
                },
                "0x8a1a11251dbc468dc2f34d398879b64693530a46": {
                    "balance": 6.497376389148435e+19,
                    "percentage_of_total_supply": 0.0065,
                    "percentage_of_circulating_supply": 0.0082
                },
                "0xd4fbca638443349f15124826aa2d35a4507b4599": {
                    "balance": 2.2766906558189072e+19,
                    "percentage_of_total_supply": 0.0023,
                    "percentage_of_circulating_supply": 0.0029
                },
                "0xc54a98c031f1754ca27d09867fb366d70fe090b4": {
                    "balance": 2.1193953794427494e+19,
                    "percentage_of_total_supply": 0.0021,
                    "percentage_of_circulating_supply": 0.0027
                },
                "0x9b54a195b2b7705f066457ad1a8a6c1daedc5a87": {
                    "balance": 9.881239041921933e+18,
                    "percentage_of_total_supply": 0.001,
                    "percentage_of_circulating_supply": 0.0012
                },
                "0x199257d3198619d7a4072b9d89ea81eab18d1f18": {
                    "balance": 6.278417373357904e+18,
                    "percentage_of_total_supply": 0.0006,
                    "percentage_of_circulating_supply": 0.0008
                },
                "0x6449623207b6a2769e4c5bc2856507a0d0d32a24": {
                    "balance": 4.833819297035809e+18,
                    "percentage_of_total_supply": 0.0005,