{
    "token_address": "0x5aa1E824B1362F4878271BE9c7D38b7f8880aBaE",
    "chain": "bsc",
    "token_name": "Uranjy",
    "analyses": {
        "contract": {
            "contract_name": null,
            "compiler_version": null,
            "license_type": null,
            "implementation": null,
            "source_code": null,
            "abi": null,
            "verified": false,
            "owner": "0x94d9373d2aae6defe2a6982d7e6df44d45f6cc4f",
            "creator": "0x94d9373d2aae6defe2a6982d7e6df44d45f6cc4f",
            "is_hidden_owner": false,
            "is_proxy": null,
            "is_sellable": true,
            "is_hardcoded_owner": null,
            "code_analysis": {
                "total_matches": 0,
                "patterns_found": {}
            }
        },
        "holder": {
            "total_holders": 33,
            "holders_list": {
                "0x94d9373d2aae6defe2a6982d7e6df44d45f6cc4f": {
                    "balance": 999837760.4895461,
                    "percentage_of_total_supply": 99.9837760489546,
                    "percentage_of_circulating_supply": 99.9837760489546
                },
                "0xe4668d08cd2341219ac3c74d5a5fa7f2fa9a8728": {
                    "balance": 45096.68870296842,
                    "percentage_of_total_supply": 0.004509668870296842,
                    "percentage_of_circulating_supply": 0.004509668870296842
                },
                "0xbb4a84fb95bb34502a8dbb160bcb16cfe62f7f99": {
                    "balance": 20248.107079189485,
                    "percentage_of_total_supply": 0.0020248107079189484,
                    "percentage_of_circulating_supply": 0.0020248107079189484
                },
                "0x5a890bc419a536251ab088487ad422fea85d002a": {
                    "balance": 20133.307638886025,
                    "percentage_of_total_supply": 0.0020133307638886024,
                    "percentage_of_circulating_supply": 0.0020133307638886024
                },
                "0xef37de5aad8880e43797fc1588400a592a96b814": {
                    "balance": 19262.767560130196,
                    "percentage_of_total_supply": 0.0019262767560130193,
                    "percentage_of_circulating_supply": 0.0019262767560130193
                },
                "0xb16a736f82e24f675481df299a907a89de30f471": {
                    "balance": 13982.605770965993,
                    "percentage_of_total_supply": 0.0013982605770965994,
                    "percentage_of_circulating_supply": 0.0013982605770965994
                },
                "0x0caf53341b7266b8444e9a3cff7540d451454cad": {
                    "balance": 10202.773200344527,
                    "percentage_of_total_supply": 0.0010202773200344527,
                    "percentage_of_circulating_supply": 0.0010202773200344527
                },
                "0x0ec377965218f6f48887174740e1ae7d0c56348c": {
                    "balance": 5946.677483455575,
                    "percentage_of_total_supply": 0.0005946677483455576,
                    "percentage_of_circulating_supply": 0.0005946677483455576
                },
                "0x0b24ceb276c3884fd602d96a17c078014e668c23": {
                    "balance": 5869.4832004648015,
                    "percentage_of_total_supply": 0.0005869483200464801,
                    "percentage_of_circulating_supply": 0.0005869483200464801
                },
                "0xc7959e576e61a11801431678de97eccf46b1e174": {
                    "balance": 5287.750597535105,
                    "percentage_of_total_supply": 0.0005287750597535104,
                    "percentage_of_circulating_supply": 0.0005287750597535104
                },
                "0x322aa143b09e7860172d72c63f82a5d02e6f97c7": {
                    "balance": 4979.263468346111,
                    "percentage_of_total_supply": 0.0004979263468346112,
                    "percentage_of_circulating_supply": 0.0004979263468346112
                },
                "0x2d1046cd904edd5d154e4badab6d63b0d70629d8": {
                    "balance": 3752.4127397873835,
                    "percentage_of_total_supply": 0.0003752412739787383,
                    "percentage_of_circulating_supply": 0.0003752412739787383
                },
                "0xaa7a1decce66d4d5b797ba3d0714fc5e93d29a6f": {
                    "balance": 1226.405356527388,
                    "percentage_of_total_supply": 0.00012264053565273878,
                    "percentage_of_circulating_supply": 0.00012264053565273878
                },
                "0xe06bdd74c475256e6e73f05564452a8b048e2926": {
                    "balance": 1000.0,
                    "percentage_of_total_supply": 9.999999999999999e-05,
                    "percentage_of_circulating_supply": 9.999999999999999e-05
                },
                "0xac6872aa96d3136f5fef303eb97033832b8d80d0": {
                    "balance": 995.4465223377209,
                    "percentage_of_total_supply": 9.95446522337721e-05,
                    "percentage_of_circulating_supply": 9.95446522337721e-05
                },
                "0x254cd6e615144e99c3607233bceaba95fbfdb0b1": {
                    "balance": 974.041128623326,
                    "percentage_of_total_supply": 9.74041128623326e-05,
                    "percentage_of_circulating_supply": 9.74041128623326e-05
                },
                "0xb15951c2684f64ef9cd98199c9f8a86c9aaf6069": {
                    "balance": 669.1813800649843,
                    "percentage_of_total_supply": 6.691813800649843e-05,
                    "percentage_of_circulating_supply": 6.691813800649843e-05
                },
                "0x305977ba44ed9ec4f368ff02f271bfca8464abbe": {
                    "balance": 652.0897796004143,
                    "percentage_of_total_supply": 6.520897796004144e-05,
                    "percentage_of_circulating_supply": 6.520897796004144e-05
                },
                "0x9d245b538a33547dd0ae0598918d25a8170afa9c": {
                    "balance": 332.3801126203159,
                    "percentage_of_total_supply": 3.323801126203159e-05,
                    "percentage_of_circulating_supply": 3.323801126203159e-05
                },
                "0xe608838e575461401b8569dcd3483231eda0ff20": {
                    "balance": 307.2634804243037,
                    "percentage_of_total_supply": 3.072634804243037e-05,
                    "percentage_of_circulating_supply": 3.072634804243037e-05
                },
                "0x92bdf99e0db61a1d2c59438323d0cde64f8b794e": {
                    "balance": 287.78774121525197,
                    "percentage_of_total_supply": 2.8778774121525194e-05,
                    "percentage_of_circulating_supply": 2.8778774121525194e-05
                },
                "0xab232c32825a802559d99b0587562828fc228d8a": {
                    "balance": 221.21178115718428,
                    "percentage_of_total_supply": 2.212117811571843e-05,
                    "percentage_of_circulating_supply": 2.212117811571843e-05
                },
                "0xd7ecfc31d98205772006ca9a481dcd383f4ae0f0": {
                    "balance": 205.64733023245094,
                    "percentage_of_total_supply": 2.056473302324509e-05,
                    "percentage_of_circulating_supply": 2.056473302324509e-05
                },
                "0xcfd4e3f3a3471d0c770a4ec2a2486b6f365f02a0": {
                    "balance": 162.9342032688228,
                    "percentage_of_total_supply": 1.6293420326882283e-05,
                    "percentage_of_circulating_supply": 1.6293420326882283e-05
                },
                "0x00c58b56f242ce34f4c72a9b380ce816247aaafd": {
                    "balance": 124.30693223961146,
                    "percentage_of_total_supply": 1.2430693223961146e-05,
                    "percentage_of_circulating_supply": 1.2430693223961146e-05
                },