{
    "token_address": "0x85E84Ec6ca4719bB2Dd0f5bE6bCcdBdbd822Aef7",
    "chain": "bsc",
    "token_name": "Baby Shiba Inu",
    "analyses": {
        "contract": {
            "contract_name": null,
            "compiler_version": null,
            "license_type": null,
            "implementation": null,
            "source_code": null,
            "abi": null,
            "verified": false,
            "owner": "0x3e97fac744ad40157fc8eedb4c789476b9280c07",
            "creator": "0x3e97fac744ad40157fc8eedb4c789476b9280c07",
            "is_hidden_owner": false,
            "is_proxy": null,
            "is_sellable": false,
            "is_hardcoded_owner": null,
            "code_analysis": {
                "total_matches": 0,
                "patterns_found": {}
            }
        },
        "holder": {
            "total_holders": 32,
            "holders_list": {
                "0x3e97fac744ad40157fc8eedb4c789476b9280c07": {
                    "balance": 510540913786659.9,
                    "percentage_of_total_supply": 51.05409137866599,
                    "percentage_of_circulating_supply": 51.05409137866599
                },
                "0xb721933782678a95a843a8ab6934c53b571a0405": {
                    "balance": 117387466902030.02,
                    "percentage_of_total_supply": 11.738746690203003,
                    "percentage_of_circulating_supply": 11.738746690203003
                },
                "0x242992c2e14b9066e05fb972961b2f773e6ce95e": {
                    "balance": 110303346293702.89,
                    "percentage_of_total_supply": 11.03033462937029,
                    "percentage_of_circulating_supply": 11.03033462937029
                },
                "0x6e2226f5d5d29d90ce879e772c86ea9f82994aa2": {
                    "balance": 82200693610897.4,
                    "percentage_of_total_supply": 8.22006936108974,
                    "percentage_of_circulating_supply": 8.22006936108974
                },
                "0x7db08dd1827a2192518d7bc4ee46e25dc24e4539": {
                    "balance": 26887548462391.195,
                    "percentage_of_total_supply": 2.6887548462391195,
                    "percentage_of_circulating_supply": 2.6887548462391195
                },
                "0xe4e75799f3f583f15793d079499a185c0bde987f": {
                    "balance": 24489568003231.246,
                    "percentage_of_total_supply": 2.448956800323125,
                    "percentage_of_circulating_supply": 2.448956800323125
                },
                "0x1858635f0b4c63766f744e66dc5d917f5f60062e": {
                    "balance": 23461260394474.27,
                    "percentage_of_total_supply": 2.346126039447427,
                    "percentage_of_circulating_supply": 2.346126039447427
                },
                "0x9f5768c65021a3d006ac4df703936267a6e400ff": {
                    "balance": 18305297334847.547,
                    "percentage_of_total_supply": 1.830529733484755,
                    "percentage_of_circulating_supply": 1.830529733484755
                },
                "0xb5ca3973c867b87429dd5faacdc921327ebd4444": {
                    "balance": 12912357836651.236,
                    "percentage_of_total_supply": 1.2912357836651236,
                    "percentage_of_circulating_supply": 1.2912357836651236
                },
                "0xf9f00091cd874e50c37607bae5887038d8478e04": {
                    "balance": 12575769258383.275,
                    "percentage_of_total_supply": 1.2575769258383278,
                    "percentage_of_circulating_supply": 1.2575769258383278
                },
                "0x6289087b9ac8b22a444401273dc52c49d0489961": {
                    "balance": 11670168952865.723,
                    "percentage_of_total_supply": 1.1670168952865723,
                    "percentage_of_circulating_supply": 1.1670168952865723
                },
                "0x00a0bf8db3ddceba3336251a2134706fc76b0900": {
                    "balance": 7085900206060.018,
                    "percentage_of_total_supply": 0.7085900206060018,
                    "percentage_of_circulating_supply": 0.7085900206060018
                },
                "0x9e169bd9819aa564c477c527a6009d9b97d2172b": {
                    "balance": 6326724257263.024,
                    "percentage_of_total_supply": 0.6326724257263024,
                    "percentage_of_circulating_supply": 0.6326724257263024
                },
                "0xa4133c79aad62af73466d37143dd9eef788cb437": {
                    "balance": 6205213961370.603,
                    "percentage_of_total_supply": 0.6205213961370604,
                    "percentage_of_circulating_supply": 0.6205213961370604
                },
                "0x00f311e557cfa981227fa32cbb7ce9ea98987fd2": {
                    "balance": 5186448206035.417,
                    "percentage_of_total_supply": 0.5186448206035417,
                    "percentage_of_circulating_supply": 0.5186448206035417
                },
                "0xc87f48f3f228d7de12eaa1f108bfa476b6cf03f3": {
                    "balance": 4964973433366.188,
                    "percentage_of_total_supply": 0.4964973433366189,
                    "percentage_of_circulating_supply": 0.4964973433366189
                },
                "0x0b696d30b6a659466fafb009dc3b637524a2b0c9": {
                    "balance": 4908340000001.0,
                    "percentage_of_total_supply": 0.4908340000001001,
                    "percentage_of_circulating_supply": 0.4908340000001001
                },
                "0x29cae646b6eb3377db9829cb05997975d4e5e8f9": {
                    "balance": 4852675881431.215,
                    "percentage_of_total_supply": 0.48526758814312154,
                    "percentage_of_circulating_supply": 0.48526758814312154
                },
                "0x977021254d42a63b86f0b83b50d3b6d54b209912": {
                    "balance": 3000000000000.0,
                    "percentage_of_total_supply": 0.3,
                    "percentage_of_circulating_supply": 0.3
                },
                "0x328b61cc3ca234ba2aed0db83aacf2ce7ab710fe": {
                    "balance": 2561148893591.5396,
                    "percentage_of_total_supply": 0.256114889359154,
                    "percentage_of_circulating_supply": 0.256114889359154
                },
                "0x8cb7b547f585f3ae7f4a810b88fdd029b93eb8a6": {
                    "balance": 2486688221378.48,
                    "percentage_of_total_supply": 0.24866882213784802,
                    "percentage_of_circulating_supply": 0.24866882213784802
                },
                "0x4654507bad3e25c8b16f747b12cb4c23477eabe7": {
                    "balance": 1280526432979.4546,
                    "percentage_of_total_supply": 0.12805264329794544,
                    "percentage_of_circulating_supply": 0.12805264329794544
                },
                "0x1c1a0269e4a14d4fc61ae72fab1dcddc078191c5": {
                    "balance": 131969289158.02042,
                    "percentage_of_total_supply": 0.013196928915802042,
                    "percentage_of_circulating_supply": 0.013196928915802042
                },
                "0xd7f236bea64621615c606a7c2fbe436fe3363f65": {
                    "balance": 114629492478.95639,
                    "percentage_of_total_supply": 0.01146294924789564,
                    "percentage_of_circulating_supply": 0.01146294924789564
                },
                "0x5b50ce902efeb195c8188830df8222d77ea8390e": {
                    "balance": 102006433682.28627,
                    "percentage_of_total_supply": 0.010200643368228627,
                    "percentage_of_circulating_supply": 0.010200643368228627
                },
                "0xdf7f6d29fcc7c6538520574a3ec8ad262b9ac9b1": {
                    "balance": 57314744926.27011,
                    "percentage_of_total_supply": 0.0057314744926270115,