{
    "token_address": "0xe667610676288c8D1A6F9d7CcEFcceD39Ea3C2dd",
    "chain": "bsc",
    "token_name": "Nitro",
    "analyses": {
        "contract": {
            "contract_name": null,
            "compiler_version": null,
            "license_type": null,
            "implementation": null,
            "source_code": null,
            "abi": null,
            "verified": false,
            "owner": "0x3d2c289961ad6af1558ce2d99f623182534fd274",
            "creator": "0x3d2c289961ad6af1558ce2d99f623182534fd274",
            "is_hidden_owner": false,
            "is_proxy": null,
            "is_sellable": true,
            "is_hardcoded_owner": null,
            "code_analysis": {
                "total_matches": 0,
                "patterns_found": {}
            }
        },
        "holder": {
            "total_holders": 2,
            "holders_list": {
                "0x3d2c289961ad6af1558ce2d99f623182534fd274": {
                    "balance": 939394.823763778,
                    "percentage_of_total_supply": 93.9394823763778,
                    "percentage_of_circulating_supply": 96.87504702530816
                },
                "0xfb15f8c0e73cf2de77dcd68016bb43735a37a9bf": {
                    "balance": 4e-09,
                    "percentage_of_total_supply": 4e-13,
                    "percentage_of_circulating_supply": 4.124998118987657e-13
                }
            },
            "total_supply": 1000000.0,
            "total_circulating_supply": 969697.411881891,
            "owner": {
                "address": "0x3d2c289961ad6af1558ce2d99f623182534fd274",
                "balance": 939394.823763778,
                "percentage_of_circulating_supply": 96.87504702530816,
                "exceeds_5_percent": true
            },
            "creator": {
                "address": "0x3d2c289961ad6af1558ce2d99f623182534fd274",
                "balance": 939394.823763778,
                "percentage_of_circulating_supply": 96.87504702530816,
                "exceeds_5_percent": true
            },
            "holders_exceeding_5_percent_circulating": [],
            "howmany_holders_exceeding_5_percent_circulating": 0,
            "top_10_holders": [
                {
                    "address": "0x3d2c289961ad6af1558ce2d99f623182534fd274",
                    "balance": 939394.823763778,
                    "percentage_of_total_supply": 93.9394823763778,
                    "percentage_of_circulating_supply": 96.87504702530816
                },
                {
                    "address": "0xfb15f8c0e73cf2de77dcd68016bb43735a37a9bf",
                    "balance": 4e-09,
                    "percentage_of_total_supply": 4e-13,
                    "percentage_of_circulating_supply": 4.124998118987657e-13
                }
            ],
            "total_top_10_balance": 939394.823763782,
            "top10_percentage_of_total_supply": 93.93948237637821,
            "top10_percentage_of_circulating_supply": 96.87504702530858,
            "top_10_less_than_70_percent_of_total": false,
            "top_10_less_than_70_percent_of_circulating": false
        },
        "liquidity": {
            "price_usd": 92.60931755494644,
            "liquidity_usd": 7.408745404395716e-16,
            "market_cap_usd": 89803015.54917973,
            "liquidity_to_market_cap_ratio": 8.249996237975316e-24,
            "token_volume": 0.0,
            "volume_usd": 0.0,
            "volume_to_liquidity_ratio": 0.0,
            "locked_liquidity_percent": 100.0,
            "locked_95_for_15_days": false,
            "creator_under_5_percent": false,
            "creator_percent_of_lp": 93.9395,
            "owner_under_5_percent": true,
            "owner_percent_of_lp": 0.0,
            "total_lp_supply": 1e-15,
            "lp_holders_count": 1,
            "lp_holders": [
                {
                    "address": "0x0000000000000000000000000000000000000000",
                    "balance": 1e-15,
                    "is_locked": true,
                    "percent": 100.0,
                    "tag": "Null Address"
                }
            ],
            "error": "Liquidity pool info could not be retrieved."
        },
        "security": {
            "warnings": null,
            "homany_warnings": 0,
            "suspicious_urls": null,
            "howmany_suspicious_urls": 0,
            "suspicious_addresses": null,
            "howmany_suspicious_addresses": 0,
            "error": "Security analysis data not available."
        },
        "lifecycle": {
            "token_age_seconds": 86571887.614551,
            "token_creation_date": "2022-11-28T20:04:34",
            "creation_to_first_trade_seconds": 0.0,
            "creation_to_first_trade_blocks": 0,
            "last_tx_hash": "0x6daed40ed383aec1f28da2774b32ff4a78798f6f1161c373c5e1a26b08f4f30c",
            "last_active_age": "2024-02-15T18:05:57",
            "inactive_days": 558.0718425969444
        }
    },
    "errors": []
}