{
    "token_address": "0xA26f9f91A9B829b1e64dF46c0Bc11a72C16a9d03",
    "chain": "bsc",
    "token_name": "Wapeq",
    "analyses": {
        "contract": {
            "contract_name": null,
            "compiler_version": null,
            "license_type": null,
            "implementation": null,
            "source_code": null,
            "abi": null,
            "verified": false,
            "owner": "0x7be631c3d66835f6770d7b4a04bcf0b595c012d8",
            "creator": "0x7be631c3d66835f6770d7b4a04bcf0b595c012d8",
            "is_hidden_owner": false,
            "is_proxy": null,
            "is_sellable": true,
            "is_hardcoded_owner": null,
            "code_analysis": {
                "total_matches": 0,
                "patterns_found": {}
            }
        },
        "holder": {
            "total_holders": 14,
            "holders_list": {
                "0x29bbbb1efe42dcad35dcdc167356fd1128036309": {
                    "balance": 1.15323e-13,
                    "percentage_of_total_supply": 1.1532299999999999e-20,
                    "percentage_of_circulating_supply": 1.1532299999999999e-20
                },
                "0x01ace80708e20e6ef04184392261a999627dbdb5": {
                    "balance": 701.8968897109955,
                    "percentage_of_total_supply": 7.018968897109956e-05,
                    "percentage_of_circulating_supply": 7.018968897109956e-05
                },
                "0xe7f653a1a28157f3391859f788fdf2231d624629": {
                    "balance": 1364.2579632330835,
                    "percentage_of_total_supply": 0.00013642579632330834,
                    "percentage_of_circulating_supply": 0.00013642579632330834
                },
                "0x0ed943ce24baebf257488771759f9bf482c39706": {
                    "balance": 40.42363409046677,
                    "percentage_of_total_supply": 4.042363409046678e-06,
                    "percentage_of_circulating_supply": 4.042363409046678e-06
                },
                "0x55525133de5d0bedc7cd9d07f64607a932020589": {
                    "balance": 4490.440482531537,
                    "percentage_of_total_supply": 0.0004490440482531537,
                    "percentage_of_circulating_supply": 0.0004490440482531537
                },
                "0x95bca1f981b402c236994029e388f348fc9d6b2e": {
                    "balance": 394.99143247975934,
                    "percentage_of_total_supply": 3.9499143247975936e-05,
                    "percentage_of_circulating_supply": 3.9499143247975936e-05
                },
                "0x7be631c3d66835f6770d7b4a04bcf0b595c012d8": {
                    "balance": 999891790.3592345,
                    "percentage_of_total_supply": 99.98917903592344,
                    "percentage_of_circulating_supply": 99.98917903592344
                },
                "0x32e5c8679819ac8a8a508837d690c05a5e18d0c3": {
                    "balance": 6996.755566978871,
                    "percentage_of_total_supply": 0.0006996755566978871,
                    "percentage_of_circulating_supply": 0.0006996755566978871
                },
                "0xe3265964f270fea24a6fbcf44d5567e078cc4288": {
                    "balance": 7625.613461372612,
                    "percentage_of_total_supply": 0.0007625613461372611,
                    "percentage_of_circulating_supply": 0.0007625613461372611
                },
                "0x70419ca0238b694928719c776ec6dc380368bb33": {
                    "balance": 10525.261007962155,
                    "percentage_of_total_supply": 0.0010525261007962154,
                    "percentage_of_circulating_supply": 0.0010525261007962154
                },
                "0x6a190cbd09207347b7456162087d016f324d9830": {
                    "balance": 210.89397077785745,
                    "percentage_of_total_supply": 2.1089397077785746e-05,
                    "percentage_of_circulating_supply": 2.1089397077785746e-05
                },
                "0x4fdc0eacc1ba710f918d0f46751d9a9ab2737646": {
                    "balance": 58036.86708588236,
                    "percentage_of_total_supply": 0.005803686708588236,
                    "percentage_of_circulating_supply": 0.005803686708588236
                },
                "0xb0305c61bb24ef246474b7c1cc44d91f6c72b6f1": {
                    "balance": 16207.431520059448,
                    "percentage_of_total_supply": 0.0016207431520059447,
                    "percentage_of_circulating_supply": 0.0016207431520059447
                },
                "0x4d5cf3e424b7ae2b105dccfa12c025b2abe9c6ff": {
                    "balance": 1614.8077504491262,
                    "percentage_of_total_supply": 0.0001614807750449126,
                    "percentage_of_circulating_supply": 0.0001614807750449126
                }
            },
            "total_supply": 1000000000.0,
            "total_circulating_supply": 1000000000.0,
            "owner": {
                "address": "0x7be631c3d66835f6770d7b4a04bcf0b595c012d8",
                "balance": 999891790.3592345,
                "percentage_of_circulating_supply": 99.98917903592344,
                "exceeds_5_percent": true
            },
            "creator": {
                "address": "0x7be631c3d66835f6770d7b4a04bcf0b595c012d8",
                "balance": 999891790.3592345,
                "percentage_of_circulating_supply": 99.98917903592344,
                "exceeds_5_percent": true
            },
            "holders_exceeding_5_percent_circulating": [],
            "howmany_holders_exceeding_5_percent_circulating": 0,
            "top_10_holders": [
                {
                    "address": "0x7be631c3d66835f6770d7b4a04bcf0b595c012d8",
                    "balance": 999891790.3592345,
                    "percentage_of_total_supply": 99.98917903592344,
                    "percentage_of_circulating_supply": 99.98917903592344
                },
                {
                    "address": "0x4fdc0eacc1ba710f918d0f46751d9a9ab2737646",
                    "balance": 58036.86708588236,
                    "percentage_of_total_supply": 0.005803686708588236,
                    "percentage_of_circulating_supply": 0.005803686708588236
                },
                {
                    "address": "0xb0305c61bb24ef246474b7c1cc44d91f6c72b6f1",
                    "balance": 16207.431520059448,
                    "percentage_of_total_supply": 0.0016207431520059447,
                    "percentage_of_circulating_supply": 0.0016207431520059447
                },
                {
                    "address": "0x70419ca0238b694928719c776ec6dc380368bb33",
                    "balance": 10525.261007962155,
                    "percentage_of_total_supply": 0.0010525261007962154,
                    "percentage_of_circulating_supply": 0.0010525261007962154
                },
                {
                    "address": "0xe3265964f270fea24a6fbcf44d5567e078cc4288",
                    "balance": 7625.613461372612,
                    "percentage_of_total_supply": 0.0007625613461372611,
                    "percentage_of_circulating_supply": 0.0007625613461372611
                },
                {
                    "address": "0x32e5c8679819ac8a8a508837d690c05a5e18d0c3",
                    "balance": 6996.755566978871,
                    "percentage_of_total_supply": 0.0006996755566978871,
                    "percentage_of_circulating_supply": 0.0006996755566978871
                },
                {
                    "address": "0x55525133de5d0bedc7cd9d07f64607a932020589",
                    "balance": 4490.440482531537,
                    "percentage_of_total_supply": 0.0004490440482531537,
                    "percentage_of_circulating_supply": 0.0004490440482531537
                },
                {
                    "address": "0x4d5cf3e424b7ae2b105dccfa12c025b2abe9c6ff",