{
    "token_address": "0x49C882D39ECF8E6A2dA55a0c679620f2a0103E18",
    "chain": "bsc",
    "token_name": "RFOX Token",
    "analyses": {
        "contract": {
            "contract_name": null,
            "compiler_version": null,
            "license_type": null,
            "implementation": null,
            "source_code": null,
            "abi": null,
            "verified": false,
            "owner": "0x7997e7cdbc7a6e0d3248cb39473750eb0fec575e",
            "creator": "0x7997e7cdbc7a6e0d3248cb39473750eb0fec575e",
            "is_hidden_owner": false,
            "is_proxy": null,
            "is_sellable": true,
            "is_hardcoded_owner": null,
            "code_analysis": {
                "total_matches": 0,
                "patterns_found": {}
            }
        },
        "holder": {
            "total_holders": 32,
            "holders_list": {
                "0x5da5799bd500187fc08a13929ec22014aa115ad1": {
                    "balance": 407.978464,
                    "percentage_of_total_supply": 0.040797846400000004,
                    "percentage_of_circulating_supply": 0.040797846400000004
                },
                "0x786ac4896cbcda40c5fe26d5682d241e2f017f80": {
                    "balance": 33.445956,
                    "percentage_of_total_supply": 0.0033445956,
                    "percentage_of_circulating_supply": 0.0033445956
                },
                "0xe9d1fd0c316a9ffddeac3b53947acbc5dbaa4586": {
                    "balance": 1e-06,
                    "percentage_of_total_supply": 1e-10,
                    "percentage_of_circulating_supply": 1e-10
                },
                "0x4afd5f6e3f9efb1b2c32346adc9bb4e5666fbbfb": {
                    "balance": 468.731879,
                    "percentage_of_total_supply": 0.0468731879,
                    "percentage_of_circulating_supply": 0.0468731879
                },
                "0x8b44e59b88773952cf90f7ba72fa26328fa8953a": {
                    "balance": 1380.782291,
                    "percentage_of_total_supply": 0.1380782291,
                    "percentage_of_circulating_supply": 0.1380782291
                },
                "0x24efc5b06f89e1eb60ef6500112e3e8ff1c158d1": {
                    "balance": 112.701963,
                    "percentage_of_total_supply": 0.0112701963,
                    "percentage_of_circulating_supply": 0.0112701963
                },
                "0xc95d8d3e726de008e4c16463e82d70f307da94c4": {
                    "balance": 11.74321,
                    "percentage_of_total_supply": 0.001174321,
                    "percentage_of_circulating_supply": 0.001174321
                },
                "0x365862e675691d7076f1b537b1d5ee64d11ccea4": {
                    "balance": 199.301197,
                    "percentage_of_total_supply": 0.019930119700000002,
                    "percentage_of_circulating_supply": 0.019930119700000002
                },
                "0x5a916a5b83d7329305dc8dd637dfa51f8ad09c59": {
                    "balance": 25.12465,
                    "percentage_of_total_supply": 0.002512465,
                    "percentage_of_circulating_supply": 0.002512465
                },
                "0x0ed943ce24baebf257488771759f9bf482c39706": {
                    "balance": 28.831482,
                    "percentage_of_total_supply": 0.0028831482,
                    "percentage_of_circulating_supply": 0.0028831482
                },
                "0x94d34c41c19ed1b1552572b682bab476758260a0": {
                    "balance": 1.432311,
                    "percentage_of_total_supply": 0.0001432311,
                    "percentage_of_circulating_supply": 0.0001432311
                },
                "0xadaa10ef0ef62edd8939f5caa2143e3be5960149": {
                    "balance": 150.267428,
                    "percentage_of_total_supply": 0.0150267428,
                    "percentage_of_circulating_supply": 0.0150267428
                },
                "0x404ae0f87a1ddcffd7dfddeac2c0ea7ac9724867": {
                    "balance": 2240.764489,
                    "percentage_of_total_supply": 0.2240764489,
                    "percentage_of_circulating_supply": 0.2240764489
                },
                "0x21df09c16ad775103ea6b40064e74cbde436d08f": {
                    "balance": 1420.297737,
                    "percentage_of_total_supply": 0.1420297737,
                    "percentage_of_circulating_supply": 0.1420297737
                },
                "0xfb25a5e3ba31526b55b4f282d50e2d6fe1d4f5bd": {
                    "balance": 7.011269,
                    "percentage_of_total_supply": 0.0007011269,
                    "percentage_of_circulating_supply": 0.0007011269
                },
                "0x99d232b8a5a5f53f3575cee5378abbfeedfc9b62": {
                    "balance": 447.072949,
                    "percentage_of_total_supply": 0.0447072949,
                    "percentage_of_circulating_supply": 0.0447072949
                },
                "0x9910091f3c990c879145045942c7151d05483b51": {
                    "balance": 4476.10885,
                    "percentage_of_total_supply": 0.447610885,
                    "percentage_of_circulating_supply": 0.447610885
                },
                "0xc1d27a1686185246a5f608ea7b9a01c7264c6bbc": {
                    "balance": 2022.976924,
                    "percentage_of_total_supply": 0.20229769239999998,
                    "percentage_of_circulating_supply": 0.20229769239999998
                },
                "0x061d828cd000f630db29d7375411987cc54a543e": {
                    "balance": 1908.909103,
                    "percentage_of_total_supply": 0.19089091030000002,
                    "percentage_of_circulating_supply": 0.19089091030000002
                },
                "0x9d5209b898155088cfa59a745f09db95e58c4107": {
                    "balance": 10922.803785,
                    "percentage_of_total_supply": 1.0922803785000001,
                    "percentage_of_circulating_supply": 1.0922803785000001
                },
                "0xc7d7e5ebe28e3d10b96a71f2013e96f274f09d11": {
                    "balance": 669.682518,
                    "percentage_of_total_supply": 0.0669682518,
                    "percentage_of_circulating_supply": 0.0669682518
                },
                "0x223c85e0219cee9dd1c217875a605871942769c8": {
                    "balance": 419.763106,
                    "percentage_of_total_supply": 0.0419763106,
                    "percentage_of_circulating_supply": 0.0419763106
                },
                "0xeab767394303837a13a2d242d0e238ee9409ef4d": {
                    "balance": 32.525852,
                    "percentage_of_total_supply": 0.0032525852,
                    "percentage_of_circulating_supply": 0.0032525852
                },
                "0x4ad022b4cb72923a9e0612fc60045ec2f8aa30a4": {
                    "balance": 589.059479,
                    "percentage_of_total_supply": 0.0589059479,
                    "percentage_of_circulating_supply": 0.0589059479
                },
                "0xbed8633d4edfb6383033256a4d28e2d9d45a0fd2": {
                    "balance": 1194.623412,
                    "percentage_of_total_supply": 0.1194623412,
                    "percentage_of_circulating_supply": 0.1194623412
                },
                "0xebd2d298eedd8b9f3680f7732ee15cca439bdd11": {
                    "balance": 101.679459,
                    "percentage_of_total_supply": 0.0101679459,
                    "percentage_of_circulating_supply": 0.0101679459
                },
                "0xed4fbe3dd7ba09f223f353a5c739ab2a48baf504": {
                    "balance": 4780.986332,
                    "percentage_of_total_supply": 0.47809863319999996,
                    "percentage_of_circulating_supply": 0.47809863319999996
                },