{
    "token_address": "0x9165C5e5BC8f5cDA86871a77B74034FEA189e194",
    "chain": "bsc",
    "token_name": "Astro Eclipse",
    "analyses": {
        "contract": {
            "contract_name": null,
            "compiler_version": null,
            "license_type": null,
            "implementation": null,
            "source_code": null,
            "abi": null,
            "verified": false,
            "owner": "0xe037939167680668eb392a682a8ea4fd3392a8ee",
            "creator": "0xe037939167680668eb392a682a8ea4fd3392a8ee",
            "is_hidden_owner": false,
            "is_proxy": null,
            "is_sellable": true,
            "is_hardcoded_owner": null,
            "code_analysis": {
                "total_matches": 0,
                "patterns_found": {}
            }
        },
        "holder": {
            "total_holders": 12,
            "holders_list": {
                "0xe037939167680668eb392a682a8ea4fd3392a8ee": {
                    "balance": 999961300.8970232,
                    "percentage_of_total_supply": 99.99613008970232,
                    "percentage_of_circulating_supply": 99.99613008970232
                },
                "0xf5194ce146768d7fc656b8e1df9cafca96a9f560": {
                    "balance": 17266.517885003388,
                    "percentage_of_total_supply": 0.0017266517885003389,
                    "percentage_of_circulating_supply": 0.0017266517885003389
                },
                "0x8fca66b99f7f5076a4693032af4f6067e7921c56": {
                    "balance": 16406.924626834985,
                    "percentage_of_total_supply": 0.0016406924626834985,
                    "percentage_of_circulating_supply": 0.0016406924626834985
                },
                "0xd7cb2462b3984461950a7788eaf34af54f5c1198": {
                    "balance": 1282.7070184374054,
                    "percentage_of_total_supply": 0.00012827070184374053,
                    "percentage_of_circulating_supply": 0.00012827070184374053
                },
                "0x3e1905fef48d7173e7bc8a5c807a3fa09be6fed7": {
                    "balance": 1185.9732014763,
                    "percentage_of_total_supply": 0.00011859732014762998,
                    "percentage_of_circulating_supply": 0.00011859732014762998
                },
                "0xdc42f7ce7e42e826a8256cddb89fb0750c63f8c7": {
                    "balance": 760.3364488785268,
                    "percentage_of_total_supply": 7.603364488785267e-05,
                    "percentage_of_circulating_supply": 7.603364488785267e-05
                },
                "0x71a870f7e2f687d1071f5dbe4c85f8a495204b0e": {
                    "balance": 662.7332669392548,
                    "percentage_of_total_supply": 6.627332669392549e-05,
                    "percentage_of_circulating_supply": 6.627332669392549e-05
                },
                "0x310ba6e00a259076a6ffd1935b4aa38d31570e6d": {
                    "balance": 533.1497741232428,
                    "percentage_of_total_supply": 5.331497741232428e-05,
                    "percentage_of_circulating_supply": 5.331497741232428e-05
                },
                "0x3f49491a9c94d2b5cb3c71acedf2c572ddea624a": {
                    "balance": 481.44576208283155,
                    "percentage_of_total_supply": 4.814457620828315e-05,
                    "percentage_of_circulating_supply": 4.814457620828315e-05
                },
                "0x0da6de80290790d12a35a265cdff3f6541ef7a56": {
                    "balance": 104.22111916817558,
                    "percentage_of_total_supply": 1.0422111916817557e-05,
                    "percentage_of_circulating_supply": 1.0422111916817557e-05
                },
                "0x0ed943ce24baebf257488771759f9bf482c39706": {
                    "balance": 15.09387384035634,
                    "percentage_of_total_supply": 1.5093873840356341e-06,
                    "percentage_of_circulating_supply": 1.5093873840356341e-06
                },
                "0xa0b22505e000891c366ba7756fff271fddabb1fd": {
                    "balance": 1.24311e-13,
                    "percentage_of_total_supply": 1.24311e-20,
                    "percentage_of_circulating_supply": 1.24311e-20
                }
            },
            "total_supply": 1000000000.0,
            "total_circulating_supply": 1000000000.0,
            "owner": {
                "address": "0xe037939167680668eb392a682a8ea4fd3392a8ee",
                "balance": 999961300.8970232,
                "percentage_of_circulating_supply": 99.99613008970232,
                "exceeds_5_percent": true
            },
            "creator": {
                "address": "0xe037939167680668eb392a682a8ea4fd3392a8ee",
                "balance": 999961300.8970232,
                "percentage_of_circulating_supply": 99.99613008970232,
                "exceeds_5_percent": true
            },
            "holders_exceeding_5_percent_circulating": [],
            "howmany_holders_exceeding_5_percent_circulating": 0,
            "top_10_holders": [
                {
                    "address": "0xe037939167680668eb392a682a8ea4fd3392a8ee",
                    "balance": 999961300.8970232,
                    "percentage_of_total_supply": 99.99613008970232,
                    "percentage_of_circulating_supply": 99.99613008970232
                },
                {
                    "address": "0xf5194ce146768d7fc656b8e1df9cafca96a9f560",
                    "balance": 17266.517885003388,
                    "percentage_of_total_supply": 0.0017266517885003389,
                    "percentage_of_circulating_supply": 0.0017266517885003389
                },
                {
                    "address": "0x8fca66b99f7f5076a4693032af4f6067e7921c56",
                    "balance": 16406.924626834985,
                    "percentage_of_total_supply": 0.0016406924626834985,
                    "percentage_of_circulating_supply": 0.0016406924626834985
                },
                {
                    "address": "0xd7cb2462b3984461950a7788eaf34af54f5c1198",
                    "balance": 1282.7070184374054,
                    "percentage_of_total_supply": 0.00012827070184374053,
                    "percentage_of_circulating_supply": 0.00012827070184374053
                },
                {
                    "address": "0x3e1905fef48d7173e7bc8a5c807a3fa09be6fed7",
                    "balance": 1185.9732014763,
                    "percentage_of_total_supply": 0.00011859732014762998,
                    "percentage_of_circulating_supply": 0.00011859732014762998
                },
                {
                    "address": "0xdc42f7ce7e42e826a8256cddb89fb0750c63f8c7",
                    "balance": 760.3364488785268,
                    "percentage_of_total_supply": 7.603364488785267e-05,
                    "percentage_of_circulating_supply": 7.603364488785267e-05
                },
                {
                    "address": "0x71a870f7e2f687d1071f5dbe4c85f8a495204b0e",
                    "balance": 662.7332669392548,
                    "percentage_of_total_supply": 6.627332669392549e-05,
                    "percentage_of_circulating_supply": 6.627332669392549e-05
                },
                {
                    "address": "0x310ba6e00a259076a6ffd1935b4aa38d31570e6d",
                    "balance": 533.1497741232428,
                    "percentage_of_total_supply": 5.331497741232428e-05,
                    "percentage_of_circulating_supply": 5.331497741232428e-05
                },
                {
                    "address": "0x3f49491a9c94d2b5cb3c71acedf2c572ddea624a",
                    "balance": 481.44576208283155,
                    "percentage_of_total_supply": 4.814457620828315e-05,