{
    "token_address": "0xF050630173c98ce3Af2FF2f2BB7A88d0a9F410AC",
    "chain": "bsc",
    "token_name": "BTCRISE",
    "analyses": {
        "contract": {
            "contract_name": null,
            "compiler_version": null,
            "license_type": null,
            "implementation": null,
            "source_code": null,
            "abi": null,
            "verified": false,
            "owner": "0xa7a0df5f6ffc92be6b214268873502ce91b14abd",
            "creator": "0xa7a0df5f6ffc92be6b214268873502ce91b14abd",
            "is_hidden_owner": false,
            "is_proxy": null,
            "is_sellable": true,
            "is_hardcoded_owner": null,
            "code_analysis": {
                "total_matches": 0,
                "patterns_found": {}
            }
        },
        "holder": {
            "total_holders": 12,
            "holders_list": {
                "0x2be87ad70cf11ea294d7c42044b5b8277a3e4874": {
                    "balance": 4588973136.069644,
                    "percentage_of_total_supply": 0.4588973136069644,
                    "percentage_of_circulating_supply": 0.4588973136069644
                },
                "0x9ee6cebc07bd1cd7d74a4fb4244ccf4fa990186c": {
                    "balance": 246189252.66775644,
                    "percentage_of_total_supply": 0.02461892526677564,
                    "percentage_of_circulating_supply": 0.02461892526677564
                },
                "0xcc2dfa5ab10f64839986a54e46f53951ee834b43": {
                    "balance": 11256642835.951607,
                    "percentage_of_total_supply": 1.1256642835951607,
                    "percentage_of_circulating_supply": 1.1256642835951607
                },
                "0x426603bac5e0ea73fd13aecad7a80c9f963f6eac": {
                    "balance": 291111933865.1591,
                    "percentage_of_total_supply": 29.11119338651591,
                    "percentage_of_circulating_supply": 29.11119338651591
                },
                "0xcd88d7573818abe26b02f4bf19c4db44aff3c591": {
                    "balance": 4639827132.807967,
                    "percentage_of_total_supply": 0.4639827132807967,
                    "percentage_of_circulating_supply": 0.4639827132807967
                },
                "0x63b6285b2961fdcd09f98b2fac8c3a9ea8485d70": {
                    "balance": 80731667841.72478,
                    "percentage_of_total_supply": 8.073166784172479,
                    "percentage_of_circulating_supply": 8.073166784172479
                },
                "0x58a0a9bf2a791c242cf25406408e0ab798795e58": {
                    "balance": 745772679.0058175,
                    "percentage_of_total_supply": 0.07457726790058175,
                    "percentage_of_circulating_supply": 0.07457726790058175
                },
                "0xad8177e70aeebd2a85a781ba757adf2e753bde40": {
                    "balance": 299339517795.91095,
                    "percentage_of_total_supply": 29.933951779591094,
                    "percentage_of_circulating_supply": 29.933951779591094
                },
                "0x860e9cf760ac4ae523860d16d5932520c67b409e": {
                    "balance": 58455254433.00418,
                    "percentage_of_total_supply": 5.845525443300418,
                    "percentage_of_circulating_supply": 5.845525443300418
                },
                "0xb051f851f9fdb2948c83ac3c3338dc10c0459c6f": {
                    "balance": 21874650592.04213,
                    "percentage_of_total_supply": 2.187465059204213,
                    "percentage_of_circulating_supply": 2.187465059204213
                },
                "0xdf82180d69858c3c7179b1302bfcf9121f7926dc": {
                    "balance": 251034586.01897508,
                    "percentage_of_total_supply": 0.025103458601897506,
                    "percentage_of_circulating_supply": 0.025103458601897506
                },
                "0xdf64f75a0130d9b8d814650f09c5ac3693ea6e62": {
                    "balance": 226758535849.63705,
                    "percentage_of_total_supply": 22.675853584963708,
                    "percentage_of_circulating_supply": 22.675853584963708
                }
            },
            "total_supply": 1000000000000.0,
            "total_circulating_supply": 1000000000000.0,
            "owner": {},
            "creator": {},
            "holders_exceeding_5_percent_circulating": [
                {
                    "address": "0x426603bac5e0ea73fd13aecad7a80c9f963f6eac",
                    "balance": 291111933865.1591,
                    "percentage_of_supply": 29.11119338651591
                },
                {
                    "address": "0x63b6285b2961fdcd09f98b2fac8c3a9ea8485d70",
                    "balance": 80731667841.72478,
                    "percentage_of_supply": 8.073166784172479
                },
                {
                    "address": "0xad8177e70aeebd2a85a781ba757adf2e753bde40",
                    "balance": 299339517795.91095,
                    "percentage_of_supply": 29.933951779591094
                },
                {
                    "address": "0x860e9cf760ac4ae523860d16d5932520c67b409e",
                    "balance": 58455254433.00418,
                    "percentage_of_supply": 5.845525443300418
                },
                {
                    "address": "0xdf64f75a0130d9b8d814650f09c5ac3693ea6e62",
                    "balance": 226758535849.63705,
                    "percentage_of_supply": 22.675853584963708
                }
            ],
            "howmany_holders_exceeding_5_percent_circulating": 5,
            "top_10_holders": [
                {
                    "address": "0xad8177e70aeebd2a85a781ba757adf2e753bde40",
                    "balance": 299339517795.91095,
                    "percentage_of_total_supply": 29.933951779591094,
                    "percentage_of_circulating_supply": 29.933951779591094
                },
                {
                    "address": "0x426603bac5e0ea73fd13aecad7a80c9f963f6eac",
                    "balance": 291111933865.1591,
                    "percentage_of_total_supply": 29.11119338651591,
                    "percentage_of_circulating_supply": 29.11119338651591
                },
                {
                    "address": "0xdf64f75a0130d9b8d814650f09c5ac3693ea6e62",
                    "balance": 226758535849.63705,
                    "percentage_of_total_supply": 22.675853584963708,
                    "percentage_of_circulating_supply": 22.675853584963708
                },
                {
                    "address": "0x63b6285b2961fdcd09f98b2fac8c3a9ea8485d70",
                    "balance": 80731667841.72478,
                    "percentage_of_total_supply": 8.073166784172479,
                    "percentage_of_circulating_supply": 8.073166784172479
                },
                {
                    "address": "0x860e9cf760ac4ae523860d16d5932520c67b409e",
                    "balance": 58455254433.00418,
                    "percentage_of_total_supply": 5.845525443300418,
                    "percentage_of_circulating_supply": 5.845525443300418
                },
                {
                    "address": "0xb051f851f9fdb2948c83ac3c3338dc10c0459c6f",
                    "balance": 21874650592.04213,
                    "percentage_of_total_supply": 2.187465059204213,
                    "percentage_of_circulating_supply": 2.187465059204213
                },
                {
                    "address": "0xcc2dfa5ab10f64839986a54e46f53951ee834b43",
                    "balance": 11256642835.951607,
                    "percentage_of_total_supply": 1.1256642835951607,
                    "percentage_of_circulating_supply": 1.1256642835951607
                },
                {
                    "address": "0xcd88d7573818abe26b02f4bf19c4db44aff3c591",
                    "balance": 4639827132.807967,