{
    "token_address": "0x15cD68b66e5c193967fBBC3297a35d2b1468257a",
    "chain": "bsc",
    "token_name": "Meta Hustle",
    "analyses": {
        "contract": {
            "contract_name": null,
            "compiler_version": null,
            "license_type": null,
            "implementation": null,
            "source_code": null,
            "abi": null,
            "verified": false,
            "owner": "0x3a0ae03b8d6830390a705fb628d44adcc3e7096b",
            "creator": "0x3a0ae03b8d6830390a705fb628d44adcc3e7096b",
            "is_hidden_owner": false,
            "is_proxy": null,
            "is_sellable": true,
            "is_hardcoded_owner": null,
            "code_analysis": null
        },
        "holder": {
            "total_holders": 21,
            "holders_list": {
                "0xb31ce57c1ba641871ddc641afae50ffa659af65e": {
                    "balance": 1.7552027293872136e+32,
                    "percentage_of_total_supply": 17.552,
                    "percentage_of_circulating_supply": 17.552
                },
                "0xc116fdacf4c6b78ac3851a11a2489d382853d974": {
                    "balance": 7.923774051180831e+31,
                    "percentage_of_total_supply": 7.9238,
                    "percentage_of_circulating_supply": 7.9238
                },
                "0x613423321c6bc4f04024d8db6ac6cd4ca441808b": {
                    "balance": 7.57336019120487e+31,
                    "percentage_of_total_supply": 7.5734,
                    "percentage_of_circulating_supply": 7.5734
                },
                "0x7abc4ede91f7ac072d122027dab03a2902adcd73": {
                    "balance": 4.696824437840173e+31,
                    "percentage_of_total_supply": 4.6968,
                    "percentage_of_circulating_supply": 4.6968
                },
                "0x921e486390ee329e11f2081d0ef0a7f7a976817a": {
                    "balance": 3.7894045639351873e+31,
                    "percentage_of_total_supply": 3.7894,
                    "percentage_of_circulating_supply": 3.7894
                },
                "0xe8afdd4d78e77cc6ece11660d823d101fbe1dc84": {
                    "balance": 3.5720497545166387e+31,
                    "percentage_of_total_supply": 3.572,
                    "percentage_of_circulating_supply": 3.572
                },
                "0x4c377dbd8b58f19f067072b4b6bc8715991b2222": {
                    "balance": 2.3079741116131396e+31,
                    "percentage_of_total_supply": 2.308,
                    "percentage_of_circulating_supply": 2.308
                },
                "0x69b383b1da33b5c3eb14883a777862e9a6bd16d2": {
                    "balance": 1.2366863900969686e+31,
                    "percentage_of_total_supply": 1.2367,
                    "percentage_of_circulating_supply": 1.2367
                },
                "0x1a3bd4504cf0d934b0f37809375462dee0cc6fd5": {
                    "balance": 1.2057295172097393e+31,
                    "percentage_of_total_supply": 1.2057,
                    "percentage_of_circulating_supply": 1.2057
                },
                "0x71c8d2472fa6dee772299133a7f669749bcddca4": {
                    "balance": 8.182806268784673e+30,
                    "percentage_of_total_supply": 0.8183,
                    "percentage_of_circulating_supply": 0.8183
                },
                "0xea6e803d059514b33e0dcc469344d9698b5d4454": {
                    "balance": 5.634972215613553e+30,
                    "percentage_of_total_supply": 0.5635,
                    "percentage_of_circulating_supply": 0.5635
                },
                "0xd329de56863e3e71efeb368002d8b6f4a9ea5181": {
                    "balance": 5.266154580575199e+30,
                    "percentage_of_total_supply": 0.5266,
                    "percentage_of_circulating_supply": 0.5266
                },
                "0xd1cf045f2c94eb49bb6cebf1230ee12effb97862": {
                    "balance": 4.8376698587439736e+30,
                    "percentage_of_total_supply": 0.4838,
                    "percentage_of_circulating_supply": 0.4838
                },
                "0x077701544d4b845cc1877fe1a942c3929b6b15db": {
                    "balance": 4.702498038390535e+30,
                    "percentage_of_total_supply": 0.4702,
                    "percentage_of_circulating_supply": 0.4702
                },
                "0x0000af8bc16fae70d2ee4697eddcc53d62dd2200": {
                    "balance": 4.182696712492225e+30,
                    "percentage_of_total_supply": 0.4183,
                    "percentage_of_circulating_supply": 0.4183
                },
                "0xea20e79ed333122505cee556e00ebc939083c0ea": {
                    "balance": 4.002675861868574e+30,
                    "percentage_of_total_supply": 0.4003,
                    "percentage_of_circulating_supply": 0.4003
                },
                "0x5321e972e0e832f1f26b88381db9040baaaf18a7": {
                    "balance": 3.647093831955118e+30,
                    "percentage_of_total_supply": 0.3647,
                    "percentage_of_circulating_supply": 0.3647
                },
                "0x0a1f905d571565f8f68dec0649f2a98c8ae9283e": {
                    "balance": 2.8066002144713746e+30,
                    "percentage_of_total_supply": 0.2807,
                    "percentage_of_circulating_supply": 0.2807
                },
                "0x0a7dd31ac8707870bc568c322afafd3c2955b847": {
                    "balance": 2.7333932699338644e+30,
                    "percentage_of_total_supply": 0.2733,
                    "percentage_of_circulating_supply": 0.2733
                },
                "0xdcf74d558735a87847b9582abf1664c5ca107a10": {
                    "balance": 1.4027736149413862e+29,
                    "percentage_of_total_supply": 0.014,
                    "percentage_of_circulating_supply": 0.014
                }
            },
            "total_supply": 1e+33,
            "total_circulating_supply": 1e+33,
            "owner": {
                "address": "0x3a0ae03b8d6830390a705fb628d44adcc3e7096b",
                "balance": 4.552848586709799e+32,
                "percentage_of_supply": 45.5285,
                "exceeds_5_percent": true
            },
            "creator": {},
            "holders_exceeding_5_percent": [
                {
                    "address": "0x3a0ae03b8d6830390a705fb628d44adcc3e7096b",
                    "balance": 4.552848586709799e+32,
                    "percentage_of_supply": 45.5285
                },
                {
                    "address": "0xb31ce57c1ba641871ddc641afae50ffa659af65e",
                    "balance": 1.7552027293872136e+32,
                    "percentage_of_supply": 17.552
                },
                {
                    "address": "0xc116fdacf4c6b78ac3851a11a2489d382853d974",
                    "balance": 7.923774051180831e+31,
                    "percentage_of_supply": 7.9238
                },
                {
                    "address": "0x613423321c6bc4f04024d8db6ac6cd4ca441808b",
                    "balance": 7.57336019120487e+31,
                    "percentage_of_supply": 7.5734
                }
            ],
            "howmany_holders_exceeding_5_percent": 4,
            "top_10_holders": [
                {
                    "address": "0x3a0ae03b8d6830390a705fb628d44adcc3e7096b",
                    "balance": 4.552848586709799e+32,
                    "percentage_of_total_supply": 45.5285,
                    "percentage_of_circulating_supply": 45.5285
                },
                {
                    "address": "0xb31ce57c1ba641871ddc641afae50ffa659af65e",
                    "balance": 1.7552027293872136e+32,
                    "percentage_of_total_supply": 17.552,