{
    "token_address": "0xE55Fd505Cd157FE6ff4A86c1aEBc61a3eCa51355",
    "chain": "bsc",
    "token_name": "Elite",
    "analyses": {
        "contract": {
            "contract_name": null,
            "compiler_version": null,
            "license_type": null,
            "implementation": null,
            "source_code": null,
            "abi": null,
            "verified": false,
            "owner": "0x3e27fea456acec9363b3fc92deeed17f45d54056",
            "creator": "0x3e27fea456acec9363b3fc92deeed17f45d54056",
            "is_hidden_owner": false,
            "is_proxy": null,
            "is_sellable": true,
            "is_hardcoded_owner": null,
            "code_analysis": null
        },
        "holder": {
            "total_holders": 29,
            "holders_list": {
                "0x57f1da2e0d6821c9f8c74d8695c49420c2f6d217": {
                    "balance": 4.437923462691156e+22,
                    "percentage_of_total_supply": 4.4379,
                    "percentage_of_circulating_supply": 4.5045
                },
                "0xdfe4e85fdfe77a9c24f4b6617778c4a1bb7350b5": {
                    "balance": 2.9079609133624067e+22,
                    "percentage_of_total_supply": 2.908,
                    "percentage_of_circulating_supply": 2.9516
                },
                "0x3dbe06cc8af0967001adeca38de1e5f6e21e7754": {
                    "balance": 2.64134855399144e+22,
                    "percentage_of_total_supply": 2.6413,
                    "percentage_of_circulating_supply": 2.681
                },
                "0x8d51931f6ab02a110e64857600ba02f9319a9807": {
                    "balance": 1.7390097328897205e+22,
                    "percentage_of_total_supply": 1.739,
                    "percentage_of_circulating_supply": 1.7651
                },
                "0x922b5732e98bae996595c16487039a3912d88a61": {
                    "balance": 1.450428805500695e+22,
                    "percentage_of_total_supply": 1.4504,
                    "percentage_of_circulating_supply": 1.4722
                },
                "0x1b47762d11efb2efc81dc8cb631bb1c19a2d706e": {
                    "balance": 9.245809693772763e+21,
                    "percentage_of_total_supply": 0.9246,
                    "percentage_of_circulating_supply": 0.9385
                },
                "0x6180540549c35949229374fbfbebfa2bb1606619": {
                    "balance": 7.69345657802849e+21,
                    "percentage_of_total_supply": 0.7693,
                    "percentage_of_circulating_supply": 0.7809
                },
                "0x72354cbcbe34b3f7771f881cc34943bccc31a245": {
                    "balance": 6.920991362936928e+21,
                    "percentage_of_total_supply": 0.6921,
                    "percentage_of_circulating_supply": 0.7025
                },
                "0x775e7a843938c788c842c2bd607d3841554b65a8": {
                    "balance": 6.020811215343132e+21,
                    "percentage_of_total_supply": 0.6021,
                    "percentage_of_circulating_supply": 0.6111
                },
                "0xfd439510ced38232abbd6817709e7533044b76fb": {
                    "balance": 5.325827297287489e+21,
                    "percentage_of_total_supply": 0.5326,
                    "percentage_of_circulating_supply": 0.5406
                },
                "0xd4428e8b23e934482e89690f51f22febdcd47c97": {
                    "balance": 4.5053326240261315e+21,
                    "percentage_of_total_supply": 0.4505,
                    "percentage_of_circulating_supply": 0.4573
                },
                "0x091a3384323552419a19424d9e2b7be82e884fdc": {
                    "balance": 3.6630947575164704e+21,
                    "percentage_of_total_supply": 0.3663,
                    "percentage_of_circulating_supply": 0.3718
                },
                "0x483755e2ea2be219d7b0a6e6d0d28e29d95e1f1f": {
                    "balance": 2.8808546759451586e+21,
                    "percentage_of_total_supply": 0.2881,
                    "percentage_of_circulating_supply": 0.2924
                },
                "0x21ce2e1ec06edcf9c99c1958affa8376a30a65b6": {
                    "balance": 2.809103759486315e+21,
                    "percentage_of_total_supply": 0.2809,
                    "percentage_of_circulating_supply": 0.2851
                },
                "0x6fe492ed6644f94eab6d75c3e49d90c96b01a2ed": {
                    "balance": 2.596987048645325e+21,
                    "percentage_of_total_supply": 0.2597,
                    "percentage_of_circulating_supply": 0.2636
                },
                "0xaf32bcaa4726fa04ddf3b2b867ea16eb9c75157a": {
                    "balance": 2.5320293488361414e+21,
                    "percentage_of_total_supply": 0.2532,
                    "percentage_of_circulating_supply": 0.257
                },
                "0x3ca25227da8f8f7140cc413a53a3ff1446271ae3": {
                    "balance": 2.399566821905752e+21,
                    "percentage_of_total_supply": 0.24,
                    "percentage_of_circulating_supply": 0.2436
                },
                "0xd08d397d37704697da9b6ea375778a85a0b3a7de": {
                    "balance": 1.8554503048965532e+21,
                    "percentage_of_total_supply": 0.1855,
                    "percentage_of_circulating_supply": 0.1883
                },
                "0x9770acc5940523a798e210f951272b7a75d0c74d": {
                    "balance": 1.800352422020382e+21,
                    "percentage_of_total_supply": 0.18,
                    "percentage_of_circulating_supply": 0.1827
                },
                "0xf052f355ee2033a59eb0297b004693ac6be30182": {
                    "balance": 1.4914150189354886e+21,
                    "percentage_of_total_supply": 0.1491,
                    "percentage_of_circulating_supply": 0.1514
                },
                "0x7bda274e715e5f0f7a39104cac9a5a7904708328": {
                    "balance": 7.499869449993417e+20,
                    "percentage_of_total_supply": 0.075,
                    "percentage_of_circulating_supply": 0.0761
                },
                "0xf9f7094bab737cbe9e1711a0882bac4d9e757d5f": {
                    "balance": 5.745269333111082e+20,
                    "percentage_of_total_supply": 0.0575,
                    "percentage_of_circulating_supply": 0.0583
                },
                "0xa105a9f4838a38987f82d46bfbdbd1112cd27225": {
                    "balance": 5.684089718409203e+20,
                    "percentage_of_total_supply": 0.0568,
                    "percentage_of_circulating_supply": 0.0577
                },
                "0x02a8bd19f423d40dee6bcaa7812648d511f29b57": {
                    "balance": 3.600072001440029e+20,
                    "percentage_of_total_supply": 0.036,
                    "percentage_of_circulating_supply": 0.0365
                },
                "0x16c0b7b9052ef6b6a84f9415ded1b8937f0b72a8": {
                    "balance": 2.72820134232663e+20,
                    "percentage_of_total_supply": 0.0273,
                    "percentage_of_circulating_supply": 0.0277
                },
                "0x11265520634313f3b7611d5afc81ae0c8c0c6a28": {
                    "balance": 2.5214377454037208e+20,
                    "percentage_of_total_supply": 0.0252,
                    "percentage_of_circulating_supply": 0.0256
                },
                "0xd07624638c38b762c7dcdf6b9a7558238148fdd1": {
                    "balance": 9.916674498681479e+19,
                    "percentage_of_total_supply": 0.0099,
                    "percentage_of_circulating_supply": 0.0101
                },
                "0xe090497ed6cfe5196b38bbca65b8d5559a19c4f5": {
                    "balance": 4.500001125000281e+18,
                    "percentage_of_total_supply": 0.0005,