{
    "token_address": "0xfFAed3d9774f321a4DADdc972d13C8f994f07337",
    "chain": "bsc",
    "token_name": "SuperNomics",
    "analyses": {
        "contract": {
            "contract_name": null,
            "compiler_version": null,
            "license_type": null,
            "implementation": null,
            "source_code": null,
            "abi": null,
            "verified": false,
            "owner": null,
            "creator": "0x533aaba62f2835394408d24728d361972411a70e",
            "is_hidden_owner": true,
            "is_proxy": null,
            "is_sellable": true,
            "is_hardcoded_owner": null,
            "code_analysis": {
                "total_matches": 0,
                "patterns_found": {}
            }
        },
        "holder": {
            "total_holders": 13,
            "holders_list": {
                "0x533aaba62f2835394408d24728d361972411a70e": {
                    "balance": 975772576186824.0,
                    "percentage_of_total_supply": 97.5772576186824,
                    "percentage_of_circulating_supply": 97.5772576186824
                },
                "0x1ca3cd9d5b65598f4db42d289393095af7b10a7e": {
                    "balance": 18304221566813.0,
                    "percentage_of_total_supply": 1.8304221566813,
                    "percentage_of_circulating_supply": 1.8304221566813
                },
                "0x246a9c9ef6d8b321c24d0c301fe31c9912f868c9": {
                    "balance": 3384275038898.0,
                    "percentage_of_total_supply": 0.3384275038898,
                    "percentage_of_circulating_supply": 0.3384275038898
                },
                "0xbe35baa3d6145f1cb8300455a177ede3452bb9b9": {
                    "balance": 1485314387782.0,
                    "percentage_of_total_supply": 0.1485314387782,
                    "percentage_of_circulating_supply": 0.1485314387782
                },
                "0x215095d8ceae2bf96164a504385adce3cc2b46a1": {
                    "balance": 484553125596.0,
                    "percentage_of_total_supply": 0.0484553125596,
                    "percentage_of_circulating_supply": 0.0484553125596
                },
                "0x3a7f5845c1ff308e653bcbf33a88ac1fdb84af76": {
                    "balance": 367033206320.0,
                    "percentage_of_total_supply": 0.036703320632,
                    "percentage_of_circulating_supply": 0.036703320632
                },
                "0x3c0f45e3819d51ad0c845768b12f5eaf6ec83a8a": {
                    "balance": 113641798137.0,
                    "percentage_of_total_supply": 0.0113641798137,
                    "percentage_of_circulating_supply": 0.0113641798137
                },
                "0x2be87ad70cf11ea294d7c42044b5b8277a3e4874": {
                    "balance": 49870025464.0,
                    "percentage_of_total_supply": 0.0049870025464,
                    "percentage_of_circulating_supply": 0.0049870025464
                },
                "0x2de2a489612593fe0934ea28374f538ceb24dcec": {
                    "balance": 14633309696.0,
                    "percentage_of_total_supply": 0.0014633309696,
                    "percentage_of_circulating_supply": 0.0014633309696
                },
                "0xb4a4d78cf2a1553de463e9229c47b20656c22356": {
                    "balance": 12465948901.0,
                    "percentage_of_total_supply": 0.0012465948901,
                    "percentage_of_circulating_supply": 0.0012465948901
                },
                "0x5fc89cd05e163a02a8653575cc3012c5182e5280": {
                    "balance": 11287669733.0,
                    "percentage_of_total_supply": 0.0011287669733,
                    "percentage_of_circulating_supply": 0.0011287669733
                },
                "0xb1b9b4bbe8a92d535f5df2368e7fd2ecfb3a1950": {
                    "balance": 127684568.0,
                    "percentage_of_total_supply": 1.2768456799999999e-05,
                    "percentage_of_circulating_supply": 1.2768456799999999e-05
                },
                "0xaffe5a93bd50f15a86854ff3c314063ccce224a8": {
                    "balance": 51268.0,
                    "percentage_of_total_supply": 5.126799999999999e-09,
                    "percentage_of_circulating_supply": 5.126799999999999e-09
                }
            },
            "total_supply": 1000000000000000.0,
            "total_circulating_supply": 1000000000000000.0,
            "owner": {},
            "creator": {
                "address": "0x533aaba62f2835394408d24728d361972411a70e",
                "balance": 975772576186824.0,
                "percentage_of_circulating_supply": 97.5772576186824,
                "exceeds_5_percent": true
            },
            "holders_exceeding_5_percent_circulating": [],
            "howmany_holders_exceeding_5_percent_circulating": 0,
            "top_10_holders": [
                {
                    "address": "0x533aaba62f2835394408d24728d361972411a70e",
                    "balance": 975772576186824.0,
                    "percentage_of_total_supply": 97.5772576186824,
                    "percentage_of_circulating_supply": 97.5772576186824
                },
                {
                    "address": "0x1ca3cd9d5b65598f4db42d289393095af7b10a7e",
                    "balance": 18304221566813.0,
                    "percentage_of_total_supply": 1.8304221566813,
                    "percentage_of_circulating_supply": 1.8304221566813
                },
                {
                    "address": "0x246a9c9ef6d8b321c24d0c301fe31c9912f868c9",
                    "balance": 3384275038898.0,
                    "percentage_of_total_supply": 0.3384275038898,
                    "percentage_of_circulating_supply": 0.3384275038898
                },
                {
                    "address": "0xbe35baa3d6145f1cb8300455a177ede3452bb9b9",
                    "balance": 1485314387782.0,
                    "percentage_of_total_supply": 0.1485314387782,
                    "percentage_of_circulating_supply": 0.1485314387782
                },
                {
                    "address": "0x215095d8ceae2bf96164a504385adce3cc2b46a1",
                    "balance": 484553125596.0,
                    "percentage_of_total_supply": 0.0484553125596,
                    "percentage_of_circulating_supply": 0.0484553125596
                },
                {
                    "address": "0x3a7f5845c1ff308e653bcbf33a88ac1fdb84af76",
                    "balance": 367033206320.0,
                    "percentage_of_total_supply": 0.036703320632,
                    "percentage_of_circulating_supply": 0.036703320632
                },
                {
                    "address": "0x3c0f45e3819d51ad0c845768b12f5eaf6ec83a8a",
                    "balance": 113641798137.0,
                    "percentage_of_total_supply": 0.0113641798137,
                    "percentage_of_circulating_supply": 0.0113641798137
                },
                {
                    "address": "0x2be87ad70cf11ea294d7c42044b5b8277a3e4874",
                    "balance": 49870025464.0,
                    "percentage_of_total_supply": 0.0049870025464,
                    "percentage_of_circulating_supply": 0.0049870025464
                },
                {
                    "address": "0x2de2a489612593fe0934ea28374f538ceb24dcec",
                    "balance": 14633309696.0,
                    "percentage_of_total_supply": 0.0014633309696,
                    "percentage_of_circulating_supply": 0.0014633309696
                },
                {
                    "address": "0xb4a4d78cf2a1553de463e9229c47b20656c22356",
                    "balance": 12465948901.0,
                    "percentage_of_total_supply": 0.0012465948901,
                    "percentage_of_circulating_supply": 0.0012465948901
                }
            ],