{
    "token_address": "0x2AbBc691cE7E123041847da9771384A5fa6eC310",
    "chain": "bsc",
    "token_name": "K Stone Community",
    "analyses": {
        "contract": {
            "contract_name": null,
            "compiler_version": null,
            "license_type": null,
            "implementation": null,
            "source_code": null,
            "abi": null,
            "verified": false,
            "owner": "0x624be9bc11e8fada9649378922195bc459ce405a",
            "creator": "0x624be9bc11e8fada9649378922195bc459ce405a",
            "is_hidden_owner": false,
            "is_proxy": null,
            "is_sellable": true,
            "is_hardcoded_owner": null,
            "code_analysis": {
                "total_matches": 0,
                "patterns_found": {}
            }
        },
        "holder": {
            "total_holders": 2,
            "holders_list": {
                "0x624be9bc11e8fada9649378922195bc459ce405a": {
                    "balance": 1000000000.0,
                    "percentage_of_total_supply": 100.0,
                    "percentage_of_circulating_supply": 99.9999999999602
                },
                "0x51a98f12fb6f63012f0258ecf76929822da7110b": {
                    "balance": 0.000796,
                    "percentage_of_total_supply": 7.96e-11,
                    "percentage_of_circulating_supply": 7.959999999996832e-11
                }
            },
            "total_supply": 1000000000.0,
            "total_circulating_supply": 1000000000.000398,
            "owner": {
                "address": "0x624be9bc11e8fada9649378922195bc459ce405a",
                "balance": 1000000000.0,
                "percentage_of_circulating_supply": 99.98390235651121,
                "exceeds_5_percent": true
            },
            "creator": {
                "address": "0x624be9bc11e8fada9649378922195bc459ce405a",
                "balance": 1000000000.0,
                "percentage_of_circulating_supply": 99.98390235651121,
                "exceeds_5_percent": true
            },
            "holders_exceeding_5_percent_circulating": [],
            "howmany_holders_exceeding_5_percent_circulating": 0,
            "top_10_holders": [
                {
                    "address": "0x624be9bc11e8fada9649378922195bc459ce405a",
                    "balance": 1000000000.0,
                    "percentage_of_total_supply": 100.0,
                    "percentage_of_circulating_supply": 99.9999999999602
                },
                {
                    "address": "0x51a98f12fb6f63012f0258ecf76929822da7110b",
                    "balance": 0.000796,
                    "percentage_of_total_supply": 7.96e-11,
                    "percentage_of_circulating_supply": 7.959999999996832e-11
                }
            ],
            "total_top_10_balance": 1000000000.000796,
            "top10_percentage_of_total_supply": 100.00000000007961,
            "top10_percentage_of_circulating_supply": 100.00000000003979,
            "top_10_less_than_70_percent_of_total": false,
            "top_10_less_than_70_percent_of_circulating": false
        },
        "liquidity": {
            "price_usd": 66279.98412375084,
            "liquidity_usd": 1.0551773472501133e-10,
            "market_cap_usd": 66279984123777.22,
            "liquidity_to_market_cap_ratio": 1.5919999999993664e-24,
            "token_volume": 0.0,
            "volume_usd": 0.0,
            "volume_to_liquidity_ratio": 0.0,
            "locked_liquidity_percent": 0.02,
            "locked_95_for_15_days": false,
            "creator_under_5_percent": false,
            "creator_percent_of_lp": 99.9839,
            "owner_under_5_percent": true,
            "owner_percent_of_lp": 0.0,
            "total_lp_supply": 6.003142e-12,
            "lp_holders_count": 2,
            "lp_holders": [
                {
                    "address": "0x0ed943ce24baebf257488771759f9bf482c39706",
                    "balance": 6.002142e-12,
                    "is_locked": false,
                    "percent": 99.98334205654305,
                    "tag": ""
                },
                {
                    "address": "0x0000000000000000000000000000000000000000",
                    "balance": 1e-15,
                    "is_locked": true,
                    "percent": 0.016657943456943002,
                    "tag": "Null Address"
                }
            ],
            "error": "Liquidity pool info could not be retrieved."
        },
        "security": {
            "warnings": null,
            "homany_warnings": 0,
            "suspicious_urls": null,
            "howmany_suspicious_urls": 0,
            "suspicious_addresses": null,
            "howmany_suspicious_addresses": 0,
            "error": "Security analysis data not available."
        },
        "lifecycle": {
            "token_age_seconds": 82901467.939988,
            "token_creation_date": "2023-01-10T19:50:45",
            "creation_to_first_trade_seconds": 0.0,
            "creation_to_first_trade_blocks": 0,
            "last_tx_hash": "0x6c7bf0886b9d86fe6b897ef261f2f2c50b050e23317a481c036166e31112d77d",
            "last_active_age": "2023-02-02T09:52:20",
            "inactive_days": 936.9233319895023
        }
    },
    "errors": []
}