{
    "token_address": "0x9F800CD53De3b2eC74742B914B15960b2E9F83B9",
    "chain": "bsc",
    "token_name": "BabyPooDoge",
    "analyses": {
        "contract": {
            "contract_name": null,
            "compiler_version": null,
            "license_type": null,
            "implementation": null,
            "source_code": null,
            "abi": null,
            "verified": false,
            "owner": "0x74b0e3d2fb347ff25c82fe426c98f946a42c01bf",
            "creator": "0x74b0e3d2fb347ff25c82fe426c98f946a42c01bf",
            "is_hidden_owner": false,
            "is_proxy": null,
            "is_sellable": true,
            "is_hardcoded_owner": null,
            "code_analysis": {
                "total_matches": 0,
                "patterns_found": {}
            }
        },
        "holder": {
            "total_holders": 35,
            "holders_list": {
                "0x74b0e3d2fb347ff25c82fe426c98f946a42c01bf": {
                    "balance": 740574611681207.8,
                    "percentage_of_total_supply": 74.05746116812078,
                    "percentage_of_circulating_supply": 74.05746116812077
                },
                "0x49109a6914e67b28853b25baf1f3858c77c99923": {
                    "balance": 30584550698462.64,
                    "percentage_of_total_supply": 3.0584550698462643,
                    "percentage_of_circulating_supply": 3.058455069846264
                },
                "0x7baebb321c7fd857f3b28130d56251ed42552a8e": {
                    "balance": 29257334427377.22,
                    "percentage_of_total_supply": 2.925733442737722,
                    "percentage_of_circulating_supply": 2.9257334427377213
                },
                "0x1add131e4b816067779362b00a988f72c414d605": {
                    "balance": 25733151372315.1,
                    "percentage_of_total_supply": 2.5733151372315106,
                    "percentage_of_circulating_supply": 2.57331513723151
                },
                "0xacebd847ae82a6abe115eff61c8d622134b824e9": {
                    "balance": 24999999999999.996,
                    "percentage_of_total_supply": 2.5,
                    "percentage_of_circulating_supply": 2.4999999999999996
                },
                "0x38d0957ee2408f1e6bd43d2c6b4c349e1525e24a": {
                    "balance": 24972811404436.137,
                    "percentage_of_total_supply": 2.4972811404436133,
                    "percentage_of_circulating_supply": 2.4972811404436133
                },
                "0x4864bc9941a4aa3719368ab1f63107f46ecebd9e": {
                    "balance": 18942758601995.75,
                    "percentage_of_total_supply": 1.8942758601995748,
                    "percentage_of_circulating_supply": 1.8942758601995746
                },
                "0x4007419e6309b2eb9302ad89f79c0a86f4fd2d66": {
                    "balance": 14123165859002.225,
                    "percentage_of_total_supply": 1.4123165859002225,
                    "percentage_of_circulating_supply": 1.4123165859002222
                },
                "0x905b943dd75af16ccf49e0500c8e183cabf23e28": {
                    "balance": 12582477711071.332,
                    "percentage_of_total_supply": 1.2582477711071332,
                    "percentage_of_circulating_supply": 1.258247771107133
                },
                "0x9653a676d174c3f3d9a6c7cc36c1bc62505a13c0": {
                    "balance": 10941307354400.14,
                    "percentage_of_total_supply": 1.094130735440014,
                    "percentage_of_circulating_supply": 1.094130735440014
                },
                "0x4cf4d844bf2214d10d4e5fdadc379827e0d36a2c": {
                    "balance": 10208477386608.232,
                    "percentage_of_total_supply": 1.0208477386608235,
                    "percentage_of_circulating_supply": 1.0208477386608232
                },
                "0x875c5dba5f84bb12c012eca61088b77f7587932b": {
                    "balance": 8460248400070.486,
                    "percentage_of_total_supply": 0.8460248400070486,
                    "percentage_of_circulating_supply": 0.8460248400070486
                },
                "0x002fae11558c8dab60b6f577a55c8958c497bcb4": {
                    "balance": 7214769215071.671,
                    "percentage_of_total_supply": 0.7214769215071671,
                    "percentage_of_circulating_supply": 0.721476921507167
                },
                "0x8cc1cef1f4d35ef81b0e5533973c4e1d149d7588": {
                    "balance": 5313906862188.493,
                    "percentage_of_total_supply": 0.5313906862188493,
                    "percentage_of_circulating_supply": 0.5313906862188492
                },
                "0x2c7c1ed9703ea1814902776713b5f62aacba4722": {
                    "balance": 4673496100187.604,
                    "percentage_of_total_supply": 0.4673496100187604,
                    "percentage_of_circulating_supply": 0.4673496100187603
                },
                "0xaf902ff45b817d921bb4ccef2ddc5e621752e3b5": {
                    "balance": 4181388624383.783,
                    "percentage_of_total_supply": 0.4181388624383784,
                    "percentage_of_circulating_supply": 0.4181388624383783
                },
                "0x540e8c47b885f291f61b7724aa3001df9e3f5134": {
                    "balance": 4012900000001.0,
                    "percentage_of_total_supply": 0.4012900000001,
                    "percentage_of_circulating_supply": 0.4012900000001
                },
                "0x36df0b5f4c47576ccc76f7412fa56554cd6aeda6": {
                    "balance": 3985625427173.1826,
                    "percentage_of_total_supply": 0.3985625427173183,
                    "percentage_of_circulating_supply": 0.39856254271731817
                },
                "0x559f7037cccda333c681e48b81588210e6fd5565": {
                    "balance": 3324316882448.8164,
                    "percentage_of_total_supply": 0.3324316882448816,
                    "percentage_of_circulating_supply": 0.33243168824488156
                },
                "0x5e3773713f0a20806168d633652b905ee7253f83": {
                    "balance": 2855805184767.5796,
                    "percentage_of_total_supply": 0.28558051847675797,
                    "percentage_of_circulating_supply": 0.2855805184767579
                },
                "0x23ad62aff5e873a92af372fb97da2c3b011a67e7": {
                    "balance": 2245100000000.0,
                    "percentage_of_total_supply": 0.22451000000000004,
                    "percentage_of_circulating_supply": 0.22451
                },
                "0x5873a7796a9171c489754331fb3ee184f6308476": {
                    "balance": 2218363455084.782,
                    "percentage_of_total_supply": 0.2218363455084782,
                    "percentage_of_circulating_supply": 0.2218363455084782
                },
                "0xcb692809bf98a8201648b3c81f7231230f5cdfb1": {
                    "balance": 1683258417042.3755,
                    "percentage_of_total_supply": 0.16832584170423756,
                    "percentage_of_circulating_supply": 0.16832584170423753
                },
                "0x2be87ad70cf11ea294d7c42044b5b8277a3e4874": {
                    "balance": 1614382171118.438,
                    "percentage_of_total_supply": 0.16143821711184378,
                    "percentage_of_circulating_supply": 0.16143821711184378
                },
                "0xcd88d7573818abe26b02f4bf19c4db44aff3c591": {
                    "balance": 1299092227325.5789,
                    "percentage_of_total_supply": 0.1299092227325579,
                    "percentage_of_circulating_supply": 0.1299092227325579
                },
                "0x31bf723c7aab5422644b8b674990895d12dbc6cd": {
                    "balance": 965643457932.2198,
                    "percentage_of_total_supply": 0.09656434579322198,