{
    "token_address": "0x321af008D082EDf7fb06112eF7FD0346d053AB5A",
    "chain": "bsc",
    "token_name": "Delorian Net",
    "analyses": {
        "contract": {
            "contract_name": null,
            "compiler_version": null,
            "license_type": null,
            "implementation": null,
            "source_code": null,
            "abi": null,
            "verified": false,
            "owner": "0x991bdbeb8b436ab594bf2ca452efd6b0c18dfc70",
            "creator": "0x991bdbeb8b436ab594bf2ca452efd6b0c18dfc70",
            "is_hidden_owner": false,
            "is_proxy": null,
            "is_sellable": true,
            "is_hardcoded_owner": null,
            "code_analysis": {
                "total_matches": 0,
                "patterns_found": {}
            }
        },
        "holder": {
            "total_holders": 11,
            "holders_list": {
                "0x991bdbeb8b436ab594bf2ca452efd6b0c18dfc70": {
                    "balance": 99999995443.83359,
                    "percentage_of_total_supply": 99.99999544383358,
                    "percentage_of_circulating_supply": 99.99999544383358
                },
                "0x46f2144ed378e1ebfbcae2ca3037e454100a48f0": {
                    "balance": 2332.450894142,
                    "percentage_of_total_supply": 2.332450894142e-06,
                    "percentage_of_circulating_supply": 2.332450894142e-06
                },
                "0x08925093f25fb36cce5568e6469cc485a941a7d2": {
                    "balance": 922.362579426,
                    "percentage_of_total_supply": 9.22362579426e-07,
                    "percentage_of_circulating_supply": 9.22362579426e-07
                },
                "0x7a5f33bebe0391c5e5b1e0dcdf4f4ae3b20bd917": {
                    "balance": 335.757743629,
                    "percentage_of_total_supply": 3.35757743629e-07,
                    "percentage_of_circulating_supply": 3.35757743629e-07
                },
                "0xb230b4126e500c8bd54d282b49392a522baca7ee": {
                    "balance": 215.85736233,
                    "percentage_of_total_supply": 2.1585736233000003e-07,
                    "percentage_of_circulating_supply": 2.1585736233000003e-07
                },
                "0x3fd9243e26bb08503e7f87be3accd57a133c393d": {
                    "balance": 193.90356293,
                    "percentage_of_total_supply": 1.9390356293000002e-07,
                    "percentage_of_circulating_supply": 1.9390356293000002e-07
                },
                "0xe253e4397e4f6ee2187949c1fe8ee5a42701e978": {
                    "balance": 191.847958713,
                    "percentage_of_total_supply": 1.9184795871299998e-07,
                    "percentage_of_circulating_supply": 1.9184795871299998e-07
                },
                "0x435a1a2fbe5939d17527513cb5fecf6300d94975": {
                    "balance": 187.038644234,
                    "percentage_of_total_supply": 1.8703864423400002e-07,
                    "percentage_of_circulating_supply": 1.8703864423400002e-07
                },
                "0xca1b72250401464ef1a3948c84277443cdb3d03b": {
                    "balance": 159.206076037,
                    "percentage_of_total_supply": 1.59206076037e-07,
                    "percentage_of_circulating_supply": 1.59206076037e-07
                },
                "0x6e2a9f3ceaf9a11a3cc25373ab0ff7a617357560": {
                    "balance": 15.475489429,
                    "percentage_of_total_supply": 1.5475489428999998e-08,
                    "percentage_of_circulating_supply": 1.5475489428999998e-08
                },
                "0xc7639b2b311cd59fb45076c3f6547a8c37631ecd": {
                    "balance": 2.266099234,
                    "percentage_of_total_supply": 2.2660992339999997e-09,
                    "percentage_of_circulating_supply": 2.2660992339999997e-09
                }
            },
            "total_supply": 100000000000.0,
            "total_circulating_supply": 100000000000.0,
            "owner": {
                "address": "0x991bdbeb8b436ab594bf2ca452efd6b0c18dfc70",
                "balance": 99999995443.83359,
                "percentage_of_circulating_supply": 99.99999544383358,
                "exceeds_5_percent": true
            },
            "creator": {
                "address": "0x991bdbeb8b436ab594bf2ca452efd6b0c18dfc70",
                "balance": 99999995443.83359,
                "percentage_of_circulating_supply": 99.99999544383358,
                "exceeds_5_percent": true
            },
            "holders_exceeding_5_percent_circulating": [],
            "howmany_holders_exceeding_5_percent_circulating": 0,
            "top_10_holders": [
                {
                    "address": "0x991bdbeb8b436ab594bf2ca452efd6b0c18dfc70",
                    "balance": 99999995443.83359,
                    "percentage_of_total_supply": 99.99999544383358,
                    "percentage_of_circulating_supply": 99.99999544383358
                },
                {
                    "address": "0x46f2144ed378e1ebfbcae2ca3037e454100a48f0",
                    "balance": 2332.450894142,
                    "percentage_of_total_supply": 2.332450894142e-06,
                    "percentage_of_circulating_supply": 2.332450894142e-06
                },
                {
                    "address": "0x08925093f25fb36cce5568e6469cc485a941a7d2",
                    "balance": 922.362579426,
                    "percentage_of_total_supply": 9.22362579426e-07,
                    "percentage_of_circulating_supply": 9.22362579426e-07
                },
                {
                    "address": "0x7a5f33bebe0391c5e5b1e0dcdf4f4ae3b20bd917",
                    "balance": 335.757743629,
                    "percentage_of_total_supply": 3.35757743629e-07,
                    "percentage_of_circulating_supply": 3.35757743629e-07
                },
                {
                    "address": "0xb230b4126e500c8bd54d282b49392a522baca7ee",
                    "balance": 215.85736233,
                    "percentage_of_total_supply": 2.1585736233000003e-07,
                    "percentage_of_circulating_supply": 2.1585736233000003e-07
                },
                {
                    "address": "0x3fd9243e26bb08503e7f87be3accd57a133c393d",
                    "balance": 193.90356293,
                    "percentage_of_total_supply": 1.9390356293000002e-07,
                    "percentage_of_circulating_supply": 1.9390356293000002e-07
                },
                {
                    "address": "0xe253e4397e4f6ee2187949c1fe8ee5a42701e978",
                    "balance": 191.847958713,
                    "percentage_of_total_supply": 1.9184795871299998e-07,
                    "percentage_of_circulating_supply": 1.9184795871299998e-07
                },
                {
                    "address": "0x435a1a2fbe5939d17527513cb5fecf6300d94975",
                    "balance": 187.038644234,
                    "percentage_of_total_supply": 1.8703864423400002e-07,
                    "percentage_of_circulating_supply": 1.8703864423400002e-07
                },
                {
                    "address": "0xca1b72250401464ef1a3948c84277443cdb3d03b",
                    "balance": 159.206076037,
                    "percentage_of_total_supply": 1.59206076037e-07,
                    "percentage_of_circulating_supply": 1.59206076037e-07
                },
                {
                    "address": "0x6e2a9f3ceaf9a11a3cc25373ab0ff7a617357560",
                    "balance": 15.475489429,
                    "percentage_of_total_supply": 1.5475489428999998e-08,
                    "percentage_of_circulating_supply": 1.5475489428999998e-08
                }
            ],
            "total_top_10_balance": 99999999997.7339,
            "top10_percentage_of_total_supply": 99.99999999773391,