{
    "token_address": "0x735551e69241e51E8021d6e5AF271B001E7e5A6f",
    "chain": "bsc",
    "token_name": "Kolin Coin",
    "analyses": {
        "contract": {
            "contract_name": null,
            "compiler_version": null,
            "license_type": null,
            "implementation": null,
            "source_code": null,
            "abi": null,
            "verified": false,
            "owner": "0x20a2d21954221c30f2fe846bd785674b0eb2fa7e",
            "creator": "0x20a2d21954221c30f2fe846bd785674b0eb2fa7e",
            "is_hidden_owner": false,
            "is_proxy": null,
            "is_sellable": true,
            "is_hardcoded_owner": null,
            "code_analysis": {
                "total_matches": 0,
                "patterns_found": {}
            }
        },
        "holder": {
            "total_holders": 2,
            "holders_list": {
                "0x20a2d21954221c30f2fe846bd785674b0eb2fa7e": {
                    "balance": 1000000000.0,
                    "percentage_of_total_supply": 100.0,
                    "percentage_of_circulating_supply": 99.99999999999994
                },
                "0x2edaa4e5db228d78d6bef5032c7dc883a843c6f2": {
                    "balance": 1e-06,
                    "percentage_of_total_supply": 1e-13,
                    "percentage_of_circulating_supply": 9.999999999999995e-14
                }
            },
            "total_supply": 1000000000.0,
            "total_circulating_supply": 1000000000.0000005,
            "owner": {
                "address": "0x20a2d21954221c30f2fe846bd785674b0eb2fa7e",
                "balance": 1000000000.0,
                "percentage_of_circulating_supply": 99.97558881134584,
                "exceeds_5_percent": true
            },
            "creator": {
                "address": "0x20a2d21954221c30f2fe846bd785674b0eb2fa7e",
                "balance": 1000000000.0,
                "percentage_of_circulating_supply": 99.97558881134584,
                "exceeds_5_percent": true
            },
            "holders_exceeding_5_percent_circulating": [],
            "howmany_holders_exceeding_5_percent_circulating": 0,
            "top_10_holders": [
                {
                    "address": "0x20a2d21954221c30f2fe846bd785674b0eb2fa7e",
                    "balance": 1000000000.0,
                    "percentage_of_total_supply": 100.0,
                    "percentage_of_circulating_supply": 99.99999999999994
                },
                {
                    "address": "0x2edaa4e5db228d78d6bef5032c7dc883a843c6f2",
                    "balance": 1e-06,
                    "percentage_of_total_supply": 1e-13,
                    "percentage_of_circulating_supply": 9.999999999999995e-14
                }
            ],
            "total_top_10_balance": 1000000000.000001,
            "top10_percentage_of_total_supply": 100.00000000000011,
            "top10_percentage_of_circulating_supply": 100.00000000000004,
            "top_10_less_than_70_percent_of_total": false,
            "top_10_less_than_70_percent_of_circulating": false
        },
        "liquidity": {
            "price_usd": 12523.533653204791,
            "liquidity_usd": 2.5047067306409585e-14,
            "market_cap_usd": 12523533653204.797,
            "liquidity_to_market_cap_ratio": 1.9999999999999994e-27,
            "token_volume": 0.0,
            "volume_usd": 0.0,
            "volume_to_liquidity_ratio": 0.0,
            "locked_liquidity_percent": 100.0,
            "locked_95_for_15_days": false,
            "creator_under_5_percent": false,
            "creator_percent_of_lp": 99.9756,
            "owner_under_5_percent": true,
            "owner_percent_of_lp": 0.0,
            "total_lp_supply": 1e-15,
            "lp_holders_count": 1,
            "lp_holders": [
                {
                    "address": "0x0000000000000000000000000000000000000000",
                    "balance": 1e-15,
                    "is_locked": true,
                    "percent": 100.0,
                    "tag": "Null Address"
                }
            ],
            "error": "Liquidity pool info could not be retrieved."
        },
        "security": {
            "warnings": null,
            "homany_warnings": 0,
            "suspicious_urls": null,
            "howmany_suspicious_urls": 0,
            "suspicious_addresses": null,
            "howmany_suspicious_addresses": 0,
            "error": "Security analysis data not available."
        },
        "lifecycle": {
            "token_age_seconds": 80773136.864576,
            "token_creation_date": "2023-02-04T11:15:22",
            "creation_to_first_trade_seconds": 0.0,
            "creation_to_first_trade_blocks": 0,
            "last_tx_hash": "0x67aaa4f20e7b2de5c5fb32641b59bae3ce8cf6761910bda0ed69c8ccb3c51797",
            "last_active_age": "2024-11-19T13:17:13",
            "inactive_days": 280.78968475939814
        }
    },
    "errors": []
}