{
    "token_address": "0x6d43908C2c4E42956852d42A2432D62482b919Db",
    "chain": "bsc",
    "token_name": "DeHub",
    "analyses": {
        "contract": {
            "contract_name": null,
            "compiler_version": null,
            "license_type": null,
            "implementation": null,
            "source_code": null,
            "abi": null,
            "verified": false,
            "owner": "0xff77fc608c6cdfd342f44bb1e44722779b7bb5bb",
            "creator": "0xff77fc608c6cdfd342f44bb1e44722779b7bb5bb",
            "is_hidden_owner": false,
            "is_proxy": null,
            "is_sellable": true,
            "is_hardcoded_owner": null,
            "code_analysis": {
                "total_matches": 0,
                "patterns_found": {}
            }
        },
        "holder": {
            "total_holders": 2,
            "holders_list": {
                "0x72bc10b167f144fe030270cc196499c7b7e53ae3": {
                    "balance": 0.008497166,
                    "percentage_of_total_supply": 8.497166e-07,
                    "percentage_of_circulating_supply": 8.700398437082389e-07
                },
                "0xff77fc608c6cdfd342f44bb1e44722779b7bb5bb": {
                    "balance": 953282.030583669,
                    "percentage_of_total_supply": 95.3282030583669,
                    "percentage_of_circulating_supply": 97.60823183857865
                }
            },
            "total_supply": 1000000.0,
            "total_circulating_supply": 976641.0195404175,
            "owner": {
                "address": "0xff77fc608c6cdfd342f44bb1e44722779b7bb5bb",
                "balance": 953282.030583669,
                "percentage_of_circulating_supply": 97.60823183857865,
                "exceeds_5_percent": true
            },
            "creator": {
                "address": "0xff77fc608c6cdfd342f44bb1e44722779b7bb5bb",
                "balance": 953282.030583669,
                "percentage_of_circulating_supply": 97.60823183857865,
                "exceeds_5_percent": true
            },
            "holders_exceeding_5_percent_circulating": [],
            "howmany_holders_exceeding_5_percent_circulating": 0,
            "top_10_holders": [
                {
                    "address": "0xff77fc608c6cdfd342f44bb1e44722779b7bb5bb",
                    "balance": 953282.030583669,
                    "percentage_of_total_supply": 95.3282030583669,
                    "percentage_of_circulating_supply": 97.60823183857865
                },
                {
                    "address": "0x72bc10b167f144fe030270cc196499c7b7e53ae3",
                    "balance": 0.008497166,
                    "percentage_of_total_supply": 8.497166e-07,
                    "percentage_of_circulating_supply": 8.700398437082389e-07
                }
            ],
            "total_top_10_balance": 953282.039080835,
            "top10_percentage_of_total_supply": 95.3282039080835,
            "top10_percentage_of_circulating_supply": 97.6082327086185,
            "top_10_less_than_70_percent_of_total": false,
            "top_10_less_than_70_percent_of_circulating": false
        },
        "liquidity": {
            "price_usd": 55.24622141722933,
            "liquidity_usd": 9.388726285099057e-10,
            "market_cap_usd": 53955726.0106785,
            "liquidity_to_market_cap_ratio": 1.740079687416478e-17,
            "token_volume": 0.0,
            "volume_usd": 0.0,
            "volume_to_liquidity_ratio": 0.0,
            "locked_liquidity_percent": 0.0,
            "locked_95_for_15_days": false,
            "creator_under_5_percent": false,
            "creator_percent_of_lp": 95.3282,
            "owner_under_5_percent": true,
            "owner_percent_of_lp": 0.0,
            "total_lp_supply": 1.836349847e-09,
            "lp_holders_count": 2,
            "lp_holders": [
                {
                    "address": "0x0ed943ce24baebf257488771759f9bf482c39706",
                    "balance": 1.836348847e-09,
                    "is_locked": false,
                    "percent": 99.99994554414555,
                    "tag": ""
                },
                {
                    "address": "0x0000000000000000000000000000000000000000",
                    "balance": 1e-15,
                    "is_locked": true,
                    "percent": 5.44558544568e-05,
                    "tag": "Null Address"
                }
            ],
            "error": "Liquidity pool info could not be retrieved."
        },
        "security": {
            "warnings": null,
            "homany_warnings": 0,
            "suspicious_urls": null,
            "howmany_suspicious_urls": 0,
            "suspicious_addresses": null,
            "howmany_suspicious_addresses": 0,
            "error": "Security analysis data not available."
        },
        "lifecycle": {
            "token_age_seconds": 92299276.415412,
            "token_creation_date": "2022-09-23T13:07:10",
            "creation_to_first_trade_seconds": 0.0,
            "creation_to_first_trade_blocks": 0,
            "last_tx_hash": "0x5b3fea5ab439b8697f76d9974d7b4681c0b6c00bd25c474d78bb476e82dcf9f1",
            "last_active_age": "2022-12-29T11:23:19",
            "inactive_days": 971.3508105429167
        }
    },
    "errors": []
}