{
    "token_address": "0x55f08F7Bf3576e6A7404305F1f65Cf8363C82B29",
    "chain": "bsc",
    "token_name": "Risecoin",
    "analyses": {
        "contract": {
            "contract_name": null,
            "compiler_version": null,
            "license_type": null,
            "implementation": null,
            "source_code": null,
            "abi": null,
            "verified": false,
            "owner": "0x1585cba9c6c03a782d61fd664fbaaf8b91e137d3",
            "creator": "0x1585cba9c6c03a782d61fd664fbaaf8b91e137d3",
            "is_hidden_owner": false,
            "is_proxy": null,
            "is_sellable": true,
            "is_hardcoded_owner": null,
            "code_analysis": {
                "total_matches": 0,
                "patterns_found": {}
            }
        },
        "holder": {
            "total_holders": 2,
            "holders_list": {
                "0xd4259ac437b1fe2470e65864b5abb606c106fffc": {
                    "balance": 1.7e-08,
                    "percentage_of_total_supply": 1.7e-12,
                    "percentage_of_circulating_supply": 1.7399586887734935e-12
                },
                "0x1585cba9c6c03a782d61fd664fbaaf8b91e137d3": {
                    "balance": 954069.382185533,
                    "percentage_of_total_supply": 95.40693821855331,
                    "percentage_of_circulating_supply": 97.64948889567512
                }
            },
            "total_supply": 1000000.0,
            "total_circulating_supply": 977034.691092775,
            "owner": {
                "address": "0x1585cba9c6c03a782d61fd664fbaaf8b91e137d3",
                "balance": 954069.382185533,
                "percentage_of_circulating_supply": 97.64948889567512,
                "exceeds_5_percent": true
            },
            "creator": {
                "address": "0x1585cba9c6c03a782d61fd664fbaaf8b91e137d3",
                "balance": 954069.382185533,
                "percentage_of_circulating_supply": 97.64948889567512,
                "exceeds_5_percent": true
            },
            "holders_exceeding_5_percent_circulating": [],
            "howmany_holders_exceeding_5_percent_circulating": 0,
            "top_10_holders": [
                {
                    "address": "0x1585cba9c6c03a782d61fd664fbaaf8b91e137d3",
                    "balance": 954069.382185533,
                    "percentage_of_total_supply": 95.40693821855331,
                    "percentage_of_circulating_supply": 97.64948889567512
                },
                {
                    "address": "0xd4259ac437b1fe2470e65864b5abb606c106fffc",
                    "balance": 1.7e-08,
                    "percentage_of_total_supply": 1.7e-12,
                    "percentage_of_circulating_supply": 1.7399586887734935e-12
                }
            ],
            "total_top_10_balance": 954069.38218555,
            "top10_percentage_of_total_supply": 95.406938218555,
            "top10_percentage_of_circulating_supply": 97.64948889567687,
            "top_10_less_than_70_percent_of_total": false,
            "top_10_less_than_70_percent_of_circulating": false
        },
        "liquidity": {
            "price_usd": 109.2783226823149,
            "liquidity_usd": 3.715462971198706e-15,
            "market_cap_usd": 106768712.24505211,
            "liquidity_to_market_cap_ratio": 3.4799173775469865e-23,
            "token_volume": 0.0,
            "volume_usd": 0.0,
            "volume_to_liquidity_ratio": 0.0,
            "locked_liquidity_percent": 19.93,
            "locked_95_for_15_days": false,
            "creator_under_5_percent": false,
            "creator_percent_of_lp": 95.4069,
            "owner_under_5_percent": true,
            "owner_percent_of_lp": 0.0,
            "total_lp_supply": 5.018e-15,
            "lp_holders_count": 2,
            "lp_holders": [
                {
                    "address": "0x0ed943ce24baebf257488771759f9bf482c39706",
                    "balance": 4.018e-15,
                    "is_locked": false,
                    "percent": 80.07174172977281,
                    "tag": ""
                },
                {
                    "address": "0x0000000000000000000000000000000000000000",
                    "balance": 1e-15,
                    "is_locked": true,
                    "percent": 19.928258270227182,
                    "tag": "Null Address"
                }
            ],
            "error": "Liquidity pool info could not be retrieved."
        },
        "security": {
            "warnings": null,
            "homany_warnings": 0,
            "suspicious_urls": null,
            "howmany_suspicious_urls": 0,
            "suspicious_addresses": null,
            "howmany_suspicious_addresses": 0,
            "error": "Security analysis data not available."
        },
        "lifecycle": {
            "token_age_seconds": 86856829.568363,
            "token_creation_date": "2022-11-25T11:59:31",
            "creation_to_first_trade_seconds": 0.0,
            "creation_to_first_trade_blocks": 0,
            "last_tx_hash": "0xcce95220bd7a4fef99f2640a6a210885a1799760e08e42603c3c12bd85563998",
            "last_active_age": "2023-10-14T19:39:32",
            "inactive_days": 681.9679573079861
        }
    },
    "errors": []
}