{
    "token_address": "0x523990c21468289fBA9A32D2bf0C6adb2b96B39C",
    "chain": "bsc",
    "token_name": "Craving Sun",
    "analyses": {
        "contract": {
            "contract_name": null,
            "compiler_version": null,
            "license_type": null,
            "implementation": null,
            "source_code": null,
            "abi": null,
            "verified": false,
            "owner": "0x39795e85605b402856ad890f483dfe25c7834fb7",
            "creator": "0x39795e85605b402856ad890f483dfe25c7834fb7",
            "is_hidden_owner": false,
            "is_proxy": null,
            "is_sellable": true,
            "is_hardcoded_owner": null,
            "code_analysis": null
        },
        "holder": {
            "total_holders": 26,
            "holders_list": {
                "0x500199aa53e2fa5837838320e646a3648efb4dfc": {
                    "balance": 1.46260149393641e+32,
                    "percentage_of_total_supply": 14.626,
                    "percentage_of_circulating_supply": 14.626
                },
                "0x11bf269b75c7dab30b6c9b643d1213ff7b58a586": {
                    "balance": 1.242121636378153e+32,
                    "percentage_of_total_supply": 12.4212,
                    "percentage_of_circulating_supply": 12.4212
                },
                "0x28bd0b3b9f51c548e11f3fd7c279dc91d407f563": {
                    "balance": 6.939564063409652e+31,
                    "percentage_of_total_supply": 6.9396,
                    "percentage_of_circulating_supply": 6.9396
                },
                "0x5eef3a1d6b11b6ce3dd66f72aab863792966f010": {
                    "balance": 6.235349273323957e+31,
                    "percentage_of_total_supply": 6.2353,
                    "percentage_of_circulating_supply": 6.2353
                },
                "0x50a805a18de8ffc62e757dca407ff4a21e72c14e": {
                    "balance": 5.763561932494941e+31,
                    "percentage_of_total_supply": 5.7636,
                    "percentage_of_circulating_supply": 5.7636
                },
                "0x8721f416f9e47309a92397d1b645f843894a7a71": {
                    "balance": 5.1780031491682985e+31,
                    "percentage_of_total_supply": 5.178,
                    "percentage_of_circulating_supply": 5.178
                },
                "0x0042bbc95de63341111d706623a250e6d833ba09": {
                    "balance": 4.88759428609035e+31,
                    "percentage_of_total_supply": 4.8876,
                    "percentage_of_circulating_supply": 4.8876
                },
                "0x77777015b898d67752bbc9680f240d3ce8a26635": {
                    "balance": 4.1977187959895215e+31,
                    "percentage_of_total_supply": 4.1977,
                    "percentage_of_circulating_supply": 4.1977
                },
                "0x47c7fc456520d25956b63372831fb03eaba0fd59": {
                    "balance": 3.382484753910422e+31,
                    "percentage_of_total_supply": 3.3825,
                    "percentage_of_circulating_supply": 3.3825
                },
                "0x6c1ff1e24bbd7fd0b92e7e57e45f56df53085b10": {
                    "balance": 3.2224910663840377e+31,
                    "percentage_of_total_supply": 3.2225,
                    "percentage_of_circulating_supply": 3.2225
                },
                "0xf0fb5f431cb5083db273e552aa85ff28679a40e5": {
                    "balance": 2.756599959914373e+31,
                    "percentage_of_total_supply": 2.7566,
                    "percentage_of_circulating_supply": 2.7566
                },
                "0xb7e606e082eeca21a58e4c94450554ef1a73eac0": {
                    "balance": 1.9625106369148404e+31,
                    "percentage_of_total_supply": 1.9625,
                    "percentage_of_circulating_supply": 1.9625
                },
                "0xdbc71e7f041d3e06ff7b14b1ca3ee0e06ca268f8": {
                    "balance": 1.1547299496880687e+31,
                    "percentage_of_total_supply": 1.1547,
                    "percentage_of_circulating_supply": 1.1547
                },
                "0xa3b1214f5a6bdf53b2578797e6dc22884f8e717d": {
                    "balance": 1.1048302367936752e+31,
                    "percentage_of_total_supply": 1.1048,
                    "percentage_of_circulating_supply": 1.1048
                },
                "0xee0aa037906afa17d17bba73f3e4ebeef4455f85": {
                    "balance": 1.040801470086494e+31,
                    "percentage_of_total_supply": 1.0408,
                    "percentage_of_circulating_supply": 1.0408
                },
                "0xfa632418ed766733bba6913c70879df657de987f": {
                    "balance": 9.604632980334285e+30,
                    "percentage_of_total_supply": 0.9605,
                    "percentage_of_circulating_supply": 0.9605
                },
                "0xfd33edecd821f25b73aad4a24bb0614319234f64": {
                    "balance": 8.948064916551957e+30,
                    "percentage_of_total_supply": 0.8948,
                    "percentage_of_circulating_supply": 0.8948
                },
                "0xdd82288f6329e8c5f99d0e461b0966e7ef35ad92": {
                    "balance": 5.625902923181078e+30,
                    "percentage_of_total_supply": 0.5626,
                    "percentage_of_circulating_supply": 0.5626
                },
                "0xac195d808f5f32637100077751f6d225274cc264": {
                    "balance": 3.408828346204135e+30,
                    "percentage_of_total_supply": 0.3409,
                    "percentage_of_circulating_supply": 0.3409
                },
                "0x45319741679d6dc956c7e587860b93540fe72d89": {
                    "balance": 1.723721976936031e+30,
                    "percentage_of_total_supply": 0.1724,
                    "percentage_of_circulating_supply": 0.1724
                },
                "0x28756b01e59a2d980b7cb59b7836af0dedef4eb2": {
                    "balance": 6.2042066764011384e+29,
                    "percentage_of_total_supply": 0.062,
                    "percentage_of_circulating_supply": 0.062
                },
                "0x0ed943ce24baebf257488771759f9bf482c39706": {
                    "balance": 1.1814931759044045e+29,
                    "percentage_of_total_supply": 0.0118,
                    "percentage_of_circulating_supply": 0.0118
                },
                "0xd7f236bea64621615c606a7c2fbe436fe3363f65": {
                    "balance": 6.183058228760118e+27,
                    "percentage_of_total_supply": 0.0006,
                    "percentage_of_circulating_supply": 0.0006
                },
                "0xf7e77eb854cdff8ea822e90756c5bb8e28215027": {
                    "balance": 4.4053018556045683e+24,
                    "percentage_of_total_supply": 0.0,
                    "percentage_of_circulating_supply": 0.0
                },
                "0x9e21f5720c46ab21cfbae5840719e57de0e74220": {
                    "balance": 1e+18,
                    "percentage_of_total_supply": 0.0,
                    "percentage_of_circulating_supply": 0.0
                }
            },
            "total_supply": 1e+33,
            "total_circulating_supply": 1e+33,
            "owner": {
                "address": "0x39795e85605b402856ad890f483dfe25c7834fb7",
                "balance": 2.2120938263488777e+32,
                "percentage_of_supply": 22.1209,
                "exceeds_5_percent": true
            },
            "creator": {},
            "holders_exceeding_5_percent": [
                {
                    "address": "0x39795e85605b402856ad890f483dfe25c7834fb7",
                    "balance": 2.2120938263488777e+32,
                    "percentage_of_supply": 22.1209
                },
                {
                    "address": "0x500199aa53e2fa5837838320e646a3648efb4dfc",