{
    "token_address": "0xC2ED94cf7E8F4862725130d520B20Ca3a07b5CE8",
    "chain": "bsc",
    "token_name": "Enigma",
    "analyses": {
        "contract": {
            "contract_name": null,
            "compiler_version": null,
            "license_type": null,
            "implementation": null,
            "source_code": null,
            "abi": null,
            "verified": false,
            "owner": "0xf3b08ad4a6ae70b1e59bf9a33064db30433a97bf",
            "creator": "0xf3b08ad4a6ae70b1e59bf9a33064db30433a97bf",
            "is_hidden_owner": false,
            "is_proxy": null,
            "is_sellable": true,
            "is_hardcoded_owner": null,
            "code_analysis": {
                "total_matches": 0,
                "patterns_found": {}
            }
        },
        "holder": {
            "total_holders": 3,
            "holders_list": {
                "0xf3b08ad4a6ae70b1e59bf9a33064db30433a97bf": {
                    "balance": 976106.340940043,
                    "percentage_of_total_supply": 97.6106340940043,
                    "percentage_of_circulating_supply": 98.79027465228421
                },
                "0xc2ed94cf7e8f4862725130d520b20ca3a07b5ce8": {
                    "balance": 11.944742791,
                    "percentage_of_total_supply": 0.0011944742791,
                    "percentage_of_circulating_supply": 0.0012089096971108237
                },
                "0x3c4267121aa5b880a8136cdaac87b567a18f0f14": {
                    "balance": 4e-09,
                    "percentage_of_total_supply": 4e-13,
                    "percentage_of_circulating_supply": 4.0483406575207307e-13
                }
            },
            "total_supply": 1000000.0,
            "total_circulating_supply": 988059.142841419,
            "owner": {
                "address": "0xf3b08ad4a6ae70b1e59bf9a33064db30433a97bf",
                "balance": 976106.340940043,
                "percentage_of_circulating_supply": 98.79027465228421,
                "exceeds_5_percent": true
            },
            "creator": {
                "address": "0xf3b08ad4a6ae70b1e59bf9a33064db30433a97bf",
                "balance": 976106.340940043,
                "percentage_of_circulating_supply": 98.79027465228421,
                "exceeds_5_percent": true
            },
            "holders_exceeding_5_percent_circulating": [],
            "howmany_holders_exceeding_5_percent_circulating": 0,
            "top_10_holders": [
                {
                    "address": "0xf3b08ad4a6ae70b1e59bf9a33064db30433a97bf",
                    "balance": 976106.340940043,
                    "percentage_of_total_supply": 97.6106340940043,
                    "percentage_of_circulating_supply": 98.79027465228421
                },
                {
                    "address": "0xc2ed94cf7e8f4862725130d520b20ca3a07b5ce8",
                    "balance": 11.944742791,
                    "percentage_of_total_supply": 0.0011944742791,
                    "percentage_of_circulating_supply": 0.0012089096971108237
                },
                {
                    "address": "0x3c4267121aa5b880a8136cdaac87b567a18f0f14",
                    "balance": 4e-09,
                    "percentage_of_total_supply": 4e-13,
                    "percentage_of_circulating_supply": 4.0483406575207307e-13
                }
            ],
            "total_top_10_balance": 976118.285682838,
            "top10_percentage_of_total_supply": 97.6118285682838,
            "top10_percentage_of_circulating_supply": 98.79148356198174,
            "top_10_less_than_70_percent_of_total": false,
            "top_10_less_than_70_percent_of_circulating": false
        },
        "liquidity": {
            "price_usd": 92.94466422096089,
            "liquidity_usd": 7.435573137676871e-16,
            "market_cap_usd": 91834825.26184611,
            "liquidity_to_market_cap_ratio": 8.096681315041463e-24,
            "token_volume": 0.0,
            "volume_usd": 0.0,
            "volume_to_liquidity_ratio": 0.0,
            "locked_liquidity_percent": 100.0,
            "locked_95_for_15_days": false,
            "creator_under_5_percent": false,
            "creator_percent_of_lp": 97.6106,
            "owner_under_5_percent": true,
            "owner_percent_of_lp": 0.0,
            "total_lp_supply": 1e-15,
            "lp_holders_count": 1,
            "lp_holders": [
                {
                    "address": "0x0000000000000000000000000000000000000000",
                    "balance": 1e-15,
                    "is_locked": true,
                    "percent": 100.0,
                    "tag": "Null Address"
                }
            ],
            "error": "Liquidity pool info could not be retrieved."
        },
        "security": {
            "warnings": null,
            "homany_warnings": 0,
            "suspicious_urls": null,
            "howmany_suspicious_urls": 0,
            "suspicious_addresses": null,
            "howmany_suspicious_addresses": 0,
            "error": "Security analysis data not available."
        },
        "lifecycle": {
            "token_age_seconds": 82883503.115273,
            "token_creation_date": "2023-01-10T11:36:26",
            "creation_to_first_trade_seconds": 0.0,
            "creation_to_first_trade_blocks": 0,
            "last_tx_hash": "0xccfac5d5d25809272cb205f78200c0d3e01eb93e1d054baedc404b3111a78f02",
            "last_active_age": "2023-09-15T20:21:41",
            "inactive_days": 710.9350802967245
        }
    },
    "errors": []
}