{
    "token_address": "0x8D5a9B71398554dFcb826BaEd2c1323436d980c3",
    "chain": "bsc",
    "token_name": "StepFi Shiba",
    "analyses": {
        "contract": {
            "contract_name": null,
            "compiler_version": null,
            "license_type": null,
            "implementation": null,
            "source_code": null,
            "abi": null,
            "verified": false,
            "owner": "0x10810dfe648325bb14c1bc2ba8b8584da610a709",
            "creator": "0x10810dfe648325bb14c1bc2ba8b8584da610a709",
            "is_hidden_owner": false,
            "is_proxy": null,
            "is_sellable": true,
            "is_hardcoded_owner": null,
            "code_analysis": {
                "total_matches": 0,
                "patterns_found": {}
            }
        },
        "holder": {
            "total_holders": 9,
            "holders_list": {
                "0x10810dfe648325bb14c1bc2ba8b8584da610a709": {
                    "balance": 5760228059.931391,
                    "percentage_of_total_supply": 96.00380099885652,
                    "percentage_of_circulating_supply": 97.02165980427571
                },
                "0x4d4b997da6d747396f28ba8d363037b27c1e21c0": {
                    "balance": 50847480.30354504,
                    "percentage_of_total_supply": 0.847458005059084,
                    "percentage_of_circulating_supply": 0.8564429888169942
                },
                "0xf8cc3671906991c13ea6e2f49592fa4e1f2d6807": {
                    "balance": 25990868.95173764,
                    "percentage_of_total_supply": 0.43318114919562734,
                    "percentage_of_circulating_supply": 0.43777385534333113
                },
                "0x3ff457ce5f8f26899b7041c134ef6e818fd24adc": {
                    "balance": 19977969.04064327,
                    "percentage_of_total_supply": 0.3329661506773879,
                    "percentage_of_circulating_supply": 0.33649634974083487
                },
                "0x21a31d7d633bde2bd3705f8f8436f29aa0f71ac1": {
                    "balance": 10065529.025549347,
                    "percentage_of_total_supply": 0.1677588170924891,
                    "percentage_of_circulating_supply": 0.16953744239052634
                },
                "0x3ddf3ef8413b5f147ddafc86271d831c8d384035": {
                    "balance": 3872538.553838721,
                    "percentage_of_total_supply": 0.06454230923064536,
                    "percentage_of_circulating_supply": 0.06522660461363007
                },
                "0x32cd75a4d27937f2d2d6ab4326c472796ec98fe7": {
                    "balance": 2755475.787539586,
                    "percentage_of_total_supply": 0.0459245964589931,
                    "percentage_of_circulating_supply": 0.04641150171070982
                },
                "0x00ffda4ae4d03e47acc929545948794eadd0734b": {
                    "balance": 369512.872754204,
                    "percentage_of_total_supply": 0.006158547879236734,
                    "percentage_of_circulating_supply": 0.006223842504264668
                },
                "0xea046790029536f455042409a4c5f6d26f909cc1": {
                    "balance": 1e-09,
                    "percentage_of_total_supply": 1.6666666666666667e-17,
                    "percentage_of_circulating_supply": 1.6843371268434e-17
                }
            },
            "total_supply": 6000000000.0,
            "total_circulating_supply": 5937053717.2335,
            "owner": {
                "address": "0x10810dfe648325bb14c1bc2ba8b8584da610a709",
                "balance": 5760228059.931391,
                "percentage_of_circulating_supply": 97.02165980427571,
                "exceeds_5_percent": true
            },
            "creator": {
                "address": "0x10810dfe648325bb14c1bc2ba8b8584da610a709",
                "balance": 5760228059.931391,
                "percentage_of_circulating_supply": 97.02165980427571,
                "exceeds_5_percent": true
            },
            "holders_exceeding_5_percent_circulating": [],
            "howmany_holders_exceeding_5_percent_circulating": 0,
            "top_10_holders": [
                {
                    "address": "0x10810dfe648325bb14c1bc2ba8b8584da610a709",
                    "balance": 5760228059.931391,
                    "percentage_of_total_supply": 96.00380099885652,
                    "percentage_of_circulating_supply": 97.02165980427571
                },
                {
                    "address": "0x4d4b997da6d747396f28ba8d363037b27c1e21c0",
                    "balance": 50847480.30354504,
                    "percentage_of_total_supply": 0.847458005059084,
                    "percentage_of_circulating_supply": 0.8564429888169942
                },
                {
                    "address": "0xf8cc3671906991c13ea6e2f49592fa4e1f2d6807",
                    "balance": 25990868.95173764,
                    "percentage_of_total_supply": 0.43318114919562734,
                    "percentage_of_circulating_supply": 0.43777385534333113
                },
                {
                    "address": "0x3ff457ce5f8f26899b7041c134ef6e818fd24adc",
                    "balance": 19977969.04064327,
                    "percentage_of_total_supply": 0.3329661506773879,
                    "percentage_of_circulating_supply": 0.33649634974083487
                },
                {
                    "address": "0x21a31d7d633bde2bd3705f8f8436f29aa0f71ac1",
                    "balance": 10065529.025549347,
                    "percentage_of_total_supply": 0.1677588170924891,
                    "percentage_of_circulating_supply": 0.16953744239052634
                },
                {
                    "address": "0x3ddf3ef8413b5f147ddafc86271d831c8d384035",
                    "balance": 3872538.553838721,
                    "percentage_of_total_supply": 0.06454230923064536,
                    "percentage_of_circulating_supply": 0.06522660461363007
                },
                {
                    "address": "0x32cd75a4d27937f2d2d6ab4326c472796ec98fe7",
                    "balance": 2755475.787539586,
                    "percentage_of_total_supply": 0.0459245964589931,
                    "percentage_of_circulating_supply": 0.04641150171070982
                },
                {
                    "address": "0x00ffda4ae4d03e47acc929545948794eadd0734b",
                    "balance": 369512.872754204,
                    "percentage_of_total_supply": 0.006158547879236734,
                    "percentage_of_circulating_supply": 0.006223842504264668
                },
                {
                    "address": "0xea046790029536f455042409a4c5f6d26f909cc1",
                    "balance": 1e-09,
                    "percentage_of_total_supply": 1.6666666666666667e-17,
                    "percentage_of_circulating_supply": 1.6843371268434e-17
                }
            ],
            "total_top_10_balance": 5874107434.466998,
            "top10_percentage_of_total_supply": 97.90179057444998,
            "top10_percentage_of_circulating_supply": 98.939772389396,
            "top_10_less_than_70_percent_of_total": false,
            "top_10_less_than_70_percent_of_circulating": false
        },
        "liquidity": {
            "price_usd": 0.0002742671533685661,
            "liquidity_usd": 1.51147300084898e-06,
            "market_cap_usd": 1628338.8224218956,
            "liquidity_to_market_cap_ratio": 9.28230034214196e-13,
            "token_volume": 4771093386.930584,
            "volume_usd": 1308554.201689042,
            "volume_to_liquidity_ratio": 865747652094.3738,
            "locked_liquidity_percent": 0.0,
            "locked_95_for_15_days": false,
            "creator_under_5_percent": false,
            "creator_percent_of_lp": 96.0038,
            "owner_under_5_percent": true,
            "owner_percent_of_lp": 0.0,