{
    "token_address": "0xDff1052D6F4770D80fb8239E337bFa8eecCcaB94",
    "chain": "bsc",
    "token_name": "PromoFlow",
    "analyses": {
        "contract": {
            "contract_name": null,
            "compiler_version": null,
            "license_type": null,
            "implementation": null,
            "source_code": null,
            "abi": null,
            "verified": false,
            "owner": "0x861e0da3d4d4543d16b72c8982549c4bb8be1bec",
            "creator": "0x861e0da3d4d4543d16b72c8982549c4bb8be1bec",
            "is_hidden_owner": false,
            "is_proxy": null,
            "is_sellable": true,
            "is_hardcoded_owner": null,
            "code_analysis": {
                "total_matches": 0,
                "patterns_found": {}
            }
        },
        "holder": {
            "total_holders": 29,
            "holders_list": {
                "0x861e0da3d4d4543d16b72c8982549c4bb8be1bec": {
                    "balance": 99999039651.98486,
                    "percentage_of_total_supply": 99.99903965198487,
                    "percentage_of_circulating_supply": 99.99903965198489
                },
                "0xefe7e4501829c5fc910d6c5f76901c911aa662b4": {
                    "balance": 938207.585933364,
                    "percentage_of_total_supply": 0.000938207585933364,
                    "percentage_of_circulating_supply": 0.0009382075859333643
                },
                "0x2698d99c4145f1a513f36b460ebe44020543105c": {
                    "balance": 15156.514490761,
                    "percentage_of_total_supply": 1.5156514490761001e-05,
                    "percentage_of_circulating_supply": 1.5156514490761003e-05
                },
                "0x041203cecdbed46741d8e0f8bbb76f0ffc175912": {
                    "balance": 1893.671327659,
                    "percentage_of_total_supply": 1.893671327659e-06,
                    "percentage_of_circulating_supply": 1.8936713276590004e-06
                },
                "0x107f00c2a665a666bdd3208adb8e8595e6f432bc": {
                    "balance": 1531.333328792,
                    "percentage_of_total_supply": 1.5313333287920002e-06,
                    "percentage_of_circulating_supply": 1.5313333287920002e-06
                },
                "0x031dd49162bf0fefce38bde43e75e2bba16bb17a": {
                    "balance": 665.796561002,
                    "percentage_of_total_supply": 6.65796561002e-07,
                    "percentage_of_circulating_supply": 6.657965610020001e-07
                },
                "0x18dfa4b187c3bcef037f059b56eab2ecfce67cd0": {
                    "balance": 635.409398939,
                    "percentage_of_total_supply": 6.354093989390001e-07,
                    "percentage_of_circulating_supply": 6.354093989390001e-07
                },
                "0x5ed10e410dd2f3c442a88aae285d29ab781b5e27": {
                    "balance": 368.182236573,
                    "percentage_of_total_supply": 3.6818223657299996e-07,
                    "percentage_of_circulating_supply": 3.6818223657300007e-07
                },
                "0x49ba3212840117dacc94260f2ee052203abc2bad": {
                    "balance": 331.623220652,
                    "percentage_of_total_supply": 3.31623220652e-07,
                    "percentage_of_circulating_supply": 3.3162322065200005e-07
                },
                "0x6edb7ad0af4f08f431133a317b73e457ebac2e30": {
                    "balance": 272.480022254,
                    "percentage_of_total_supply": 2.72480022254e-07,
                    "percentage_of_circulating_supply": 2.72480022254e-07
                },
                "0x61198f70b902f3e03940bda67bbfafb97e17b8e4": {
                    "balance": 266.710178503,
                    "percentage_of_total_supply": 2.6671017850300003e-07,
                    "percentage_of_circulating_supply": 2.667101785030001e-07
                },
                "0x37053353d43026cd286094254a1a7024bc9239bc": {
                    "balance": 214.428408876,
                    "percentage_of_total_supply": 2.14428408876e-07,
                    "percentage_of_circulating_supply": 2.14428408876e-07
                },
                "0xbf324172f63855ca3f44d5a1b1e0fb30e3e54a65": {
                    "balance": 151.835212639,
                    "percentage_of_total_supply": 1.51835212639e-07,
                    "percentage_of_circulating_supply": 1.5183521263900003e-07
                },
                "0xaee25a1fd7b083b428e658cefbd7afe12362879e": {
                    "balance": 135.445238927,
                    "percentage_of_total_supply": 1.35445238927e-07,
                    "percentage_of_circulating_supply": 1.3544523892700003e-07
                },
                "0xb7eecd7425f0444f23890dbc5c8e8063f3041a89": {
                    "balance": 109.610111365,
                    "percentage_of_total_supply": 1.0961011136499999e-07,
                    "percentage_of_circulating_supply": 1.0961011136500002e-07
                },
                "0x1d5446f9f70b7d30ed51c73d7757633d32589bce": {
                    "balance": 72.435924537,
                    "percentage_of_total_supply": 7.243592453699999e-08,
                    "percentage_of_circulating_supply": 7.2435924537e-08
                },
                "0x80a273d55a2bb258ec52ef2136c03a736efdc91d": {
                    "balance": 63.990253781,
                    "percentage_of_total_supply": 6.3990253781e-08,
                    "percentage_of_circulating_supply": 6.399025378100002e-08
                },
                "0x3bf6906b08c27fe917e5c49eea2bb01b47ff6329": {
                    "balance": 47.631721174,
                    "percentage_of_total_supply": 4.7631721174e-08,
                    "percentage_of_circulating_supply": 4.763172117400001e-08
                },
                "0x0ed943ce24baebf257488771759f9bf482c39706": {
                    "balance": 47.349901612,
                    "percentage_of_total_supply": 4.7349901612e-08,
                    "percentage_of_circulating_supply": 4.734990161200001e-08
                },
                "0xcd516051712a81176db9768b67088b950109bbdb": {
                    "balance": 40.022436694,
                    "percentage_of_total_supply": 4.0022436694e-08,
                    "percentage_of_circulating_supply": 4.002243669400001e-08
                },
                "0x92ec062e4bcdd9aa7792b57a15d23dbd8d23b95d": {
                    "balance": 34.786825521,
                    "percentage_of_total_supply": 3.4786825521e-08,
                    "percentage_of_circulating_supply": 3.4786825521000006e-08
                },
                "0xa4501bdbefb02b597f7955c5413e9279c406c9ec": {
                    "balance": 23.875827158,
                    "percentage_of_total_supply": 2.3875827158000003e-08,
                    "percentage_of_circulating_supply": 2.3875827158000003e-08
                },
                "0x0d96831704d815ac89e90fc8c71f421b152ae78f": {
                    "balance": 23.214755612,
                    "percentage_of_total_supply": 2.3214755612e-08,
                    "percentage_of_circulating_supply": 2.3214755612000003e-08
                },
                "0x10b15496ba65cf484bded518627f7f6f256e11ec": {
                    "balance": 17.435875072,
                    "percentage_of_total_supply": 1.7435875072e-08,
                    "percentage_of_circulating_supply": 1.7435875072000002e-08
                },
                "0xf050411d42f74bada4885b0d4b33ec58d82ae539": {
                    "balance": 16.113369451,
                    "percentage_of_total_supply": 1.6113369451e-08,
                    "percentage_of_circulating_supply": 1.6113369451000005e-08
                },
                "0x78facb59fd7382d14ee52d9510e47e8bad23392e": {
                    "balance": 11.100268892,
                    "percentage_of_total_supply": 1.1100268892e-08,