{
    "token_address": "0xF70fc5D15795C93dd5d0dc7e71D995Fb9e7cd66C",
    "chain": "bsc",
    "token_name": "BTSTOKEN",
    "analyses": {
        "contract": {
            "contract_name": null,
            "compiler_version": null,
            "license_type": null,
            "implementation": null,
            "source_code": null,
            "abi": null,
            "verified": false,
            "owner": "0x64fd449b7bebeb9ca82acc3f7d4f5b967f3bbd54",
            "creator": "0x64fd449b7bebeb9ca82acc3f7d4f5b967f3bbd54",
            "is_hidden_owner": false,
            "is_proxy": null,
            "is_sellable": false,
            "is_hardcoded_owner": null,
            "code_analysis": null
        },
        "holder": {
            "total_holders": 26,
            "holders_list": {
                "0xf1b0fdca161b9393c8923cfbdfaf7c1d40605913": {
                    "balance": 2.9919933236296486e+17,
                    "percentage_of_total_supply": 0.0,
                    "percentage_of_circulating_supply": 0.0
                },
                "0xb07eca7e517588ee3ab37c56cf7dbfa71e1d5842": {
                    "balance": 5.791561996194935e+18,
                    "percentage_of_total_supply": 0.0008,
                    "percentage_of_circulating_supply": 0.0008
                },
                "0x8d14190ef8c3e3504912a17a37cdeaa04f6701f2": {
                    "balance": 6.821295362574869e+19,
                    "percentage_of_total_supply": 0.0097,
                    "percentage_of_circulating_supply": 0.0097
                },
                "0xe31aca9b21382bb638b385f0675781f11eff2fbe": {
                    "balance": 2.2652653465605054e+21,
                    "percentage_of_total_supply": 0.3236,
                    "percentage_of_circulating_supply": 0.3236
                },
                "0xdf82180d69858c3c7179b1302bfcf9121f7926dc": {
                    "balance": 1.1209932431616814e+20,
                    "percentage_of_total_supply": 0.016,
                    "percentage_of_circulating_supply": 0.016
                },
                "0x5f375b9ede91212043a0b48eaa24e3c5a0a23de7": {
                    "balance": 2.06213737186266e+21,
                    "percentage_of_total_supply": 0.2946,
                    "percentage_of_circulating_supply": 0.2946
                },
                "0x2be87ad70cf11ea294d7c42044b5b8277a3e4874": {
                    "balance": 2.1718200464339989e+21,
                    "percentage_of_total_supply": 0.3103,
                    "percentage_of_circulating_supply": 0.3103
                },
                "0x83800e55621a3fcf9add4796db22363d5a1cb609": {
                    "balance": 1.826636517458924e+17,
                    "percentage_of_total_supply": 0.0,
                    "percentage_of_circulating_supply": 0.0
                },
                "0x6c2bbaf55f0a3a60eb75627f0a1f88c36e25786d": {
                    "balance": 3.651824400212404e+20,
                    "percentage_of_total_supply": 0.0522,
                    "percentage_of_circulating_supply": 0.0522
                },
                "0xec87a0991bb66fa0428ac09a976699f026ba13cf": {
                    "balance": 142,
                    "percentage_of_total_supply": 0.0,
                    "percentage_of_circulating_supply": 0.0
                },
                "0x597fa8fc25a1d74f50d86c02e86accd225e8908a": {
                    "balance": 1,
                    "percentage_of_total_supply": 0.0,
                    "percentage_of_circulating_supply": 0.0
                },
                "0x4a789fd1dcaffb38d919cadc1bf90393c672c776": {
                    "balance": 1.9563149481250837e+22,
                    "percentage_of_total_supply": 2.7947,
                    "percentage_of_circulating_supply": 2.7947
                },
                "0xc2662b6fd17a4d30dd6b14176d40c75119d5a7fa": {
                    "balance": 6.49243108977215e+16,
                    "percentage_of_total_supply": 0.0,
                    "percentage_of_circulating_supply": 0.0
                },
                "0x58000f587d6d32b5ed0fc4a0cc3acedd0834aa1a": {
                    "balance": 2.1101215294064183e+21,
                    "percentage_of_total_supply": 0.3014,
                    "percentage_of_circulating_supply": 0.3014
                },
                "0x121de2c3b55fbc73e4e5d16f25309494dac2b3ad": {
                    "balance": 1.3397385547851093e+22,
                    "percentage_of_total_supply": 1.9139,
                    "percentage_of_circulating_supply": 1.9139
                },
                "0x910173424918f9339edbccdeee510067b6adbbee": {
                    "balance": 1539688.0,
                    "percentage_of_total_supply": 0.0,
                    "percentage_of_circulating_supply": 0.0
                },
                "0x0ed943ce24baebf257488771759f9bf482c39706": {
                    "balance": 4.149882318153494e+21,
                    "percentage_of_total_supply": 0.5928,
                    "percentage_of_circulating_supply": 0.5928
                },
                "0xcd88d7573818abe26b02f4bf19c4db44aff3c591": {
                    "balance": 1.4022212137609892e+21,
                    "percentage_of_total_supply": 0.2003,
                    "percentage_of_circulating_supply": 0.2003
                },
                "0x14de4da856460e6857dc5689ab102fffe1ce3ff8": {
                    "balance": 2.98697711042288e+22,
                    "percentage_of_total_supply": 4.2671,
                    "percentage_of_circulating_supply": 4.2671
                },
                "0xed99c763c941e5a9e6b8d94ceb68be46593a7cbe": {
                    "balance": 2.459934682318106e+21,
                    "percentage_of_total_supply": 0.3514,
                    "percentage_of_circulating_supply": 0.3514
                },
                "0x760bccae4e72580776113950f58638f316e9b657": {
                    "balance": 1.583054687172401e+21,
                    "percentage_of_total_supply": 0.2262,
                    "percentage_of_circulating_supply": 0.2262
                },
                "0xdd6bd4366c5514248f101dfe4ffcd6c41efb1c4a": {
                    "balance": 5.088352838490087e+21,
                    "percentage_of_total_supply": 0.7269,
                    "percentage_of_circulating_supply": 0.7269
                },
                "0x5e3773713f0a20806168d633652b905ee7253f83": {
                    "balance": 4.2808070618602883e+21,
                    "percentage_of_total_supply": 0.6115,
                    "percentage_of_circulating_supply": 0.6115
                },
                "0x08a98377775bee43fbbc70f6286bad83e6f89470": {
                    "balance": 6.408045746802653e+21,
                    "percentage_of_total_supply": 0.9154,
                    "percentage_of_circulating_supply": 0.9154
                },
                "0x63020d25038d0886ce406678e3cb954d5590ef74": {
                    "balance": 4.72727550407913e+21,
                    "percentage_of_total_supply": 0.6753,
                    "percentage_of_circulating_supply": 0.6753
                }
            },
            "total_supply": 7e+23,
            "total_circulating_supply": 7e+23,
            "owner": {
                "address": "0x64fd449b7bebeb9ca82acc3f7d4f5b967f3bbd54",
                "balance": 5.979089424525142e+23,
                "percentage_of_supply": 85.4156,
                "exceeds_5_percent": true
            },
            "creator": {},
            "holders_exceeding_5_percent": [
                {
                    "address": "0x64fd449b7bebeb9ca82acc3f7d4f5b967f3bbd54",
                    "balance": 5.979089424525142e+23,
                    "percentage_of_supply": 85.4156
                }
            ],
            "howmany_holders_exceeding_5_percent": 1,
            "top_10_holders": [
                {
                    "address": "0x64fd449b7bebeb9ca82acc3f7d4f5b967f3bbd54",