{
    "token_address": "0x1404fb26a42Ee0eDdEd0257bE997b3E65F1303d2",
    "chain": "bsc",
    "token_name": "Defi Investors",
    "analyses": {
        "contract": {
            "contract_name": null,
            "compiler_version": null,
            "license_type": null,
            "implementation": null,
            "source_code": null,
            "abi": null,
            "verified": false,
            "owner": "0xac48997004a1918d4f4e244b51f74b6f072557a4",
            "creator": "0xac48997004a1918d4f4e244b51f74b6f072557a4",
            "is_hidden_owner": false,
            "is_proxy": null,
            "is_sellable": true,
            "is_hardcoded_owner": null,
            "code_analysis": null
        },
        "holder": {
            "total_holders": 20,
            "holders_list": {
                "0x2d575efd044e7d7d5e3b67685177beb6755c7a60": {
                    "balance": 2.6693527067391817e+32,
                    "percentage_of_total_supply": 26.6935,
                    "percentage_of_circulating_supply": 26.6935
                },
                "0x908bfac42638783e4cb5d68adbb3122071b51560": {
                    "balance": 1.00160603915118e+32,
                    "percentage_of_total_supply": 10.0161,
                    "percentage_of_circulating_supply": 10.0161
                },
                "0xdd51fa1e5c448c07b58c37ccb5f23d3608a4a585": {
                    "balance": 5.987208315372621e+31,
                    "percentage_of_total_supply": 5.9872,
                    "percentage_of_circulating_supply": 5.9872
                },
                "0xababb659502bf42665e7bf4c3025a2ffae071005": {
                    "balance": 5.958290821206966e+31,
                    "percentage_of_total_supply": 5.9583,
                    "percentage_of_circulating_supply": 5.9583
                },
                "0xc87384e2d8fa827963b307405698f4fe11787850": {
                    "balance": 3.67656934712853e+31,
                    "percentage_of_total_supply": 3.6766,
                    "percentage_of_circulating_supply": 3.6766
                },
                "0xcaf58ec64f5e8beb2b65ef5882cca0978b87641f": {
                    "balance": 3.545672891574457e+31,
                    "percentage_of_total_supply": 3.5457,
                    "percentage_of_circulating_supply": 3.5457
                },
                "0xa236df4d5f5700cd3994927b7fde4346709856ea": {
                    "balance": 1.4705491148544334e+31,
                    "percentage_of_total_supply": 1.4705,
                    "percentage_of_circulating_supply": 1.4705
                },
                "0xa37d89d7e80697b91e7716a7719bff165295c9b2": {
                    "balance": 1.3470879033749272e+31,
                    "percentage_of_total_supply": 1.3471,
                    "percentage_of_circulating_supply": 1.3471
                },
                "0x91b26c8257171fca46ee19b893f5c682c39aa247": {
                    "balance": 1.135711739524753e+31,
                    "percentage_of_total_supply": 1.1357,
                    "percentage_of_circulating_supply": 1.1357
                },
                "0xa96d9ec59fd878d6a15cdcc23b23668f83fe3066": {
                    "balance": 1.0016819074017456e+31,
                    "percentage_of_total_supply": 1.0017,
                    "percentage_of_circulating_supply": 1.0017
                },
                "0x0e36e5185e29cb20bdbb6e46e522943bccfa2089": {
                    "balance": 9.224123411043188e+30,
                    "percentage_of_total_supply": 0.9224,
                    "percentage_of_circulating_supply": 0.9224
                },
                "0xa94cb9205adc553d4d8114624a66c25643fe56a6": {
                    "balance": 7.252612231159323e+30,
                    "percentage_of_total_supply": 0.7253,
                    "percentage_of_circulating_supply": 0.7253
                },
                "0xdf7f6d29fcc7c6538520574a3ec8ad262b9ac9b1": {
                    "balance": 8.912777789703296e+29,
                    "percentage_of_total_supply": 0.0891,
                    "percentage_of_circulating_supply": 0.0891
                },
                "0xf07104d38915d3455b9e3b393bd2b3a49bf70ef2": {
                    "balance": 8.535480637578365e+29,
                    "percentage_of_total_supply": 0.0854,
                    "percentage_of_circulating_supply": 0.0854
                },
                "0x5b50ce902efeb195c8188830df8222d77ea8390e": {
                    "balance": 3.036369068634381e+29,
                    "percentage_of_total_supply": 0.0304,
                    "percentage_of_circulating_supply": 0.0304
                },
                "0xd7f236bea64621615c606a7c2fbe436fe3363f65": {
                    "balance": 1.2755849734847479e+29,
                    "percentage_of_total_supply": 0.0128,
                    "percentage_of_circulating_supply": 0.0128
                },
                "0x285414353110162bb42cf9db0c83a2742974f4d4": {
                    "balance": 1.0865008539999725e+29,
                    "percentage_of_total_supply": 0.0109,
                    "percentage_of_circulating_supply": 0.0109
                },
                "0x0ed943ce24baebf257488771759f9bf482c39706": {
                    "balance": 3.222527644837088e+28,
                    "percentage_of_total_supply": 0.0032,
                    "percentage_of_circulating_supply": 0.0032
                },
                "0x0f04cb4605fc9c2fd01ebbc7e4e93bcd143e4634": {
                    "balance": 9.95435693446749e+24,
                    "percentage_of_total_supply": 0.0,
                    "percentage_of_circulating_supply": 0.0
                }
            },
            "total_supply": 1e+33,
            "total_circulating_supply": 1e+33,
            "owner": {
                "address": "0xac48997004a1918d4f4e244b51f74b6f072557a4",
                "balance": 3.728827628012316e+32,
                "percentage_of_supply": 37.2883,
                "exceeds_5_percent": true
            },
            "creator": {},
            "holders_exceeding_5_percent": [
                {
                    "address": "0xac48997004a1918d4f4e244b51f74b6f072557a4",
                    "balance": 3.728827628012316e+32,
                    "percentage_of_supply": 37.2883
                },
                {
                    "address": "0x2d575efd044e7d7d5e3b67685177beb6755c7a60",
                    "balance": 2.6693527067391817e+32,
                    "percentage_of_supply": 26.6935
                },
                {
                    "address": "0x908bfac42638783e4cb5d68adbb3122071b51560",
                    "balance": 1.00160603915118e+32,
                    "percentage_of_supply": 10.0161
                },
                {
                    "address": "0xdd51fa1e5c448c07b58c37ccb5f23d3608a4a585",
                    "balance": 5.987208315372621e+31,
                    "percentage_of_supply": 5.9872
                },
                {
                    "address": "0xababb659502bf42665e7bf4c3025a2ffae071005",
                    "balance": 5.958290821206966e+31,
                    "percentage_of_supply": 5.9583
                }
            ],
            "howmany_holders_exceeding_5_percent": 5,
            "top_10_holders": [
                {
                    "address": "0xac48997004a1918d4f4e244b51f74b6f072557a4",
                    "balance": 3.728827628012316e+32,
                    "percentage_of_total_supply": 37.2883,
                    "percentage_of_circulating_supply": 37.2883
                },
                {
                    "address": "0x2d575efd044e7d7d5e3b67685177beb6755c7a60",
                    "balance": 2.6693527067391817e+32,
                    "percentage_of_total_supply": 26.6935,
                    "percentage_of_circulating_supply": 26.6935
                },
                {
                    "address": "0x908bfac42638783e4cb5d68adbb3122071b51560",