{
    "token_address": "0xE085eBbB3D98f249395B2C105E5D6Fe6230a6EcF",
    "chain": "bsc",
    "token_name": "HighSphere",
    "analyses": {
        "contract": {
            "contract_name": null,
            "compiler_version": null,
            "license_type": null,
            "implementation": null,
            "source_code": null,
            "abi": null,
            "verified": false,
            "owner": "0xc892f3c50da4bdd8190ef9c6b0a98d7dfa2d0677",
            "creator": "0xc892f3c50da4bdd8190ef9c6b0a98d7dfa2d0677",
            "is_hidden_owner": false,
            "is_proxy": null,
            "is_sellable": true,
            "is_hardcoded_owner": null,
            "code_analysis": null
        },
        "holder": {
            "total_holders": 8,
            "holders_list": {
                "0xc39370d6022595a735be1c7934d060266bee11b3": {
                    "balance": 2.78562137168874e+20,
                    "percentage_of_total_supply": 0.0,
                    "percentage_of_circulating_supply": 0.0
                },
                "0x87614a1f769ce6de4d2a844de6e414910cf99676": {
                    "balance": 3.0072132158794465e+20,
                    "percentage_of_total_supply": 0.0,
                    "percentage_of_circulating_supply": 0.0
                },
                "0xd34382d74aa1fbca9cf5e3a5f4c394dd04e844de": {
                    "balance": 8.562556672723177e+20,
                    "percentage_of_total_supply": 0.0001,
                    "percentage_of_circulating_supply": 0.0001
                },
                "0xce35b6e93a5be15721dc3f84cc38e2ef8d574d76": {
                    "balance": 3.5291244806965415e+20,
                    "percentage_of_total_supply": 0.0,
                    "percentage_of_circulating_supply": 0.0
                },
                "0x6cf4efd47116dd574f5e7e005f4004781f89fb55": {
                    "balance": 7.280319463417748e+23,
                    "percentage_of_total_supply": 0.0728,
                    "percentage_of_circulating_supply": 0.0728
                },
                "0x0ed943ce24baebf257488771759f9bf482c39706": {
                    "balance": 1.3364424731415504e+20,
                    "percentage_of_total_supply": 0.0,
                    "percentage_of_circulating_supply": 0.0
                },
                "0x71c39fbbbe2765ae1f3e0f8247d227f04bc5cb48": {
                    "balance": 84555,
                    "percentage_of_total_supply": 0.0,
                    "percentage_of_circulating_supply": 0.0
                }
            },
            "total_supply": 1e+27,
            "total_circulating_supply": 1e+27,
            "owner": {
                "address": "0xc892f3c50da4bdd8190ef9c6b0a98d7dfa2d0677",
                "balance": 9.992700459578369e+26,
                "percentage_of_supply": 99.927,
                "exceeds_5_percent": true
            },
            "creator": {},
            "holders_exceeding_5_percent": [
                {
                    "address": "0xc892f3c50da4bdd8190ef9c6b0a98d7dfa2d0677",
                    "balance": 9.992700459578369e+26,
                    "percentage_of_supply": 99.927
                }
            ],
            "howmany_holders_exceeding_5_percent": 1,
            "top_10_holders": [
                {
                    "address": "0xc892f3c50da4bdd8190ef9c6b0a98d7dfa2d0677",
                    "balance": 9.992700459578369e+26,
                    "percentage_of_total_supply": 99.927,
                    "percentage_of_circulating_supply": 99.927
                },
                {
                    "address": "0x6cf4efd47116dd574f5e7e005f4004781f89fb55",
                    "balance": 7.280319463417748e+23,
                    "percentage_of_total_supply": 0.0728,
                    "percentage_of_circulating_supply": 0.0728
                },
                {
                    "address": "0xd34382d74aa1fbca9cf5e3a5f4c394dd04e844de",
                    "balance": 8.562556672723177e+20,
                    "percentage_of_total_supply": 0.0001,
                    "percentage_of_circulating_supply": 0.0001
                },
                {
                    "address": "0xce35b6e93a5be15721dc3f84cc38e2ef8d574d76",
                    "balance": 3.5291244806965415e+20,
                    "percentage_of_total_supply": 0.0,
                    "percentage_of_circulating_supply": 0.0
                },
                {
                    "address": "0x87614a1f769ce6de4d2a844de6e414910cf99676",
                    "balance": 3.0072132158794465e+20,
                    "percentage_of_total_supply": 0.0,
                    "percentage_of_circulating_supply": 0.0
                },
                {
                    "address": "0xc39370d6022595a735be1c7934d060266bee11b3",
                    "balance": 2.78562137168874e+20,
                    "percentage_of_total_supply": 0.0,
                    "percentage_of_circulating_supply": 0.0
                },
                {
                    "address": "0x0ed943ce24baebf257488771759f9bf482c39706",
                    "balance": 1.3364424731415504e+20,
                    "percentage_of_total_supply": 0.0,
                    "percentage_of_circulating_supply": 0.0
                },
                {
                    "address": "0x71c39fbbbe2765ae1f3e0f8247d227f04bc5cb48",
                    "balance": 84555,
                    "percentage_of_total_supply": 0.0,
                    "percentage_of_circulating_supply": 0.0
                }
            ],
            "total_top_10_balance": 1e+27,
            "top10_percentage_of_total_supply": 100.0,
            "top10_percentage_of_circulating_supply": 100.0,
            "top_10_less_than_70_percent_of_total": false,
            "top_10_less_than_70_percent_of_circulating": false
        },
        "liquidity": {
            "price_usd": 1.7008894880880215e-07,
            "liquidity_usd": 2.876374213305653e-20,
            "market_cap_usd": 1.7008894880880214e+20,
            "liquidity_to_market_cap_ratio": 1.6911e-40,
            "token_volume": 0.0,
            "volume_usd": 0.0,
            "volume_to_liquidity_ratio": 0.0,
            "locked_liquidity_percent": 100.0,
            "locked_95_for_15_days": false,
            "creator_under_5_percent": false,
            "creator_percent_of_lp": 99.927,
            "owner_under_5_percent": true,
            "owner_percent_of_lp": 0.0,
            "total_lp_supply": 1e-15,
            "lp_holders_count": 1,
            "lp_holders": [
                {
                    "address": "0x0000000000000000000000000000000000000000",
                    "balance": 1e-15,
                    "is_locked": true,
                    "percent": 1.0,
                    "tag": "Null Address"
                }
            ],
            "error": "Liquidity pool info could not be retrieved."
        },
        "security": {
            "warnings": null,
            "homany_warnings": 0,
            "suspicious_urls": null,
            "howmany_suspicious_urls": 0,
            "suspicious_addresses": null,
            "howmany_suspicious_addresses": 0,
            "error": "Security analysis data not available."
        },
        "lifecycle": {
            "token_age_seconds": 51811505.1165,
            "token_creation_date": "2023-12-12T14:32:12",
            "creation_to_first_trade_seconds": 0.0,
            "creation_to_first_trade_blocks": 0,
            "last_tx_hash": "0x6c86d692fa4812e78cd06cb9073798499687447a8f6c10bea20020ed153779ee",
            "last_active_age": "2023-12-23T03:10:58",
            "inactive_days": 589.1433
        }
    },
    "errors": []
}