{
    "token_address": "0xB8328aCf67a599E869DEf33897dBc1f8A9851dfc",
    "chain": "bsc",
    "token_name": "Doge Pump Moon",
    "analyses": {
        "contract": {
            "contract_name": null,
            "compiler_version": null,
            "license_type": null,
            "implementation": null,
            "source_code": null,
            "abi": null,
            "verified": false,
            "owner": "0x8aba44b12062fa83b9e6d517def3d780ced7cf94",
            "creator": "0x8aba44b12062fa83b9e6d517def3d780ced7cf94",
            "is_hidden_owner": false,
            "is_proxy": null,
            "is_sellable": true,
            "is_hardcoded_owner": null,
            "code_analysis": null
        },
        "holder": {
            "total_holders": 34,
            "holders_list": {
                "0x403b266ee2fff8d89369e4bc8dab6787abb3b989": {
                    "balance": 27301520456442613596160,
                    "percentage_of_total_supply": 2.730152045644261,
                    "percentage_of_circulating_supply": 3.270410993561225
                },
                "0xf65c9b4137ef5f3dea605b1593e170dce59c2166": {
                    "balance": 23697815197884388212736,
                    "percentage_of_total_supply": 2.3697815197884387,
                    "percentage_of_circulating_supply": 2.838728175238114
                },
                "0xafe876422ff1460365e43cdfc1c0c07798cd9fb6": {
                    "balance": 12538541786790631571456,
                    "percentage_of_total_supply": 1.2538541786790631,
                    "percentage_of_circulating_supply": 1.5019744035197222
                },
                "0x3db8a95923329d51e10f5e714b2f1940c736c338": {
                    "balance": 7472151909694134288384,
                    "percentage_of_total_supply": 0.7472151909694134,
                    "percentage_of_circulating_supply": 0.8950786382029707
                },
                "0xf0c59fc71fc5fcead520d300d344d452b1c146fb": {
                    "balance": 2149837148456811495424,
                    "percentage_of_total_supply": 0.21498371484568116,
                    "percentage_of_circulating_supply": 0.25752598855791314
                },
                "0x413c4f47e2f798dbd95d1ab9ad5485f6aa514105": {
                    "balance": 2013078941156599398400,
                    "percentage_of_total_supply": 0.20130789411565994,
                    "percentage_of_circulating_supply": 0.24114391396511167
                },
                "0x5e3773713f0a20806168d633652b905ee7253f83": {
                    "balance": 1957246449013137866752,
                    "percentage_of_total_supply": 0.1957246449013138,
                    "percentage_of_circulating_supply": 0.23445581773269805
                },
                "0x6f75810d4e90d9eac81640e29103cd0ba774d1ea": {
                    "balance": 1933413269611095523328,
                    "percentage_of_total_supply": 0.19334132696110956,
                    "percentage_of_circulating_supply": 0.231600874468556
                },
                "0xc0d5760236e02f09302a468db35a2757686de554": {
                    "balance": 1696759785911532126208,
                    "percentage_of_total_supply": 0.16967597859115321,
                    "percentage_of_circulating_supply": 0.20325248427576817
                },
                "0xf809a4156b5abd7b74a94d8a99c93ccbdadb7d07": {
                    "balance": 1325990453195508285440,
                    "percentage_of_total_supply": 0.13259904531955083,
                    "percentage_of_circulating_supply": 0.15883854389745117
                },
                "0x75ed387e63218f88240f7ca394613d71786e45f7": {
                    "balance": 1296896525305998213120,
                    "percentage_of_total_supply": 0.12968965253059983,
                    "percentage_of_circulating_supply": 0.15535342292158708
                },
                "0xcc2ee9125b011be58ba7780290ff50414a7f7fc3": {
                    "balance": 813729823430900580352,
                    "percentage_of_total_supply": 0.08137298234309007,
                    "percentage_of_circulating_supply": 0.09747555871779495
                },
                "0xf7b8ee74b742390c61d756e9074f2d991fac8d47": {
                    "balance": 615982594362342244352,
                    "percentage_of_total_supply": 0.061598259436234225,
                    "percentage_of_circulating_supply": 0.07378769441280635
                },
                "0x360022ac41aaf560c89e500c197a3f523e46933b": {
                    "balance": 570456443547547664384,
                    "percentage_of_total_supply": 0.05704564435475477,
                    "percentage_of_circulating_supply": 0.06833418040955619
                },
                "0x3e05687151564f0cfa9fd3248bf51a3a8624e18d": {
                    "balance": 535454778400708493312,
                    "percentage_of_total_supply": 0.05354547784007085,
                    "percentage_of_circulating_supply": 0.06414137984111169
                },
                "0xc94faa8b73ce8d29f1dfb331bc31cdc751a791d4": {
                    "balance": 60462256221909827584,
                    "percentage_of_total_supply": 0.006046225622190983,
                    "percentage_of_circulating_supply": 0.0072426892033036075
                },
                "0x17b1b623f5e58fcf62d1e29736e4e19e1d8eb15b": {
                    "balance": 24002501038050414592,
                    "percentage_of_total_supply": 0.0024002501038050414,
                    "percentage_of_circulating_supply": 0.0028752260663666013
                },
                "0xbfff9e2d9611b9258e5e5e3e0a646803884f1f3b": {
                    "balance": 20404851990050381824,
                    "percentage_of_total_supply": 0.002040485199005038,
                    "percentage_of_circulating_supply": 0.002444268713045355
                },
                "0xe250d9255fc21eda461884ef740efd39f0e8f3dc": {
                    "balance": 17855483274307268608,
                    "percentage_of_total_supply": 0.001785548327430727,
                    "percentage_of_circulating_supply": 0.002138883396212575
                },
                "0x483bb5eb789cde8075076d3d99217395ae748a19": {
                    "balance": 14144581746417158144,
                    "percentage_of_total_supply": 0.0014144581746417158,
                    "percentage_of_circulating_supply": 0.0016943596865460291
                },
                "0x385dd0f0b7284483d1357bec12e2fe00c8dffef4": {
                    "balance": 9608499695175208960,
                    "percentage_of_total_supply": 0.0009608499695175209,
                    "percentage_of_circulating_supply": 0.0011509887548154963
                },
                "0x39c1864106a055a29961bf049e951319f5c66d9c": {
                    "balance": 8362487622323193856,
                    "percentage_of_total_supply": 0.0008362487622323193,
                    "percentage_of_circulating_supply": 0.0010017307093646384
                },
                "0x14d6af1133975b188daf48ea3c1e5e85c9d4cc6a": {
                    "balance": 8281759640146923520,
                    "percentage_of_total_supply": 0.0008281759640146924,
                    "percentage_of_circulating_supply": 0.000992060417161737
                },
                "0x739c441eaeb63f7598029cb41f03c9389cb94ca3": {
                    "balance": 6153868883985141760,
                    "percentage_of_total_supply": 0.0006153868883985143,
                    "percentage_of_circulating_supply": 0.0007371633562763753
                },
                "0xb9f661d38f6eeab9e4ac4b59d9cae44d9d3ae12f": {
                    "balance": 4861149005775937536,
                    "percentage_of_total_supply": 0.0004861149005775938,
                    "percentage_of_circulating_supply": 0.0005823102480754783
                },