{
    "token_address": "0x9E9bb8f68Ae23a253c79080964F4632dd1cf6aA7",
    "chain": "bsc",
    "token_name": "Lunacoin",
    "analyses": {
        "contract": {
            "contract_name": null,
            "compiler_version": null,
            "license_type": null,
            "implementation": null,
            "source_code": null,
            "abi": null,
            "verified": false,
            "owner": null,
            "creator": "0xb8a980ead38705dd098912fdd445df31f64eddee",
            "is_hidden_owner": true,
            "is_proxy": null,
            "is_sellable": true,
            "is_hardcoded_owner": null,
            "code_analysis": null
        },
        "holder": {
            "total_holders": 40,
            "holders_list": {
                "0xdee212284ad3d35d3a31f9edaeb54126c613bcb9": {
                    "balance": 1.43093e+23,
                    "percentage_of_total_supply": 1.4309,
                    "percentage_of_circulating_supply": 1.4309
                },
                "0xb21978424995ad00676fac64754049dfab6d0899": {
                    "balance": 2.3968894202014765e+22,
                    "percentage_of_total_supply": 0.2397,
                    "percentage_of_circulating_supply": 0.2397
                },
                "0x0962aa6e62ba0ac00045f6e7377faf7410447390": {
                    "balance": 1.687182717342572e+23,
                    "percentage_of_total_supply": 1.6872,
                    "percentage_of_circulating_supply": 1.6872
                },
                "0xeb171723c5fa911118e4decc88b21acb05fd6070": {
                    "balance": 6.527117131724974e+22,
                    "percentage_of_total_supply": 0.6527,
                    "percentage_of_circulating_supply": 0.6527
                },
                "0x2be87ad70cf11ea294d7c42044b5b8277a3e4874": {
                    "balance": 1.0896962116676311e+22,
                    "percentage_of_total_supply": 0.109,
                    "percentage_of_circulating_supply": 0.109
                },
                "0xc4498fa050c483273b8d1949a1fa0aacc99f774a": {
                    "balance": 5e+23,
                    "percentage_of_total_supply": 5.0,
                    "percentage_of_circulating_supply": 5.0
                },
                "0xd69f6318621c5c8ede89cb0172ac985a4d54c0b9": {
                    "balance": 1.1221077720065073e+23,
                    "percentage_of_total_supply": 1.1221,
                    "percentage_of_circulating_supply": 1.1221
                },
                "0x9f0d171b9087a5098882dca1a58ff8f40ba11233": {
                    "balance": 2.2565302048086074e+21,
                    "percentage_of_total_supply": 0.0226,
                    "percentage_of_circulating_supply": 0.0226
                },
                "0x29ef5ba066fcea0b5f904acac39003fc0d973d67": {
                    "balance": 1.1969658969233954e+22,
                    "percentage_of_total_supply": 0.1197,
                    "percentage_of_circulating_supply": 0.1197
                },
                "0x75ed387e63218f88240f7ca394613d71786e45f7": {
                    "balance": 3.074585106464943e+22,
                    "percentage_of_total_supply": 0.3075,
                    "percentage_of_circulating_supply": 0.3075
                },
                "0xdbf7d3fd19b5a2070e2fdb45b3a1ce0d8c14deb9": {
                    "balance": 1.5762756827269518e+22,
                    "percentage_of_total_supply": 0.1576,
                    "percentage_of_circulating_supply": 0.1576
                },
                "0x297afee2f08e626a169d754be1228817b47171d1": {
                    "balance": 5.670276550397139e+23,
                    "percentage_of_total_supply": 5.6703,
                    "percentage_of_circulating_supply": 5.6703
                },
                "0x39e0e1e0df0598f82c0fc329f1e53eacdf7aba10": {
                    "balance": 1.5946028471938613e+22,
                    "percentage_of_total_supply": 0.1595,
                    "percentage_of_circulating_supply": 0.1595
                },
                "0xe4cd21e0bda5f4ef242d8fee03ab372c0e950485": {
                    "balance": 2.254887443624309e+22,
                    "percentage_of_total_supply": 0.2255,
                    "percentage_of_circulating_supply": 0.2255
                },
                "0xcd2486ac97f099d6583a9f32841a849337547503": {
                    "balance": 1.4306131708937751e+23,
                    "percentage_of_total_supply": 1.4306,
                    "percentage_of_circulating_supply": 1.4306
                },
                "0xe555d2e7c27bfce199a2e8aeba63ee73c158d631": {
                    "balance": 5.278296442088135e+21,
                    "percentage_of_total_supply": 0.0528,
                    "percentage_of_circulating_supply": 0.0528
                },
                "0x6f75810d4e90d9eac81640e29103cd0ba774d1ea": {
                    "balance": 4.53901171165367e+22,
                    "percentage_of_total_supply": 0.4539,
                    "percentage_of_circulating_supply": 0.4539
                },
                "0x50f30444b58ffc3b02d06c5461c7ff64d690ff4c": {
                    "balance": 1.4596784206161466e+21,
                    "percentage_of_total_supply": 0.0146,
                    "percentage_of_circulating_supply": 0.0146
                },
                "0xaf15225212bb525ffb6d7db224912e405cd93963": {
                    "balance": 1.9148034417147163e+22,
                    "percentage_of_total_supply": 0.1915,
                    "percentage_of_circulating_supply": 0.1915
                },
                "0xab45cae9db43df8af50504b8024e250536fdc5fc": {
                    "balance": 8.621061113447378e+17,
                    "percentage_of_total_supply": 0.0,
                    "percentage_of_circulating_supply": 0.0
                },
                "0xccb051e8b55eec9a30421c542ad72a21ad0e50f4": {
                    "balance": 6.199457311275502e+21,
                    "percentage_of_total_supply": 0.062,
                    "percentage_of_circulating_supply": 0.062
                },
                "0xa905c9e83652eceff7b87d8c0cbdb1084852f0a8": {
                    "balance": 2.4363338975220033e+22,
                    "percentage_of_total_supply": 0.2436,
                    "percentage_of_circulating_supply": 0.2436
                },
                "0x3a4985fcfa8ed8c84521cf86a5c04faa9810055f": {
                    "balance": 3.02026686803644e+23,
                    "percentage_of_total_supply": 3.0203,
                    "percentage_of_circulating_supply": 3.0203
                },
                "0xcb692809bf98a8201648b3c81f7231230f5cdfb1": {
                    "balance": 2.491469063342929e+22,
                    "percentage_of_total_supply": 0.2491,
                    "percentage_of_circulating_supply": 0.2491
                },
                "0xc223a87b388a8a6e501fa3bdef212df35601be35": {
                    "balance": 8.077459226632032e+21,
                    "percentage_of_total_supply": 0.0808,
                    "percentage_of_circulating_supply": 0.0808
                },
                "0xab3530eccf9b79f02a76e402762b38268b58917d": {
                    "balance": 3.2574707587538387e+22,
                    "percentage_of_total_supply": 0.3257,
                    "percentage_of_circulating_supply": 0.3257
                },
                "0x547d04fc417a3655767b0fb924e7fcb360192788": {
                    "balance": 1.8527460536123608e+22,
                    "percentage_of_total_supply": 0.1853,
                    "percentage_of_circulating_supply": 0.1853
                },
                "0x6f89b13769453c3fa23256b053a4d8faaa04ac29": {
                    "balance": 491918163586772.0,
                    "percentage_of_total_supply": 0.0,
                    "percentage_of_circulating_supply": 0.0
                },