{
    "token_address": "0xa525312C92De34bc3310636EB91fd55a8d7D7Ed5",
    "chain": "bsc",
    "token_name": "Cash Driver",
    "analyses": {
        "contract": {
            "contract_name": null,
            "compiler_version": null,
            "license_type": null,
            "implementation": null,
            "source_code": null,
            "abi": null,
            "verified": false,
            "owner": "0xc4e0b7c75a0c9e92ca584a78d1f1d7caabdbf422",
            "creator": "0xc4e0b7c75a0c9e92ca584a78d1f1d7caabdbf422",
            "is_hidden_owner": false,
            "is_proxy": null,
            "is_sellable": true,
            "is_hardcoded_owner": null,
            "code_analysis": null
        },
        "holder": {
            "total_holders": 2,
            "holders_list": {
                "0x9a79f35956a1f4ee537f225d27b54aa485f7555c": {
                    "balance": 4,
                    "percentage_of_total_supply": 4e-13,
                    "percentage_of_circulating_supply": 3.9999999999999915e-13
                }
            },
            "total_supply": 1000000000000000,
            "total_circulating_supply": 1000000000000002,
            "owner": {
                "address": "0xc4e0b7c75a0c9e92ca584a78d1f1d7caabdbf422",
                "balance": 1000000000000000,
                "percentage_of_supply": 93.8567104945244,
                "exceeds_5_percent": true
            },
            "creator": {},
            "holders_exceeding_5_percent": [
                {
                    "address": "0xc4e0b7c75a0c9e92ca584a78d1f1d7caabdbf422",
                    "balance": 1000000000000000,
                    "percentage_of_supply": 99.9999999999998
                }
            ],
            "howmany_holders_exceeding_5_percent": 1,
            "top_10_holders": [
                {
                    "address": "0xc4e0b7c75a0c9e92ca584a78d1f1d7caabdbf422",
                    "balance": 1000000000000000,
                    "percentage_of_total_supply": 100.0,
                    "percentage_of_circulating_supply": 99.9999999999998
                },
                {
                    "address": "0x9a79f35956a1f4ee537f225d27b54aa485f7555c",
                    "balance": 4,
                    "percentage_of_total_supply": 4e-13,
                    "percentage_of_circulating_supply": 3.9999999999999915e-13
                }
            ],
            "total_top_10_balance": 1000000000000004,
            "top10_percentage_of_total_supply": 100.0000000000004,
            "top10_percentage_of_circulating_supply": 100.0000000000002,
            "top_10_less_than_70_percent_of_total": false,
            "top_10_less_than_70_percent_of_circulating": false
        },
        "liquidity": {
            "price_usd": 105.49307168989655,
            "liquidity_usd": 8.439445735191724e-16,
            "market_cap_usd": 1.0549307168989677e+17,
            "liquidity_to_market_cap_ratio": 7.999999999999984e-33,
            "token_volume": 0.0,
            "volume_usd": 0.0,
            "volume_to_liquidity_ratio": 0.0,
            "locked_liquidity_percent": 100.0,
            "locked_95_for_15_days": false,
            "creator_under_5_percent": false,
            "creator_percent_of_lp": 93.8567,
            "owner_under_5_percent": true,
            "owner_percent_of_lp": 0.0,
            "total_lp_supply": 1e-15,
            "lp_holders_count": 1,
            "lp_holders": [
                {
                    "address": "0x0000000000000000000000000000000000000000",
                    "balance": 1e-15,
                    "is_locked": true,
                    "percent": 1.0,
                    "tag": "Null Address"
                }
            ],
            "error": "Liquidity pool info could not be retrieved."
        },
        "security": {
            "warnings": null,
            "homany_warnings": 0,
            "suspicious_urls": null,
            "howmany_suspicious_urls": 0,
            "suspicious_addresses": null,
            "howmany_suspicious_addresses": 0,
            "error": "Security analysis data not available."
        },
        "lifecycle": {
            "token_age_seconds": 84724768.557969,
            "token_creation_date": "2022-11-27T18:16:37",
            "creation_to_first_trade_seconds": 0.0,
            "creation_to_first_trade_blocks": 0,
            "last_tx_hash": "0x99f5cb7bc4bf98977ed453d445ec6e725e56b7e2bae5dcfcc43d1cc148f40ed0",
            "last_active_age": "2024-09-26T14:32:46",
            "inactive_days": 311.7662283302199
        }
    },
    "errors": []
}