{
    "token_address": "0x2C9944E778eFB5A1e4D6c19D679EAc81A13987bB",
    "chain": "bsc",
    "token_name": "Tiger Champ",
    "analyses": {
        "contract": {
            "contract_name": null,
            "compiler_version": null,
            "license_type": null,
            "implementation": null,
            "source_code": null,
            "abi": null,
            "verified": false,
            "owner": "0x3f7c84d95269a03e9126db7571c63f26aa488ab5",
            "creator": "0x3f7c84d95269a03e9126db7571c63f26aa488ab5",
            "is_hidden_owner": false,
            "is_proxy": null,
            "is_sellable": true,
            "is_hardcoded_owner": null,
            "code_analysis": null
        },
        "holder": {
            "total_holders": 32,
            "holders_list": {
                "0x8fdedda60d2d946cc4f8f6b5d1d292d2f892e2da": {
                    "balance": 196004863297119441649664,
                    "percentage_of_total_supply": 19.600486329711945,
                    "percentage_of_circulating_supply": 24.403084890933936
                },
                "0x2d6fd820be90b23eb5d4fa909a29212e8bcf1fa9": {
                    "balance": 45316566684349537189888,
                    "percentage_of_total_supply": 4.5316566684349535,
                    "percentage_of_circulating_supply": 5.642023392488459
                },
                "0x693853f7eebae42077af92f596f8b89545f1c40a": {
                    "balance": 37179054813403351613440,
                    "percentage_of_total_supply": 3.7179054813403356,
                    "percentage_of_circulating_supply": 4.6288832609262185
                },
                "0x7db6a21c32ca5528a1b85776fc147b7ad5b4762e": {
                    "balance": 12429137381422352302080,
                    "percentage_of_total_supply": 1.2429137381422353,
                    "percentage_of_circulating_supply": 1.5474580045503776
                },
                "0x0ed943ce24baebf257488771759f9bf482c39706": {
                    "balance": 9863334583336884502528,
                    "percentage_of_total_supply": 0.9863334583336884,
                    "percentage_of_circulating_supply": 1.228009280463562
                },
                "0x52d96a78e51405e9ef7e3529d949c7d0599f2575": {
                    "balance": 2127719225236510736384,
                    "percentage_of_total_supply": 0.21277192252365107,
                    "percentage_of_circulating_supply": 0.26490624775370986
                },
                "0x5e3773713f0a20806168d633652b905ee7253f83": {
                    "balance": 2110100254210846359552,
                    "percentage_of_total_supply": 0.21101002542108466,
                    "percentage_of_circulating_supply": 0.2627126427665804
                },
                "0xb35c3f4dd092ac17ad6ce7152364ae65426438f9": {
                    "balance": 1493680449256623439872,
                    "percentage_of_total_supply": 0.14936804492566236,
                    "percentage_of_circulating_supply": 0.1859668693418252
                },
                "0xf809a4156b5abd7b74a94d8a99c93ccbdadb7d07": {
                    "balance": 1428341490572258705408,
                    "percentage_of_total_supply": 0.14283414905722586,
                    "percentage_of_circulating_supply": 0.1778320091723469
                },
                "0xaf7f185dbe709df645c1bceaaeda031483b6e000": {
                    "balance": 1130238285293901447168,
                    "percentage_of_total_supply": 0.11302382852939014,
                    "percentage_of_circulating_supply": 0.1407174309812956
                },
                "0x5f42fbbe2865839b686a14f597c22b96e0779e14": {
                    "balance": 1061011772259470016512,
                    "percentage_of_total_supply": 0.106101177225947,
                    "percentage_of_circulating_supply": 0.13209856078662222
                },
                "0x07048676f2af13ead18de6b43dcf2edbb29456ae": {
                    "balance": 855262172481607565312,
                    "percentage_of_total_supply": 0.08552621724816076,
                    "percentage_of_circulating_supply": 0.10648223236907806
                },
                "0xcea8e35011293e347062d14108a2fe3552d5dec7": {
                    "balance": 726869062626356756480,
                    "percentage_of_total_supply": 0.07268690626263567,
                    "percentage_of_circulating_supply": 0.09049697615398526
                },
                "0x402674514fd48583e535fb2a066ed2b324fc446f": {
                    "balance": 282965380773203247104,
                    "percentage_of_total_supply": 0.028296538077320327,
                    "percentage_of_circulating_supply": 0.03522988201438881
                },
                "0x99a1a5954b65cc5a568740022eb18108ff010d9b": {
                    "balance": 252038921581237796864,
                    "percentage_of_total_supply": 0.02520389215812378,
                    "percentage_of_circulating_supply": 0.031379462201623735
                },
                "0x03d2983b9a792b3882dede4d764253533af693b8": {
                    "balance": 225087478625044758528,
                    "percentage_of_total_supply": 0.022508747862504477,
                    "percentage_of_circulating_supply": 0.028023941632748094
                },
                "0xaf15225212bb525ffb6d7db224912e405cd93963": {
                    "balance": 185824492135462109184,
                    "percentage_of_total_supply": 0.018582449213546213,
                    "percentage_of_circulating_supply": 0.023135603781026238
                },
                "0x0a516aef95fb699ea5f39985cefd73be1da61939": {
                    "balance": 148116961298932793344,
                    "percentage_of_total_supply": 0.01481169612989328,
                    "percentage_of_circulating_supply": 0.01844092396261554
                },
                "0x98c1d69ba85d6e74002c6313f786561caf1b2928": {
                    "balance": 101005195370018209792,
                    "percentage_of_total_supply": 0.01010051953700182,
                    "percentage_of_circulating_supply": 0.012575393873281233
                },
                "0x8af7c29bad279322bb7aa0cc2522cbcb8cae3122": {
                    "balance": 96786654386049482752,
                    "percentage_of_total_supply": 0.009678665438604949,
                    "percentage_of_circulating_supply": 0.012050175202601517
                },
                "0xe218b3dc4307d9789cde63fed38b7dfc21816a13": {
                    "balance": 89203956392205893632,
                    "percentage_of_total_supply": 0.008920395639220589,
                    "percentage_of_circulating_supply": 0.011106110755763891
                },
                "0xa2a21586b0873b2e600ef0e6fa0de73816791024": {
                    "balance": 86547353181829480448,
                    "percentage_of_total_supply": 0.008654735318182949,
                    "percentage_of_circulating_supply": 0.010775357158257129
                },
                "0x71b783d0b8dfe8a725cfab408bdcf1ceb6bbab74": {
                    "balance": 49482295441365852160,
                    "percentage_of_total_supply": 0.004948229544136586,
                    "percentage_of_circulating_supply": 0.006160666811738597
                },
                "0x76587b3f8e0ec63cbad21d774247c8c0687c66fb": {
                    "balance": 23985417081982738432,
                    "percentage_of_total_supply": 0.002398541708198274,
                    "percentage_of_circulating_supply": 0.0029862430929012756
                },
                "0xa313a39cc732c2c1213e4fa8431263887c59211a": {
                    "balance": 13464770772720353280,
                    "percentage_of_total_supply": 0.0013464770772720353,
                    "percentage_of_circulating_supply": 0.0016763968948340369
                },