{
    "token_address": "0xb549Fe1Cbf68252461E8F723611c183bc4F5B118",
    "chain": "bsc",
    "token_name": "Champions of Galaxy",
    "analyses": {
        "contract": {
            "contract_name": null,
            "compiler_version": null,
            "license_type": null,
            "implementation": null,
            "source_code": null,
            "abi": null,
            "verified": false,
            "owner": "0xe3398ccba460a16ac0c1f55801e7324df8eae091",
            "creator": "0xe3398ccba460a16ac0c1f55801e7324df8eae091",
            "is_hidden_owner": false,
            "is_proxy": null,
            "is_sellable": true,
            "is_hardcoded_owner": null,
            "code_analysis": null
        },
        "holder": {
            "total_holders": 34,
            "holders_list": {
                "0x4361ce4dd3557f8e9cb5ce83e96cd2103e3e4813": {
                    "balance": 243895563655,
                    "percentage_of_total_supply": 2.43895563655e-07,
                    "percentage_of_circulating_supply": 2.43895563655e-07
                },
                "0xfd54fdc941d03edfcee963504d4eb72d26c71cc9": {
                    "balance": 33597506928,
                    "percentage_of_total_supply": 3.3597506928e-08,
                    "percentage_of_circulating_supply": 3.3597506928e-08
                },
                "0x3193be73921d6c0d0d19a4fe1b068a3d890aa0f0": {
                    "balance": 883530677,
                    "percentage_of_total_supply": 8.835306769999999e-10,
                    "percentage_of_circulating_supply": 8.835306769999999e-10
                },
                "0x009e0235e63b4a7e7c9b3821ba798292fa18f56d": {
                    "balance": 71510293558,
                    "percentage_of_total_supply": 7.1510293558e-08,
                    "percentage_of_circulating_supply": 7.1510293558e-08
                },
                "0xe5e44e00397eb31097724874666922e36330c7d8": {
                    "balance": 85374018758102,
                    "percentage_of_total_supply": 8.5374018758102e-05,
                    "percentage_of_circulating_supply": 8.5374018758102e-05
                },
                "0xe8fe84bec8e989be09469033e59e50f94bd5a819": {
                    "balance": 6221800936,
                    "percentage_of_total_supply": 6.221800936e-09,
                    "percentage_of_circulating_supply": 6.221800936e-09
                },
                "0x14953634efb9218d258f8a712572a48ecb0a876b": {
                    "balance": 15283569344,
                    "percentage_of_total_supply": 1.5283569344e-08,
                    "percentage_of_circulating_supply": 1.5283569344e-08
                },
                "0xa84c96cc43026ba4f828f6357ee89c82ceff1560": {
                    "balance": 17256457056,
                    "percentage_of_total_supply": 1.7256457055999998e-08,
                    "percentage_of_circulating_supply": 1.7256457055999998e-08
                },
                "0xf318440da96a5a21ad39c35c216e156361a803ed": {
                    "balance": 1207466901,
                    "percentage_of_total_supply": 1.207466901e-09,
                    "percentage_of_circulating_supply": 1.207466901e-09
                },
                "0x158c1f108ce8c866eea6d314715f241fa1c86434": {
                    "balance": 2151466678,
                    "percentage_of_total_supply": 2.151466678e-09,
                    "percentage_of_circulating_supply": 2.151466678e-09
                },
                "0xa6e2e6d3ac46bd9a9216976458d8e11e67933f68": {
                    "balance": 706965156,
                    "percentage_of_total_supply": 7.06965156e-10,
                    "percentage_of_circulating_supply": 7.06965156e-10
                },
                "0x5eef38e1abd84d800ad59eb18be507f4c02e2ee7": {
                    "balance": 58207236820,
                    "percentage_of_total_supply": 5.8207236820000005e-08,
                    "percentage_of_circulating_supply": 5.8207236820000005e-08
                },
                "0xab182ff7c1be679a1fcf8c7c32db1690e2941681": {
                    "balance": 3232473072,
                    "percentage_of_total_supply": 3.232473072e-09,
                    "percentage_of_circulating_supply": 3.232473072e-09
                },
                "0xb7facef0b675d40638834d49da7fbe694d681250": {
                    "balance": 1692037696,
                    "percentage_of_total_supply": 1.692037696e-09,
                    "percentage_of_circulating_supply": 1.692037696e-09
                },
                "0xa3db3935fe2877ccee6c5aed6eb395e705e0a9a4": {
                    "balance": 15700173004,
                    "percentage_of_total_supply": 1.5700173004e-08,
                    "percentage_of_circulating_supply": 1.5700173004e-08
                },
                "0x86855ea090ddfc612d508adbfbd45cb794810086": {
                    "balance": 1501530028,
                    "percentage_of_total_supply": 1.501530028e-09,
                    "percentage_of_circulating_supply": 1.501530028e-09
                },
                "0x3c1fb34f2c5e3ece54aa211752c16dfe4c1ce568": {
                    "balance": 3590572357,
                    "percentage_of_total_supply": 3.590572357e-09,
                    "percentage_of_circulating_supply": 3.590572357e-09
                },
                "0xacd038f3619cdea8c3769c5cddf91120a427b69b": {
                    "balance": 3364206558,
                    "percentage_of_total_supply": 3.3642065579999996e-09,
                    "percentage_of_circulating_supply": 3.3642065579999996e-09
                },
                "0x5808ac118aec67e42151888e9035ba58f191d5dd": {
                    "balance": 5192681624,
                    "percentage_of_total_supply": 5.1926816239999994e-09,
                    "percentage_of_circulating_supply": 5.1926816239999994e-09
                },
                "0x442bed00ffdff41cc38c0c17040d0ee854cde5c8": {
                    "balance": 200408365,
                    "percentage_of_total_supply": 2.0040836500000002e-10,
                    "percentage_of_circulating_supply": 2.0040836500000002e-10
                },
                "0x240b26c4074b77969b1f7880d9fe0ea04653ac3a": {
                    "balance": 16972960112,
                    "percentage_of_total_supply": 1.6972960112e-08,
                    "percentage_of_circulating_supply": 1.6972960112e-08
                },
                "0x238249b91b689cf321b85ef2554734c383375a19": {
                    "balance": 2876890346,
                    "percentage_of_total_supply": 2.876890346e-09,
                    "percentage_of_circulating_supply": 2.876890346e-09
                },
                "0xab245862c677ec2c84285010d31b5a29e7ef7fd5": {
                    "balance": 1,
                    "percentage_of_total_supply": 9.999999999999999e-19,
                    "percentage_of_circulating_supply": 9.999999999999999e-19
                },
                "0x6d77bebcbb92af7f01b046a713229cd39a765af0": {
                    "balance": 128809428849,
                    "percentage_of_total_supply": 1.2880942884899999e-07,
                    "percentage_of_circulating_supply": 1.2880942884899999e-07
                },
                "0xa8dd4b7a4b35a4190de7d7f8ab501e6dd1608f57": {
                    "balance": 227004083394,
                    "percentage_of_total_supply": 2.2700408339400002e-07,
                    "percentage_of_circulating_supply": 2.2700408339400002e-07
                },
                "0x15673fcecaa79c82c20814e705ba5b5414d01de1": {
                    "balance": 43996995574,
                    "percentage_of_total_supply": 4.3996995574e-08,
                    "percentage_of_circulating_supply": 4.3996995574e-08
                },
                "0x05605cc7ed213985907b5e767aefa0b491edecd9": {
                    "balance": 171962738491,