{
    "token_address": "0x4e5A11f9C405A7751bD0Cba892bf4265b1a19bd4",
    "chain": "bsc",
    "token_name": "AuroraVault Token",
    "analyses": {
        "contract": {
            "contract_name": null,
            "compiler_version": null,
            "license_type": null,
            "implementation": null,
            "source_code": null,
            "abi": null,
            "verified": false,
            "owner": "0x57a09a60d5cca2872c5a272ef4a3bd1b64977859",
            "creator": "0x57a09a60d5cca2872c5a272ef4a3bd1b64977859",
            "is_hidden_owner": false,
            "is_proxy": null,
            "is_sellable": true,
            "is_hardcoded_owner": null,
            "code_analysis": null
        },
        "holder": {
            "total_holders": 15,
            "holders_list": {
                "0xcae47a3f6a0538baf2e5e68c321363884dabd8ee": {
                    "balance": 824535550957,
                    "percentage_of_total_supply": 8.24535550957e-07,
                    "percentage_of_circulating_supply": 8.24535550957e-07
                },
                "0xf2dcd2092fb1b36244ef63d71c60557fdd164c9b": {
                    "balance": 828278805997,
                    "percentage_of_total_supply": 8.28278805997e-07,
                    "percentage_of_circulating_supply": 8.28278805997e-07
                },
                "0xca808a678651b16e2f15ecd090b5b292b4b693a2": {
                    "balance": 556524597261,
                    "percentage_of_total_supply": 5.565245972609999e-07,
                    "percentage_of_circulating_supply": 5.565245972609999e-07
                },
                "0x08e0d054cc2e8aca872d0fda7008931b6b347324": {
                    "balance": 15146193761045,
                    "percentage_of_total_supply": 1.5146193761045e-05,
                    "percentage_of_circulating_supply": 1.5146193761045e-05
                },
                "0x090c9432bfbac2ff8265fee387bca2aba953c366": {
                    "balance": 34908875233,
                    "percentage_of_total_supply": 3.4908875233000005e-08,
                    "percentage_of_circulating_supply": 3.4908875233000005e-08
                },
                "0x13c58d39b9d358660887fb27685c415736b1bf93": {
                    "balance": 51617264888,
                    "percentage_of_total_supply": 5.1617264888e-08,
                    "percentage_of_circulating_supply": 5.1617264888e-08
                },
                "0x8041f6a46fccc2a38b037e22c0fd33735553fbea": {
                    "balance": 3900079982810,
                    "percentage_of_total_supply": 3.9000799828099996e-06,
                    "percentage_of_circulating_supply": 3.9000799828099996e-06
                },
                "0x87de7bc9dea510c58e24d17ed0269af5e79b7189": {
                    "balance": 68474052365,
                    "percentage_of_total_supply": 6.8474052365e-08,
                    "percentage_of_circulating_supply": 6.8474052365e-08
                },
                "0x08b7b0d7f6d10a01ecfbccd06b13458637117f9d": {
                    "balance": 3,
                    "percentage_of_total_supply": 3.0000000000000002e-18,
                    "percentage_of_circulating_supply": 3.0000000000000002e-18
                },
                "0xf3871e9cb9c0467c57b476828b94b7c799558dac": {
                    "balance": 10654567479903,
                    "percentage_of_total_supply": 1.0654567479903e-05,
                    "percentage_of_circulating_supply": 1.0654567479903e-05
                },
                "0x21b336a27d3d12049a60a1bee56dc0c4b36d708b": {
                    "balance": 5969650314480,
                    "percentage_of_total_supply": 5.96965031448e-06,
                    "percentage_of_circulating_supply": 5.96965031448e-06
                },
                "0x0ed943ce24baebf257488771759f9bf482c39706": {
                    "balance": 46181024243,
                    "percentage_of_total_supply": 4.6181024243000004e-08,
                    "percentage_of_circulating_supply": 4.6181024243000004e-08
                },
                "0xbbb733b59c5f3ec8120d9df1b0c7d992e7ca9627": {
                    "balance": 574545940687,
                    "percentage_of_total_supply": 5.74545940687e-07,
                    "percentage_of_circulating_supply": 5.74545940687e-07
                },
                "0xddb9148e11d3f795ff76648f5126c7f49fb64f47": {
                    "balance": 99395843501456,
                    "percentage_of_total_supply": 9.939584350145601e-05,
                    "percentage_of_circulating_supply": 9.939584350145601e-05
                }
            },
            "total_supply": 100000000000000000000,
            "total_circulating_supply": 100000000000000000000,
            "owner": {
                "address": "0x57a09a60d5cca2872c5a272ef4a3bd1b64977859",
                "balance": 99999861948598848672,
                "percentage_of_supply": 99.99986194859885,
                "exceeds_5_percent": true
            },
            "creator": {},
            "holders_exceeding_5_percent": [
                {
                    "address": "0x57a09a60d5cca2872c5a272ef4a3bd1b64977859",
                    "balance": 99999861948598848672,
                    "percentage_of_supply": 99.99986194859885
                }
            ],
            "howmany_holders_exceeding_5_percent": 1,
            "top_10_holders": [
                {
                    "address": "0x57a09a60d5cca2872c5a272ef4a3bd1b64977859",
                    "balance": 99999861948598848672,
                    "percentage_of_total_supply": 99.99986194859885,
                    "percentage_of_circulating_supply": 99.99986194859885
                },
                {
                    "address": "0xddb9148e11d3f795ff76648f5126c7f49fb64f47",
                    "balance": 99395843501456,
                    "percentage_of_total_supply": 9.939584350145601e-05,
                    "percentage_of_circulating_supply": 9.939584350145601e-05
                },
                {
                    "address": "0x08e0d054cc2e8aca872d0fda7008931b6b347324",
                    "balance": 15146193761045,
                    "percentage_of_total_supply": 1.5146193761045e-05,
                    "percentage_of_circulating_supply": 1.5146193761045e-05
                },
                {
                    "address": "0xf3871e9cb9c0467c57b476828b94b7c799558dac",
                    "balance": 10654567479903,
                    "percentage_of_total_supply": 1.0654567479903e-05,
                    "percentage_of_circulating_supply": 1.0654567479903e-05
                },
                {
                    "address": "0x21b336a27d3d12049a60a1bee56dc0c4b36d708b",
                    "balance": 5969650314480,
                    "percentage_of_total_supply": 5.96965031448e-06,
                    "percentage_of_circulating_supply": 5.96965031448e-06
                },
                {
                    "address": "0x8041f6a46fccc2a38b037e22c0fd33735553fbea",
                    "balance": 3900079982810,
                    "percentage_of_total_supply": 3.9000799828099996e-06,
                    "percentage_of_circulating_supply": 3.9000799828099996e-06
                },
                {
                    "address": "0xf2dcd2092fb1b36244ef63d71c60557fdd164c9b",
                    "balance": 828278805997,
                    "percentage_of_total_supply": 8.28278805997e-07,
                    "percentage_of_circulating_supply": 8.28278805997e-07
                },
                {
                    "address": "0xcae47a3f6a0538baf2e5e68c321363884dabd8ee",
                    "balance": 824535550957,
                    "percentage_of_total_supply": 8.24535550957e-07,
                    "percentage_of_circulating_supply": 8.24535550957e-07
                },
                {
                    "address": "0xbbb733b59c5f3ec8120d9df1b0c7d992e7ca9627",