{
    "token_address": "0xc7EE0E3976B83A1E1378f79B09b93b8075c19a95",
    "chain": "bsc",
    "token_name": "THUNDER",
    "analyses": {
        "contract": {
            "contract_name": null,
            "compiler_version": null,
            "license_type": null,
            "implementation": null,
            "source_code": null,
            "abi": null,
            "verified": false,
            "owner": "0x126b03a3d9e2a9f4df3e1d4fec8ad4f9844e38b0",
            "creator": "0x126b03a3d9e2a9f4df3e1d4fec8ad4f9844e38b0",
            "is_hidden_owner": false,
            "is_proxy": null,
            "is_sellable": false,
            "is_hardcoded_owner": null,
            "code_analysis": null
        },
        "holder": {
            "total_holders": 9,
            "holders_list": {
                "0xcd88d7573818abe26b02f4bf19c4db44aff3c591": {
                    "balance": 973387087018965690238,
                    "percentage_of_total_supply": 0.19467741740379313,
                    "percentage_of_circulating_supply": 0.19467741740379313
                },
                "0x329c26234425f02daf9d518f0c39317b957bb16d": {
                    "balance": 1316435,
                    "percentage_of_total_supply": 2.6328700000000003e-16,
                    "percentage_of_circulating_supply": 2.6328700000000003e-16
                },
                "0xc9cfc2befd66d7c1eb6e249aded54e28f0abe5e2": {
                    "balance": 36370748834713179635123,
                    "percentage_of_total_supply": 7.274149766942636,
                    "percentage_of_circulating_supply": 7.274149766942636
                },
                "0x2be87ad70cf11ea294d7c42044b5b8277a3e4874": {
                    "balance": 18982447223372652684,
                    "percentage_of_total_supply": 0.0037964894446745304,
                    "percentage_of_circulating_supply": 0.0037964894446745304
                },
                "0x1bc8453e7537235c570687113230a2375902826b": {
                    "balance": 5824562268554251598594,
                    "percentage_of_total_supply": 1.1649124537108504,
                    "percentage_of_circulating_supply": 1.1649124537108504
                },
                "0x5e3773713f0a20806168d633652b905ee7253f83": {
                    "balance": 2846063151991987304434,
                    "percentage_of_total_supply": 0.5692126303983974,
                    "percentage_of_circulating_supply": 0.5692126303983974
                },
                "0xd7deedefbff557374832c4b0a599d28bef3dd0c8": {
                    "balance": 11725274584830340471113,
                    "percentage_of_total_supply": 2.345054916966068,
                    "percentage_of_circulating_supply": 2.345054916966068
                },
                "0x0ed943ce24baebf257488771759f9bf482c39706": {
                    "balance": 1677661552933112236340,
                    "percentage_of_total_supply": 0.3355323105866225,
                    "percentage_of_circulating_supply": 0.3355323105866225
                }
            },
            "total_supply": 500000000000000000000000,
            "total_circulating_supply": 500000000000000000000000,
            "owner": {
                "address": "0x126b03a3d9e2a9f4df3e1d4fec8ad4f9844e38b0",
                "balance": 440563320072734789095039,
                "percentage_of_supply": 88.11266401454697,
                "exceeds_5_percent": true
            },
            "creator": {},
            "holders_exceeding_5_percent": [
                {
                    "address": "0x126b03a3d9e2a9f4df3e1d4fec8ad4f9844e38b0",
                    "balance": 440563320072734789095039,
                    "percentage_of_supply": 88.11266401454697
                },
                {
                    "address": "0xc9cfc2befd66d7c1eb6e249aded54e28f0abe5e2",
                    "balance": 36370748834713179635123,
                    "percentage_of_supply": 7.274149766942636
                }
            ],
            "howmany_holders_exceeding_5_percent": 2,
            "top_10_holders": [
                {
                    "address": "0x126b03a3d9e2a9f4df3e1d4fec8ad4f9844e38b0",
                    "balance": 440563320072734789095039,
                    "percentage_of_total_supply": 88.11266401454697,
                    "percentage_of_circulating_supply": 88.11266401454697
                },
                {
                    "address": "0xc9cfc2befd66d7c1eb6e249aded54e28f0abe5e2",
                    "balance": 36370748834713179635123,
                    "percentage_of_total_supply": 7.274149766942636,
                    "percentage_of_circulating_supply": 7.274149766942636
                },
                {
                    "address": "0xd7deedefbff557374832c4b0a599d28bef3dd0c8",
                    "balance": 11725274584830340471113,
                    "percentage_of_total_supply": 2.345054916966068,
                    "percentage_of_circulating_supply": 2.345054916966068
                },
                {
                    "address": "0x1bc8453e7537235c570687113230a2375902826b",
                    "balance": 5824562268554251598594,
                    "percentage_of_total_supply": 1.1649124537108504,
                    "percentage_of_circulating_supply": 1.1649124537108504
                },
                {
                    "address": "0x5e3773713f0a20806168d633652b905ee7253f83",
                    "balance": 2846063151991987304434,
                    "percentage_of_total_supply": 0.5692126303983974,
                    "percentage_of_circulating_supply": 0.5692126303983974
                },
                {
                    "address": "0x0ed943ce24baebf257488771759f9bf482c39706",
                    "balance": 1677661552933112236340,
                    "percentage_of_total_supply": 0.3355323105866225,
                    "percentage_of_circulating_supply": 0.3355323105866225
                },
                {
                    "address": "0xcd88d7573818abe26b02f4bf19c4db44aff3c591",
                    "balance": 973387087018965690238,
                    "percentage_of_total_supply": 0.19467741740379313,
                    "percentage_of_circulating_supply": 0.19467741740379313
                },
                {
                    "address": "0x2be87ad70cf11ea294d7c42044b5b8277a3e4874",
                    "balance": 18982447223372652684,
                    "percentage_of_total_supply": 0.0037964894446745304,
                    "percentage_of_circulating_supply": 0.0037964894446745304
                },
                {
                    "address": "0x329c26234425f02daf9d518f0c39317b957bb16d",
                    "balance": 1316435,
                    "percentage_of_total_supply": 2.6328700000000003e-16,
                    "percentage_of_circulating_supply": 2.6328700000000003e-16
                }
            ],
            "total_top_10_balance": 500000000000000000000000,
            "top10_percentage_of_total_supply": 100.0,
            "top10_percentage_of_circulating_supply": 100.0,
            "top_10_less_than_70_percent_of_total": false,
            "top_10_less_than_70_percent_of_circulating": false
        },
        "liquidity": {
            "price_usd": 1.0059187700194202e-09,
            "liquidity_usd": 2.6484533520210308e-21,
            "market_cap_usd": 502959385009710.1,
            "liquidity_to_market_cap_ratio": 5.2657399999999996e-36,
            "token_volume": 0.0,
            "volume_usd": 0.0,
            "volume_to_liquidity_ratio": 0.0,
            "locked_liquidity_percent": 100.0,
            "locked_95_for_15_days": false,
            "creator_under_5_percent": false,
            "creator_percent_of_lp": 88.1127,
            "owner_under_5_percent": true,
            "owner_percent_of_lp": 0.0,
            "total_lp_supply": 1e-15,
            "lp_holders_count": 1,