{
    "token_address": "0x38166eb5662A56715a40Ab12cf0df4778282B147",
    "chain": "bsc",
    "token_name": "Cracker",
    "analyses": {
        "contract": {
            "contract_name": null,
            "compiler_version": null,
            "license_type": null,
            "implementation": null,
            "source_code": null,
            "abi": null,
            "verified": false,
            "owner": null,
            "creator": "0xf66268a7cf437e867e62f0dea15eded87cd3488c",
            "is_hidden_owner": true,
            "is_proxy": null,
            "is_sellable": true,
            "is_hardcoded_owner": null,
            "code_analysis": null
        },
        "holder": {
            "total_holders": 11,
            "holders_list": {
                "0x8a59b144cb8594897788c68416fbb5c8511a6d64": {
                    "balance": 9.882922908493506e+25,
                    "percentage_of_total_supply": 98.8292,
                    "percentage_of_circulating_supply": 98.8729
                },
                "0xdd3ce90ead90a87dfc3c8a67c3d33a4c18407278": {
                    "balance": 7.2031755e+23,
                    "percentage_of_total_supply": 0.7203,
                    "percentage_of_circulating_supply": 0.7206
                },
                "0xc3afd5f5ab4e038a1397483f4878f44060501092": {
                    "balance": 2.1815718507829266e+23,
                    "percentage_of_total_supply": 0.2182,
                    "percentage_of_circulating_supply": 0.2183
                },
                "0x1f55cb0cfb8d347e7f01be8252f370d261d44d71": {
                    "balance": 1.06299372e+23,
                    "percentage_of_total_supply": 0.1063,
                    "percentage_of_circulating_supply": 0.1063
                },
                "0x0ed943ce24baebf257488771759f9bf482c39706": {
                    "balance": 1.7968980187157124e+22,
                    "percentage_of_total_supply": 0.018,
                    "percentage_of_circulating_supply": 0.018
                },
                "0x72cf85e195eb7af2bb90ed00ac2c6f0a0ed0c604": {
                    "balance": 1.4020352629202682e+22,
                    "percentage_of_total_supply": 0.014,
                    "percentage_of_circulating_supply": 0.014
                },
                "0x2a4c05c68351cef186c45c1a36b9f114a6567f7b": {
                    "balance": 5.57628e+21,
                    "percentage_of_total_supply": 0.0056,
                    "percentage_of_circulating_supply": 0.0056
                },
                "0xd3064e753bd2ac3a1f2e5952131cdf27f6122909": {
                    "balance": 6.278897839030493e+19,
                    "percentage_of_total_supply": 0.0001,
                    "percentage_of_circulating_supply": 0.0001
                },
                "0xfdc25d9234ac1144d622a064f5f1dd1125327528": {
                    "balance": 3e+17,
                    "percentage_of_total_supply": 0.0,
                    "percentage_of_circulating_supply": 0.0
                },
                "0xfdb7149e27d7e43dd668d72dc9dc1ae69c8297f0": {
                    "balance": 100396623160.0,
                    "percentage_of_total_supply": 0.0,
                    "percentage_of_circulating_supply": 0.0
                },
                "0x72232ddfe00f714ea7969aab2971e4c6683812ab": {
                    "balance": 29592393.0,
                    "percentage_of_total_supply": 0.0,
                    "percentage_of_circulating_supply": 0.0
                }
            },
            "total_supply": 1e+26,
            "total_circulating_supply": 9.99558159469041e+25,
            "owner": {},
            "creator": {},
            "holders_exceeding_5_percent": [
                {
                    "address": "0x8a59b144cb8594897788c68416fbb5c8511a6d64",
                    "balance": 9.882922908493506e+25,
                    "percentage_of_supply": 98.8729
                }
            ],
            "howmany_holders_exceeding_5_percent": 1,
            "top_10_holders": [
                {
                    "address": "0x8a59b144cb8594897788c68416fbb5c8511a6d64",
                    "balance": 9.882922908493506e+25,
                    "percentage_of_total_supply": 98.8292,
                    "percentage_of_circulating_supply": 98.8729
                },
                {
                    "address": "0xdd3ce90ead90a87dfc3c8a67c3d33a4c18407278",
                    "balance": 7.2031755e+23,
                    "percentage_of_total_supply": 0.7203,
                    "percentage_of_circulating_supply": 0.7206
                },
                {
                    "address": "0xc3afd5f5ab4e038a1397483f4878f44060501092",
                    "balance": 2.1815718507829266e+23,
                    "percentage_of_total_supply": 0.2182,
                    "percentage_of_circulating_supply": 0.2183
                },
                {
                    "address": "0x1f55cb0cfb8d347e7f01be8252f370d261d44d71",
                    "balance": 1.06299372e+23,
                    "percentage_of_total_supply": 0.1063,
                    "percentage_of_circulating_supply": 0.1063
                },
                {
                    "address": "0x0ed943ce24baebf257488771759f9bf482c39706",
                    "balance": 1.7968980187157124e+22,
                    "percentage_of_total_supply": 0.018,
                    "percentage_of_circulating_supply": 0.018
                },
                {
                    "address": "0x72cf85e195eb7af2bb90ed00ac2c6f0a0ed0c604",
                    "balance": 1.4020352629202682e+22,
                    "percentage_of_total_supply": 0.014,
                    "percentage_of_circulating_supply": 0.014
                },
                {
                    "address": "0x2a4c05c68351cef186c45c1a36b9f114a6567f7b",
                    "balance": 5.57628e+21,
                    "percentage_of_total_supply": 0.0056,
                    "percentage_of_circulating_supply": 0.0056
                },
                {
                    "address": "0xd3064e753bd2ac3a1f2e5952131cdf27f6122909",
                    "balance": 6.278897839030493e+19,
                    "percentage_of_total_supply": 0.0001,
                    "percentage_of_circulating_supply": 0.0001
                },
                {
                    "address": "0xfdc25d9234ac1144d622a064f5f1dd1125327528",
                    "balance": 3e+17,
                    "percentage_of_total_supply": 0.0,
                    "percentage_of_circulating_supply": 0.0
                },
                {
                    "address": "0xfdb7149e27d7e43dd668d72dc9dc1ae69c8297f0",
                    "balance": 100396623160.0,
                    "percentage_of_total_supply": 0.0,
                    "percentage_of_circulating_supply": 0.0
                }
            ],
            "total_top_10_balance": 9.991163189380821e+25,
            "top10_percentage_of_total_supply": 99.9116,
            "top10_percentage_of_circulating_supply": 99.9558,
            "top_10_less_than_70_percent_of_total": false,
            "top_10_less_than_70_percent_of_circulating": false
        },
        "liquidity": {
            "price_usd": 1.0792331823210387e-09,
            "liquidity_usd": 1.3552789792571145e-07,
            "market_cap_usd": 1.0787563333587334e+17,
            "liquidity_to_market_cap_ratio": 1.2563346673825972e-24,
            "token_volume": 0.0,
            "volume_usd": 0.0,
            "volume_to_liquidity_ratio": 0.0,
            "locked_liquidity_percent": 0.0,
            "locked_95_for_15_days": false,
            "creator_under_5_percent": true,
            "creator_percent_of_lp": 0.0,
            "owner_under_5_percent": true,
            "owner_percent_of_lp": 0.0,
            "total_lp_supply": 0.05901667683448999,
            "lp_holders_count": 2,