{
    "token_address": "0x6a01F759212FAB51a1aB1C0cEE02F8AE1cbD79EE",
    "chain": "bsc",
    "token_name": "Super Duck",
    "analyses": {
        "contract": {
            "contract_name": null,
            "compiler_version": null,
            "license_type": null,
            "implementation": null,
            "source_code": null,
            "abi": null,
            "verified": false,
            "owner": null,
            "creator": "0x6b79a54b6d30e71eab11c1a05f0d5687b384c7ac",
            "is_hidden_owner": true,
            "is_proxy": null,
            "is_sellable": true,
            "is_hardcoded_owner": null,
            "code_analysis": null
        },
        "holder": {
            "total_holders": 8,
            "holders_list": {
                "0x63ec542abe49aee76bd69fd9054f6894619eabe6": {
                    "balance": 4.1711041188377165e+28,
                    "percentage_of_total_supply": 0.4171,
                    "percentage_of_circulating_supply": 0.4171
                },
                "0x936cf44ca3fe443ed62564df3e13107fc4a8bbdc": {
                    "balance": 2.242949461631657e+28,
                    "percentage_of_total_supply": 0.2243,
                    "percentage_of_circulating_supply": 0.2243
                },
                "0x5e3773713f0a20806168d633652b905ee7253f83": {
                    "balance": 2.9259103966212154e+27,
                    "percentage_of_total_supply": 0.0293,
                    "percentage_of_circulating_supply": 0.0293
                },
                "0x9ac86daa132e13d246f7181b4e62f0d6eeb387c9": {
                    "balance": 1.9690047043606878e+27,
                    "percentage_of_total_supply": 0.0197,
                    "percentage_of_circulating_supply": 0.0197
                },
                "0xcb692809bf98a8201648b3c81f7231230f5cdfb1": {
                    "balance": 1.9607935898853242e+27,
                    "percentage_of_total_supply": 0.0196,
                    "percentage_of_circulating_supply": 0.0196
                },
                "0x2be87ad70cf11ea294d7c42044b5b8277a3e4874": {
                    "balance": 1.9404892024748e+27,
                    "percentage_of_total_supply": 0.0194,
                    "percentage_of_circulating_supply": 0.0194
                },
                "0xc353db872d596b2ce0d5dac45eceafee6e523a4c": {
                    "balance": 7.017369580563124e+25,
                    "percentage_of_total_supply": 0.0007,
                    "percentage_of_circulating_supply": 0.0007
                }
            },
            "total_supply": 1e+31,
            "total_circulating_supply": 1e+31,
            "owner": {},
            "creator": {
                "address": "0x6b79a54b6d30e71eab11c1a05f0d5687b384c7ac",
                "balance": 9.926993092606159e+30,
                "percentage_of_supply": 99.2699,
                "exceeds_5_percent": true
            },
            "holders_exceeding_5_percent": [
                {
                    "address": "0x6b79a54b6d30e71eab11c1a05f0d5687b384c7ac",
                    "balance": 9.926993092606159e+30,
                    "percentage_of_supply": 99.2699
                }
            ],
            "howmany_holders_exceeding_5_percent": 1,
            "top_10_holders": [
                {
                    "address": "0x6b79a54b6d30e71eab11c1a05f0d5687b384c7ac",
                    "balance": 9.926993092606159e+30,
                    "percentage_of_total_supply": 99.2699,
                    "percentage_of_circulating_supply": 99.2699
                },
                {
                    "address": "0x63ec542abe49aee76bd69fd9054f6894619eabe6",
                    "balance": 4.1711041188377165e+28,
                    "percentage_of_total_supply": 0.4171,
                    "percentage_of_circulating_supply": 0.4171
                },
                {
                    "address": "0x936cf44ca3fe443ed62564df3e13107fc4a8bbdc",
                    "balance": 2.242949461631657e+28,
                    "percentage_of_total_supply": 0.2243,
                    "percentage_of_circulating_supply": 0.2243
                },
                {
                    "address": "0x5e3773713f0a20806168d633652b905ee7253f83",
                    "balance": 2.9259103966212154e+27,
                    "percentage_of_total_supply": 0.0293,
                    "percentage_of_circulating_supply": 0.0293
                },
                {
                    "address": "0x9ac86daa132e13d246f7181b4e62f0d6eeb387c9",
                    "balance": 1.9690047043606878e+27,
                    "percentage_of_total_supply": 0.0197,
                    "percentage_of_circulating_supply": 0.0197
                },
                {
                    "address": "0xcb692809bf98a8201648b3c81f7231230f5cdfb1",
                    "balance": 1.9607935898853242e+27,
                    "percentage_of_total_supply": 0.0196,
                    "percentage_of_circulating_supply": 0.0196
                },
                {
                    "address": "0x2be87ad70cf11ea294d7c42044b5b8277a3e4874",
                    "balance": 1.9404892024748e+27,
                    "percentage_of_total_supply": 0.0194,
                    "percentage_of_circulating_supply": 0.0194
                },
                {
                    "address": "0xc353db872d596b2ce0d5dac45eceafee6e523a4c",
                    "balance": 7.017369580563124e+25,
                    "percentage_of_total_supply": 0.0007,
                    "percentage_of_circulating_supply": 0.0007
                }
            ],
            "total_top_10_balance": 1e+31,
            "top10_percentage_of_total_supply": 100.0,
            "top10_percentage_of_circulating_supply": 100.0,
            "top_10_less_than_70_percent_of_total": false,
            "top_10_less_than_70_percent_of_circulating": false
        },
        "liquidity": {
            "price_usd": 1.249979016371312e-15,
            "liquidity_usd": 1.7543129451652523e-07,
            "market_cap_usd": 1.249979016371312e+16,
            "liquidity_to_market_cap_ratio": 1.403473916112625e-23,
            "token_volume": 185876205523.94687,
            "volume_usd": 0.00023234135654765496,
            "volume_to_liquidity_ratio": 1324.400855548432,
            "locked_liquidity_percent": 0.0,
            "locked_95_for_15_days": false,
            "creator_under_5_percent": false,
            "creator_percent_of_lp": 99.2699,
            "owner_under_5_percent": true,
            "owner_percent_of_lp": 0.0,
            "total_lp_supply": 71.81565181474737,
            "lp_holders_count": 2,
            "lp_holders": [
                {
                    "address": "0x8cc7bc33f5188b1fb683bedc4dbffa77b136833b",
                    "balance": 71.81565181474737,
                    "is_locked": false,
                    "percent": 1.0,
                    "tag": ""
                },
                {
                    "address": "0x0000000000000000000000000000000000000000",
                    "balance": 1e-15,
                    "is_locked": true,
                    "percent": 1.3e-17,
                    "tag": "Null Address"
                }
            ]
        },
        "security": {
            "warnings": null,
            "homany_warnings": 0,
            "suspicious_urls": null,
            "howmany_suspicious_urls": 0,
            "suspicious_addresses": null,
            "howmany_suspicious_addresses": 0,
            "error": "Security analysis data not available."
        },
        "lifecycle": {
            "token_age_seconds": 127182989.2838,
            "token_creation_date": "2021-07-24T12:09:31",
            "creation_to_first_trade_seconds": 0.0,
            "creation_to_first_trade_blocks": 0,
            "last_tx_hash": "0xf5e413fef687ecf51c1664dc1fc852b5c01d03dbc8a62b77325bcc2f1bae8ad2",
            "last_active_age": "2021-07-24T18:01:06",