{
    "token_address": "0x4E3AdF7eCE6A1c6076FF1dfDAfe8dbD877b3D425",
    "chain": "bsc",
    "token_name": "Defi Yield Token",
    "analyses": {
        "contract": {
            "contract_name": null,
            "compiler_version": null,
            "license_type": null,
            "implementation": null,
            "source_code": null,
            "abi": null,
            "verified": false,
            "owner": "0x7bd1fa41ce58aa29199c3edbfd9946db22a5a0d0",
            "creator": "0x7bd1fa41ce58aa29199c3edbfd9946db22a5a0d0",
            "is_hidden_owner": false,
            "is_proxy": null,
            "is_sellable": true,
            "is_hardcoded_owner": null,
            "code_analysis": null
        },
        "holder": {
            "total_holders": 30,
            "holders_list": {
                "0xfc8124f89dc7da2cbeebc92f91094a5529cada6d": {
                    "balance": 7.964126933672848e+31,
                    "percentage_of_total_supply": 7.9641,
                    "percentage_of_circulating_supply": 7.9641
                },
                "0x71708a730cd30a9b7c55beb6469d4c3b7ecc5380": {
                    "balance": 5.921956908852197e+31,
                    "percentage_of_total_supply": 5.922,
                    "percentage_of_circulating_supply": 5.922
                },
                "0xa7db6fe7e9fe1e59131b046edea37d4f506d9155": {
                    "balance": 5.87960954809319e+31,
                    "percentage_of_total_supply": 5.8796,
                    "percentage_of_circulating_supply": 5.8796
                },
                "0x9e545e7c4203b83ee316b3cdb1fa11c4a3aa5de1": {
                    "balance": 5.467469507346896e+31,
                    "percentage_of_total_supply": 5.4675,
                    "percentage_of_circulating_supply": 5.4675
                },
                "0x5009b94d49779f9c948211f0843bb3d7b4ee2d3d": {
                    "balance": 3.943611930446119e+31,
                    "percentage_of_total_supply": 3.9436,
                    "percentage_of_circulating_supply": 3.9436
                },
                "0x3af22961d4475bcf69bb31b5b9aac94a5529732c": {
                    "balance": 3.459975842766409e+31,
                    "percentage_of_total_supply": 3.46,
                    "percentage_of_circulating_supply": 3.46
                },
                "0x1f8da8ee637dc4f5aa66cfacd6053f689772e065": {
                    "balance": 2.9313589192585726e+31,
                    "percentage_of_total_supply": 2.9314,
                    "percentage_of_circulating_supply": 2.9314
                },
                "0xb889af88e133d801f483b7d5ba7eb33fc3fc2a6d": {
                    "balance": 2.7974353974781615e+31,
                    "percentage_of_total_supply": 2.7974,
                    "percentage_of_circulating_supply": 2.7974
                },
                "0x8c33180a66514089073ffd56ecf5d7c474b0235d": {
                    "balance": 2.52589729981706e+31,
                    "percentage_of_total_supply": 2.5259,
                    "percentage_of_circulating_supply": 2.5259
                },
                "0x4c377dbd8b58f19f067072b4b6bc8715991b2222": {
                    "balance": 2.416484986005031e+31,
                    "percentage_of_total_supply": 2.4165,
                    "percentage_of_circulating_supply": 2.4165
                },
                "0xaacc17e9b106398b913876d7fe9d4ac198860050": {
                    "balance": 2.377663900368146e+31,
                    "percentage_of_total_supply": 2.3777,
                    "percentage_of_circulating_supply": 2.3777
                },
                "0xa73691208f03abf3ea449a113d3d5e830e5021e0": {
                    "balance": 2.1921829952622123e+31,
                    "percentage_of_total_supply": 2.1922,
                    "percentage_of_circulating_supply": 2.1922
                },
                "0x4c43c667d229cce008c51e355b3bd38e894d1d71": {
                    "balance": 1.3004003804908111e+31,
                    "percentage_of_total_supply": 1.3004,
                    "percentage_of_circulating_supply": 1.3004
                },
                "0x925d30ccaa3021e5daf474511625f7b18f6fefb8": {
                    "balance": 1.2334571204560107e+31,
                    "percentage_of_total_supply": 1.2335,
                    "percentage_of_circulating_supply": 1.2335
                },
                "0xcf2c8581d51833936eb37120fe0202d4135b8f46": {
                    "balance": 1.084778466019396e+31,
                    "percentage_of_total_supply": 1.0848,
                    "percentage_of_circulating_supply": 1.0848
                },
                "0xc890dc65922af6bb2eead332c4cad14009bebdde": {
                    "balance": 9.093088863512874e+30,
                    "percentage_of_total_supply": 0.9093,
                    "percentage_of_circulating_supply": 0.9093
                },
                "0x9217ee8aca32339409017c36c5f50dd31e1df59a": {
                    "balance": 7.67882442045865e+30,
                    "percentage_of_total_supply": 0.7679,
                    "percentage_of_circulating_supply": 0.7679
                },
                "0xc03d8dd3b3f484f91630302e691797939b38d0f7": {
                    "balance": 6.385847376298598e+30,
                    "percentage_of_total_supply": 0.6386,
                    "percentage_of_circulating_supply": 0.6386
                },
                "0xaebfb97eda8fd65d1f85f5429ce0344fe0bf8b38": {
                    "balance": 6.003580051600206e+30,
                    "percentage_of_total_supply": 0.6004,
                    "percentage_of_circulating_supply": 0.6004
                },
                "0x335e57d42f6cf43988bb1964b30d3742a3e4cdd3": {
                    "balance": 4.982268557798278e+30,
                    "percentage_of_total_supply": 0.4982,
                    "percentage_of_circulating_supply": 0.4982
                },
                "0x9fa9d82f182cd3ebdf5327f6160f92f26f122a44": {
                    "balance": 3.7715677445270197e+30,
                    "percentage_of_total_supply": 0.3772,
                    "percentage_of_circulating_supply": 0.3772
                },
                "0xce9b7f69fea60e2ac295a553114adaf3ba379a03": {
                    "balance": 3.53631e+30,
                    "percentage_of_total_supply": 0.3536,
                    "percentage_of_circulating_supply": 0.3536
                },
                "0x7a56f2df9735c65a19920cc40e6f517197dcd681": {
                    "balance": 1.7047667073307968e+30,
                    "percentage_of_total_supply": 0.1705,
                    "percentage_of_circulating_supply": 0.1705
                },
                "0x1560db0ee74c0d0172e2eecc084d3baac585e8bb": {
                    "balance": 1.6489731603912795e+30,
                    "percentage_of_total_supply": 0.1649,
                    "percentage_of_circulating_supply": 0.1649
                },
                "0x2579cb50eceaa465f5720cf7336098450c0cd15f": {
                    "balance": 1.3753139779855932e+30,
                    "percentage_of_total_supply": 0.1375,
                    "percentage_of_circulating_supply": 0.1375
                },
                "0x4101a57cd919d582510d90d98c05b57b34724c11": {
                    "balance": 1.3769872153684542e+29,
                    "percentage_of_total_supply": 0.0138,
                    "percentage_of_circulating_supply": 0.0138
                },
                "0xd7f236bea64621615c606a7c2fbe436fe3363f65": {
                    "balance": 1.0252080134208164e+29,
                    "percentage_of_total_supply": 0.0103,
                    "percentage_of_circulating_supply": 0.0103
                },
                "0xf697ac590c2a62ee6b7f9662023e3619aaf46703": {
                    "balance": 2.4770979988642765e+27,
                    "percentage_of_total_supply": 0.0002,