{
    "token_address": "0x2A491609a71b10fb37E052d0946aF18434Ea5bd1",
    "chain": "bsc",
    "token_name": "Pride",
    "analyses": {
        "contract": {
            "contract_name": null,
            "compiler_version": null,
            "license_type": null,
            "implementation": null,
            "source_code": null,
            "abi": null,
            "verified": false,
            "owner": "0x3a99e866af1240070700eb87d63b4139912922b5",
            "creator": "0x3a99e866af1240070700eb87d63b4139912922b5",
            "is_hidden_owner": false,
            "is_proxy": null,
            "is_sellable": true,
            "is_hardcoded_owner": null,
            "code_analysis": null
        },
        "holder": {
            "total_holders": 48,
            "holders_list": {
                "0x8b88b06e09822f37d01f8c7c8c1490b1bada1cf4": {
                    "balance": 4.8176480654944245e+22,
                    "percentage_of_total_supply": 0.0048,
                    "percentage_of_circulating_supply": 0.0048
                },
                "0xf9ad3b3d9d0017a520e13549d15a164e73fe7474": {
                    "balance": 1.7818916446691754e+22,
                    "percentage_of_total_supply": 0.0018,
                    "percentage_of_circulating_supply": 0.0018
                },
                "0x2ce273ae044a61d7b24acf12d249bfc7708aef25": {
                    "balance": 1.6450743496428468e+22,
                    "percentage_of_total_supply": 0.0016,
                    "percentage_of_circulating_supply": 0.0016
                },
                "0x25c655b90e1e622cf4a7f339460e9daf5a7f241d": {
                    "balance": 1.519760640089076e+22,
                    "percentage_of_total_supply": 0.0015,
                    "percentage_of_circulating_supply": 0.0015
                },
                "0x18842f3f2c4b8849e59c47af1e7fcdbc932dd442": {
                    "balance": 1.4768386233817352e+22,
                    "percentage_of_total_supply": 0.0015,
                    "percentage_of_circulating_supply": 0.0015
                },
                "0xf284986a3c72a1c4ce4cbbc726113b8f4d356681": {
                    "balance": 1.2954215616872974e+22,
                    "percentage_of_total_supply": 0.0013,
                    "percentage_of_circulating_supply": 0.0013
                },
                "0xf08a8e966360e745c98820510ce2fbc7ddaef278": {
                    "balance": 1.2145413030949406e+22,
                    "percentage_of_total_supply": 0.0012,
                    "percentage_of_circulating_supply": 0.0012
                },
                "0xad3676dbefda9ed62dd29c836f372fdc9f28fc0d": {
                    "balance": 8.199182433728444e+21,
                    "percentage_of_total_supply": 0.0008,
                    "percentage_of_circulating_supply": 0.0008
                },
                "0x075087a214f168e1e8ae8de8e43cbcd5f762215d": {
                    "balance": 7.825753383285643e+21,
                    "percentage_of_total_supply": 0.0008,
                    "percentage_of_circulating_supply": 0.0008
                },
                "0x486ba52d0fdeb815ca587cb2af2dc5f01932f475": {
                    "balance": 6.562241019538574e+21,
                    "percentage_of_total_supply": 0.0007,
                    "percentage_of_circulating_supply": 0.0007
                },
                "0xab217a89ed7b5a15518188d61cb39eae669385ee": {
                    "balance": 6.250970966302131e+21,
                    "percentage_of_total_supply": 0.0006,
                    "percentage_of_circulating_supply": 0.0006
                },
                "0x58979f09b49231b14357a7935af6192201d99993": {
                    "balance": 6.053562001705979e+21,
                    "percentage_of_total_supply": 0.0006,
                    "percentage_of_circulating_supply": 0.0006
                },
                "0x206ef1669477caf0435d8cab3a6426b82b35a6fb": {
                    "balance": 5.555275266252447e+21,
                    "percentage_of_total_supply": 0.0006,
                    "percentage_of_circulating_supply": 0.0006
                },
                "0x93c829ca014036de6839a2c620eecd8834203e9d": {
                    "balance": 5.51454865702788e+21,
                    "percentage_of_total_supply": 0.0006,
                    "percentage_of_circulating_supply": 0.0006
                },
                "0x2f97bc9561fa8e7a59513a06c10257c030de16da": {
                    "balance": 4.1830696259017496e+21,
                    "percentage_of_total_supply": 0.0004,
                    "percentage_of_circulating_supply": 0.0004
                },
                "0x5b600e4d947784b54067795859274d7ca6bcbbfd": {
                    "balance": 3.3718304574593874e+21,
                    "percentage_of_total_supply": 0.0003,
                    "percentage_of_circulating_supply": 0.0003
                },
                "0x2eaf3bc98c05adc78d31628f48803b9ee3a8d500": {
                    "balance": 3.1346841354082897e+21,
                    "percentage_of_total_supply": 0.0003,
                    "percentage_of_circulating_supply": 0.0003
                },
                "0x6dc23cc12ed6aaae3955ecb79e8814d251d8b2da": {
                    "balance": 2.712929379732529e+21,
                    "percentage_of_total_supply": 0.0003,
                    "percentage_of_circulating_supply": 0.0003
                },
                "0xfd6fd81efc7eff7c0d456587e9c21f109f19802f": {
                    "balance": 2.4825036056447775e+21,
                    "percentage_of_total_supply": 0.0002,
                    "percentage_of_circulating_supply": 0.0002
                },
                "0xab00e55721a6e4dd63fe342f1e2f5ae64357445a": {
                    "balance": 2.356627039360736e+21,
                    "percentage_of_total_supply": 0.0002,
                    "percentage_of_circulating_supply": 0.0002
                },
                "0x770788730981e42890af0e24a1ca2d7a75c2e80f": {
                    "balance": 2.2348418228117279e+21,
                    "percentage_of_total_supply": 0.0002,
                    "percentage_of_circulating_supply": 0.0002
                },
                "0x50c46e21db0df3a366c4b60a9bb80ef41590a7bb": {
                    "balance": 1.9927696685522393e+21,
                    "percentage_of_total_supply": 0.0002,
                    "percentage_of_circulating_supply": 0.0002
                },
                "0x9dfc588c3d82542ff5554b2f75783c77f0e62c64": {
                    "balance": 1.9293325478011645e+21,
                    "percentage_of_total_supply": 0.0002,
                    "percentage_of_circulating_supply": 0.0002
                },
                "0x5f285ce92c06bbe3ccc836a503dbca7cf006ab15": {
                    "balance": 1.7111116074892706e+21,
                    "percentage_of_total_supply": 0.0002,
                    "percentage_of_circulating_supply": 0.0002
                },
                "0xd5155e0418b648f3450ebf228f70413155f11d7c": {
                    "balance": 1.3635410864388626e+21,
                    "percentage_of_total_supply": 0.0001,
                    "percentage_of_circulating_supply": 0.0001
                },
                "0xe91bf15635c9cb4e4354208d2ea03306b512a65f": {
                    "balance": 7.726967078972592e+20,
                    "percentage_of_total_supply": 0.0001,
                    "percentage_of_circulating_supply": 0.0001
                },
                "0xa7b3a9a8fd1a40c17a1d4ba2a49c85ce7ffb00e5": {
                    "balance": 7.508158060322326e+20,
                    "percentage_of_total_supply": 0.0001,
                    "percentage_of_circulating_supply": 0.0001
                },
                "0xc6d4ebebb6a659f090c10db4567c7566b3539f6e": {
                    "balance": 7.197074654558165e+20,
                    "percentage_of_total_supply": 0.0001,