{
    "token_address": "0x38A3F74Cec5F687b68630cbab99E74a5434726cb",
    "chain": "bsc",
    "token_name": "PawsDynasty",
    "analyses": {
        "contract": {
            "contract_name": null,
            "compiler_version": null,
            "license_type": null,
            "implementation": null,
            "source_code": null,
            "abi": null,
            "verified": false,
            "owner": "0xa3d5e1220477b2f24184cc83c87943ec84999855",
            "creator": "0xa3d5e1220477b2f24184cc83c87943ec84999855",
            "is_hidden_owner": false,
            "is_proxy": null,
            "is_sellable": true,
            "is_hardcoded_owner": null,
            "code_analysis": null
        },
        "holder": {
            "total_holders": 15,
            "holders_list": {
                "0x85a21f2fe371cba3aff32628e56dc604b84f7ce1": {
                    "balance": 1.276173655308786e+20,
                    "percentage_of_total_supply": 0.0,
                    "percentage_of_circulating_supply": 0.0
                },
                "0x7a3145c8c5f0cd87d5aafffb2719d281dd53a644": {
                    "balance": 1.2077174208464645e+22,
                    "percentage_of_total_supply": 0.0012,
                    "percentage_of_circulating_supply": 0.0012
                },
                "0x0769320b4ed6450d56c635659ac0e319ffee8e1e": {
                    "balance": 4.772640821361373e+19,
                    "percentage_of_total_supply": 0.0,
                    "percentage_of_circulating_supply": 0.0
                },
                "0x79e5f23c2d890a3cda7364a6784842c805d53456": {
                    "balance": 2.5407736500609273e+20,
                    "percentage_of_total_supply": 0.0,
                    "percentage_of_circulating_supply": 0.0
                },
                "0x3bac7516384d67363a40ed3af9d152b029b84e41": {
                    "balance": 7.517994802385471e+23,
                    "percentage_of_total_supply": 0.0752,
                    "percentage_of_circulating_supply": 0.0752
                },
                "0x9b061a9a8ef27a49402be5b3950da851e0fd7807": {
                    "balance": 3.014452207982412e+20,
                    "percentage_of_total_supply": 0.0,
                    "percentage_of_circulating_supply": 0.0
                },
                "0x7e3b823fba33659713e225e463f3c7ec64f0071f": {
                    "balance": 67633,
                    "percentage_of_total_supply": 0.0,
                    "percentage_of_circulating_supply": 0.0
                },
                "0x39ccd06ae448db8ee1a6170bc158cbb4c5b3c17d": {
                    "balance": 1.1528454578601823e+21,
                    "percentage_of_total_supply": 0.0001,
                    "percentage_of_circulating_supply": 0.0001
                },
                "0x7bdd42661f8092c2e2203691a86d313fbfcc2b79": {
                    "balance": 1.7927465524579536e+20,
                    "percentage_of_total_supply": 0.0,
                    "percentage_of_circulating_supply": 0.0
                },
                "0x0ed943ce24baebf257488771759f9bf482c39706": {
                    "balance": 1.2575887856198776e+20,
                    "percentage_of_total_supply": 0.0,
                    "percentage_of_circulating_supply": 0.0
                },
                "0x13654bf2b09d369bcff39f5c18f940cdb362bc74": {
                    "balance": 4.912296009651089e+21,
                    "percentage_of_total_supply": 0.0005,
                    "percentage_of_circulating_supply": 0.0005
                },
                "0x5ed8343c4a3675652b01c9688c60919eba4690f4": {
                    "balance": 6.099526397918765e+21,
                    "percentage_of_total_supply": 0.0006,
                    "percentage_of_circulating_supply": 0.0006
                },
                "0xd45579f68cbf9c041da1edc434a629f0f478e467": {
                    "balance": 6.575426222005591e+21,
                    "percentage_of_total_supply": 0.0007,
                    "percentage_of_circulating_supply": 0.0007
                },
                "0x90993ec40552c64b024e42335d06753b6b235a28": {
                    "balance": 3.460372463256299e+20,
                    "percentage_of_total_supply": 0.0,
                    "percentage_of_circulating_supply": 0.0
                }
            },
            "total_supply": 1e+27,
            "total_circulating_supply": 1e+27,
            "owner": {
                "address": "0xa3d5e1220477b2f24184cc83c87943ec84999855",
                "balance": 9.992160013143258e+26,
                "percentage_of_supply": 99.9216,
                "exceeds_5_percent": true
            },
            "creator": {},
            "holders_exceeding_5_percent": [
                {
                    "address": "0xa3d5e1220477b2f24184cc83c87943ec84999855",
                    "balance": 9.992160013143258e+26,
                    "percentage_of_supply": 99.9216
                }
            ],
            "howmany_holders_exceeding_5_percent": 1,
            "top_10_holders": [
                {
                    "address": "0xa3d5e1220477b2f24184cc83c87943ec84999855",
                    "balance": 9.992160013143258e+26,
                    "percentage_of_total_supply": 99.9216,
                    "percentage_of_circulating_supply": 99.9216
                },
                {
                    "address": "0x3bac7516384d67363a40ed3af9d152b029b84e41",
                    "balance": 7.517994802385471e+23,
                    "percentage_of_total_supply": 0.0752,
                    "percentage_of_circulating_supply": 0.0752
                },
                {
                    "address": "0x7a3145c8c5f0cd87d5aafffb2719d281dd53a644",
                    "balance": 1.2077174208464645e+22,
                    "percentage_of_total_supply": 0.0012,
                    "percentage_of_circulating_supply": 0.0012
                },
                {
                    "address": "0xd45579f68cbf9c041da1edc434a629f0f478e467",
                    "balance": 6.575426222005591e+21,
                    "percentage_of_total_supply": 0.0007,
                    "percentage_of_circulating_supply": 0.0007
                },
                {
                    "address": "0x5ed8343c4a3675652b01c9688c60919eba4690f4",
                    "balance": 6.099526397918765e+21,
                    "percentage_of_total_supply": 0.0006,
                    "percentage_of_circulating_supply": 0.0006
                },
                {
                    "address": "0x13654bf2b09d369bcff39f5c18f940cdb362bc74",
                    "balance": 4.912296009651089e+21,
                    "percentage_of_total_supply": 0.0005,
                    "percentage_of_circulating_supply": 0.0005
                },
                {
                    "address": "0x39ccd06ae448db8ee1a6170bc158cbb4c5b3c17d",
                    "balance": 1.1528454578601823e+21,
                    "percentage_of_total_supply": 0.0001,
                    "percentage_of_circulating_supply": 0.0001
                },
                {
                    "address": "0x90993ec40552c64b024e42335d06753b6b235a28",
                    "balance": 3.460372463256299e+20,
                    "percentage_of_total_supply": 0.0,
                    "percentage_of_circulating_supply": 0.0
                },
                {
                    "address": "0x9b061a9a8ef27a49402be5b3950da851e0fd7807",
                    "balance": 3.014452207982412e+20,
                    "percentage_of_total_supply": 0.0,
                    "percentage_of_circulating_supply": 0.0
                },
                {
                    "address": "0x79e5f23c2d890a3cda7364a6784842c805d53456",
                    "balance": 2.5407736500609273e+20,
                    "percentage_of_total_supply": 0.0,
                    "percentage_of_circulating_supply": 0.0
                }
            ],