{
    "token_address": "0xCAd638e943829810e0c978Fd2E678613502AfE9C",
    "chain": "bsc",
    "token_name": "RetinaMov",
    "analyses": {
        "contract": {
            "contract_name": null,
            "compiler_version": null,
            "license_type": null,
            "implementation": null,
            "source_code": null,
            "abi": null,
            "verified": false,
            "owner": "0x8fe479a78499f7a5d8de2da7a35b0c8644badec7",
            "creator": "0x8fe479a78499f7a5d8de2da7a35b0c8644badec7",
            "is_hidden_owner": false,
            "is_proxy": null,
            "is_sellable": true,
            "is_hardcoded_owner": null,
            "code_analysis": null
        },
        "holder": {
            "total_holders": 24,
            "holders_list": {
                "0xa401c8ea84bfef49664e35cb7f1db7daa4d9a90f": {
                    "balance": 6536787386520614683546,
                    "percentage_of_total_supply": 0.0006536787386520615,
                    "percentage_of_circulating_supply": 0.0006536787386520615
                },
                "0x67b7fa1c637cd2b2279a9b88d844033bb8ecca42": {
                    "balance": 18743479740367335016583,
                    "percentage_of_total_supply": 0.0018743479740367336,
                    "percentage_of_circulating_supply": 0.0018743479740367336
                },
                "0xf7f0ea7f1bc0f588f9b8f3b759b4044fbfe2dee0": {
                    "balance": 21765005897769016352254,
                    "percentage_of_total_supply": 0.002176500589776902,
                    "percentage_of_circulating_supply": 0.002176500589776902
                },
                "0x2add491bd901a103816a879c46013ba86eedd1bf": {
                    "balance": 786114114705536362605,
                    "percentage_of_total_supply": 7.861141147055363e-05,
                    "percentage_of_circulating_supply": 7.861141147055363e-05
                },
                "0x3d4c11be159e2159c459a5fd9b41866712789602": {
                    "balance": 29072179493742701774687,
                    "percentage_of_total_supply": 0.0029072179493742703,
                    "percentage_of_circulating_supply": 0.0029072179493742703
                },
                "0x738777b830542ba4dc9a04f76a584742f683087c": {
                    "balance": 10570640743034375308362,
                    "percentage_of_total_supply": 0.0010570640743034375,
                    "percentage_of_circulating_supply": 0.0010570640743034375
                },
                "0x905fdbb0bdba205e3caea9ae5ceafc96d32573a9": {
                    "balance": 3029884850149221884837,
                    "percentage_of_total_supply": 0.0003029884850149222,
                    "percentage_of_circulating_supply": 0.0003029884850149222
                },
                "0xbeba3ca3e48e084285aadba0d8bb44f7d5edc812": {
                    "balance": 83523856967853699408,
                    "percentage_of_total_supply": 8.35238569678537e-06,
                    "percentage_of_circulating_supply": 8.35238569678537e-06
                },
                "0xb378f7d58318a927a0ded0db0900d6cfcd01af28": {
                    "balance": 781193786131125389997,
                    "percentage_of_total_supply": 7.811937861311254e-05,
                    "percentage_of_circulating_supply": 7.811937861311254e-05
                },
                "0xbdf6dca2952e4e6236b3fe121b10bcbafc8d6a33": {
                    "balance": 831878714466812707064,
                    "percentage_of_total_supply": 8.318787144668127e-05,
                    "percentage_of_circulating_supply": 8.318787144668127e-05
                },
                "0x99c6725447ff4686383db935fbbae443d3bf8749": {
                    "balance": 300944393792417636802,
                    "percentage_of_total_supply": 3.0094439379241764e-05,
                    "percentage_of_circulating_supply": 3.0094439379241764e-05
                },
                "0x586bfd72a686bd90daa9f2ad7dd9aeef11c1f89f": {
                    "balance": 10525876736357859886775,
                    "percentage_of_total_supply": 0.001052587673635786,
                    "percentage_of_circulating_supply": 0.001052587673635786
                },
                "0x9a8dfe8d53d954959b7995222b00a1acf4171828": {
                    "balance": 1571731681696328383288,
                    "percentage_of_total_supply": 0.00015717316816963285,
                    "percentage_of_circulating_supply": 0.00015717316816963285
                },
                "0xc96ccc733eab1337f07870b5057fea1804fc1d75": {
                    "balance": 10903276600726648456609,
                    "percentage_of_total_supply": 0.0010903276600726648,
                    "percentage_of_circulating_supply": 0.0010903276600726648
                },
                "0x3379a1a4de09a4fbc34ce85034d2a985b773315f": {
                    "balance": 1989655490749651245806,
                    "percentage_of_total_supply": 0.0001989655490749651,
                    "percentage_of_circulating_supply": 0.0001989655490749651
                },
                "0x55599e59168104bf7d3c42f85cda325a183dcfd6": {
                    "balance": 1217615153025914115037,
                    "percentage_of_total_supply": 0.00012176151530259141,
                    "percentage_of_circulating_supply": 0.00012176151530259141
                },
                "0x01e044404793d92573c52126f3a49ac6e1001e62": {
                    "balance": 110596,
                    "percentage_of_total_supply": 1.10596e-20,
                    "percentage_of_circulating_supply": 1.10596e-20
                },
                "0xddd627fc261dcb314e19edf236dcebff48129892": {
                    "balance": 925502322888656596191,
                    "percentage_of_total_supply": 9.255023228886566e-05,
                    "percentage_of_circulating_supply": 9.255023228886566e-05
                },
                "0x0aff099fa7970f19489daee52a24da861bae2137": {
                    "balance": 121995676137266959869,
                    "percentage_of_total_supply": 1.2199567613726694e-05,
                    "percentage_of_circulating_supply": 1.2199567613726694e-05
                },
                "0x610450ab8db1d10426a9417cca718ccbc551f6ea": {
                    "balance": 15469351728950546090552,
                    "percentage_of_total_supply": 0.0015469351728950545,
                    "percentage_of_circulating_supply": 0.0015469351728950545
                },
                "0x2870e8539330ebd944011f29aec605c35839ee3f": {
                    "balance": 409206246529687616420,
                    "percentage_of_total_supply": 4.0920624652968756e-05,
                    "percentage_of_circulating_supply": 4.0920624652968756e-05
                },
                "0x3c0c05e8b02a1d582c6270a3103eca981b2a2f4d": {
                    "balance": 532887860249948851871,
                    "percentage_of_total_supply": 5.3288786024994884e-05,
                    "percentage_of_circulating_supply": 5.3288786024994884e-05
                },
                "0x0ed943ce24baebf257488771759f9bf482c39706": {
                    "balance": 50263810121570049013,
                    "percentage_of_total_supply": 5.026381012157005e-06,
                    "percentage_of_circulating_supply": 5.026381012157005e-06
                }
            },
            "total_supply": 1000000000000000000000000000,
            "total_circulating_supply": 1000000000000000000000000000,
            "owner": {
                "address": "0x8fe479a78499f7a5d8de2da7a35b0c8644badec7",
                "balance": 999863781003714918910821828,
                "percentage_of_supply": 99.98637810037148,
                "exceeds_5_percent": true
            },
            "creator": {},
            "holders_exceeding_5_percent": [
                {
                    "address": "0x8fe479a78499f7a5d8de2da7a35b0c8644badec7",