{
    "token_address": "0x1847c61656C68dcB7404006bac4049a7b49972bF",
    "chain": "bsc",
    "token_name": "ShibaInuNFT",
    "analyses": {
        "contract": {
            "contract_name": null,
            "compiler_version": null,
            "license_type": null,
            "implementation": null,
            "source_code": null,
            "abi": null,
            "verified": false,
            "owner": "0x6c57db80f37d5fd9fe6dc0ef5082daae8c98b217",
            "creator": "0x6c57db80f37d5fd9fe6dc0ef5082daae8c98b217",
            "is_hidden_owner": false,
            "is_proxy": null,
            "is_sellable": true,
            "is_hardcoded_owner": null,
            "code_analysis": null
        },
        "holder": {
            "total_holders": 28,
            "holders_list": {
                "0xf775194cfa920deaf20813455475bd82e0bf8180": {
                    "balance": 4.455056019837521e+23,
                    "percentage_of_total_supply": 44.5506,
                    "percentage_of_circulating_supply": 46.7925
                },
                "0x90cca1ce1ac43795a68c1336a20d1ee4d7be35d1": {
                    "balance": 3.205336551049226e+23,
                    "percentage_of_total_supply": 32.0534,
                    "percentage_of_circulating_supply": 33.6664
                },
                "0x483755e2ea2be219d7b0a6e6d0d28e29d95e1f1f": {
                    "balance": 3.23331679909214e+22,
                    "percentage_of_total_supply": 3.2333,
                    "percentage_of_circulating_supply": 3.396
                },
                "0x5391c70eb278dc9cc73e75f5b75e0ba0097ea399": {
                    "balance": 3.128026990795079e+22,
                    "percentage_of_total_supply": 3.128,
                    "percentage_of_circulating_supply": 3.2854
                },
                "0x815eaad5e65cefa4915763eb3f9a8ace4f33a6a4": {
                    "balance": 1.371566225851362e+22,
                    "percentage_of_total_supply": 1.3716,
                    "percentage_of_circulating_supply": 1.4406
                },
                "0x2dcfceff77f9d44fc438c7b0ea8c0b49b7a73fc5": {
                    "balance": 9.356727027646354e+21,
                    "percentage_of_total_supply": 0.9357,
                    "percentage_of_circulating_supply": 0.9828
                },
                "0xf052f355ee2033a59eb0297b004693ac6be30182": {
                    "balance": 8.557664237542649e+21,
                    "percentage_of_total_supply": 0.8558,
                    "percentage_of_circulating_supply": 0.8988
                },
                "0x40610532db0a4c8ecd9ec2f0d8328b7cae9d3c02": {
                    "balance": 6.601045838555639e+21,
                    "percentage_of_total_supply": 0.6601,
                    "percentage_of_circulating_supply": 0.6933
                },
                "0xaf32bcaa4726fa04ddf3b2b867ea16eb9c75157a": {
                    "balance": 5.444235341692962e+21,
                    "percentage_of_total_supply": 0.5444,
                    "percentage_of_circulating_supply": 0.5718
                },
                "0x93e7b233ae1bc6e61db838f46831a202624fee32": {
                    "balance": 4.995493968819453e+21,
                    "percentage_of_total_supply": 0.4995,
                    "percentage_of_circulating_supply": 0.5247
                },
                "0x440f3da402f325cd7c4c4bad2d0ced4860752b23": {
                    "balance": 4.864062465417888e+21,
                    "percentage_of_total_supply": 0.4864,
                    "percentage_of_circulating_supply": 0.5109
                },
                "0xa5308879284bca6d6cbb3373cda7522bcaa1af03": {
                    "balance": 4.765159203912391e+21,
                    "percentage_of_total_supply": 0.4765,
                    "percentage_of_circulating_supply": 0.5005
                },
                "0xd87be7916d37a7dd4f78ed68c32d0e2586b5804e": {
                    "balance": 4.6699332214451774e+21,
                    "percentage_of_total_supply": 0.467,
                    "percentage_of_circulating_supply": 0.4905
                },
                "0x2ed7d1bfb354146f67f00321a511087dd5356901": {
                    "balance": 3.945536663135741e+21,
                    "percentage_of_total_supply": 0.3946,
                    "percentage_of_circulating_supply": 0.4144
                },
                "0x4a953511482790e2ccbcfb86ab10c0de67f82034": {
                    "balance": 3.343959110309108e+21,
                    "percentage_of_total_supply": 0.3344,
                    "percentage_of_circulating_supply": 0.3512
                },
                "0x5a67e194ac3b9d5628d08824b397fec4d012b2fc": {
                    "balance": 1.472118550009397e+21,
                    "percentage_of_total_supply": 0.1472,
                    "percentage_of_circulating_supply": 0.1546
                },
                "0x1346065bf032c76db4f4f95f1fdcc0719dd68628": {
                    "balance": 1.1887883545118981e+21,
                    "percentage_of_total_supply": 0.1189,
                    "percentage_of_circulating_supply": 0.1249
                },
                "0x02a8bd19f423d40dee6bcaa7812648d511f29b57": {
                    "balance": 8.100364516403239e+20,
                    "percentage_of_total_supply": 0.081,
                    "percentage_of_circulating_supply": 0.0851
                },
                "0x3bc7e5d734834e4de863e3ca1644b5b0f7c8cefe": {
                    "balance": 5.346356037382981e+20,
                    "percentage_of_total_supply": 0.0535,
                    "percentage_of_circulating_supply": 0.0562
                },
                "0xa135c38b81ff9ddb8e3611ff03479f767a45ebb5": {
                    "balance": 7.767720064219752e+19,
                    "percentage_of_total_supply": 0.0078,
                    "percentage_of_circulating_supply": 0.0082
                },
                "0x775e7a843938c788c842c2bd607d3841554b65a8": {
                    "balance": 7.272168958722481e+19,
                    "percentage_of_total_supply": 0.0073,
                    "percentage_of_circulating_supply": 0.0076
                },
                "0xb1b9b4bbe8a92d535f5df2368e7fd2ecfb3a1950": {
                    "balance": 4.070190130648474e+19,
                    "percentage_of_total_supply": 0.0041,
                    "percentage_of_circulating_supply": 0.0043
                },
                "0x85094fa25d404432155e560f82b8337acb982584": {
                    "balance": 3.3212021028834673e+19,
                    "percentage_of_total_supply": 0.0033,
                    "percentage_of_circulating_supply": 0.0035
                },
                "0xbeb77f0de9bda09e6a7a6e2a7819ee361f457dd6": {
                    "balance": 2.2814615563044016e+19,
                    "percentage_of_total_supply": 0.0023,
                    "percentage_of_circulating_supply": 0.0024
                },
                "0xf6eaad3408af2c129ea45ca713256ef0910cf27a": {
                    "balance": 9.795245330376604e+18,
                    "percentage_of_total_supply": 0.001,
                    "percentage_of_circulating_supply": 0.001
                },
                "0xe090497ed6cfe5196b38bbca65b8d5559a19c4f5": {
                    "balance": 2700000000405000.0,
                    "percentage_of_total_supply": 0.0,
                    "percentage_of_circulating_supply": 0.0
                },
                "0x67b3dd3958cdf09b5daab0bb1f45e5a579005b8b": {
                    "balance": 218356420866311.0,
                    "percentage_of_total_supply": 0.0,
                    "percentage_of_circulating_supply": 0.0
                },
                "0x77691b04d76b8c6e16d433603c36aa6df5da3f38": {
                    "balance": 95871949012.0,
                    "percentage_of_total_supply": 0.0,