{
    "token_address": "0x563b9e34A14f54e6668be89acBc2F6Af639B6a72",
    "chain": "bsc",
    "token_name": "23Year",
    "analyses": {
        "contract": {
            "contract_name": null,
            "compiler_version": null,
            "license_type": null,
            "implementation": null,
            "source_code": null,
            "abi": null,
            "verified": false,
            "owner": "0x8a6b4d65748550585bed54b74286ee22ccfb04ee",
            "creator": "0x8a6b4d65748550585bed54b74286ee22ccfb04ee",
            "is_hidden_owner": false,
            "is_proxy": null,
            "is_sellable": true,
            "is_hardcoded_owner": null,
            "code_analysis": null
        },
        "holder": {
            "total_holders": 10,
            "holders_list": {
                "0x6fad0314d215facb29b97650773b20d0d00a3b11": {
                    "balance": 21891064845380584,
                    "percentage_of_total_supply": 2.1891064845380583,
                    "percentage_of_circulating_supply": 2.207358343850151
                },
                "0x321e0635bc3d117b4a6f03f4f717ded49825089e": {
                    "balance": 18867664356920352,
                    "percentage_of_total_supply": 1.8867664356920353,
                    "percentage_of_circulating_supply": 1.9024975094347991
                },
                "0xdf3b0aaf49384ca0402d9c59e2fd7d837e4536e4": {
                    "balance": 16027517908593416,
                    "percentage_of_total_supply": 1.6027517908593418,
                    "percentage_of_circulating_supply": 1.6161148686290112
                },
                "0x04c76a5ee383dbd80622c822d873f155cb31dcd8": {
                    "balance": 11264576605065988,
                    "percentage_of_total_supply": 1.1264576605065988,
                    "percentage_of_circulating_supply": 1.135849595931309
                },
                "0xbacdfcc55bdbb50f893c637d089c7e7b08184df0": {
                    "balance": 10636935489648736,
                    "percentage_of_total_supply": 1.0636935489648736,
                    "percentage_of_circulating_supply": 1.0725621833341992
                },
                "0xf32353e1171f71c95fef148656203b06fcb2f7b9": {
                    "balance": 8459404680018456,
                    "percentage_of_total_supply": 0.8459404680018456,
                    "percentage_of_circulating_supply": 0.8529935677562113
                },
                "0xb5fb0fa1feee16d8faa3cc7c21bf81456a31bb63": {
                    "balance": 727239469000332,
                    "percentage_of_total_supply": 0.0727239469000332,
                    "percentage_of_circulating_supply": 0.07333028891985488
                },
                "0x5916d94e6973409d798aa1ef10d40f363eb1910e": {
                    "balance": 12738094876897,
                    "percentage_of_total_supply": 0.0012738094876897001,
                    "percentage_of_circulating_supply": 0.0012844299813586626
                },
                "0x0caadba255509f1089b6013e3287622d7c18305e": {
                    "balance": 1,
                    "percentage_of_total_supply": 1.0000000000000001e-16,
                    "percentage_of_circulating_supply": 1.008337584051305e-16
                }
            },
            "total_supply": 1000000000000000000,
            "total_circulating_supply": 991731356459206525,
            "owner": {
                "address": "0x8a6b4d65748550585bed54b74286ee22ccfb04ee",
                "balance": 895575571468908288,
                "percentage_of_supply": 90.30425080703259,
                "exceeds_5_percent": true
            },
            "creator": {},
            "holders_exceeding_5_percent": [
                {
                    "address": "0x8a6b4d65748550585bed54b74286ee22ccfb04ee",
                    "balance": 895575571468908288,
                    "percentage_of_supply": 90.30425080703259
                }
            ],
            "howmany_holders_exceeding_5_percent": 1,
            "top_10_holders": [
                {
                    "address": "0x8a6b4d65748550585bed54b74286ee22ccfb04ee",
                    "balance": 895575571468908288,
                    "percentage_of_total_supply": 89.55755714689083,
                    "percentage_of_circulating_supply": 90.30425080703259
                },
                {
                    "address": "0x6fad0314d215facb29b97650773b20d0d00a3b11",
                    "balance": 21891064845380584,
                    "percentage_of_total_supply": 2.1891064845380583,
                    "percentage_of_circulating_supply": 2.207358343850151
                },
                {
                    "address": "0x321e0635bc3d117b4a6f03f4f717ded49825089e",
                    "balance": 18867664356920352,
                    "percentage_of_total_supply": 1.8867664356920353,
                    "percentage_of_circulating_supply": 1.9024975094347991
                },
                {
                    "address": "0xdf3b0aaf49384ca0402d9c59e2fd7d837e4536e4",
                    "balance": 16027517908593416,
                    "percentage_of_total_supply": 1.6027517908593418,
                    "percentage_of_circulating_supply": 1.6161148686290112
                },
                {
                    "address": "0x04c76a5ee383dbd80622c822d873f155cb31dcd8",
                    "balance": 11264576605065988,
                    "percentage_of_total_supply": 1.1264576605065988,
                    "percentage_of_circulating_supply": 1.135849595931309
                },
                {
                    "address": "0xbacdfcc55bdbb50f893c637d089c7e7b08184df0",
                    "balance": 10636935489648736,
                    "percentage_of_total_supply": 1.0636935489648736,
                    "percentage_of_circulating_supply": 1.0725621833341992
                },
                {
                    "address": "0xf32353e1171f71c95fef148656203b06fcb2f7b9",
                    "balance": 8459404680018456,
                    "percentage_of_total_supply": 0.8459404680018456,
                    "percentage_of_circulating_supply": 0.8529935677562113
                },
                {
                    "address": "0xb5fb0fa1feee16d8faa3cc7c21bf81456a31bb63",
                    "balance": 727239469000332,
                    "percentage_of_total_supply": 0.0727239469000332,
                    "percentage_of_circulating_supply": 0.07333028891985488
                },
                {
                    "address": "0x5916d94e6973409d798aa1ef10d40f363eb1910e",
                    "balance": 12738094876897,
                    "percentage_of_total_supply": 0.0012738094876897001,
                    "percentage_of_circulating_supply": 0.0012844299813586626
                },
                {
                    "address": "0x0caadba255509f1089b6013e3287622d7c18305e",
                    "balance": 1,
                    "percentage_of_total_supply": 1.0000000000000001e-16,
                    "percentage_of_circulating_supply": 1.008337584051305e-16
                }
            ],
            "total_top_10_balance": 983462712918413050,
            "top10_percentage_of_total_supply": 98.3462712918413,
            "top10_percentage_of_circulating_supply": 99.16624159486949,
            "top_10_less_than_70_percent_of_total": false,
            "top_10_less_than_70_percent_of_circulating": false
        },
        "liquidity": {
            "price_usd": 0.0002991741346420097,
            "liquidity_usd": 4.3514247763137794e-07,
            "market_cap_usd": 296700370366029.56,
            "liquidity_to_market_cap_ratio": 1.4666057783970976e-21,
            "token_volume": 386628732.44250476,
            "volume_usd": 115669.31645622346,
            "volume_to_liquidity_ratio": 265819409508.92493,
            "locked_liquidity_percent": 0.0,
            "locked_95_for_15_days": false,