{
    "token_address": "0x266df2e6635809928321671a196AfA3be8b63E25",
    "chain": "bsc",
    "token_name": "NexaGenesis",
    "analyses": {
        "contract": {
            "contract_name": null,
            "compiler_version": null,
            "license_type": null,
            "implementation": null,
            "source_code": null,
            "abi": null,
            "verified": false,
            "owner": "0xde0c40b4513bcaeb129107b97e266f4cd843e982",
            "creator": "0xde0c40b4513bcaeb129107b97e266f4cd843e982",
            "is_hidden_owner": false,
            "is_proxy": null,
            "is_sellable": true,
            "is_hardcoded_owner": null,
            "code_analysis": null
        },
        "holder": {
            "total_holders": 34,
            "holders_list": {
                "0x0a2756a504f92ed3796928314ffe90fb60afe34b": {
                    "balance": 801593695037314002059264,
                    "percentage_of_total_supply": 0.0801593695037314,
                    "percentage_of_circulating_supply": 0.0801593695037314
                },
                "0xef5b06c617d34a169a7ff066725b18be19125dee": {
                    "balance": 7515845836159149146112,
                    "percentage_of_total_supply": 0.000751584583615915,
                    "percentage_of_circulating_supply": 0.000751584583615915
                },
                "0x3926221cfca6da24e01703392a24a8b5f4220183": {
                    "balance": 7152736343919548170240,
                    "percentage_of_total_supply": 0.0007152736343919548,
                    "percentage_of_circulating_supply": 0.0007152736343919548
                },
                "0x39ee0234e646c48c263c5975903df32dabb8ff41": {
                    "balance": 4639733054520590598144,
                    "percentage_of_total_supply": 0.00046397330545205906,
                    "percentage_of_circulating_supply": 0.00046397330545205906
                },
                "0x58e8b76265c92d07de3a01c0f5d12e7ae92b91f4": {
                    "balance": 4565505116905649733632,
                    "percentage_of_total_supply": 0.00045655051169056493,
                    "percentage_of_circulating_supply": 0.00045655051169056493
                },
                "0x86199a0e1d4194abbbe5c1e34d18b2040c0a118f": {
                    "balance": 4542403017316147658752,
                    "percentage_of_total_supply": 0.00045424030173161475,
                    "percentage_of_circulating_supply": 0.00045424030173161475
                },
                "0xa5431838b74dc17841060f669c8181676cff6e4a": {
                    "balance": 3335934853946780680192,
                    "percentage_of_total_supply": 0.00033359348539467804,
                    "percentage_of_circulating_supply": 0.00033359348539467804
                },
                "0xaca742b6ef931a3bf1f28616362f1add1d19369d": {
                    "balance": 2469049357739282661376,
                    "percentage_of_total_supply": 0.00024690493577392823,
                    "percentage_of_circulating_supply": 0.00024690493577392823
                },
                "0x27bac182decdafc1a98667c727ba261cec444c95": {
                    "balance": 1937275124828097478656,
                    "percentage_of_total_supply": 0.00019372751248280975,
                    "percentage_of_circulating_supply": 0.00019372751248280975
                },
                "0xa81417aae78482a511ffa07fea61f9420b48b321": {
                    "balance": 1643581783984419110912,
                    "percentage_of_total_supply": 0.0001643581783984419,
                    "percentage_of_circulating_supply": 0.0001643581783984419
                },
                "0x8cada545afe2e50937b117efb45c88f64938f624": {
                    "balance": 1566736901293675380736,
                    "percentage_of_total_supply": 0.00015667369012936752,
                    "percentage_of_circulating_supply": 0.00015667369012936752
                },
                "0x7999c5b087affd7f1b18f28ee9362001923e68be": {
                    "balance": 1563165735849226665984,
                    "percentage_of_total_supply": 0.00015631657358492265,
                    "percentage_of_circulating_supply": 0.00015631657358492265
                },
                "0xefd7ed584c4503fd2d3b3a580c421c0322b66118": {
                    "balance": 1527512276541974249472,
                    "percentage_of_total_supply": 0.00015275122765419743,
                    "percentage_of_circulating_supply": 0.00015275122765419743
                },
                "0xe97bcab800948effd17d65ef2679ace04f534393": {
                    "balance": 826076529561684148224,
                    "percentage_of_total_supply": 8.260765295616841e-05,
                    "percentage_of_circulating_supply": 8.260765295616841e-05
                },
                "0x74f16475efbac22e3f18b1703dc5c64a0256e10e": {
                    "balance": 687251233148116008960,
                    "percentage_of_total_supply": 6.87251233148116e-05,
                    "percentage_of_circulating_supply": 6.87251233148116e-05
                },
                "0xf29247ba6793bfcbfe7ee65aba94c8f1f6377959": {
                    "balance": 629405996077498892288,
                    "percentage_of_total_supply": 6.294059960774989e-05,
                    "percentage_of_circulating_supply": 6.294059960774989e-05
                },
                "0xa54d4572d94b9252e8068e6df7db58633ab98180": {
                    "balance": 331686447986141757440,
                    "percentage_of_total_supply": 3.316864479861417e-05,
                    "percentage_of_circulating_supply": 3.316864479861417e-05
                },
                "0x3e1b1e06c4ee2cc3f7ca7cce9e39b99b728b0dc9": {
                    "balance": 307182973300068450304,
                    "percentage_of_total_supply": 3.071829733000685e-05,
                    "percentage_of_circulating_supply": 3.071829733000685e-05
                },
                "0x0de169f9977924e722e2387631f6a6aa9520c390": {
                    "balance": 285315019955642368000,
                    "percentage_of_total_supply": 2.8531501995564236e-05,
                    "percentage_of_circulating_supply": 2.8531501995564236e-05
                },
                "0x3df272a9e4a93915a6c920c7270cbc258214d2e6": {
                    "balance": 277497978628407033856,
                    "percentage_of_total_supply": 2.7749797862840705e-05,
                    "percentage_of_circulating_supply": 2.7749797862840705e-05
                },
                "0x9f80d66f545a7633542a7324e1f79cf3a7e3b5cf": {
                    "balance": 141147427449722175488,
                    "percentage_of_total_supply": 1.4114742744972217e-05,
                    "percentage_of_circulating_supply": 1.4114742744972217e-05
                },
                "0x0ed943ce24baebf257488771759f9bf482c39706": {
                    "balance": 109345500944327147520,
                    "percentage_of_total_supply": 1.0934550094432715e-05,
                    "percentage_of_circulating_supply": 1.0934550094432715e-05
                },
                "0x048f4c1f2e193e44327a5c685b96e7c572adc375": {
                    "balance": 98043882927475851264,
                    "percentage_of_total_supply": 9.804388292747584e-06,
                    "percentage_of_circulating_supply": 9.804388292747584e-06
                },
                "0xc8d049418d9e5420ebca118f27b3a1f5cbdf64a2": {
                    "balance": 83606706565842878464,
                    "percentage_of_total_supply": 8.360670656584288e-06,
                    "percentage_of_circulating_supply": 8.360670656584288e-06
                },
                "0x9a9f9c576ab1c0e2b91c5ec35e1d4eb94baf1c89": {
                    "balance": 55647539580829179904,
                    "percentage_of_total_supply": 5.5647539580829175e-06,