{
    "token_address": "0x9fb6b0084B79e827ff6045dA6B4e325B760e0769",
    "chain": "bsc",
    "token_name": "UNDW3 Lacoste",
    "analyses": {
        "contract": {
            "contract_name": null,
            "compiler_version": null,
            "license_type": null,
            "implementation": null,
            "source_code": null,
            "abi": null,
            "verified": false,
            "owner": "0xbf3c8863a3dfaf9ec464856f6789042a7f6320f7",
            "creator": "0xbf3c8863a3dfaf9ec464856f6789042a7f6320f7",
            "is_hidden_owner": false,
            "is_proxy": null,
            "is_sellable": true,
            "is_hardcoded_owner": null,
            "code_analysis": null
        },
        "holder": {
            "total_holders": 45,
            "holders_list": {
                "0xfb638743cc3500082c39ead911867cf6cc201539": {
                    "balance": 824900000000000000,
                    "percentage_of_total_supply": 82.49,
                    "percentage_of_circulating_supply": 84.26588737099368
                },
                "0xd7260b76adc9482a4cdba5ab3a28d12eb0f176e6": {
                    "balance": 51872951560648640,
                    "percentage_of_total_supply": 5.187295156064864,
                    "percentage_of_circulating_supply": 5.298969928246611
                },
                "0x4da3768e9ec4693dfc0a5b2030df8c17ecbf77c7": {
                    "balance": 23460867276478296,
                    "percentage_of_total_supply": 2.3460867276478297,
                    "percentage_of_circulating_supply": 2.3965944957516685
                },
                "0xff83a9b55d6339b4943128cb26b1878b9134fad6": {
                    "balance": 8895088001183061,
                    "percentage_of_total_supply": 0.8895088001183061,
                    "percentage_of_circulating_supply": 0.9086586054828091
                },
                "0x3a991e7e8f18770b3779ed4060a6f035b93e81c1": {
                    "balance": 8299456959172233,
                    "percentage_of_total_supply": 0.8299456959172233,
                    "percentage_of_circulating_supply": 0.847813195977715
                },
                "0xe6837bd649b22560839ab32895ca3e220d4c7ae1": {
                    "balance": 6076991838336342,
                    "percentage_of_total_supply": 0.6076991838336342,
                    "percentage_of_circulating_supply": 0.6207820460706729
                },
                "0x8dc37d724d24e1eab36da9fb33f0be574b4826ff": {
                    "balance": 4465193279040793,
                    "percentage_of_total_supply": 0.44651932790407933,
                    "percentage_of_circulating_supply": 0.45613222686552246
                },
                "0x28be62ca0a325cf3fed1a7d11f51fe5bfb138597": {
                    "balance": 3711998303000611,
                    "percentage_of_total_supply": 0.3711998303000611,
                    "percentage_of_circulating_supply": 0.37919121217355944
                },
                "0x785d6f0327fc54f543a1524b97e7255e7a15e383": {
                    "balance": 3672887157232790,
                    "percentage_of_total_supply": 0.367288715723279,
                    "percentage_of_circulating_supply": 0.3751958970999484
                },
                "0xf761e5731eda233823cf41237a843b2a2c337f48": {
                    "balance": 3274541508781344,
                    "percentage_of_total_supply": 0.3274541508781344,
                    "percentage_of_circulating_supply": 0.3345037531465783
                },
                "0xac44ab40ee5c19bb056be75a8607d791e511e0c8": {
                    "balance": 3195720084130097,
                    "percentage_of_total_supply": 0.3195720084130097,
                    "percentage_of_circulating_supply": 0.32645191984304667
                },
                "0x9b69b82b91d9d610d53b41fc69146d6f96101be8": {
                    "balance": 3000000000000000,
                    "percentage_of_total_supply": 0.3,
                    "percentage_of_circulating_supply": 0.3064585551133241
                },
                "0xe18830cc4e6cfe2d8837c8d20afe1ab546fdac1a": {
                    "balance": 2929311544891260,
                    "percentage_of_total_supply": 0.292931154489126,
                    "percentage_of_circulating_supply": 0.2992375278413849
                },
                "0x58036a1bf620119ca54e19913d2c0c071ae1c1f2": {
                    "balance": 2669577662245695,
                    "percentage_of_total_supply": 0.2669577662245695,
                    "percentage_of_circulating_supply": 0.27270497104487373
                },
                "0x0de47b979b27ee640b188ec4d1e0ee35573854bc": {
                    "balance": 1547813042169014,
                    "percentage_of_total_supply": 0.1547813042169014,
                    "percentage_of_circulating_supply": 0.15811351616289154
                },
                "0x94e5efa12063945e8420bad953957cf1a38b4266": {
                    "balance": 1500000000000000,
                    "percentage_of_total_supply": 0.15,
                    "percentage_of_circulating_supply": 0.15322927755666205
                },
                "0x6ebd2f07f01ecc7b78cb8d115ff9e2429f0171d9": {
                    "balance": 919415390943337,
                    "percentage_of_total_supply": 0.0919415390943337,
                    "percentage_of_circulating_supply": 0.09392090408581569
                },
                "0xfe95d3787a4d0e35870446171153c8b5a9792cc9": {
                    "balance": 876568574073246,
                    "percentage_of_total_supply": 0.0876568574073246,
                    "percentage_of_circulating_supply": 0.08954397955607793
                },
                "0x0ed943ce24baebf257488771759f9bf482c39706": {
                    "balance": 707654611141930,
                    "percentage_of_total_supply": 0.070765461114193,
                    "percentage_of_circulating_supply": 0.0722889365499457
                },
                "0x039c1c71491cae8c665471443075cc14f6dea370": {
                    "balance": 296257908590151,
                    "percentage_of_total_supply": 0.0296257908590151,
                    "percentage_of_circulating_supply": 0.030263590202477642
                },
                "0x156d38208bf1ebaf174df646a3c4a357f8ae40f6": {
                    "balance": 280794671860075,
                    "percentage_of_total_supply": 0.0280794671860075,
                    "percentage_of_circulating_supply": 0.028683976473919515
                },
                "0xffbe86d770d145cb597532ef414b4de5a948e208": {
                    "balance": 214358431219894,
                    "percentage_of_total_supply": 0.0214358431219894,
                    "percentage_of_circulating_supply": 0.021897325036002526
                },
                "0x493b0677f0313855c4157882b50b2e31600a1922": {
                    "balance": 163634554392021,
                    "percentage_of_total_supply": 0.0163634554392021,
                    "percentage_of_circulating_supply": 0.016715736368530465
                },
                "0xf5af500b1d9796e0b1b2a715a4c4e536e6d18b42": {
                    "balance": 153184077191926,
                    "percentage_of_total_supply": 0.0153184077191926,
                    "percentage_of_circulating_supply": 0.015648190320868515
                },
                "0xee61a69e40d5aba73b709d0418b7706d741a4051": {
                    "balance": 133723681433330,
                    "percentage_of_total_supply": 0.013372368143332999,
                    "percentage_of_circulating_supply": 0.013660255398830918
                },
                "0xa1b521ae19844531390b08d68c1171ebb681951f": {
                    "balance": 115260814402369,
                    "percentage_of_total_supply": 0.011526081440236901,
                    "percentage_of_circulating_supply": 0.01177422088097834
                },