{
    "token_address": "0x70e954D9bC260c5DeD0c54c3F162429E9942aca6",
    "chain": "bsc",
    "token_name": "Stellar Pulse",
    "analyses": {
        "contract": {
            "contract_name": null,
            "compiler_version": null,
            "license_type": null,
            "implementation": null,
            "source_code": null,
            "abi": null,
            "verified": false,
            "owner": "0x584ca39967ab69c0698d240640bbe7b037e2dca8",
            "creator": "0x584ca39967ab69c0698d240640bbe7b037e2dca8",
            "is_hidden_owner": false,
            "is_proxy": null,
            "is_sellable": true,
            "is_hardcoded_owner": null,
            "code_analysis": null
        },
        "holder": {
            "total_holders": 32,
            "holders_list": {
                "0x71d3e448ef124419b718b2c6e9d17eda1c5a648e": {
                    "balance": 1636668619607114759695,
                    "percentage_of_total_supply": 0.0001636668619607115,
                    "percentage_of_circulating_supply": 0.0001636668619607115
                },
                "0x229fc2cc0285eac44663b1fa9d715a252aa4c26b": {
                    "balance": 431796857485728467782,
                    "percentage_of_total_supply": 4.317968574857285e-05,
                    "percentage_of_circulating_supply": 4.317968574857285e-05
                },
                "0x9acdf0a662af7c8d2482baac49c1776aab6f8fd7": {
                    "balance": 488424577367551762439,
                    "percentage_of_total_supply": 4.884245773675518e-05,
                    "percentage_of_circulating_supply": 4.884245773675518e-05
                },
                "0x269435454924f31c5d17812534471f3b5ce4f113": {
                    "balance": 901913040020156132810607,
                    "percentage_of_total_supply": 0.09019130400201561,
                    "percentage_of_circulating_supply": 0.09019130400201561
                },
                "0x5fb2eb22f913193fd94eb8a34ea2073be3bfb231": {
                    "balance": 2095543240165084808560,
                    "percentage_of_total_supply": 0.00020955432401650848,
                    "percentage_of_circulating_supply": 0.00020955432401650848
                },
                "0xe425d3a96b993b1e574c04b4eaa4b4cd8a0ed207": {
                    "balance": 1548624981718718727655,
                    "percentage_of_total_supply": 0.00015486249817187186,
                    "percentage_of_circulating_supply": 0.00015486249817187186
                },
                "0x3245222bed9a3b1ec144fba41e62c98dd3de5c9d": {
                    "balance": 17639105096775643706,
                    "percentage_of_total_supply": 1.7639105096775642e-06,
                    "percentage_of_circulating_supply": 1.7639105096775642e-06
                },
                "0xc981a72cc654c93b116b74f2fb2855e7f634cf1d": {
                    "balance": 63570297224458460561,
                    "percentage_of_total_supply": 6.357029722445846e-06,
                    "percentage_of_circulating_supply": 6.357029722445846e-06
                },
                "0xf0f8355138e6e0a908d2fbe4237e71a7238ca40d": {
                    "balance": 279697292738510486089,
                    "percentage_of_total_supply": 2.7969729273851048e-05,
                    "percentage_of_circulating_supply": 2.7969729273851048e-05
                },
                "0x2839eaa5fb864b3300afcd382b50ea0b1f0778a6": {
                    "balance": 62712428007949507388,
                    "percentage_of_total_supply": 6.271242800794951e-06,
                    "percentage_of_circulating_supply": 6.271242800794951e-06
                },
                "0x523850dbb38c3c511e1399b38b266f39b338d182": {
                    "balance": 1341149545682467,
                    "percentage_of_total_supply": 1.3411495456824668e-10,
                    "percentage_of_circulating_supply": 1.3411495456824668e-10
                },
                "0xa8b94bf3091f67c7a72365c7601e79e911cd6f23": {
                    "balance": 3496937134253653153,
                    "percentage_of_total_supply": 3.496937134253653e-07,
                    "percentage_of_circulating_supply": 3.496937134253653e-07
                },
                "0x45b065f1663c36c2e790e28fd4748dd8b6875353": {
                    "balance": 140977983079212345630,
                    "percentage_of_total_supply": 1.4097798307921235e-05,
                    "percentage_of_circulating_supply": 1.4097798307921235e-05
                },
                "0xf0d908343d42cf5eb511e364cab7b1a50d49eda1": {
                    "balance": 276937535131116616051,
                    "percentage_of_total_supply": 2.7693753513111662e-05,
                    "percentage_of_circulating_supply": 2.7693753513111662e-05
                },
                "0x1913bbb4b9aab240c8ef6b9bc0c44ad04fe0cb6d": {
                    "balance": 63366356860486009568,
                    "percentage_of_total_supply": 6.336635686048601e-06,
                    "percentage_of_circulating_supply": 6.336635686048601e-06
                },
                "0xf0204aaaa94f8a0ff6df05cfc474c170c12eab79": {
                    "balance": 56247381872538640609,
                    "percentage_of_total_supply": 5.624738187253864e-06,
                    "percentage_of_circulating_supply": 5.624738187253864e-06
                },
                "0x7f21885ac02fb4290f52d9cecf49f4d738d060fa": {
                    "balance": 782185773016252145329,
                    "percentage_of_total_supply": 7.821857730162522e-05,
                    "percentage_of_circulating_supply": 7.821857730162522e-05
                },
                "0x30aa470eb0721383bde4262118f4bf40fc415936": {
                    "balance": 716623619251835406471,
                    "percentage_of_total_supply": 7.166236192518354e-05,
                    "percentage_of_circulating_supply": 7.166236192518354e-05
                },
                "0x22f0695acad647831e7fffc59d70e2aa52e97c73": {
                    "balance": 200655280711983414483,
                    "percentage_of_total_supply": 2.0065528071198343e-05,
                    "percentage_of_circulating_supply": 2.0065528071198343e-05
                },
                "0x0ed943ce24baebf257488771759f9bf482c39706": {
                    "balance": 76861960186336564464,
                    "percentage_of_total_supply": 7.686196018633656e-06,
                    "percentage_of_circulating_supply": 7.686196018633656e-06
                },
                "0x9fc63be69e266b5209e55ce05d3095e5e2fd65b9": {
                    "balance": 2372431772845296593,
                    "percentage_of_total_supply": 2.3724317728452965e-07,
                    "percentage_of_circulating_supply": 2.3724317728452965e-07
                },
                "0x28b9ef6d9bd250cc885996fdc267dfbc45c19a15": {
                    "balance": 763106381644665734071,
                    "percentage_of_total_supply": 7.631063816446658e-05,
                    "percentage_of_circulating_supply": 7.631063816446658e-05
                },
                "0x3f24dd2f215c2cbbdcfb6d0e17814f09404ca504": {
                    "balance": 93458597596318256192,
                    "percentage_of_total_supply": 9.345859759631826e-06,
                    "percentage_of_circulating_supply": 9.345859759631826e-06
                },
                "0x75920d97c6b4ab2ac32b89744cc840a934c71f97": {
                    "balance": 30790199014560212255,
                    "percentage_of_total_supply": 3.079019901456021e-06,
                    "percentage_of_circulating_supply": 3.079019901456021e-06
                },
                "0x43df7560968215be223b286d06bfb969a0a13a24": {
                    "balance": 67654960183047707960,
                    "percentage_of_total_supply": 6.7654960183047705e-06,