{
    "token_address": "0x378C4306281BfB03616e01E3b7192B252Bfbe364",
    "chain": "bsc",
    "token_name": "NucleSwap",
    "analyses": {
        "contract": {
            "contract_name": null,
            "compiler_version": null,
            "license_type": null,
            "implementation": null,
            "source_code": null,
            "abi": null,
            "verified": false,
            "owner": "0x77b7a91d4495611853ea2dc31afda2aae89a7407",
            "creator": "0x77b7a91d4495611853ea2dc31afda2aae89a7407",
            "is_hidden_owner": false,
            "is_proxy": null,
            "is_sellable": true,
            "is_hardcoded_owner": null,
            "code_analysis": null
        },
        "holder": {
            "total_holders": 17,
            "holders_list": {
                "0xc2e2bcc41d19591592562c320f3a64bf1c129e18": {
                    "balance": 15160150461643,
                    "percentage_of_total_supply": 1.5160150461643001e-05,
                    "percentage_of_circulating_supply": 1.5160150461643001e-05
                },
                "0x63f9eff519d9d4cbd4b665940c1bae8f0a9de2a2": {
                    "balance": 5100833,
                    "percentage_of_total_supply": 5.100833e-12,
                    "percentage_of_circulating_supply": 5.100833e-12
                },
                "0xa21b2d27c4fda8e12905c3251cc80da248dd579a": {
                    "balance": 26944356222648,
                    "percentage_of_total_supply": 2.6944356222648e-05,
                    "percentage_of_circulating_supply": 2.6944356222648e-05
                },
                "0x297771898bf979474db211011d98a5d8169cb967": {
                    "balance": 963796547401,
                    "percentage_of_total_supply": 9.63796547401e-07,
                    "percentage_of_circulating_supply": 9.63796547401e-07
                },
                "0xdeab679aed0380746ba551362bf677f7e7d3b42f": {
                    "balance": 12286534632968,
                    "percentage_of_total_supply": 1.2286534632968e-05,
                    "percentage_of_circulating_supply": 1.2286534632968e-05
                },
                "0xf2f13fb8bfeb2cf41a67bd5fe90adf8d86ed3112": {
                    "balance": 1862653572845,
                    "percentage_of_total_supply": 1.8626535728450002e-06,
                    "percentage_of_circulating_supply": 1.8626535728450002e-06
                },
                "0x5e4304f918d12fb21f3fecc676f5ab9a1c285816": {
                    "balance": 251348955693,
                    "percentage_of_total_supply": 2.51348955693e-07,
                    "percentage_of_circulating_supply": 2.51348955693e-07
                },
                "0x23b8f6a5f9ae37d2877f4faee8b023a942d8e591": {
                    "balance": 14706804145581,
                    "percentage_of_total_supply": 1.4706804145581e-05,
                    "percentage_of_circulating_supply": 1.4706804145581e-05
                },
                "0x0ed943ce24baebf257488771759f9bf482c39706": {
                    "balance": 18291152336,
                    "percentage_of_total_supply": 1.8291152335999997e-08,
                    "percentage_of_circulating_supply": 1.8291152335999997e-08
                },
                "0x571570f87d5af89c38d4039eb905be6837a31864": {
                    "balance": 13741862228472,
                    "percentage_of_total_supply": 1.3741862228471998e-05,
                    "percentage_of_circulating_supply": 1.3741862228471998e-05
                },
                "0xf18b07718706c6a93e8a009e629acc2f8b64139f": {
                    "balance": 25087732396,
                    "percentage_of_total_supply": 2.5087732396000003e-08,
                    "percentage_of_circulating_supply": 2.5087732396000003e-08
                },
                "0x9c6e4600220ae03b8aabc24724e8dfe0113d2599": {
                    "balance": 38197083686,
                    "percentage_of_total_supply": 3.8197083686e-08,
                    "percentage_of_circulating_supply": 3.8197083686e-08
                },
                "0x00c516d7b5a4e3d4651fdbaaceeb5aeb9da6de7a": {
                    "balance": 4075159598975,
                    "percentage_of_total_supply": 4.075159598975e-06,
                    "percentage_of_circulating_supply": 4.075159598975e-06
                },
                "0xaa3cbbcc5c61967477ce1e38c05c3b9030051a5a": {
                    "balance": 14273501423788,
                    "percentage_of_total_supply": 1.4273501423788001e-05,
                    "percentage_of_circulating_supply": 1.4273501423788001e-05
                },
                "0x378c4306281bfb03616e01e3b7192b252bfbe364": {
                    "balance": 434436253782,
                    "percentage_of_total_supply": 4.34436253782e-07,
                    "percentage_of_circulating_supply": 4.34436253782e-07
                },
                "0x2fda883abd188188ddeb31977d45d5f5f1ea7bbf": {
                    "balance": 11416891765999,
                    "percentage_of_total_supply": 1.1416891765999e-05,
                    "percentage_of_circulating_supply": 1.1416891765999e-05
                }
            },
            "total_supply": 100000000000000000000,
            "total_circulating_supply": 100000000000000000000,
            "owner": {
                "address": "0x77b7a91d4495611853ea2dc31afda2aae89a7407",
                "balance": 99999883800923120954,
                "percentage_of_supply": 99.99988380092312,
                "exceeds_5_percent": true
            },
            "creator": {},
            "holders_exceeding_5_percent": [
                {
                    "address": "0x77b7a91d4495611853ea2dc31afda2aae89a7407",
                    "balance": 99999883800923120954,
                    "percentage_of_supply": 99.99988380092312
                }
            ],
            "howmany_holders_exceeding_5_percent": 1,
            "top_10_holders": [
                {
                    "address": "0x77b7a91d4495611853ea2dc31afda2aae89a7407",
                    "balance": 99999883800923120954,
                    "percentage_of_total_supply": 99.99988380092312,
                    "percentage_of_circulating_supply": 99.99988380092312
                },
                {
                    "address": "0xa21b2d27c4fda8e12905c3251cc80da248dd579a",
                    "balance": 26944356222648,
                    "percentage_of_total_supply": 2.6944356222648e-05,
                    "percentage_of_circulating_supply": 2.6944356222648e-05
                },
                {
                    "address": "0xc2e2bcc41d19591592562c320f3a64bf1c129e18",
                    "balance": 15160150461643,
                    "percentage_of_total_supply": 1.5160150461643001e-05,
                    "percentage_of_circulating_supply": 1.5160150461643001e-05
                },
                {
                    "address": "0x23b8f6a5f9ae37d2877f4faee8b023a942d8e591",
                    "balance": 14706804145581,
                    "percentage_of_total_supply": 1.4706804145581e-05,
                    "percentage_of_circulating_supply": 1.4706804145581e-05
                },
                {
                    "address": "0xaa3cbbcc5c61967477ce1e38c05c3b9030051a5a",
                    "balance": 14273501423788,
                    "percentage_of_total_supply": 1.4273501423788001e-05,
                    "percentage_of_circulating_supply": 1.4273501423788001e-05
                },
                {
                    "address": "0x571570f87d5af89c38d4039eb905be6837a31864",
                    "balance": 13741862228472,
                    "percentage_of_total_supply": 1.3741862228471998e-05,
                    "percentage_of_circulating_supply": 1.3741862228471998e-05
                },
                {
                    "address": "0xdeab679aed0380746ba551362bf677f7e7d3b42f",