{
    "token_address": "0xff0De490bf27aB5a492CF86166868D74CE5ed1b4",
    "chain": "bsc",
    "token_name": "Cosmos Token",
    "analyses": {
        "contract": {
            "contract_name": null,
            "compiler_version": null,
            "license_type": null,
            "implementation": null,
            "source_code": null,
            "abi": null,
            "verified": false,
            "owner": "0x0ed604d1b4af88ec25630aaaec2d34aa5ffdb215",
            "creator": "0x0ed604d1b4af88ec25630aaaec2d34aa5ffdb215",
            "is_hidden_owner": false,
            "is_proxy": null,
            "is_sellable": true,
            "is_hardcoded_owner": null,
            "code_analysis": null
        },
        "holder": {
            "total_holders": 45,
            "holders_list": {
                "0xce9b7f69fea60e2ac295a553114adaf3ba379a03": {
                    "balance": 1.770953288321814e+32,
                    "percentage_of_total_supply": 17.7095,
                    "percentage_of_circulating_supply": 17.7095
                },
                "0x7bcfa85a75f93adb8ddb4dd77ae54a610fa2505d": {
                    "balance": 7.9184933122729845e+31,
                    "percentage_of_total_supply": 7.9185,
                    "percentage_of_circulating_supply": 7.9185
                },
                "0xe7e638edbf24ae50f1c527b91cda3657d5ad8e2d": {
                    "balance": 7.632447166494411e+31,
                    "percentage_of_total_supply": 7.6324,
                    "percentage_of_circulating_supply": 7.6324
                },
                "0x9d3262ccff208ed0ab8158ca1c68387bdd8c1a6b": {
                    "balance": 7.214939458546377e+31,
                    "percentage_of_total_supply": 7.2149,
                    "percentage_of_circulating_supply": 7.2149
                },
                "0xf20e2192dfad37313547849352b18225d7fa48be": {
                    "balance": 4.601326484523849e+31,
                    "percentage_of_total_supply": 4.6013,
                    "percentage_of_circulating_supply": 4.6013
                },
                "0x439c1d4f2646aa92af5d5238d80132d905c3a4fd": {
                    "balance": 4.536181642440296e+31,
                    "percentage_of_total_supply": 4.5362,
                    "percentage_of_circulating_supply": 4.5362
                },
                "0xde53fd36282fd960770fb259daeea75787b39bc7": {
                    "balance": 3.6314415557380866e+31,
                    "percentage_of_total_supply": 3.6314,
                    "percentage_of_circulating_supply": 3.6314
                },
                "0x3b601a6933b92d853c829aa323dda7bcb0664a99": {
                    "balance": 3.1275485192797763e+31,
                    "percentage_of_total_supply": 3.1275,
                    "percentage_of_circulating_supply": 3.1275
                },
                "0x359ff343b0c308d3697513f90827dd0570dc7348": {
                    "balance": 3.058654217234962e+31,
                    "percentage_of_total_supply": 3.0587,
                    "percentage_of_circulating_supply": 3.0587
                },
                "0x1e8b4b7470c8184cf82140cd7e1a192509ce8b2d": {
                    "balance": 2.5282506956956434e+31,
                    "percentage_of_total_supply": 2.5283,
                    "percentage_of_circulating_supply": 2.5283
                },
                "0x6efec346b5cbd68b8b65fa8dc307d2cdcdb5f40d": {
                    "balance": 2.470293789775287e+31,
                    "percentage_of_total_supply": 2.4703,
                    "percentage_of_circulating_supply": 2.4703
                },
                "0x75b441f4002d753d491b09f016d3432404cfba15": {
                    "balance": 2.3457642080469452e+31,
                    "percentage_of_total_supply": 2.3458,
                    "percentage_of_circulating_supply": 2.3458
                },
                "0x1bc94d78cf70697ca20ead8ab6af9bb52953b874": {
                    "balance": 2.345622289445976e+31,
                    "percentage_of_total_supply": 2.3456,
                    "percentage_of_circulating_supply": 2.3456
                },
                "0x3dff9e7ae0bc6312d6de1e2cc65067843bc7b1fa": {
                    "balance": 2.060015170695872e+31,
                    "percentage_of_total_supply": 2.06,
                    "percentage_of_circulating_supply": 2.06
                },
                "0xbb687a10eaa789e5ca2d7196b9cb681ca792c58b": {
                    "balance": 1.9333984514602339e+31,
                    "percentage_of_total_supply": 1.9334,
                    "percentage_of_circulating_supply": 1.9334
                },
                "0xa10905d40e7a9aa79b8473e8412b65c75c4285a0": {
                    "balance": 1.7044489828942597e+31,
                    "percentage_of_total_supply": 1.7044,
                    "percentage_of_circulating_supply": 1.7044
                },
                "0x7e263fbb90f74de351e601427fe7d57edfc7ad6b": {
                    "balance": 1.370444941660966e+31,
                    "percentage_of_total_supply": 1.3704,
                    "percentage_of_circulating_supply": 1.3704
                },
                "0xbd8c2dcbd20e60da113416e769c2a364b7ec0798": {
                    "balance": 1.1654324922075373e+31,
                    "percentage_of_total_supply": 1.1654,
                    "percentage_of_circulating_supply": 1.1654
                },
                "0x8f7e78912c4b88b5d78b3d8cc137fd461f63118e": {
                    "balance": 1.1301976415181024e+31,
                    "percentage_of_total_supply": 1.1302,
                    "percentage_of_circulating_supply": 1.1302
                },
                "0x02990235e59e1c915e907f9f870bac3c9e38d0ce": {
                    "balance": 9.786366682245603e+30,
                    "percentage_of_total_supply": 0.9786,
                    "percentage_of_circulating_supply": 0.9786
                },
                "0x99dd131ef7607118a7f2c38e066c0eef80af35bb": {
                    "balance": 7.490234942539461e+30,
                    "percentage_of_total_supply": 0.749,
                    "percentage_of_circulating_supply": 0.749
                },
                "0x187c1454b6a1561c7ef3868c7b2189d0dbe47700": {
                    "balance": 4.6158874344491805e+30,
                    "percentage_of_total_supply": 0.4616,
                    "percentage_of_circulating_supply": 0.4616
                },
                "0xaebfb97eda8fd65d1f85f5429ce0344fe0bf8b38": {
                    "balance": 4.2943792297127e+30,
                    "percentage_of_total_supply": 0.4294,
                    "percentage_of_circulating_supply": 0.4294
                },
                "0xc3e3ff35746e1eab080d94402fee15bf775c7bf9": {
                    "balance": 3.253422339629999e+30,
                    "percentage_of_total_supply": 0.3253,
                    "percentage_of_circulating_supply": 0.3253
                },
                "0x85938ad67695460a2c0f35bab92e157aac3dd742": {
                    "balance": 2.689082558976266e+30,
                    "percentage_of_total_supply": 0.2689,
                    "percentage_of_circulating_supply": 0.2689
                },
                "0xfd0af3427444d557bf8a9bec1174e07497d0e1ba": {
                    "balance": 2.6181274155342227e+30,
                    "percentage_of_total_supply": 0.2618,
                    "percentage_of_circulating_supply": 0.2618
                },
                "0xaf87a377e98f1ba2a40f36ef12c38ccf7c0c9438": {
                    "balance": 2.409049566420977e+30,
                    "percentage_of_total_supply": 0.2409,
                    "percentage_of_circulating_supply": 0.2409
                },
                "0x682f87b4cd94abcfa43d511747168940826befce": {
                    "balance": 1.638908610836188e+30,
                    "percentage_of_total_supply": 0.1639,