{
    "token_address": "0x566575FEc563DF73C40210cc73De8Bac60C9a2DB",
    "chain": "bsc",
    "token_name": "Meta Orbit",
    "analyses": {
        "contract": {
            "contract_name": null,
            "compiler_version": null,
            "license_type": null,
            "implementation": null,
            "source_code": null,
            "abi": null,
            "verified": false,
            "owner": "0x64d9953e092470f030ff5e8cc13caf018d8db232",
            "creator": "0x64d9953e092470f030ff5e8cc13caf018d8db232",
            "is_hidden_owner": false,
            "is_proxy": null,
            "is_sellable": true,
            "is_hardcoded_owner": null,
            "code_analysis": null
        },
        "holder": {
            "total_holders": 20,
            "holders_list": {
                "0xaaf882aabbbaedebcff0bfe100d0ae749000ba46": {
                    "balance": 6.897959752970593e+31,
                    "percentage_of_total_supply": 6.898,
                    "percentage_of_circulating_supply": 6.898
                },
                "0x403756c0669783cc7eb9e929aeb881170b67dfb8": {
                    "balance": 6.744742371723553e+31,
                    "percentage_of_total_supply": 6.7447,
                    "percentage_of_circulating_supply": 6.7447
                },
                "0x9f10bdbce46cd5512af0c48c28be29e0663a9e0d": {
                    "balance": 3.9927809591548237e+31,
                    "percentage_of_total_supply": 3.9928,
                    "percentage_of_circulating_supply": 3.9928
                },
                "0xc63d24ba1eba9552e7c1b12e380b19b8b618f259": {
                    "balance": 3.9926458537845553e+31,
                    "percentage_of_total_supply": 3.9926,
                    "percentage_of_circulating_supply": 3.9926
                },
                "0xf9f691e0f08688c75c8db02529f708ffc32ece77": {
                    "balance": 2.989955594095144e+31,
                    "percentage_of_total_supply": 2.99,
                    "percentage_of_circulating_supply": 2.99
                },
                "0xd24980284af15648aa7e1feccf517bf502106c4c": {
                    "balance": 2.2136379167714e+31,
                    "percentage_of_total_supply": 2.2136,
                    "percentage_of_circulating_supply": 2.2136
                },
                "0x1770dff2e8d11fbbb9b9c554633007b7da0b7723": {
                    "balance": 1.819073129473696e+31,
                    "percentage_of_total_supply": 1.8191,
                    "percentage_of_circulating_supply": 1.8191
                },
                "0x3f2c6a992367847a838687aef793cf4a53d85c3b": {
                    "balance": 1.3315148398551436e+31,
                    "percentage_of_total_supply": 1.3315,
                    "percentage_of_circulating_supply": 1.3315
                },
                "0xf9b998ca60c1205721ef84ce47a3cad5f9e43211": {
                    "balance": 1.2887573016004464e+31,
                    "percentage_of_total_supply": 1.2888,
                    "percentage_of_circulating_supply": 1.2888
                },
                "0xaf1bfd67358f1ee8fe7fbd66d2336127ca818654": {
                    "balance": 1.1334521624850427e+31,
                    "percentage_of_total_supply": 1.1335,
                    "percentage_of_circulating_supply": 1.1335
                },
                "0xaa9f0c919090faaa03aaf877408c37246988166c": {
                    "balance": 4.1728091611584344e+30,
                    "percentage_of_total_supply": 0.4173,
                    "percentage_of_circulating_supply": 0.4173
                },
                "0xfd0af3427444d557bf8a9bec1174e07497d0e1ba": {
                    "balance": 2.6181274155342227e+30,
                    "percentage_of_total_supply": 0.2618,
                    "percentage_of_circulating_supply": 0.2618
                },
                "0x8bc6fbccc3587ae341fa1632c86582ac34217d0f": {
                    "balance": 2e+30,
                    "percentage_of_total_supply": 0.2,
                    "percentage_of_circulating_supply": 0.2
                },
                "0xb0af1e65ed4d8a7242dbc34df5937fed38d51868": {
                    "balance": 1.85755e+30,
                    "percentage_of_total_supply": 0.1858,
                    "percentage_of_circulating_supply": 0.1858
                },
                "0xb13733b3cfebf27117f53fff4f2d303cf2bfbc54": {
                    "balance": 6.003500204071507e+29,
                    "percentage_of_total_supply": 0.06,
                    "percentage_of_circulating_supply": 0.06
                },
                "0xe06c026644b178dc569ce2efcab0e5bb1da2ec14": {
                    "balance": 2.666383640431133e+29,
                    "percentage_of_total_supply": 0.0267,
                    "percentage_of_circulating_supply": 0.0267
                },
                "0x38af69b22eb3c53b1eea4a46f2581cd102f05632": {
                    "balance": 7.701444190395138e+28,
                    "percentage_of_total_supply": 0.0077,
                    "percentage_of_circulating_supply": 0.0077
                },
                "0x915f1ae3d724f8f0f7bcf59563825e1e954f2c3b": {
                    "balance": 2.9030704882037526e+28,
                    "percentage_of_total_supply": 0.0029,
                    "percentage_of_circulating_supply": 0.0029
                },
                "0x2432df1e707d13ce3fd21aec985edfcc77b85ab5": {
                    "balance": 2.157301e+24,
                    "percentage_of_total_supply": 0.0,
                    "percentage_of_circulating_supply": 0.0
                }
            },
            "total_supply": 1e+33,
            "total_circulating_supply": 1.0000000000000001e+33,
            "owner": {
                "address": "0x64d9953e092470f030ff5e8cc13caf018d8db232",
                "balance": 6.643332789156262e+32,
                "percentage_of_supply": 66.4333,
                "exceeds_5_percent": true
            },
            "creator": {},
            "holders_exceeding_5_percent": [
                {
                    "address": "0x64d9953e092470f030ff5e8cc13caf018d8db232",
                    "balance": 6.643332789156262e+32,
                    "percentage_of_supply": 66.4333
                },
                {
                    "address": "0xaaf882aabbbaedebcff0bfe100d0ae749000ba46",
                    "balance": 6.897959752970593e+31,
                    "percentage_of_supply": 6.898
                },
                {
                    "address": "0x403756c0669783cc7eb9e929aeb881170b67dfb8",
                    "balance": 6.744742371723553e+31,
                    "percentage_of_supply": 6.7447
                }
            ],
            "howmany_holders_exceeding_5_percent": 3,
            "top_10_holders": [
                {
                    "address": "0x64d9953e092470f030ff5e8cc13caf018d8db232",
                    "balance": 6.643332789156262e+32,
                    "percentage_of_total_supply": 66.4333,
                    "percentage_of_circulating_supply": 66.4333
                },
                {
                    "address": "0xaaf882aabbbaedebcff0bfe100d0ae749000ba46",
                    "balance": 6.897959752970593e+31,
                    "percentage_of_total_supply": 6.898,
                    "percentage_of_circulating_supply": 6.898
                },
                {
                    "address": "0x403756c0669783cc7eb9e929aeb881170b67dfb8",
                    "balance": 6.744742371723553e+31,
                    "percentage_of_total_supply": 6.7447,
                    "percentage_of_circulating_supply": 6.7447
                },
                {
                    "address": "0x9f10bdbce46cd5512af0c48c28be29e0663a9e0d",
                    "balance": 3.9927809591548237e+31,
                    "percentage_of_total_supply": 3.9928,