{
    "token_address": "0x124f582978f64D8eCec1FD9EAa58A24Bfc081aDc",
    "chain": "bsc",
    "token_name": "Mendy",
    "analyses": {
        "contract": {
            "contract_name": null,
            "compiler_version": null,
            "license_type": null,
            "implementation": null,
            "source_code": null,
            "abi": null,
            "verified": false,
            "owner": null,
            "creator": "0x43b7925bfbcd45ed66a9fad7d2f09b13cddad327",
            "is_hidden_owner": true,
            "is_proxy": null,
            "is_sellable": true,
            "is_hardcoded_owner": null,
            "code_analysis": null
        },
        "holder": {
            "total_holders": 20,
            "holders_list": {
                "0x8aabe421a0bf8219eb8a0b9387e73c86e446fa91": {
                    "balance": 78999995365329989742270349312,
                    "percentage_of_total_supply": 78.99999536533,
                    "percentage_of_circulating_supply": 78.99999536533
                },
                "0xbed143adcf873c21388fbee979568a1f23e0ac53": {
                    "balance": 20999999175954164949788393472,
                    "percentage_of_total_supply": 20.999999175954166,
                    "percentage_of_circulating_supply": 20.999999175954166
                },
                "0xbef3385a4eeecbcc0a2844a06e6009541e1a4244": {
                    "balance": 4013903129358402322432,
                    "percentage_of_total_supply": 4.013903129358402e-06,
                    "percentage_of_circulating_supply": 4.013903129358402e-06
                },
                "0xad5f818f76b8a428e4dae9934eb4dcb2bb17a428": {
                    "balance": 240945578291064700928,
                    "percentage_of_total_supply": 2.409455782910647e-07,
                    "percentage_of_circulating_supply": 2.409455782910647e-07
                },
                "0x24b6c1098c7556d025448dc6909144808a1b1b58": {
                    "balance": 238258885625863700480,
                    "percentage_of_total_supply": 2.382588856258637e-07,
                    "percentage_of_circulating_supply": 2.382588856258637e-07
                },
                "0x5e3773713f0a20806168d633652b905ee7253f83": {
                    "balance": 230272360386887221248,
                    "percentage_of_total_supply": 2.3027236038688722e-07,
                    "percentage_of_circulating_supply": 2.3027236038688722e-07
                },
                "0xcb692809bf98a8201648b3c81f7231230f5cdfb1": {
                    "balance": 150467098166424764416,
                    "percentage_of_total_supply": 1.5046709816642477e-07,
                    "percentage_of_circulating_supply": 1.5046709816642477e-07
                },
                "0xe65ff201b9c883be6b9bd66d9f7959f4474ea912": {
                    "balance": 144795924458468098048,
                    "percentage_of_total_supply": 1.447959244584681e-07,
                    "percentage_of_circulating_supply": 1.447959244584681e-07
                },
                "0x39553548417365a299360233ef96f6c783a72e71": {
                    "balance": 117529444411361099776,
                    "percentage_of_total_supply": 1.175294444113611e-07,
                    "percentage_of_circulating_supply": 1.175294444113611e-07
                },
                "0x0ed943ce24baebf257488771759f9bf482c39706": {
                    "balance": 92798219110176325632,
                    "percentage_of_total_supply": 9.279821911017632e-08,
                    "percentage_of_circulating_supply": 9.279821911017632e-08
                },
                "0xf809a4156b5abd7b74a94d8a99c93ccbdadb7d07": {
                    "balance": 66965583720094728192,
                    "percentage_of_total_supply": 6.696558372009473e-08,
                    "percentage_of_circulating_supply": 6.696558372009473e-08
                },
                "0x5575f00e65352fe8f412c9a403287d7a7744cbad": {
                    "balance": 42523131539668918272,
                    "percentage_of_total_supply": 4.252313153966892e-08,
                    "percentage_of_circulating_supply": 4.252313153966891e-08
                },
                "0x275822aae6662f73efd71e33e5bf055c8c4c1ce2": {
                    "balance": 41178392632464703488,
                    "percentage_of_total_supply": 4.1178392632464704e-08,
                    "percentage_of_circulating_supply": 4.1178392632464704e-08
                },
                "0x2be87ad70cf11ea294d7c42044b5b8277a3e4874": {
                    "balance": 35591797399984173056,
                    "percentage_of_total_supply": 3.5591797399984175e-08,
                    "percentage_of_circulating_supply": 3.5591797399984175e-08
                },
                "0xec4cae18f23075acd2d7bba498f84fdf863a0b76": {
                    "balance": 22652702752077017088,
                    "percentage_of_total_supply": 2.265270275207702e-08,
                    "percentage_of_circulating_supply": 2.2652702752077016e-08
                },
                "0xe2131afd6fb035432f6f012af61a9d2d508c28cf": {
                    "balance": 18425761555049723904,
                    "percentage_of_total_supply": 1.8425761555049724e-08,
                    "percentage_of_circulating_supply": 1.8425761555049724e-08
                },
                "0x0582004da93b160c39f94a573935dec0ebcf932c": {
                    "balance": 2407822939385034240,
                    "percentage_of_total_supply": 2.407822939385034e-09,
                    "percentage_of_circulating_supply": 2.407822939385034e-09
                },
                "0x0afcaa2844549dce262a109d466631ade67c9f40": {
                    "balance": 16514825563369,
                    "percentage_of_total_supply": 1.6514825563369e-14,
                    "percentage_of_circulating_supply": 1.6514825563369e-14
                },
                "0x4a02f8f30616e85b76a49e45e8167230c332c96d": {
                    "balance": 142062,
                    "percentage_of_total_supply": 1.42062e-22,
                    "percentage_of_circulating_supply": 1.42062e-22
                },
                "0x9d55fae2393046f33b869c60f9ed39e0c1b4e5ce": {
                    "balance": 29337,
                    "percentage_of_total_supply": 2.9337e-23,
                    "percentage_of_circulating_supply": 2.9337e-23
                }
            },
            "total_supply": 100000000000000000000000000000,
            "total_circulating_supply": 100000000000000001777128504376,
            "owner": {},
            "creator": {},
            "holders_exceeding_5_percent": [
                {
                    "address": "0x8aabe421a0bf8219eb8a0b9387e73c86e446fa91",
                    "balance": 78999995365329989742270349312,
                    "percentage_of_supply": 78.99999536533
                },
                {
                    "address": "0xbed143adcf873c21388fbee979568a1f23e0ac53",
                    "balance": 20999999175954164949788393472,
                    "percentage_of_supply": 20.999999175954166
                }
            ],
            "howmany_holders_exceeding_5_percent": 2,
            "top_10_holders": [
                {
                    "address": "0x8aabe421a0bf8219eb8a0b9387e73c86e446fa91",
                    "balance": 78999995365329989742270349312,
                    "percentage_of_total_supply": 78.99999536533,
                    "percentage_of_circulating_supply": 78.99999536533
                },
                {
                    "address": "0xbed143adcf873c21388fbee979568a1f23e0ac53",
                    "balance": 20999999175954164949788393472,
                    "percentage_of_total_supply": 20.999999175954166,
                    "percentage_of_circulating_supply": 20.999999175954166
                },
                {
                    "address": "0xbef3385a4eeecbcc0a2844a06e6009541e1a4244",