{
    "token_address": "0xE7d11a084d093b0A076376898D522140C6c67661",
    "chain": "bsc",
    "token_name": "Monkey Shiba",
    "analyses": {
        "contract": {
            "contract_name": null,
            "compiler_version": null,
            "license_type": null,
            "implementation": null,
            "source_code": null,
            "abi": null,
            "verified": false,
            "owner": "0xb06f03d595df5191791c53ec8310cbbf38fd1533",
            "creator": "0xb06f03d595df5191791c53ec8310cbbf38fd1533",
            "is_hidden_owner": false,
            "is_proxy": null,
            "is_sellable": true,
            "is_hardcoded_owner": null,
            "code_analysis": null
        },
        "holder": {
            "total_holders": 19,
            "holders_list": {
                "0xd9eb6ff5c6e0afcaeea219fd5d45cee6d1753249": {
                    "balance": 5.091289029587605e+16,
                    "percentage_of_total_supply": 5.0913,
                    "percentage_of_circulating_supply": 5.1384
                },
                "0x5030b31fc01843625850c57e66ea57b275a498ff": {
                    "balance": 4.240544701198316e+16,
                    "percentage_of_total_supply": 4.2405,
                    "percentage_of_circulating_supply": 4.2798
                },
                "0xe6ab861e6ca7e1bd291327c7da81b702ac1661ec": {
                    "balance": 5492035371881150.0,
                    "percentage_of_total_supply": 0.5492,
                    "percentage_of_circulating_supply": 0.5543
                },
                "0x81903825550a0b0cb9fff6fd325e708b3da028a9": {
                    "balance": 5460319130000405.0,
                    "percentage_of_total_supply": 0.546,
                    "percentage_of_circulating_supply": 0.5511
                },
                "0x9b69b82b91d9d610d53b41fc69146d6f96101be8": {
                    "balance": 3770428491604084.0,
                    "percentage_of_total_supply": 0.377,
                    "percentage_of_circulating_supply": 0.3805
                },
                "0x2e273975a1c74526c2166b80efde6b835d712bde": {
                    "balance": 1950541555285929.0,
                    "percentage_of_total_supply": 0.1951,
                    "percentage_of_circulating_supply": 0.1969
                },
                "0xa02b5f2871ec835e135241c5b6ffe6afd123fa43": {
                    "balance": 1548207557553465.0,
                    "percentage_of_total_supply": 0.1548,
                    "percentage_of_circulating_supply": 0.1563
                },
                "0x089cdb36d1f15323e7abf93df5e7045a7298134c": {
                    "balance": 1491577690993287.0,
                    "percentage_of_total_supply": 0.1492,
                    "percentage_of_circulating_supply": 0.1505
                },
                "0xd2b6fcbba9a27fd60cda48e750e01f813b7eed56": {
                    "balance": 1316871644242347.0,
                    "percentage_of_total_supply": 0.1317,
                    "percentage_of_circulating_supply": 0.1329
                },
                "0x915bf2cd289e273b38eb8b05d951f3eccb689a27": {
                    "balance": 1124049000000000.0,
                    "percentage_of_total_supply": 0.1124,
                    "percentage_of_circulating_supply": 0.1134
                },
                "0xc38cca72a725efd36ad3e5d2e338c9006ffd24ac": {
                    "balance": 560122095813723.0,
                    "percentage_of_total_supply": 0.056,
                    "percentage_of_circulating_supply": 0.0565
                },
                "0xa0c65421c1ca40ff60d1bc7574be4a12e736700c": {
                    "balance": 475807907586240.0,
                    "percentage_of_total_supply": 0.0476,
                    "percentage_of_circulating_supply": 0.048
                },
                "0x649020cdda5104c60054635b124f46e0a7925517": {
                    "balance": 457990499051317.0,
                    "percentage_of_total_supply": 0.0458,
                    "percentage_of_circulating_supply": 0.0462
                },
                "0xea2359d28520184fcdfdfdbd0fe083409c10c049": {
                    "balance": 411445022003831.0,
                    "percentage_of_total_supply": 0.0411,
                    "percentage_of_circulating_supply": 0.0415
                },
                "0x9fdb38b97aeda4e081e55c91b96d3e3f9dd551f5": {
                    "balance": 378956728516091.0,
                    "percentage_of_total_supply": 0.0379,
                    "percentage_of_circulating_supply": 0.0382
                },
                "0x0ed943ce24baebf257488771759f9bf482c39706": {
                    "balance": 108575107316273.0,
                    "percentage_of_total_supply": 0.0109,
                    "percentage_of_circulating_supply": 0.011
                },
                "0x0ecfc1986df9fa0c1577551943f631199932ba0e": {
                    "balance": 337628744559.0,
                    "percentage_of_total_supply": 0.0,
                    "percentage_of_circulating_supply": 0.0
                },
                "0x28b75d295b9a74b891734d96e6f7f61a5f9afe93": {
                    "balance": 4952337.0,
                    "percentage_of_total_supply": 0.0,
                    "percentage_of_circulating_supply": 0.0
                }
            },
            "total_supply": 1e+18,
            "total_circulating_supply": 9.908307561664634e+17,
            "owner": {
                "address": "0xb06f03d595df5191791c53ec8310cbbf38fd1533",
                "balance": 8.637959095895226e+17,
                "percentage_of_supply": 87.179,
                "exceeds_5_percent": true
            },
            "creator": {},
            "holders_exceeding_5_percent": [
                {
                    "address": "0xb06f03d595df5191791c53ec8310cbbf38fd1533",
                    "balance": 8.637959095895226e+17,
                    "percentage_of_supply": 87.179
                },
                {
                    "address": "0xd9eb6ff5c6e0afcaeea219fd5d45cee6d1753249",
                    "balance": 5.091289029587605e+16,
                    "percentage_of_supply": 5.1384
                }
            ],
            "howmany_holders_exceeding_5_percent": 2,
            "top_10_holders": [
                {
                    "address": "0xb06f03d595df5191791c53ec8310cbbf38fd1533",
                    "balance": 8.637959095895226e+17,
                    "percentage_of_total_supply": 86.3796,
                    "percentage_of_circulating_supply": 87.179
                },
                {
                    "address": "0xd9eb6ff5c6e0afcaeea219fd5d45cee6d1753249",
                    "balance": 5.091289029587605e+16,
                    "percentage_of_total_supply": 5.0913,
                    "percentage_of_circulating_supply": 5.1384
                },
                {
                    "address": "0x5030b31fc01843625850c57e66ea57b275a498ff",
                    "balance": 4.240544701198316e+16,
                    "percentage_of_total_supply": 4.2405,
                    "percentage_of_circulating_supply": 4.2798
                },
                {
                    "address": "0xe6ab861e6ca7e1bd291327c7da81b702ac1661ec",
                    "balance": 5492035371881150.0,
                    "percentage_of_total_supply": 0.5492,
                    "percentage_of_circulating_supply": 0.5543
                },
                {
                    "address": "0x81903825550a0b0cb9fff6fd325e708b3da028a9",
                    "balance": 5460319130000405.0,
                    "percentage_of_total_supply": 0.546,
                    "percentage_of_circulating_supply": 0.5511
                },
                {
                    "address": "0x9b69b82b91d9d610d53b41fc69146d6f96101be8",
                    "balance": 3770428491604084.0,
                    "percentage_of_total_supply": 0.377,