{
    "token_address": "0x0Fbb3Bb17BD250f7bb51e30Ff2f6Aa0A840FE361",
    "chain": "bsc",
    "token_name": "ShadowPurple",
    "analyses": {
        "contract": {
            "contract_name": null,
            "compiler_version": null,
            "license_type": null,
            "implementation": null,
            "source_code": null,
            "abi": null,
            "verified": false,
            "owner": "0xd05fab62fc3d9874dee943a10ebdddc6e5c664ba",
            "creator": "0xd05fab62fc3d9874dee943a10ebdddc6e5c664ba",
            "is_hidden_owner": false,
            "is_proxy": null,
            "is_sellable": true,
            "is_hardcoded_owner": null,
            "code_analysis": null
        },
        "holder": {
            "total_holders": 30,
            "holders_list": {
                "0xfac556acb6fd433460b31d0b2811a25c46bc9d40": {
                    "balance": 1.6406924626834984e+22,
                    "percentage_of_total_supply": 0.0016,
                    "percentage_of_circulating_supply": 0.0016
                },
                "0x2ed57e57cdb1a623c5450b06c65fa0242ff0d483": {
                    "balance": 1.420664131341832e+20,
                    "percentage_of_total_supply": 0.0,
                    "percentage_of_circulating_supply": 0.0
                },
                "0x5e0a87edbc372e5e6fa014502fe86c07b57ef2ee": {
                    "balance": 1.635044791412686e+20,
                    "percentage_of_total_supply": 0.0,
                    "percentage_of_circulating_supply": 0.0
                },
                "0x265c4cd5beebf26f10232e706811d878427f4b02": {
                    "balance": 2.6914844277715824e+22,
                    "percentage_of_total_supply": 0.0027,
                    "percentage_of_circulating_supply": 0.0027
                },
                "0x183dc205dfb779fde5fa2b3e50f26927ca5c5ff6": {
                    "balance": 1.677553205130875e+22,
                    "percentage_of_total_supply": 0.0017,
                    "percentage_of_circulating_supply": 0.0017
                },
                "0x02567676da3d8e3fe45b513761aa288f38b3d643": {
                    "balance": 3.08052723638484e+20,
                    "percentage_of_total_supply": 0.0,
                    "percentage_of_circulating_supply": 0.0
                },
                "0x7ee2124ef5e73f4d4bb1a4c3dd1b7983be515df9": {
                    "balance": 3.611419253248564e+21,
                    "percentage_of_total_supply": 0.0004,
                    "percentage_of_circulating_supply": 0.0004
                },
                "0x85a9274de2811b386fcd93242342f255497a2096": {
                    "balance": 3.4846121117034434e+20,
                    "percentage_of_total_supply": 0.0,
                    "percentage_of_circulating_supply": 0.0
                },
                "0xcb73100e53097a582bf465a91d2f96e3f989e1b1": {
                    "balance": 8.103588671418276e+20,
                    "percentage_of_total_supply": 0.0001,
                    "percentage_of_circulating_supply": 0.0001
                },
                "0x44febf75df8b835c7ba493681528ec8c1434d2e7": {
                    "balance": 2.1628100683553043e+20,
                    "percentage_of_total_supply": 0.0,
                    "percentage_of_circulating_supply": 0.0
                },
                "0xd5aec63a0baf78a6be6b203c3a23e2f04bd2d35c": {
                    "balance": 4.128839939493091e+21,
                    "percentage_of_total_supply": 0.0004,
                    "percentage_of_circulating_supply": 0.0004
                },
                "0x6ddbcfb4d92f4068e5fe9c4b4375aa6d50081385": {
                    "balance": 1.0032417424399703e+22,
                    "percentage_of_total_supply": 0.001,
                    "percentage_of_circulating_supply": 0.001
                },
                "0x318fad1eb2e591481191eb2b9fcab518dc1be080": {
                    "balance": 1.5474081388887873e+21,
                    "percentage_of_total_supply": 0.0002,
                    "percentage_of_circulating_supply": 0.0002
                },
                "0x7e8570bcb287b1f312c508a963fde05e0a830ad7": {
                    "balance": 3.1521777089834615e+19,
                    "percentage_of_total_supply": 0.0,
                    "percentage_of_circulating_supply": 0.0
                },
                "0x40f711a57959bb2f19681cd61c85342c4ef0dace": {
                    "balance": 3.120399022049764e+20,
                    "percentage_of_total_supply": 0.0,
                    "percentage_of_circulating_supply": 0.0
                },
                "0xca5724a724757571c5a1b331c268bbe44610f2e4": {
                    "balance": 7.034390422435851e+20,
                    "percentage_of_total_supply": 0.0001,
                    "percentage_of_circulating_supply": 0.0001
                },
                "0xf06dfebd57456674da82676298d4e1fc3b16e3fa": {
                    "balance": 108825,
                    "percentage_of_total_supply": 0.0,
                    "percentage_of_circulating_supply": 0.0
                },
                "0x514c6c675bbda8a289fe71a67bb550e578f4de01": {
                    "balance": 1.4740497167460562e+22,
                    "percentage_of_total_supply": 0.0015,
                    "percentage_of_circulating_supply": 0.0015
                },
                "0xe192d8d7c550a1948ab602536ac5067fcf6fc6da": {
                    "balance": 2.6266528747456383e+21,
                    "percentage_of_total_supply": 0.0003,
                    "percentage_of_circulating_supply": 0.0003
                },
                "0xcf7335ae81bd4e8bb415a3cd38406beca45d7cdf": {
                    "balance": 2.284834643666283e+21,
                    "percentage_of_total_supply": 0.0002,
                    "percentage_of_circulating_supply": 0.0002
                },
                "0x7a47b8f3a179270afbe353c8c233dc7e9731eede": {
                    "balance": 1.6501869045554082e+22,
                    "percentage_of_total_supply": 0.0017,
                    "percentage_of_circulating_supply": 0.0017
                },
                "0xbf312858e9859e4d8d72b7cb057b6c9acffd16dd": {
                    "balance": 3.539300672415332e+20,
                    "percentage_of_total_supply": 0.0,
                    "percentage_of_circulating_supply": 0.0
                },
                "0x292c85a338e325a1db5a85f5d0d084a52c1437f7": {
                    "balance": 1.1379828560067635e+20,
                    "percentage_of_total_supply": 0.0,
                    "percentage_of_circulating_supply": 0.0
                },
                "0x3b38d575cb1a873aa67be586cc79b1e7b14e6cdb": {
                    "balance": 2.064019560565366e+22,
                    "percentage_of_total_supply": 0.0021,
                    "percentage_of_circulating_supply": 0.0021
                },
                "0x919e1e60a49bd655ad3205f0e3b326026f15782a": {
                    "balance": 1.4882288808541744e+21,
                    "percentage_of_total_supply": 0.0001,
                    "percentage_of_circulating_supply": 0.0001
                },
                "0x20dcc8b52d0665b26097edaf11a4fd2c0e6a861c": {
                    "balance": 1.6872227374601362e+22,
                    "percentage_of_total_supply": 0.0017,
                    "percentage_of_circulating_supply": 0.0017
                },
                "0x9e2fb6055aae134921ab90bae6f30ef79061d574": {
                    "balance": 2.7171381918296493e+20,
                    "percentage_of_total_supply": 0.0,
                    "percentage_of_circulating_supply": 0.0
                },
                "0x0ed943ce24baebf257488771759f9bf482c39706": {
                    "balance": 5.7666321937721385e+19,
                    "percentage_of_total_supply": 0.0,
                    "percentage_of_circulating_supply": 0.0
                },