{
    "token_address": "0xF2217602Cee2B220b11a076bA11AA9b75FC9bDE6",
    "chain": "bsc",
    "token_name": "AeroWave",
    "analyses": {
        "contract": {
            "contract_name": null,
            "compiler_version": null,
            "license_type": null,
            "implementation": null,
            "source_code": null,
            "abi": null,
            "verified": false,
            "owner": "0x848a9d821db33b056204b8b30540260c053becb9",
            "creator": "0x848a9d821db33b056204b8b30540260c053becb9",
            "is_hidden_owner": false,
            "is_proxy": null,
            "is_sellable": true,
            "is_hardcoded_owner": null,
            "code_analysis": null
        },
        "holder": {
            "total_holders": 44,
            "holders_list": {
                "0x8b0ce6c867eaa80df8924cd1768570e66b0a1a45": {
                    "balance": 265997232819543369646,
                    "percentage_of_total_supply": 2.659972328195434e-05,
                    "percentage_of_circulating_supply": 2.659972328195434e-05
                },
                "0x1230a9fd0fdc8d7b8ab77b446d547f32b9b9a1bf": {
                    "balance": 305648885049488813823,
                    "percentage_of_total_supply": 3.056488850494888e-05,
                    "percentage_of_circulating_supply": 3.056488850494888e-05
                },
                "0x88f00dce1525851ea14a64d6ab5c3b592394cad1": {
                    "balance": 183508624384060043573,
                    "percentage_of_total_supply": 1.8350862438406005e-05,
                    "percentage_of_circulating_supply": 1.8350862438406005e-05
                },
                "0x74abbadec271bcaa1671340f9d90fd2948949ad4": {
                    "balance": 188892447581802365403,
                    "percentage_of_total_supply": 1.8889244758180237e-05,
                    "percentage_of_circulating_supply": 1.8889244758180237e-05
                },
                "0x221cfe23de2a09c5a719422ba7dfe7e96c1ca5c2": {
                    "balance": 2459312224071912741,
                    "percentage_of_total_supply": 2.4593122240719126e-07,
                    "percentage_of_circulating_supply": 2.4593122240719126e-07
                },
                "0xe5ae113bc96b51d666432e06e2bb841fe6a98068": {
                    "balance": 439784947076376311403,
                    "percentage_of_total_supply": 4.397849470763763e-05,
                    "percentage_of_circulating_supply": 4.397849470763763e-05
                },
                "0xdecdf665c319eede5c05124ddce1f1d892f65217": {
                    "balance": 42852116060945802911,
                    "percentage_of_total_supply": 4.285211606094581e-06,
                    "percentage_of_circulating_supply": 4.285211606094581e-06
                },
                "0x6974481dbde86cc9612db43148af8451f739bfc7": {
                    "balance": 5049393783060909764,
                    "percentage_of_total_supply": 5.04939378306091e-07,
                    "percentage_of_circulating_supply": 5.04939378306091e-07
                },
                "0x208a2950ecb6a28641953afe8e0694653a8e37a9": {
                    "balance": 3632703925543613578631,
                    "percentage_of_total_supply": 0.00036327039255436137,
                    "percentage_of_circulating_supply": 0.00036327039255436137
                },
                "0xd9cc99e54819811a705058f2a3ca169197e0390a": {
                    "balance": 1000079515907374799959,
                    "percentage_of_total_supply": 0.00010000795159073748,
                    "percentage_of_circulating_supply": 0.00010000795159073748
                },
                "0x7dc4b8fad963c1ffba22047f92fdae6d2c431326": {
                    "balance": 58789211578436689475,
                    "percentage_of_total_supply": 5.8789211578436695e-06,
                    "percentage_of_circulating_supply": 5.8789211578436695e-06
                },
                "0x45f00ad566fc2a8ea775885dc0846ad7a0f19c09": {
                    "balance": 902828894375991931959,
                    "percentage_of_total_supply": 9.028288943759919e-05,
                    "percentage_of_circulating_supply": 9.028288943759919e-05
                },
                "0x16684e77e47f644ccfb75caf96ebc95d7cb43ec7": {
                    "balance": 1932355205535546557925,
                    "percentage_of_total_supply": 0.00019323552055355468,
                    "percentage_of_circulating_supply": 0.00019323552055355468
                },
                "0x3b1ec621bcfda6c90304ab0dc6838f7dfd534ca6": {
                    "balance": 342228319826117582750,
                    "percentage_of_total_supply": 3.4222831982611757e-05,
                    "percentage_of_circulating_supply": 3.4222831982611757e-05
                },
                "0xad3a613cd9f39dee84c5427a0dde7fa0cde20db8": {
                    "balance": 91132291484269995202,
                    "percentage_of_total_supply": 9.113229148427e-06,
                    "percentage_of_circulating_supply": 9.113229148427e-06
                },
                "0x6e9dcd2a32c238605699a3debbd0967a8a90f20b": {
                    "balance": 383573411291147338672,
                    "percentage_of_total_supply": 3.8357341129114735e-05,
                    "percentage_of_circulating_supply": 3.8357341129114735e-05
                },
                "0xa922ad0fe27a5513348ae8e2e46644d87ee2d297": {
                    "balance": 118077968293135050814,
                    "percentage_of_total_supply": 1.1807796829313504e-05,
                    "percentage_of_circulating_supply": 1.1807796829313504e-05
                },
                "0xecff37fc55d75d0120233969e5e0d478c9729a2d": {
                    "balance": 20194449066395457314,
                    "percentage_of_total_supply": 2.0194449066395456e-06,
                    "percentage_of_circulating_supply": 2.0194449066395456e-06
                },
                "0x81b4354219b7d3fd7e41c4f098c9fdac4dcd0b83": {
                    "balance": 23305066556911243049,
                    "percentage_of_total_supply": 2.3305066556911243e-06,
                    "percentage_of_circulating_supply": 2.3305066556911243e-06
                },
                "0x0caf53341b7266b8444e9a3cff7540d451454cad": {
                    "balance": 124994078673707245193,
                    "percentage_of_total_supply": 1.2499407867370725e-05,
                    "percentage_of_circulating_supply": 1.2499407867370725e-05
                },
                "0x52e28908249cc97a2c9f2b40ea0904de3dda5bf8": {
                    "balance": 15038191782252954963,
                    "percentage_of_total_supply": 1.5038191782252955e-06,
                    "percentage_of_circulating_supply": 1.5038191782252955e-06
                },
                "0x32ab6fd07cd23ea924aa54bcd59c6aacf92d73bc": {
                    "balance": 93094840630222008614,
                    "percentage_of_total_supply": 9.3094840630222e-06,
                    "percentage_of_circulating_supply": 9.3094840630222e-06
                },
                "0x5a48efab9ffed91a78e023bf56065fb977a814c3": {
                    "balance": 29904013137041944073,
                    "percentage_of_total_supply": 2.9904013137041946e-06,
                    "percentage_of_circulating_supply": 2.9904013137041946e-06
                },
                "0xf1bbf6d26c4f8b72f1b10f07bb0e829e1e87a523": {
                    "balance": 107956675361452072112,
                    "percentage_of_total_supply": 1.0795667536145207e-05,
                    "percentage_of_circulating_supply": 1.0795667536145207e-05
                },
                "0xc190bf0d8de9a492e58cfd3056c5fc208a932ece": {
                    "balance": 87826989378987495875,
                    "percentage_of_total_supply": 8.78269893789875e-06,