{
    "token_address": "0x85Fdc54b9073f8c9262e7C8F9d6aaFa2BA9A1223",
    "chain": "bsc",
    "token_name": "Snek",
    "analyses": {
        "contract": {
            "contract_name": null,
            "compiler_version": null,
            "license_type": null,
            "implementation": null,
            "source_code": null,
            "abi": null,
            "verified": false,
            "owner": "0xc234273355b76510a8fefe4139c0395ee6f8650c",
            "creator": "0xc234273355b76510a8fefe4139c0395ee6f8650c",
            "is_hidden_owner": false,
            "is_proxy": null,
            "is_sellable": true,
            "is_hardcoded_owner": null,
            "code_analysis": null
        },
        "holder": {
            "total_holders": 20,
            "holders_list": {
                "0xb4b70a0f79f70009544409eb205a193e1b3d153b": {
                    "balance": 27209039359,
                    "percentage_of_total_supply": 0.0027209039359,
                    "percentage_of_circulating_supply": 0.0027209039359
                },
                "0x68b58e99196330a20955cf8dfefa4d2e8a0c8e47": {
                    "balance": 258321841017,
                    "percentage_of_total_supply": 0.0258321841017,
                    "percentage_of_circulating_supply": 0.0258321841017
                },
                "0x6441ef8554fbd784a23f4d03d7c774f93af90361": {
                    "balance": 106442356673,
                    "percentage_of_total_supply": 0.0106442356673,
                    "percentage_of_circulating_supply": 0.0106442356673
                },
                "0xce240d574ea7d971517e36552d41128d1d39206c": {
                    "balance": 19610357483133,
                    "percentage_of_total_supply": 1.9610357483133,
                    "percentage_of_circulating_supply": 1.9610357483133
                },
                "0x904f7d38f49096075e35bd3c02ce2f45673ec4a3": {
                    "balance": 314292594215,
                    "percentage_of_total_supply": 0.0314292594215,
                    "percentage_of_circulating_supply": 0.0314292594215
                },
                "0xc7562ea5bcaacd8dac189e6ae142ec529f7f78e1": {
                    "balance": 4808689023797,
                    "percentage_of_total_supply": 0.4808689023797,
                    "percentage_of_circulating_supply": 0.4808689023797
                },
                "0x1c06eecde9a0866782131a59b6bc4095d08ef1a2": {
                    "balance": 5692468096,
                    "percentage_of_total_supply": 0.0005692468095999999,
                    "percentage_of_circulating_supply": 0.0005692468095999999
                },
                "0x178c03c9538f944fe5a4ec7cc3460abc0c62e0b0": {
                    "balance": 316403117959,
                    "percentage_of_total_supply": 0.031640311795899996,
                    "percentage_of_circulating_supply": 0.031640311795899996
                },
                "0xe91902a239513fd1c677abdb73a21eac7a6d715a": {
                    "balance": 105112440740,
                    "percentage_of_total_supply": 0.010511244074,
                    "percentage_of_circulating_supply": 0.010511244074
                },
                "0x34b7d7e1e1b353bb8bac2e292867e18ae890b152": {
                    "balance": 1656703778342,
                    "percentage_of_total_supply": 0.1656703778342,
                    "percentage_of_circulating_supply": 0.1656703778342
                },
                "0x977c692287451a25545f8f8c91ab72cb0ca7d8b1": {
                    "balance": 185000349934,
                    "percentage_of_total_supply": 0.0185000349934,
                    "percentage_of_circulating_supply": 0.0185000349934
                },
                "0x9799bda2be3fee5c89cd31af3cc6c1fc0a5b6904": {
                    "balance": 2749494233094,
                    "percentage_of_total_supply": 0.27494942330940003,
                    "percentage_of_circulating_supply": 0.27494942330940003
                },
                "0xa6ea2282e92a1caa8d82ab2c010463255e73b912": {
                    "balance": 848262315663,
                    "percentage_of_total_supply": 0.0848262315663,
                    "percentage_of_circulating_supply": 0.0848262315663
                },
                "0x984df6817d0e36bf62ccb9f96f73337bf67aa3be": {
                    "balance": 5718855672,
                    "percentage_of_total_supply": 0.0005718855671999999,
                    "percentage_of_circulating_supply": 0.0005718855671999999
                },
                "0x431d8d0e35066bb84d8b845e824e1483c0b2444f": {
                    "balance": 8922924227399,
                    "percentage_of_total_supply": 0.8922924227399,
                    "percentage_of_circulating_supply": 0.8922924227399
                },
                "0xc75137989140a27820f67b71d036f8565e5c0f79": {
                    "balance": 4,
                    "percentage_of_total_supply": 4e-13,
                    "percentage_of_circulating_supply": 4e-13
                },
                "0x0ed943ce24baebf257488771759f9bf482c39706": {
                    "balance": 190671892553,
                    "percentage_of_total_supply": 0.019067189255299998,
                    "percentage_of_circulating_supply": 0.019067189255299998
                },
                "0x6bebda605b9ca953944029212adb483f6d49e814": {
                    "balance": 247953745996,
                    "percentage_of_total_supply": 0.024795374599599997,
                    "percentage_of_circulating_supply": 0.024795374599599997
                },
                "0x39611346aa30c53a4bf0db010869fd3996215e0f": {
                    "balance": 136256442544,
                    "percentage_of_total_supply": 0.0136256442544,
                    "percentage_of_circulating_supply": 0.0136256442544
                }
            },
            "total_supply": 1000000000000000,
            "total_circulating_supply": 1000000000000000,
            "owner": {
                "address": "0xc234273355b76510a8fefe4139c0395ee6f8650c",
                "balance": 959504493793810,
                "percentage_of_supply": 95.950449379381,
                "exceeds_5_percent": true
            },
            "creator": {},
            "holders_exceeding_5_percent": [
                {
                    "address": "0xc234273355b76510a8fefe4139c0395ee6f8650c",
                    "balance": 959504493793810,
                    "percentage_of_supply": 95.950449379381
                }
            ],
            "howmany_holders_exceeding_5_percent": 1,
            "top_10_holders": [
                {
                    "address": "0xc234273355b76510a8fefe4139c0395ee6f8650c",
                    "balance": 959504493793810,
                    "percentage_of_total_supply": 95.950449379381,
                    "percentage_of_circulating_supply": 95.950449379381
                },
                {
                    "address": "0xce240d574ea7d971517e36552d41128d1d39206c",
                    "balance": 19610357483133,
                    "percentage_of_total_supply": 1.9610357483133,
                    "percentage_of_circulating_supply": 1.9610357483133
                },
                {
                    "address": "0x431d8d0e35066bb84d8b845e824e1483c0b2444f",
                    "balance": 8922924227399,
                    "percentage_of_total_supply": 0.8922924227399,
                    "percentage_of_circulating_supply": 0.8922924227399
                },
                {
                    "address": "0xc7562ea5bcaacd8dac189e6ae142ec529f7f78e1",
                    "balance": 4808689023797,
                    "percentage_of_total_supply": 0.4808689023797,
                    "percentage_of_circulating_supply": 0.4808689023797
                },
                {
                    "address": "0x9799bda2be3fee5c89cd31af3cc6c1fc0a5b6904",
                    "balance": 2749494233094,