{
    "token_address": "0x1DED46F6EE96328352058064C3B086F07ef32C54",
    "chain": "bsc",
    "token_name": "ApesStrong",
    "analyses": {
        "contract": {
            "contract_name": null,
            "compiler_version": null,
            "license_type": null,
            "implementation": null,
            "source_code": null,
            "abi": null,
            "verified": false,
            "owner": null,
            "creator": "0x6b79a54b6d30e71eab11c1a05f0d5687b384c7ac",
            "is_hidden_owner": true,
            "is_proxy": null,
            "is_sellable": true,
            "is_hardcoded_owner": null,
            "code_analysis": null
        },
        "holder": {
            "total_holders": 7,
            "holders_list": {
                "0xab678b47d196b980556c74920efe9a3563e1ed47": {
                    "balance": 999687685422102028103328989184,
                    "percentage_of_total_supply": 99.96876854221021,
                    "percentage_of_circulating_supply": 99.9687685422102
                },
                "0xcd3b9462140dc7591080463e5337b3a6e327a5d3": {
                    "balance": 165413004380316401091477504,
                    "percentage_of_total_supply": 0.01654130043803164,
                    "percentage_of_circulating_supply": 0.01654130043803164
                },
                "0x96eef1178adef2d6664cbc1dd548fd7d32d17d7c": {
                    "balance": 100000000000000004764729344,
                    "percentage_of_total_supply": 0.01,
                    "percentage_of_circulating_supply": 0.01
                },
                "0x2be87ad70cf11ea294d7c42044b5b8277a3e4874": {
                    "balance": 20524796938255853386989568,
                    "percentage_of_total_supply": 0.0020524796938255854,
                    "percentage_of_circulating_supply": 0.0020524796938255854
                },
                "0xcb692809bf98a8201648b3c81f7231230f5cdfb1": {
                    "balance": 20356942413556524938952704,
                    "percentage_of_total_supply": 0.0020356942413556523,
                    "percentage_of_circulating_supply": 0.0020356942413556523
                },
                "0x3934b217266dc9490617d392c3efc377906f126b": {
                    "balance": 5000000000000000452984832,
                    "percentage_of_total_supply": 0.0005,
                    "percentage_of_circulating_supply": 0.0005
                }
            },
            "total_supply": 1000000000000000000000000000000,
            "total_circulating_supply": 1000000000000000017234361581568,
            "owner": {},
            "creator": {
                "address": "0x6b79a54b6d30e71eab11c1a05f0d5687b384c7ac",
                "balance": 1019834165877580759040000,
                "percentage_of_supply": 0.0001019834165877581,
                "exceeds_5_percent": false
            },
            "holders_exceeding_5_percent": [
                {
                    "address": "0xab678b47d196b980556c74920efe9a3563e1ed47",
                    "balance": 999687685422102028103328989184,
                    "percentage_of_supply": 99.9687685422102
                }
            ],
            "howmany_holders_exceeding_5_percent": 1,
            "top_10_holders": [
                {
                    "address": "0xab678b47d196b980556c74920efe9a3563e1ed47",
                    "balance": 999687685422102028103328989184,
                    "percentage_of_total_supply": 99.96876854221021,
                    "percentage_of_circulating_supply": 99.9687685422102
                },
                {
                    "address": "0xcd3b9462140dc7591080463e5337b3a6e327a5d3",
                    "balance": 165413004380316401091477504,
                    "percentage_of_total_supply": 0.01654130043803164,
                    "percentage_of_circulating_supply": 0.01654130043803164
                },
                {
                    "address": "0x96eef1178adef2d6664cbc1dd548fd7d32d17d7c",
                    "balance": 100000000000000004764729344,
                    "percentage_of_total_supply": 0.01,
                    "percentage_of_circulating_supply": 0.01
                },
                {
                    "address": "0x2be87ad70cf11ea294d7c42044b5b8277a3e4874",
                    "balance": 20524796938255853386989568,
                    "percentage_of_total_supply": 0.0020524796938255854,
                    "percentage_of_circulating_supply": 0.0020524796938255854
                },
                {
                    "address": "0xcb692809bf98a8201648b3c81f7231230f5cdfb1",
                    "balance": 20356942413556524938952704,
                    "percentage_of_total_supply": 0.0020356942413556523,
                    "percentage_of_circulating_supply": 0.0020356942413556523
                },
                {
                    "address": "0x3934b217266dc9490617d392c3efc377906f126b",
                    "balance": 5000000000000000452984832,
                    "percentage_of_total_supply": 0.0005,
                    "percentage_of_circulating_supply": 0.0005
                },
                {
                    "address": "0x6b79a54b6d30e71eab11c1a05f0d5687b384c7ac",
                    "balance": 1019834165877580759040000,
                    "percentage_of_total_supply": 0.00010198341658775807,
                    "percentage_of_circulating_supply": 0.00010198341658775807
                }
            ],
            "total_top_10_balance": 1000000000000000034468723163136,
            "top10_percentage_of_total_supply": 100.0,
            "top10_percentage_of_circulating_supply": 100.0,
            "top_10_less_than_70_percent_of_total": false,
            "top_10_less_than_70_percent_of_circulating": false
        },
        "liquidity": {
            "price_usd": 4.895543957168555e-14,
            "liquidity_usd": 1.619573268062307e-05,
            "market_cap_usd": 4.895543957168555e+16,
            "liquidity_to_market_cap_ratio": 3.3082600876063274e-22,
            "token_volume": 5089710720.281084,
            "volume_usd": 0.00024916902560408074,
            "volume_to_liquidity_ratio": 15.384856648207833,
            "locked_liquidity_percent": 0.0,
            "locked_95_for_15_days": false,
            "creator_under_5_percent": true,
            "creator_percent_of_lp": 0.0001,
            "owner_under_5_percent": true,
            "owner_percent_of_lp": 0.0,
            "total_lp_supply": 1006.4100673149364,
            "lp_holders_count": 3,
            "lp_holders": [
                {
                    "address": "0xab678b47d196b980556c74920efe9a3563e1ed47",
                    "balance": 984.8857801796105,
                    "is_locked": false,
                    "percent": 0.9786128062165038,
                    "tag": ""
                },
                {
                    "address": "0x07d80ae6f36a5e08dca74ce884a24d39db9934ed",
                    "balance": 21.524287135325984,
                    "is_locked": false,
                    "percent": 0.021387193783496183,
                    "tag": ""
                },
                {
                    "address": "0x0000000000000000000000000000000000000000",
                    "balance": 1e-15,
                    "is_locked": true,
                    "percent": 0.0,
                    "tag": "Null Address"
                }
            ]
        },
        "security": {
            "warnings": null,
            "homany_warnings": 0,
            "suspicious_urls": null,
            "howmany_suspicious_urls": 0,
            "suspicious_addresses": null,
            "howmany_suspicious_addresses": 0,
            "error": "Security analysis data not available."
        },
        "lifecycle": {
            "token_age_seconds": 128084482.60216,
            "token_creation_date": "2021-07-14T01:42:54",
            "creation_to_first_trade_seconds": 0.0,