{
    "token_address": "0xD582bacBb2a01250B04df85Fd26810A033751058",
    "chain": "bsc",
    "token_name": "Wombex WOM",
    "analyses": {
        "contract": {
            "contract_name": null,
            "compiler_version": null,
            "license_type": null,
            "implementation": null,
            "source_code": null,
            "abi": null,
            "verified": false,
            "owner": "0x1b600a4fa39385dd6485ab66bf7ebbeee5383ac2",
            "creator": "0x1b600a4fa39385dd6485ab66bf7ebbeee5383ac2",
            "is_hidden_owner": false,
            "is_proxy": null,
            "is_sellable": true,
            "is_hardcoded_owner": null,
            "code_analysis": null
        },
        "holder": {
            "total_holders": 22,
            "holders_list": {
                "0xb8461eba00bc4dceab6b60b3ca2bbb7512e62ac7": {
                    "balance": 8024067224989,
                    "percentage_of_total_supply": 0.8024067224989001,
                    "percentage_of_circulating_supply": 0.8024067224989001
                },
                "0x82262f4acce1dbf95c58f74a7a82e128711fe861": {
                    "balance": 5143409726387,
                    "percentage_of_total_supply": 0.5143409726386999,
                    "percentage_of_circulating_supply": 0.5143409726386999
                },
                "0xa5fb906aa36d697791ccc4b44e45dc12f21d8d50": {
                    "balance": 2947672638942,
                    "percentage_of_total_supply": 0.2947672638942,
                    "percentage_of_circulating_supply": 0.2947672638942
                },
                "0x72c418e04bd20d7f9a3d0681a2f82952d45dc999": {
                    "balance": 928249734163,
                    "percentage_of_total_supply": 0.0928249734163,
                    "percentage_of_circulating_supply": 0.0928249734163
                },
                "0xdfb27a7bdd966911c3c93c2923028152530bc66b": {
                    "balance": 796204506061,
                    "percentage_of_total_supply": 0.0796204506061,
                    "percentage_of_circulating_supply": 0.0796204506061
                },
                "0xa44cd264a0acfda1ae697d35b112fe56392161a3": {
                    "balance": 627130948264,
                    "percentage_of_total_supply": 0.0627130948264,
                    "percentage_of_circulating_supply": 0.0627130948264
                },
                "0x36061b339db8105644a3d2f9f4de578606dd7581": {
                    "balance": 552128080975,
                    "percentage_of_total_supply": 0.055212808097499996,
                    "percentage_of_circulating_supply": 0.055212808097499996
                },
                "0x977c692287451a25545f8f8c91ab72cb0ca7d8b1": {
                    "balance": 486078390472,
                    "percentage_of_total_supply": 0.0486078390472,
                    "percentage_of_circulating_supply": 0.0486078390472
                },
                "0x5fa0feb8574ed4ee452839a0090d14fca28864cd": {
                    "balance": 316134829142,
                    "percentage_of_total_supply": 0.0316134829142,
                    "percentage_of_circulating_supply": 0.0316134829142
                },
                "0x2e114886fd127365fe9d7dfa2cb56169ba5ffcc9": {
                    "balance": 220729379706,
                    "percentage_of_total_supply": 0.0220729379706,
                    "percentage_of_circulating_supply": 0.0220729379706
                },
                "0x2a1aca0de1331971575e83c650d6811dee3db2a2": {
                    "balance": 190589445956,
                    "percentage_of_total_supply": 0.0190589445956,
                    "percentage_of_circulating_supply": 0.0190589445956
                },
                "0x0ed943ce24baebf257488771759f9bf482c39706": {
                    "balance": 177393580198,
                    "percentage_of_total_supply": 0.0177393580198,
                    "percentage_of_circulating_supply": 0.0177393580198
                },
                "0xb49eb1e6d8b54c8d12e7fb3eec5faed71b06a347": {
                    "balance": 82361141098,
                    "percentage_of_total_supply": 0.0082361141098,
                    "percentage_of_circulating_supply": 0.0082361141098
                },
                "0x0607885aee1df86cfc7a9546af153d0e7097f5ac": {
                    "balance": 72088587773,
                    "percentage_of_total_supply": 0.0072088587773,
                    "percentage_of_circulating_supply": 0.0072088587773
                },
                "0x1b7fd02db1ae0f8a86a89a290f9456e206eb08d7": {
                    "balance": 22380399596,
                    "percentage_of_total_supply": 0.0022380399596,
                    "percentage_of_circulating_supply": 0.0022380399596
                },
                "0xa799d51774be6e63bcc6daebdab0684a7a58a537": {
                    "balance": 20778211260,
                    "percentage_of_total_supply": 0.002077821126,
                    "percentage_of_circulating_supply": 0.002077821126
                },
                "0x11aa154579d250f22c02a33ec100c45eaac34ea7": {
                    "balance": 15137578761,
                    "percentage_of_total_supply": 0.0015137578761,
                    "percentage_of_circulating_supply": 0.0015137578761
                },
                "0x58ba7ba9ce7874b0644f208400d7cc0fccef386d": {
                    "balance": 3990059731,
                    "percentage_of_total_supply": 0.0003990059731,
                    "percentage_of_circulating_supply": 0.0003990059731
                },
                "0x049bf43e7702def27d4194e6c531d53443859f27": {
                    "balance": 3000000000,
                    "percentage_of_total_supply": 0.00030000000000000003,
                    "percentage_of_circulating_supply": 0.00030000000000000003
                },
                "0x3111ec12a4c9381cf7bbf779880cbe95b75e3f1c": {
                    "balance": 412641240,
                    "percentage_of_total_supply": 4.1264124e-05,
                    "percentage_of_circulating_supply": 4.1264124e-05
                },
                "0x7da3950b8d8f689cb18e3ea7dace8ade14d24b6b": {
                    "balance": 4,
                    "percentage_of_total_supply": 4e-13,
                    "percentage_of_circulating_supply": 4e-13
                }
            },
            "total_supply": 1000000000000000,
            "total_circulating_supply": 1000000000000000,
            "owner": {
                "address": "0x1b600a4fa39385dd6485ab66bf7ebbeee5383ac2",
                "balance": 979370062895282,
                "percentage_of_supply": 97.9370062895282,
                "exceeds_5_percent": true
            },
            "creator": {},
            "holders_exceeding_5_percent": [
                {
                    "address": "0x1b600a4fa39385dd6485ab66bf7ebbeee5383ac2",
                    "balance": 979370062895282,
                    "percentage_of_supply": 97.9370062895282
                }
            ],
            "howmany_holders_exceeding_5_percent": 1,
            "top_10_holders": [
                {
                    "address": "0x1b600a4fa39385dd6485ab66bf7ebbeee5383ac2",
                    "balance": 979370062895282,
                    "percentage_of_total_supply": 97.9370062895282,
                    "percentage_of_circulating_supply": 97.9370062895282
                },
                {
                    "address": "0xb8461eba00bc4dceab6b60b3ca2bbb7512e62ac7",
                    "balance": 8024067224989,
                    "percentage_of_total_supply": 0.8024067224989001,
                    "percentage_of_circulating_supply": 0.8024067224989001
                },
                {
                    "address": "0x82262f4acce1dbf95c58f74a7a82e128711fe861",
                    "balance": 5143409726387,
                    "percentage_of_total_supply": 0.5143409726386999,