{
    "token_address": "0x6658E1CeAF9616503575e621F119f589e4C6b855",
    "chain": "bsc",
    "token_name": "KawaKami",
    "analyses": {
        "contract": {
            "contract_name": null,
            "compiler_version": null,
            "license_type": null,
            "implementation": null,
            "source_code": null,
            "abi": null,
            "verified": false,
            "owner": "0xc71b11482210b8c81ce5ac7f6001bd2aaf3c1e07",
            "creator": "0xc71b11482210b8c81ce5ac7f6001bd2aaf3c1e07",
            "is_hidden_owner": false,
            "is_proxy": null,
            "is_sellable": true,
            "is_hardcoded_owner": null,
            "code_analysis": null
        },
        "holder": {
            "total_holders": 6,
            "holders_list": {
                "0x5d331c70c6214e07883804f9c23edc7ba61484d8": {
                    "balance": 1.0772817409515875e+17,
                    "percentage_of_total_supply": 10.7728,
                    "percentage_of_circulating_supply": 10.7748
                },
                "0x538369ab76d19090da85b7ce116a01f19b570b77": {
                    "balance": 912700955814813.0,
                    "percentage_of_total_supply": 0.0913,
                    "percentage_of_circulating_supply": 0.0913
                },
                "0x2ae4bb933eba44385eca77fcca42dbaeecd768c5": {
                    "balance": 900450756168207.0,
                    "percentage_of_total_supply": 0.09,
                    "percentage_of_circulating_supply": 0.0901
                },
                "0x464f0fd1ed9523e421031ec2aae44697992366df": {
                    "balance": 888427360373574.0,
                    "percentage_of_total_supply": 0.0888,
                    "percentage_of_circulating_supply": 0.0889
                },
                "0x81fb3650341b533cb21033cb278dc7a70d48b8dd": {
                    "balance": 33324290754370.0,
                    "percentage_of_total_supply": 0.0033,
                    "percentage_of_circulating_supply": 0.0033
                }
            },
            "total_supply": 1e+18,
            "total_circulating_supply": 9.998128845958072e+17,
            "owner": {
                "address": "0xc71b11482210b8c81ce5ac7f6001bd2aaf3c1e07",
                "balance": 8.891626917333448e+17,
                "percentage_of_supply": 88.9329,
                "exceeds_5_percent": true
            },
            "creator": {},
            "holders_exceeding_5_percent": [
                {
                    "address": "0xc71b11482210b8c81ce5ac7f6001bd2aaf3c1e07",
                    "balance": 8.891626917333448e+17,
                    "percentage_of_supply": 88.9329
                },
                {
                    "address": "0x5d331c70c6214e07883804f9c23edc7ba61484d8",
                    "balance": 1.0772817409515875e+17,
                    "percentage_of_supply": 10.7748
                }
            ],
            "howmany_holders_exceeding_5_percent": 2,
            "top_10_holders": [
                {
                    "address": "0xc71b11482210b8c81ce5ac7f6001bd2aaf3c1e07",
                    "balance": 8.891626917333448e+17,
                    "percentage_of_total_supply": 88.9163,
                    "percentage_of_circulating_supply": 88.9329
                },
                {
                    "address": "0x5d331c70c6214e07883804f9c23edc7ba61484d8",
                    "balance": 1.0772817409515875e+17,
                    "percentage_of_total_supply": 10.7728,
                    "percentage_of_circulating_supply": 10.7748
                },
                {
                    "address": "0x538369ab76d19090da85b7ce116a01f19b570b77",
                    "balance": 912700955814813.0,
                    "percentage_of_total_supply": 0.0913,
                    "percentage_of_circulating_supply": 0.0913
                },
                {
                    "address": "0x2ae4bb933eba44385eca77fcca42dbaeecd768c5",
                    "balance": 900450756168207.0,
                    "percentage_of_total_supply": 0.09,
                    "percentage_of_circulating_supply": 0.0901
                },
                {
                    "address": "0x464f0fd1ed9523e421031ec2aae44697992366df",
                    "balance": 888427360373574.0,
                    "percentage_of_total_supply": 0.0888,
                    "percentage_of_circulating_supply": 0.0889
                },
                {
                    "address": "0x81fb3650341b533cb21033cb278dc7a70d48b8dd",
                    "balance": 33324290754370.0,
                    "percentage_of_total_supply": 0.0033,
                    "percentage_of_circulating_supply": 0.0033
                }
            ],
            "total_top_10_balance": 9.996257691916145e+17,
            "top10_percentage_of_total_supply": 99.9626,
            "top10_percentage_of_circulating_supply": 99.9813,
            "top_10_less_than_70_percent_of_total": false,
            "top_10_less_than_70_percent_of_circulating": false
        },
        "liquidity": {
            "price_usd": 0.007874997372651859,
            "liquidity_usd": 5.248574042723008e-07,
            "market_cap_usd": 7873523839335458.0,
            "liquidity_to_market_cap_ratio": 6.666105481895637e-23,
            "token_volume": 136002363.3141691,
            "volume_usd": 1071018.2537735254,
            "volume_to_liquidity_ratio": 2040589015331.622,
            "locked_liquidity_percent": 0.0,
            "locked_95_for_15_days": false,
            "creator_under_5_percent": false,
            "creator_percent_of_lp": 88.9163,
            "owner_under_5_percent": true,
            "owner_percent_of_lp": 0.0,
            "total_lp_supply": 8.537639400024e-05,
            "lp_holders_count": 2,
            "lp_holders": [
                {
                    "address": "0x0ed943ce24baebf257488771759f9bf482c39706",
                    "balance": 8.537639399924e-05,
                    "is_locked": false,
                    "percent": 0.9999999999882871,
                    "tag": ""
                },
                {
                    "address": "0x0000000000000000000000000000000000000000",
                    "balance": 1e-15,
                    "is_locked": true,
                    "percent": 1.1712839e-11,
                    "tag": "Null Address"
                }
            ]
        },
        "security": {
            "warnings": null,
            "homany_warnings": 0,
            "suspicious_urls": null,
            "howmany_suspicious_urls": 0,
            "suspicious_addresses": null,
            "howmany_suspicious_addresses": 0,
            "error": "Security analysis data not available."
        },
        "lifecycle": {
            "token_age_seconds": 74490266.2034,
            "token_creation_date": "2023-03-24T19:44:46",
            "creation_to_first_trade_seconds": 0.0,
            "creation_to_first_trade_blocks": 0,
            "last_tx_hash": "0xce6f06babec4e2c56df29adadb28e25b88881c74ba24c2aa4893c6e2e4580aa7",
            "last_active_age": "2023-03-24T21:32:19",
            "inactive_days": 862.0812
        }
    },
    "errors": []
}