{
    "token_address": "0xC9F1773567fD8247b70741dC6D2129Fe8EC8190a",
    "chain": "bsc",
    "token_name": "BoredApe Moon",
    "analyses": {
        "contract": {
            "contract_name": null,
            "compiler_version": null,
            "license_type": null,
            "implementation": null,
            "source_code": null,
            "abi": null,
            "verified": false,
            "owner": null,
            "creator": "0x56decb8a565d64e5ec303d225f9569a23e9c34ae",
            "is_hidden_owner": true,
            "is_proxy": null,
            "is_sellable": false,
            "is_hardcoded_owner": null,
            "code_analysis": null
        },
        "holder": {
            "total_holders": 26,
            "holders_list": {
                "0x6abe88e3f47c63bc284f6d94f00fbacaea0469b4": {
                    "balance": 7377307372845649830508232704,
                    "percentage_of_total_supply": 7.3773073728456495,
                    "percentage_of_circulating_supply": 7.3773073728456495
                },
                "0x860d2e652a5aaf2b9a21dd095164e239c0d6b970": {
                    "balance": 7094591323774970547505463296,
                    "percentage_of_total_supply": 7.094591323774971,
                    "percentage_of_circulating_supply": 7.094591323774971
                },
                "0x0c1c5304fc8598cff311fc2bc4797c7d89044842": {
                    "balance": 6757370654086342397940203520,
                    "percentage_of_total_supply": 6.757370654086342,
                    "percentage_of_circulating_supply": 6.757370654086342
                },
                "0xb2563a15806ae1e4393446a00ce46f66d48da953": {
                    "balance": 2435410239068592336214687744,
                    "percentage_of_total_supply": 2.4354102390685926,
                    "percentage_of_circulating_supply": 2.4354102390685926
                },
                "0xc7ace0bb07f4a3001c075b319146821480bfe5ad": {
                    "balance": 1995199519951995246154350592,
                    "percentage_of_total_supply": 1.9951995199519952,
                    "percentage_of_circulating_supply": 1.9951995199519952
                },
                "0xa74eceac45afa4a8cfd8c0cf97f0f303d772d476": {
                    "balance": 1534620201757219156779859968,
                    "percentage_of_total_supply": 1.5346202017572192,
                    "percentage_of_circulating_supply": 1.5346202017572192
                },
                "0x2cde095f5cb1b15580e3fed11f69df2fc059c173": {
                    "balance": 918350764608503487831998464,
                    "percentage_of_total_supply": 0.9183507646085035,
                    "percentage_of_circulating_supply": 0.9183507646085035
                },
                "0x1c029a4241925c0e31ba8acdcb77e0150a24b3e9": {
                    "balance": 767202950719800620561203200,
                    "percentage_of_total_supply": 0.7672029507198006,
                    "percentage_of_circulating_supply": 0.7672029507198006
                },
                "0x60c28e8a71762d2b1bb0605f2d0b4a4331d9210d": {
                    "balance": 695946721543665983200165888,
                    "percentage_of_total_supply": 0.695946721543666,
                    "percentage_of_circulating_supply": 0.695946721543666
                },
                "0x5818b68caec39c49ed241e85927b5beee19fca5b": {
                    "balance": 680493219436684986235748352,
                    "percentage_of_total_supply": 0.680493219436685,
                    "percentage_of_circulating_supply": 0.680493219436685
                },
                "0x91c8ad60e2bc1db9092398e01f92941f0ee8e401": {
                    "balance": 678143245481450788811177984,
                    "percentage_of_total_supply": 0.6781432454814508,
                    "percentage_of_circulating_supply": 0.6781432454814508
                },
                "0x81b6519f68061286fcd68f2fd7a2bacea79adde7": {
                    "balance": 587922351872910774700605440,
                    "percentage_of_total_supply": 0.5879223518729108,
                    "percentage_of_circulating_supply": 0.5879223518729108
                },
                "0xaee41ebf84e2725bc55a8b039d983e4c3532fa6d": {
                    "balance": 379590719655993412354572288,
                    "percentage_of_total_supply": 0.3795907196559934,
                    "percentage_of_circulating_supply": 0.3795907196559934
                },
                "0xd7bc9ae7444db22cb1bf0935b47ef9176e7015f1": {
                    "balance": 183037411418817804491554816,
                    "percentage_of_total_supply": 0.1830374114188178,
                    "percentage_of_circulating_supply": 0.1830374114188178
                },
                "0xb88ce5527d0e99f3af52725032f9583e3c81c430": {
                    "balance": 107919224982000691417448448,
                    "percentage_of_total_supply": 0.1079192249820007,
                    "percentage_of_circulating_supply": 0.1079192249820007
                },
                "0xd3f5a80341c14b8228180a6b09d4d6d8681b62df": {
                    "balance": 89793465636450954379264000,
                    "percentage_of_total_supply": 0.08979346563645096,
                    "percentage_of_circulating_supply": 0.08979346563645096
                },
                "0x0c8f24905fcae046b1251a8622764c04c55a2433": {
                    "balance": 67853393910708284663267328,
                    "percentage_of_total_supply": 0.06785339391070828,
                    "percentage_of_circulating_supply": 0.06785339391070828
                },
                "0x327842dbd8a30bb5e803484547fde4251724fb7b": {
                    "balance": 25970493585291241054011392,
                    "percentage_of_total_supply": 0.02597049358529124,
                    "percentage_of_circulating_supply": 0.02597049358529124
                },
                "0xe535409e332317e79993ccbe514e1abb067194b2": {
                    "balance": 18241546055697950161502208,
                    "percentage_of_total_supply": 0.01824154605569795,
                    "percentage_of_circulating_supply": 0.01824154605569795
                },
                "0x9bb0c71148e3aa144dcb27405eb884fe8db4f53a": {
                    "balance": 14279967563072459962843136,
                    "percentage_of_total_supply": 0.014279967563072461,
                    "percentage_of_circulating_supply": 0.014279967563072461
                },
                "0xade97507afe4d651d9d8c68ebdbb2a46fe83534a": {
                    "balance": 7311498492572693465923584,
                    "percentage_of_total_supply": 0.007311498492572693,
                    "percentage_of_circulating_supply": 0.007311498492572693
                },
                "0x0ed943ce24baebf257488771759f9bf482c39706": {
                    "balance": 7088911043124480899547136,
                    "percentage_of_total_supply": 0.007088911043124481,
                    "percentage_of_circulating_supply": 0.007088911043124481
                },
                "0x225fe49f8a49b0aed6c09161a91e7a35f94a4437": {
                    "balance": 2355437306049101192757248,
                    "percentage_of_total_supply": 0.002355437306049101,
                    "percentage_of_circulating_supply": 0.002355437306049101
                },
                "0x2834e2316c2c1506194d2f33167203581da3631b": {
                    "balance": 163877158589260219023360,
                    "percentage_of_total_supply": 0.00016387715858926023,
                    "percentage_of_circulating_supply": 0.0001638771585892602
                },
                "0xed8083366d95a5487ff48891cdacf5ec907c4c65": {
                    "balance": 22687725,
                    "percentage_of_total_supply": 2.2687725e-20,
                    "percentage_of_circulating_supply": 2.2687725e-20
                }
            },