{
    "token_address": "0x9112588Cd1C502F063AEa8F76375cCbAcce62c98",
    "chain": "bsc",
    "token_name": "Neptune Land",
    "analyses": {
        "contract": {
            "contract_name": null,
            "compiler_version": null,
            "license_type": null,
            "implementation": null,
            "source_code": null,
            "abi": null,
            "verified": false,
            "owner": "0x942eb6a11bf6ddd7a6db39a049b5939073d9382e",
            "creator": "0x942eb6a11bf6ddd7a6db39a049b5939073d9382e",
            "is_hidden_owner": false,
            "is_proxy": null,
            "is_sellable": true,
            "is_hardcoded_owner": null,
            "code_analysis": null
        },
        "holder": {
            "total_holders": 11,
            "holders_list": {
                "0x02a0dbc4175a253caa94053d70362ea289324cf2": {
                    "balance": 23708622125890642378752,
                    "percentage_of_total_supply": 2.3708622125890644,
                    "percentage_of_circulating_supply": 3.0535135352034795
                },
                "0x0ed943ce24baebf257488771759f9bf482c39706": {
                    "balance": 19553329369953387675648,
                    "percentage_of_total_supply": 1.955332936995339,
                    "percentage_of_circulating_supply": 2.5183393439065767
                },
                "0x60eeaf47b1c9b169fb27b58c7eb10f6704ba4fd4": {
                    "balance": 16183460280869417123840,
                    "percentage_of_total_supply": 1.6183460280869417,
                    "percentage_of_circulating_supply": 2.0843225199535413
                },
                "0xa089c9e7029f7520149ae9ef6d0c2c39d5a2c849": {
                    "balance": 11325209276202769973248,
                    "percentage_of_total_supply": 1.132520927620277,
                    "percentage_of_circulating_supply": 1.4586119610946418
                },
                "0x5e3773713f0a20806168d633652b905ee7253f83": {
                    "balance": 1374934444095873220608,
                    "percentage_of_total_supply": 0.13749344440958733,
                    "percentage_of_circulating_supply": 0.1770824518089325
                },
                "0x8bcca67aaadb3aa330509e41cd4e63f4d9a110e6": {
                    "balance": 270564366936927862784,
                    "percentage_of_total_supply": 0.027056436693692787,
                    "percentage_of_circulating_supply": 0.03484689882856842
                },
                "0xcb24d73c8d679baddeb8c10c705aceec39a6e404": {
                    "balance": 266970877502499651584,
                    "percentage_of_total_supply": 0.026697087750249964,
                    "percentage_of_circulating_supply": 0.03438408118491234
                },
                "0x98c1d69ba85d6e74002c6313f786561caf1b2928": {
                    "balance": 202734155058488049664,
                    "percentage_of_total_supply": 0.020273415505848803,
                    "percentage_of_circulating_supply": 0.026110816699174956
                },
                "0xfdb7149e27d7e43dd668d72dc9dc1ae69c8297f0": {
                    "balance": 18380645123997642752,
                    "percentage_of_total_supply": 0.0018380645123997643,
                    "percentage_of_circulating_supply": 0.0023673053783504184
                },
                "0x53927ce0c2e7bd734556dbb1299f0e1d16066dd3": {
                    "balance": 8705555209966330880,
                    "percentage_of_total_supply": 0.0008705555209966331,
                    "percentage_of_circulating_supply": 0.0011212178642834038
                }
            },
            "total_supply": 1000000000000000000000000,
            "total_circulating_supply": 776437433551796948118016,
            "owner": {
                "address": "0x942eb6a11bf6ddd7a6db39a049b5939073d9382e",
                "balance": 479961956006749926326272,
                "percentage_of_supply": 62.990025741164445,
                "exceeds_5_percent": true
            },
            "creator": {},
            "holders_exceeding_5_percent": [
                {
                    "address": "0x942eb6a11bf6ddd7a6db39a049b5939073d9382e",
                    "balance": 479961956006749926326272,
                    "percentage_of_supply": 61.81592170423493
                }
            ],
            "howmany_holders_exceeding_5_percent": 1,
            "top_10_holders": [
                {
                    "address": "0x942eb6a11bf6ddd7a6db39a049b5939073d9382e",
                    "balance": 479961956006749926326272,
                    "percentage_of_total_supply": 47.99619560067499,
                    "percentage_of_circulating_supply": 61.81592170423493
                },
                {
                    "address": "0x02a0dbc4175a253caa94053d70362ea289324cf2",
                    "balance": 23708622125890642378752,
                    "percentage_of_total_supply": 2.3708622125890644,
                    "percentage_of_circulating_supply": 3.0535135352034795
                },
                {
                    "address": "0x0ed943ce24baebf257488771759f9bf482c39706",
                    "balance": 19553329369953387675648,
                    "percentage_of_total_supply": 1.955332936995339,
                    "percentage_of_circulating_supply": 2.5183393439065767
                },
                {
                    "address": "0x60eeaf47b1c9b169fb27b58c7eb10f6704ba4fd4",
                    "balance": 16183460280869417123840,
                    "percentage_of_total_supply": 1.6183460280869417,
                    "percentage_of_circulating_supply": 2.0843225199535413
                },
                {
                    "address": "0xa089c9e7029f7520149ae9ef6d0c2c39d5a2c849",
                    "balance": 11325209276202769973248,
                    "percentage_of_total_supply": 1.132520927620277,
                    "percentage_of_circulating_supply": 1.4586119610946418
                },
                {
                    "address": "0x5e3773713f0a20806168d633652b905ee7253f83",
                    "balance": 1374934444095873220608,
                    "percentage_of_total_supply": 0.13749344440958733,
                    "percentage_of_circulating_supply": 0.1770824518089325
                },
                {
                    "address": "0x8bcca67aaadb3aa330509e41cd4e63f4d9a110e6",
                    "balance": 270564366936927862784,
                    "percentage_of_total_supply": 0.027056436693692787,
                    "percentage_of_circulating_supply": 0.03484689882856842
                },
                {
                    "address": "0xcb24d73c8d679baddeb8c10c705aceec39a6e404",
                    "balance": 266970877502499651584,
                    "percentage_of_total_supply": 0.026697087750249964,
                    "percentage_of_circulating_supply": 0.03438408118491234
                },
                {
                    "address": "0x98c1d69ba85d6e74002c6313f786561caf1b2928",
                    "balance": 202734155058488049664,
                    "percentage_of_total_supply": 0.020273415505848803,
                    "percentage_of_circulating_supply": 0.026110816699174956
                },
                {
                    "address": "0xfdb7149e27d7e43dd668d72dc9dc1ae69c8297f0",
                    "balance": 18380645123997642752,
                    "percentage_of_total_supply": 0.0018380645123997643,
                    "percentage_of_circulating_supply": 0.0023673053783504184
                }
            ],
            "total_top_10_balance": 552866161548383929905152,
            "top10_percentage_of_total_supply": 55.2866161548384,
            "top10_percentage_of_circulating_supply": 71.2055006182931,
            "top_10_less_than_70_percent_of_total": true,
            "top_10_less_than_70_percent_of_circulating": false
        },