{
    "token_address": "0xbE3447e908b1F5afe563a3DC536C30A1955990B8",
    "chain": "bsc",
    "token_name": "Reptitle",
    "analyses": {
        "contract": {
            "contract_name": null,
            "compiler_version": null,
            "license_type": null,
            "implementation": null,
            "source_code": null,
            "abi": null,
            "verified": false,
            "owner": "0x8821bd4f91e0296585ecd7318eb5cf9c0f5fc71c",
            "creator": "0x8821bd4f91e0296585ecd7318eb5cf9c0f5fc71c",
            "is_hidden_owner": false,
            "is_proxy": null,
            "is_sellable": true,
            "is_hardcoded_owner": null,
            "code_analysis": null
        },
        "holder": {
            "total_holders": 10,
            "holders_list": {
                "0xce12760d69b9142b4f5fd33a7c712d8e2b2e8a75": {
                    "balance": 3.2105665200161668e+22,
                    "percentage_of_total_supply": 0.0032,
                    "percentage_of_circulating_supply": 0.0032
                },
                "0x1ebc2024bbf2b796da416bfda250abf9d91cc28c": {
                    "balance": 1.7035189434349288e+22,
                    "percentage_of_total_supply": 0.0017,
                    "percentage_of_circulating_supply": 0.0017
                },
                "0x0623c0b793a8c1d346668cc39055f4a125275b78": {
                    "balance": 1.6390786624608874e+22,
                    "percentage_of_total_supply": 0.0016,
                    "percentage_of_circulating_supply": 0.0016
                },
                "0x7382d9f501a59d106d20cab15fd2575e486f2026": {
                    "balance": 3.9473514481525394e+21,
                    "percentage_of_total_supply": 0.0004,
                    "percentage_of_circulating_supply": 0.0004
                },
                "0xc37fbd2dc1cee16090bbd821c4b79a98270012e5": {
                    "balance": 1.3587092617282454e+21,
                    "percentage_of_total_supply": 0.0001,
                    "percentage_of_circulating_supply": 0.0001
                },
                "0x7a2dfc457937bb5f9d4856840ad6b63f3ae5ba56": {
                    "balance": 2.773844360754132e+20,
                    "percentage_of_total_supply": 0.0,
                    "percentage_of_circulating_supply": 0.0
                },
                "0xcf863315a397c0b79f9962212f539f4d967a86c8": {
                    "balance": 2.4749105436426256e+20,
                    "percentage_of_total_supply": 0.0,
                    "percentage_of_circulating_supply": 0.0
                },
                "0x0ed943ce24baebf257488771759f9bf482c39706": {
                    "balance": 2.7250447608518373e+19,
                    "percentage_of_total_supply": 0.0,
                    "percentage_of_circulating_supply": 0.0
                },
                "0xed1339757fc317e267a589ab00bcfa760871b45f": {
                    "balance": 120084,
                    "percentage_of_total_supply": 0.0,
                    "percentage_of_circulating_supply": 0.0
                }
            },
            "total_supply": 1e+27,
            "total_circulating_supply": 1e+27,
            "owner": {
                "address": "0x8821bd4f91e0296585ecd7318eb5cf9c0f5fc71c",
                "balance": 9.999286101720929e+26,
                "percentage_of_supply": 99.9929,
                "exceeds_5_percent": true
            },
            "creator": {},
            "holders_exceeding_5_percent": [
                {
                    "address": "0x8821bd4f91e0296585ecd7318eb5cf9c0f5fc71c",
                    "balance": 9.999286101720929e+26,
                    "percentage_of_supply": 99.9929
                }
            ],
            "howmany_holders_exceeding_5_percent": 1,
            "top_10_holders": [
                {
                    "address": "0x8821bd4f91e0296585ecd7318eb5cf9c0f5fc71c",
                    "balance": 9.999286101720929e+26,
                    "percentage_of_total_supply": 99.9929,
                    "percentage_of_circulating_supply": 99.9929
                },
                {
                    "address": "0xce12760d69b9142b4f5fd33a7c712d8e2b2e8a75",
                    "balance": 3.2105665200161668e+22,
                    "percentage_of_total_supply": 0.0032,
                    "percentage_of_circulating_supply": 0.0032
                },
                {
                    "address": "0x1ebc2024bbf2b796da416bfda250abf9d91cc28c",
                    "balance": 1.7035189434349288e+22,
                    "percentage_of_total_supply": 0.0017,
                    "percentage_of_circulating_supply": 0.0017
                },
                {
                    "address": "0x0623c0b793a8c1d346668cc39055f4a125275b78",
                    "balance": 1.6390786624608874e+22,
                    "percentage_of_total_supply": 0.0016,
                    "percentage_of_circulating_supply": 0.0016
                },
                {
                    "address": "0x7382d9f501a59d106d20cab15fd2575e486f2026",
                    "balance": 3.9473514481525394e+21,
                    "percentage_of_total_supply": 0.0004,
                    "percentage_of_circulating_supply": 0.0004
                },
                {
                    "address": "0xc37fbd2dc1cee16090bbd821c4b79a98270012e5",
                    "balance": 1.3587092617282454e+21,
                    "percentage_of_total_supply": 0.0001,
                    "percentage_of_circulating_supply": 0.0001
                },
                {
                    "address": "0x7a2dfc457937bb5f9d4856840ad6b63f3ae5ba56",
                    "balance": 2.773844360754132e+20,
                    "percentage_of_total_supply": 0.0,
                    "percentage_of_circulating_supply": 0.0
                },
                {
                    "address": "0xcf863315a397c0b79f9962212f539f4d967a86c8",
                    "balance": 2.4749105436426256e+20,
                    "percentage_of_total_supply": 0.0,
                    "percentage_of_circulating_supply": 0.0
                },
                {
                    "address": "0x0ed943ce24baebf257488771759f9bf482c39706",
                    "balance": 2.7250447608518373e+19,
                    "percentage_of_total_supply": 0.0,
                    "percentage_of_circulating_supply": 0.0
                },
                {
                    "address": "0xed1339757fc317e267a589ab00bcfa760871b45f",
                    "balance": 120084,
                    "percentage_of_total_supply": 0.0,
                    "percentage_of_circulating_supply": 0.0
                }
            ],
            "total_top_10_balance": 1e+27,
            "top10_percentage_of_total_supply": 100.0,
            "top10_percentage_of_circulating_supply": 100.0,
            "top_10_less_than_70_percent_of_total": false,
            "top_10_less_than_70_percent_of_circulating": false
        },
        "liquidity": {
            "price_usd": 8.982331279440396e-08,
            "liquidity_usd": 2.157268538720641e-20,
            "market_cap_usd": 8.982331279440396e+19,
            "liquidity_to_market_cap_ratio": 2.40168e-40,
            "token_volume": 0.0,
            "volume_usd": 0.0,
            "volume_to_liquidity_ratio": 0.0,
            "locked_liquidity_percent": 100.0,
            "locked_95_for_15_days": false,
            "creator_under_5_percent": false,
            "creator_percent_of_lp": 99.9929,
            "owner_under_5_percent": true,
            "owner_percent_of_lp": 0.0,
            "total_lp_supply": 1e-15,
            "lp_holders_count": 1,
            "lp_holders": [
                {
                    "address": "0x0000000000000000000000000000000000000000",
                    "balance": 1e-15,
                    "is_locked": true,
                    "percent": 1.0,
                    "tag": "Null Address"
                }
            ],