{
    "token_address": "0x751FCE7FF73379c13d2cD1F1f50BFF95d29a0A7C",
    "chain": "bsc",
    "token_name": "Billiard Crypto",
    "analyses": {
        "contract": {
            "contract_name": null,
            "compiler_version": null,
            "license_type": null,
            "implementation": null,
            "source_code": null,
            "abi": null,
            "verified": false,
            "owner": "0x779e4cdde77144815237ba3699a2574c3af21aea",
            "creator": "0x779e4cdde77144815237ba3699a2574c3af21aea",
            "is_hidden_owner": false,
            "is_proxy": null,
            "is_sellable": true,
            "is_hardcoded_owner": null,
            "code_analysis": null
        },
        "holder": {
            "total_holders": 2,
            "holders_list": {
                "0x08aa328b61fc1c513eb7cc152cc7aa4d4fea26e7": {
                    "balance": 4976870,
                    "percentage_of_total_supply": 4.976870000000001e-07,
                    "percentage_of_circulating_supply": 4.976869987615383e-07
                }
            },
            "total_supply": 1000000000000000,
            "total_circulating_supply": 1000000002488435,
            "owner": {
                "address": "0x779e4cdde77144815237ba3699a2574c3af21aea",
                "balance": 1000000000000000,
                "percentage_of_supply": 96.7796244320206,
                "exceeds_5_percent": true
            },
            "creator": {},
            "holders_exceeding_5_percent": [
                {
                    "address": "0x779e4cdde77144815237ba3699a2574c3af21aea",
                    "balance": 1000000000000000,
                    "percentage_of_supply": 99.9999997511565
                }
            ],
            "howmany_holders_exceeding_5_percent": 1,
            "top_10_holders": [
                {
                    "address": "0x779e4cdde77144815237ba3699a2574c3af21aea",
                    "balance": 1000000000000000,
                    "percentage_of_total_supply": 100.0,
                    "percentage_of_circulating_supply": 99.9999997511565
                },
                {
                    "address": "0x08aa328b61fc1c513eb7cc152cc7aa4d4fea26e7",
                    "balance": 4976870,
                    "percentage_of_total_supply": 4.976870000000001e-07,
                    "percentage_of_circulating_supply": 4.976869987615383e-07
                }
            ],
            "total_top_10_balance": 1000000004976870,
            "top10_percentage_of_total_supply": 100.000000497687,
            "top10_percentage_of_circulating_supply": 100.0000002488435,
            "top_10_less_than_70_percent_of_total": false,
            "top_10_less_than_70_percent_of_circulating": false
        },
        "liquidity": {
            "price_usd": 153.3895189543622,
            "liquidity_usd": 1.5267993903967933e-09,
            "market_cap_usd": 1.5338951933606205e+17,
            "liquidity_to_market_cap_ratio": 9.953739975230766e-27,
            "token_volume": 0.0,
            "volume_usd": 0.0,
            "volume_to_liquidity_ratio": 0.0,
            "locked_liquidity_percent": 0.0,
            "locked_95_for_15_days": false,
            "creator_under_5_percent": false,
            "creator_percent_of_lp": 96.7796,
            "owner_under_5_percent": true,
            "owner_percent_of_lp": 0.0,
            "total_lp_supply": 1.685641983e-09,
            "lp_holders_count": 2,
            "lp_holders": [
                {
                    "address": "0x0ed943ce24baebf257488771759f9bf482c39706",
                    "balance": 1.685640983e-09,
                    "is_locked": false,
                    "percent": 0.9999994067542158,
                    "tag": ""
                },
                {
                    "address": "0x0000000000000000000000000000000000000000",
                    "balance": 1e-15,
                    "is_locked": true,
                    "percent": 5.93245784149e-07,
                    "tag": "Null Address"
                }
            ],
            "error": "Liquidity pool info could not be retrieved."
        },
        "security": {
            "warnings": null,
            "homany_warnings": 0,
            "suspicious_urls": null,
            "howmany_suspicious_urls": 0,
            "suspicious_addresses": null,
            "howmany_suspicious_addresses": 0,
            "error": "Security analysis data not available."
        },
        "lifecycle": {
            "token_age_seconds": 80230792.715114,
            "token_creation_date": "2023-01-18T18:09:20",
            "creation_to_first_trade_seconds": 0.0,
            "creation_to_first_trade_blocks": 0,
            "last_tx_hash": "0xf3a10b12503f906a93ab21ae04c9c65b586c24df0384aca28739708c5bcebbdd",
            "last_active_age": "2024-03-28T21:09:14",
            "inactive_days": 493.4722357867361
        }
    },
    "errors": []
}