{
    "token_address": "0xC5c6b65D374c996Ae7124f3681D8eF1929081667",
    "chain": "bsc",
    "token_name": "TeleWin",
    "analyses": {
        "contract": {
            "contract_name": null,
            "compiler_version": null,
            "license_type": null,
            "implementation": null,
            "source_code": null,
            "abi": null,
            "verified": false,
            "owner": null,
            "creator": "0x9dbdb39370043f6719a84ef42963f705c6523261",
            "is_hidden_owner": true,
            "is_proxy": null,
            "is_sellable": false,
            "is_hardcoded_owner": null,
            "code_analysis": null
        },
        "holder": {
            "total_holders": 15,
            "holders_list": {
                "0xcd88d7573818abe26b02f4bf19c4db44aff3c591": {
                    "balance": 5.62994115476963e+23,
                    "percentage_of_total_supply": 0.563,
                    "percentage_of_circulating_supply": 0.563
                },
                "0xfcb18fa0b75a266b5cbd82865953fa4f0896e2c3": {
                    "balance": 1.1395139736203844e+24,
                    "percentage_of_total_supply": 1.1395,
                    "percentage_of_circulating_supply": 1.1395
                },
                "0x8070e5c6a1fc7c08f98f1d80fcfeec7b2e4544d3": {
                    "balance": 5.2710905868669055e+23,
                    "percentage_of_total_supply": 0.5271,
                    "percentage_of_circulating_supply": 0.5271
                },
                "0xb4eecb173cd370ec4645b9ccbefa6d11a9ec5fa2": {
                    "balance": 7.211603422729509e+17,
                    "percentage_of_total_supply": 0.0,
                    "percentage_of_circulating_supply": 0.0
                },
                "0xa1c44c0d1f5118604bafccbca6cbfd9d6e302345": {
                    "balance": 3.5405867722437327e+24,
                    "percentage_of_total_supply": 3.5406,
                    "percentage_of_circulating_supply": 3.5406
                },
                "0xf1d77b7121517e0e78c02c882b9a5a6ffa8fc6f9": {
                    "balance": 1.6753159036970716e+23,
                    "percentage_of_total_supply": 0.1675,
                    "percentage_of_circulating_supply": 0.1675
                },
                "0x2be87ad70cf11ea294d7c42044b5b8277a3e4874": {
                    "balance": 2.841900583337488e+23,
                    "percentage_of_total_supply": 0.2842,
                    "percentage_of_circulating_supply": 0.2842
                },
                "0x8a59b144cb8594897788c68416fbb5c8511a6d64": {
                    "balance": 8.716095237685297e+24,
                    "percentage_of_total_supply": 8.7161,
                    "percentage_of_circulating_supply": 8.7161
                },
                "0xb12bd6060d5a35f88d38cae17fa652cdcd5c7043": {
                    "balance": 3.520337164767833e+24,
                    "percentage_of_total_supply": 3.5203,
                    "percentage_of_circulating_supply": 3.5203
                },
                "0xb7d1e43bb9fc3c1a58ecf1a794f289a10cc1fe3f": {
                    "balance": 4.8775233209536556e+23,
                    "percentage_of_total_supply": 0.4878,
                    "percentage_of_circulating_supply": 0.4878
                },
                "0x0ed943ce24baebf257488771759f9bf482c39706": {
                    "balance": 8.988543082752197e+22,
                    "percentage_of_total_supply": 0.0899,
                    "percentage_of_circulating_supply": 0.0899
                },
                "0x8fd2cc878cdc9f684ca05dc8ab59e78c3af4c0fe": {
                    "balance": 9.925554064936212e+17,
                    "percentage_of_total_supply": 0.0,
                    "percentage_of_circulating_supply": 0.0
                },
                "0xc5572df71875e85ba9662cd136db11dcfad03516": {
                    "balance": 10227750.0,
                    "percentage_of_total_supply": 0.0,
                    "percentage_of_circulating_supply": 0.0
                },
                "0x4fa1ba20e4a6780d1a67f428269eaca3a07d9696": {
                    "balance": 7.722827057620012e+25,
                    "percentage_of_total_supply": 77.2283,
                    "percentage_of_circulating_supply": 77.2283
                },
                "0xaa79505b664f180b7af3753c1690973a678e726d": {
                    "balance": 3.7357319759768834e+24,
                    "percentage_of_total_supply": 3.7357,
                    "percentage_of_circulating_supply": 3.7357
                }
            },
            "total_supply": 1e+26,
            "total_circulating_supply": 1e+26,
            "owner": {},
            "creator": {},
            "holders_exceeding_5_percent": [
                {
                    "address": "0x8a59b144cb8594897788c68416fbb5c8511a6d64",
                    "balance": 8.716095237685297e+24,
                    "percentage_of_supply": 8.7161
                },
                {
                    "address": "0x4fa1ba20e4a6780d1a67f428269eaca3a07d9696",
                    "balance": 7.722827057620012e+25,
                    "percentage_of_supply": 77.2283
                }
            ],
            "howmany_holders_exceeding_5_percent": 2,
            "top_10_holders": [
                {
                    "address": "0x4fa1ba20e4a6780d1a67f428269eaca3a07d9696",
                    "balance": 7.722827057620012e+25,
                    "percentage_of_total_supply": 77.2283,
                    "percentage_of_circulating_supply": 77.2283
                },
                {
                    "address": "0x8a59b144cb8594897788c68416fbb5c8511a6d64",
                    "balance": 8.716095237685297e+24,
                    "percentage_of_total_supply": 8.7161,
                    "percentage_of_circulating_supply": 8.7161
                },
                {
                    "address": "0xaa79505b664f180b7af3753c1690973a678e726d",
                    "balance": 3.7357319759768834e+24,
                    "percentage_of_total_supply": 3.7357,
                    "percentage_of_circulating_supply": 3.7357
                },
                {
                    "address": "0xa1c44c0d1f5118604bafccbca6cbfd9d6e302345",
                    "balance": 3.5405867722437327e+24,
                    "percentage_of_total_supply": 3.5406,
                    "percentage_of_circulating_supply": 3.5406
                },
                {
                    "address": "0xb12bd6060d5a35f88d38cae17fa652cdcd5c7043",
                    "balance": 3.520337164767833e+24,
                    "percentage_of_total_supply": 3.5203,
                    "percentage_of_circulating_supply": 3.5203
                },
                {
                    "address": "0xfcb18fa0b75a266b5cbd82865953fa4f0896e2c3",
                    "balance": 1.1395139736203844e+24,
                    "percentage_of_total_supply": 1.1395,
                    "percentage_of_circulating_supply": 1.1395
                },
                {
                    "address": "0xcd88d7573818abe26b02f4bf19c4db44aff3c591",
                    "balance": 5.62994115476963e+23,
                    "percentage_of_total_supply": 0.563,
                    "percentage_of_circulating_supply": 0.563
                },
                {
                    "address": "0x8070e5c6a1fc7c08f98f1d80fcfeec7b2e4544d3",
                    "balance": 5.2710905868669055e+23,
                    "percentage_of_total_supply": 0.5271,
                    "percentage_of_circulating_supply": 0.5271
                },
                {
                    "address": "0xb7d1e43bb9fc3c1a58ecf1a794f289a10cc1fe3f",
                    "balance": 4.8775233209536556e+23,
                    "percentage_of_total_supply": 0.4878,