{
    "token_address": "0x3a879bbA3bCDE3A4A0f0C150ea2D2b280F029397",
    "chain": "bsc",
    "token_name": "GemHalla",
    "analyses": {
        "contract": {
            "contract_name": null,
            "compiler_version": null,
            "license_type": null,
            "implementation": null,
            "source_code": null,
            "abi": null,
            "verified": false,
            "owner": "0x545fdef20e022b69ecbafaed2ca57da978676edb",
            "creator": "0x545fdef20e022b69ecbafaed2ca57da978676edb",
            "is_hidden_owner": false,
            "is_proxy": null,
            "is_sellable": true,
            "is_hardcoded_owner": null,
            "code_analysis": null
        },
        "holder": {
            "total_holders": 29,
            "holders_list": {
                "0xd1aadaf6295cfc01cfa8b37c65ab4e91f858497a": {
                    "balance": 53524691920912440623104,
                    "percentage_of_total_supply": 0.005352469192091244,
                    "percentage_of_circulating_supply": 0.005352469192091244
                },
                "0x5c9d60a8b8690c9f1ad058ee83a6ddcd1c67335c": {
                    "balance": 20626279024469445967872,
                    "percentage_of_total_supply": 0.0020626279024469445,
                    "percentage_of_circulating_supply": 0.0020626279024469445
                },
                "0xe14c5519427bba28250cf6785e416646853a58c8": {
                    "balance": 15188488169338800439296,
                    "percentage_of_total_supply": 0.00151884881693388,
                    "percentage_of_circulating_supply": 0.00151884881693388
                },
                "0x95267bda4e0e8214c2e5bdb669c58ca0a2b8c02e": {
                    "balance": 11140218665314600091648,
                    "percentage_of_total_supply": 0.00111402186653146,
                    "percentage_of_circulating_supply": 0.00111402186653146
                },
                "0xc106c21f4a9aeef12a8bc09af5f6e75a15b91f8d": {
                    "balance": 9626331053259308924928,
                    "percentage_of_total_supply": 0.0009626331053259309,
                    "percentage_of_circulating_supply": 0.0009626331053259309
                },
                "0xbf4aa3a489d99a4066ded1b07a967e4a1b495e44": {
                    "balance": 7998955134680898207744,
                    "percentage_of_total_supply": 0.0007998955134680898,
                    "percentage_of_circulating_supply": 0.0007998955134680898
                },
                "0xed5837e3d9b628521fc66a5cd70dfec2161256bb": {
                    "balance": 7669207530460271345664,
                    "percentage_of_total_supply": 0.0007669207530460272,
                    "percentage_of_circulating_supply": 0.0007669207530460272
                },
                "0x98134f9aee861272824c7fd6e2ac4b861f3b00e1": {
                    "balance": 6721009146009457000448,
                    "percentage_of_total_supply": 0.0006721009146009457,
                    "percentage_of_circulating_supply": 0.0006721009146009457
                },
                "0x78c818b032fe5908934f40d7b14eaac4d8f832d1": {
                    "balance": 6654668114760744042496,
                    "percentage_of_total_supply": 0.0006654668114760745,
                    "percentage_of_circulating_supply": 0.0006654668114760745
                },
                "0xd8d379cc1716cfeff9ce4b13c851bf86907e2dbc": {
                    "balance": 4458525921125953699840,
                    "percentage_of_total_supply": 0.0004458525921125954,
                    "percentage_of_circulating_supply": 0.0004458525921125954
                },
                "0x5dc2c6c776b465f866be2382bb4e2a86220b8c60": {
                    "balance": 3343121954348695289856,
                    "percentage_of_total_supply": 0.00033431219543486953,
                    "percentage_of_circulating_supply": 0.00033431219543486953
                },
                "0xfdf6d7816ff83506cd1a84e2b4554d8eda9dd754": {
                    "balance": 2741221073100013043712,
                    "percentage_of_total_supply": 0.00027412210731000134,
                    "percentage_of_circulating_supply": 0.00027412210731000134
                },
                "0xad97991ff659ded646d3b07f9f5ed081bbdd53b5": {
                    "balance": 1543590858721750155264,
                    "percentage_of_total_supply": 0.00015435908587217503,
                    "percentage_of_circulating_supply": 0.00015435908587217503
                },
                "0x54e577280d9f45670a674bf5b3db071b67da77e4": {
                    "balance": 1164841066003619774464,
                    "percentage_of_total_supply": 0.00011648410660036198,
                    "percentage_of_circulating_supply": 0.00011648410660036198
                },
                "0xdb5054db40d7fc5f9e67a7d19b3f1c6019a0b5d5": {
                    "balance": 887081172130953297920,
                    "percentage_of_total_supply": 8.870811721309534e-05,
                    "percentage_of_circulating_supply": 8.870811721309534e-05
                },
                "0x2cd604af012173c7a8f6a0dbc8e119e067d578b8": {
                    "balance": 884144038824848523264,
                    "percentage_of_total_supply": 8.841440388248485e-05,
                    "percentage_of_circulating_supply": 8.841440388248485e-05
                },
                "0x9efa805724b36338a6a0a0188c53bfada860b34e": {
                    "balance": 655266063035493515264,
                    "percentage_of_total_supply": 6.552660630354934e-05,
                    "percentage_of_circulating_supply": 6.552660630354935e-05
                },
                "0x65fa56de03966739f42c0898269aca2755c6e9fe": {
                    "balance": 626240310158492958720,
                    "percentage_of_total_supply": 6.262403101584929e-05,
                    "percentage_of_circulating_supply": 6.262403101584929e-05
                },
                "0x91e743a48575bb1fda2f31f2c8e8d65a6d199745": {
                    "balance": 480402697747964624896,
                    "percentage_of_total_supply": 4.804026977479646e-05,
                    "percentage_of_circulating_supply": 4.804026977479646e-05
                },
                "0xeab934a00f89847e1da338b63b499efc54bfaf18": {
                    "balance": 285576207647917965312,
                    "percentage_of_total_supply": 2.8557620764791795e-05,
                    "percentage_of_circulating_supply": 2.8557620764791795e-05
                },
                "0x1da6b1d517f80d3f2d66ab34785fa3a3a1089093": {
                    "balance": 238443169526030794752,
                    "percentage_of_total_supply": 2.3844316952603077e-05,
                    "percentage_of_circulating_supply": 2.3844316952603083e-05
                },
                "0xcefa618165ec6e6514d9f0d6c5a2543b46a4fec3": {
                    "balance": 137100013717852356608,
                    "percentage_of_total_supply": 1.3710001371785234e-05,
                    "percentage_of_circulating_supply": 1.3710001371785234e-05
                },
                "0x25736d08386755915af61db79d39b9701b50f071": {
                    "balance": 105655376016461365248,
                    "percentage_of_total_supply": 1.0565537601646136e-05,
                    "percentage_of_circulating_supply": 1.0565537601646136e-05
                },
                "0x0ed943ce24baebf257488771759f9bf482c39706": {
                    "balance": 57073950454475857920,
                    "percentage_of_total_supply": 5.707395045447585e-06,
                    "percentage_of_circulating_supply": 5.707395045447586e-06
                },
                "0x77eda0ab8c04e92d4ed81a5cb2de5be781e63736": {
                    "balance": 49508475343576162304,
                    "percentage_of_total_supply": 4.950847534357616e-06,