{
    "token_address": "0x2A9cDA03c398Ef597534fCD5d3eF76Aa8D24659e",
    "chain": "bsc",
    "token_name": "DigitalRise",
    "analyses": {
        "contract": {
            "contract_name": null,
            "compiler_version": null,
            "license_type": null,
            "implementation": null,
            "source_code": null,
            "abi": null,
            "verified": false,
            "owner": "0x5f7c6c749ad64ee9bbafde0ab26b06a7ce2775a7",
            "creator": "0x5f7c6c749ad64ee9bbafde0ab26b06a7ce2775a7",
            "is_hidden_owner": false,
            "is_proxy": null,
            "is_sellable": true,
            "is_hardcoded_owner": null,
            "code_analysis": null
        },
        "holder": {
            "total_holders": 28,
            "holders_list": {
                "0x52b09ae5042f5c1f86461b693ffaa785ce7c003a": {
                    "balance": 381412121278640.0,
                    "percentage_of_total_supply": 0.0,
                    "percentage_of_circulating_supply": 0.0
                },
                "0x68a557629679e74e23db29c8ad4ac44937b3fb26": {
                    "balance": 2.0155759170752055e+21,
                    "percentage_of_total_supply": 0.0002,
                    "percentage_of_circulating_supply": 0.0002
                },
                "0x0d3b69d859b62008ac03a4dd5aed2f2da6f43235": {
                    "balance": 1.3153313975575356e+21,
                    "percentage_of_total_supply": 0.0001,
                    "percentage_of_circulating_supply": 0.0001
                },
                "0xcc314c031d7511a72f5278dfc5bae25d61545f9e": {
                    "balance": 4.038405748988269e+20,
                    "percentage_of_total_supply": 0.0,
                    "percentage_of_circulating_supply": 0.0
                },
                "0xc9cfd71a35cb5ba50ade0ac0a5d2a9865d88ede0": {
                    "balance": 1.4869173663650042e+21,
                    "percentage_of_total_supply": 0.0001,
                    "percentage_of_circulating_supply": 0.0001
                },
                "0xb852016a2d9b6e2a1cc17313fbbb083670ce21af": {
                    "balance": 5.242576773628709e+21,
                    "percentage_of_total_supply": 0.0005,
                    "percentage_of_circulating_supply": 0.0005
                },
                "0x786520787a50804b722e0b5807d6855935ae5364": {
                    "balance": 1.0616247586539251e+20,
                    "percentage_of_total_supply": 0.0,
                    "percentage_of_circulating_supply": 0.0
                },
                "0x5d87d6a3eaf73b317d1e4ba1d0aeb72a47cce332": {
                    "balance": 1.541938998985643e+20,
                    "percentage_of_total_supply": 0.0,
                    "percentage_of_circulating_supply": 0.0
                },
                "0x9b5166f1a47d3bbf329b4fbe60925a378102ca40": {
                    "balance": 4.1476828642613883e+21,
                    "percentage_of_total_supply": 0.0004,
                    "percentage_of_circulating_supply": 0.0004
                },
                "0x05c56b14ff9ed08405cba91c792530079b7dddf0": {
                    "balance": 5.011128693300426e+20,
                    "percentage_of_total_supply": 0.0001,
                    "percentage_of_circulating_supply": 0.0001
                },
                "0x77c175d1518e71f99165733300982c5c05f7353c": {
                    "balance": 1.2923397567714644e+21,
                    "percentage_of_total_supply": 0.0001,
                    "percentage_of_circulating_supply": 0.0001
                },
                "0xb2986de84f98ac7f936bc13a9bcac2f28092e4b0": {
                    "balance": 4.3894173905716264e+21,
                    "percentage_of_total_supply": 0.0004,
                    "percentage_of_circulating_supply": 0.0004
                },
                "0x768166078c61c89d8613098dcb4ad11735a0b6a3": {
                    "balance": 8.099409792605752e+21,
                    "percentage_of_total_supply": 0.0008,
                    "percentage_of_circulating_supply": 0.0008
                },
                "0xf81a2d09ea2ce1cd20c385b25dd0fd46830dfd29": {
                    "balance": 3.790290648704624e+21,
                    "percentage_of_total_supply": 0.0004,
                    "percentage_of_circulating_supply": 0.0004
                },
                "0xd1dc838522feabf1406e99ffdc16ab0a599b95c9": {
                    "balance": 2.677672589833372e+20,
                    "percentage_of_total_supply": 0.0,
                    "percentage_of_circulating_supply": 0.0
                },
                "0x2948f468c20ef1b0247997b6ce9b906013cbd24e": {
                    "balance": 3.697022624856215e+21,
                    "percentage_of_total_supply": 0.0004,
                    "percentage_of_circulating_supply": 0.0004
                },
                "0xdc3935f68b34729c3eb344fbcaa112e9208ce1da": {
                    "balance": 1.5999198676128566e+21,
                    "percentage_of_total_supply": 0.0002,
                    "percentage_of_circulating_supply": 0.0002
                },
                "0x48187ef0684caf8315811409321a51e9375f458b": {
                    "balance": 2.6289596652388568e+20,
                    "percentage_of_total_supply": 0.0,
                    "percentage_of_circulating_supply": 0.0
                },
                "0x28b7fdbbe32e4a72dfb90c33a0c320f20cdbab7a": {
                    "balance": 5.604824738915777e+21,
                    "percentage_of_total_supply": 0.0006,
                    "percentage_of_circulating_supply": 0.0006
                },
                "0xc2643aee896b2daf88016c12756eb4212ce4c6eb": {
                    "balance": 2.1646912498674392e+21,
                    "percentage_of_total_supply": 0.0002,
                    "percentage_of_circulating_supply": 0.0002
                },
                "0xe6742f8ba2d5b62e9c0fa1bdb2aea2a658a70b97": {
                    "balance": 1.0397029889622067e+21,
                    "percentage_of_total_supply": 0.0001,
                    "percentage_of_circulating_supply": 0.0001
                },
                "0x6aa1e7b852a9f2478aa107a7ce63f2b029af959a": {
                    "balance": 7.96207554247802e+23,
                    "percentage_of_total_supply": 0.0796,
                    "percentage_of_circulating_supply": 0.0796
                },
                "0x7e5f80fc64a6f22083d72daa073d5feeff427d15": {
                    "balance": 5.047467897043256e+18,
                    "percentage_of_total_supply": 0.0,
                    "percentage_of_circulating_supply": 0.0
                },
                "0x440ea146fdcc4db9899be16340d82e587074f1c2": {
                    "balance": 4.887480903388296e+19,
                    "percentage_of_total_supply": 0.0,
                    "percentage_of_circulating_supply": 0.0
                },
                "0xc48517da3294cd1984e8d8ff769d4c9df4868eab": {
                    "balance": 1.6385940203434502e+22,
                    "percentage_of_total_supply": 0.0016,
                    "percentage_of_circulating_supply": 0.0016
                },
                "0x56aa9eb8c647278f8054ee4b339a14bbce4262e1": {
                    "balance": 1.1747037434966184e+21,
                    "percentage_of_total_supply": 0.0001,
                    "percentage_of_circulating_supply": 0.0001
                },
                "0x0ed943ce24baebf257488771759f9bf482c39706": {
                    "balance": 1.033276388278835e+20,
                    "percentage_of_total_supply": 0.0,
                    "percentage_of_circulating_supply": 0.0
                }
            },
            "total_supply": 1e+27,
            "total_circulating_supply": 1e+27,
            "owner": {
                "address": "0x5f7c6c749ad64ee9bbafde0ab26b06a7ce2775a7",
                "balance": 9.991384928750848e+26,