{
    "token_address": "0xd186b03243E2516Fdf7e67265775A0F842D3eBE1",
    "chain": "bsc",
    "token_name": "Rocket Lambo",
    "analyses": {
        "contract": {
            "contract_name": null,
            "compiler_version": null,
            "license_type": null,
            "implementation": null,
            "source_code": null,
            "abi": null,
            "verified": false,
            "owner": null,
            "creator": "0x6b79a54b6d30e71eab11c1a05f0d5687b384c7ac",
            "is_hidden_owner": true,
            "is_proxy": null,
            "is_sellable": false,
            "is_hardcoded_owner": null,
            "code_analysis": null
        },
        "holder": {
            "total_holders": 5,
            "holders_list": {
                "0x7e52c25c0b56ff5813887e75fd9ed70e08c7ade7": {
                    "balance": 28828081399731979765799479934976,
                    "percentage_of_total_supply": 0.028828081399731982,
                    "percentage_of_circulating_supply": 0.028828081399731982
                },
                "0x79104fd5a9e19fd6d61db2eef6e7468dc984a76e": {
                    "balance": 16393786306990416249805288243200,
                    "percentage_of_total_supply": 0.016393786306990416,
                    "percentage_of_circulating_supply": 0.016393786306990416
                },
                "0x2be87ad70cf11ea294d7c42044b5b8277a3e4874": {
                    "balance": 1991027899340815191976387280896,
                    "percentage_of_total_supply": 0.001991027899340815,
                    "percentage_of_circulating_supply": 0.001991027899340815
                },
                "0xcb692809bf98a8201648b3c81f7231230f5cdfb1": {
                    "balance": 1983105393294603204907503714304,
                    "percentage_of_total_supply": 0.0019831053932946032,
                    "percentage_of_circulating_supply": 0.0019831053932946032
                }
            },
            "total_supply": 100000000000000000000000000000000000,
            "total_circulating_supply": 99999999999999999718164435015041024,
            "owner": {},
            "creator": {
                "address": "0x6b79a54b6d30e71eab11c1a05f0d5687b384c7ac",
                "balance": 99950803999000641621916381370908672,
                "percentage_of_supply": 99.95080399900064,
                "exceeds_5_percent": true
            },
            "holders_exceeding_5_percent": [
                {
                    "address": "0x6b79a54b6d30e71eab11c1a05f0d5687b384c7ac",
                    "balance": 99950803999000641621916381370908672,
                    "percentage_of_supply": 99.95080399900064
                }
            ],
            "howmany_holders_exceeding_5_percent": 1,
            "top_10_holders": [
                {
                    "address": "0x6b79a54b6d30e71eab11c1a05f0d5687b384c7ac",
                    "balance": 99950803999000641621916381370908672,
                    "percentage_of_total_supply": 99.95080399900064,
                    "percentage_of_circulating_supply": 99.95080399900064
                },
                {
                    "address": "0x7e52c25c0b56ff5813887e75fd9ed70e08c7ade7",
                    "balance": 28828081399731979765799479934976,
                    "percentage_of_total_supply": 0.028828081399731982,
                    "percentage_of_circulating_supply": 0.028828081399731982
                },
                {
                    "address": "0x79104fd5a9e19fd6d61db2eef6e7468dc984a76e",
                    "balance": 16393786306990416249805288243200,
                    "percentage_of_total_supply": 0.016393786306990416,
                    "percentage_of_circulating_supply": 0.016393786306990416
                },
                {
                    "address": "0x2be87ad70cf11ea294d7c42044b5b8277a3e4874",
                    "balance": 1991027899340815191976387280896,
                    "percentage_of_total_supply": 0.001991027899340815,
                    "percentage_of_circulating_supply": 0.001991027899340815
                },
                {
                    "address": "0xcb692809bf98a8201648b3c81f7231230f5cdfb1",
                    "balance": 1983105393294603204907503714304,
                    "percentage_of_total_supply": 0.0019831053932946032,
                    "percentage_of_circulating_supply": 0.0019831053932946032
                }
            ],
            "total_top_10_balance": 99999999999999999436328870030082048,
            "top10_percentage_of_total_supply": 100.0,
            "top10_percentage_of_circulating_supply": 100.0,
            "top_10_less_than_70_percent_of_total": false,
            "top_10_less_than_70_percent_of_circulating": false
        },
        "liquidity": {
            "price_usd": 2.2453304712076075e-24,
            "liquidity_usd": 7.361893586710323e-11,
            "market_cap_usd": 224533047120.76074,
            "liquidity_to_market_cap_ratio": 3.2787572613980833e-22,
            "token_volume": 49175700514849.75,
            "volume_usd": 1.1041569880897177e-10,
            "volume_to_liquidity_ratio": 1.49982742223134,
            "locked_liquidity_percent": 0.0,
            "locked_95_for_15_days": false,
            "creator_under_5_percent": false,
            "creator_percent_of_lp": 99.9508,
            "owner_under_5_percent": true,
            "owner_percent_of_lp": 0.0,
            "total_lp_supply": 675.1735238589255,
            "lp_holders_count": 2,
            "lp_holders": [
                {
                    "address": "0x8cc7bc33f5188b1fb683bedc4dbffa77b136833b",
                    "balance": 675.1735238589255,
                    "is_locked": false,
                    "percent": 1.0,
                    "tag": ""
                },
                {
                    "address": "0x0000000000000000000000000000000000000000",
                    "balance": 1e-15,
                    "is_locked": true,
                    "percent": 1e-18,
                    "tag": "Null Address"
                }
            ]
        },
        "security": {
            "warnings": null,
            "homany_warnings": 0,
            "suspicious_urls": null,
            "howmany_suspicious_urls": 0,
            "suspicious_addresses": null,
            "howmany_suspicious_addresses": 0,
            "error": "Security analysis data not available."
        },
        "lifecycle": {
            "token_age_seconds": 126779717.913397,
            "token_creation_date": "2021-07-29T04:13:19",
            "creation_to_first_trade_seconds": 0.0,
            "creation_to_first_trade_blocks": 0,
            "last_tx_hash": "0x2c98a2ea4eb36aba949269476a7cbbd015ab4b3fb4587bf489531d92f0b16f06",
            "last_active_age": "2021-07-29T18:01:01",
            "inactive_days": 1466.7830829552083
        }
    },
    "errors": []
}