{
    "token_address": "0x62b2F7A849bced0c9973AD0353E4F13eb3FA6B04",
    "chain": "bsc",
    "token_name": "RPG",
    "analyses": {
        "contract": {
            "contract_name": null,
            "compiler_version": null,
            "license_type": null,
            "implementation": null,
            "source_code": null,
            "abi": null,
            "verified": false,
            "owner": "0xc71b11482210b8c81ce5ac7f6001bd2aaf3c1e07",
            "creator": "0xc71b11482210b8c81ce5ac7f6001bd2aaf3c1e07",
            "is_hidden_owner": false,
            "is_proxy": null,
            "is_sellable": true,
            "is_hardcoded_owner": null,
            "code_analysis": null
        },
        "holder": {
            "total_holders": 5,
            "holders_list": {
                "0x6ff77df05f4418d1433e9b476a78b9c6c9e7ee63": {
                    "balance": 6360558799,
                    "percentage_of_total_supply": 0.6360558799,
                    "percentage_of_circulating_supply": 0.6360661894713369
                },
                "0x4c377dbd8b58f19f067072b4b6bc8715991b2222": {
                    "balance": 3126112836,
                    "percentage_of_total_supply": 0.3126112836,
                    "percentage_of_circulating_supply": 0.3126163505892864
                },
                "0x0807b0804b643fcf2376d6fe4c7ec5d7440495b0": {
                    "balance": 1449241172,
                    "percentage_of_total_supply": 0.1449241172,
                    "percentage_of_circulating_supply": 0.14492646621613509
                },
                "0x124b1b80370a7d2e5afa587e7e1f02ae325e0bd9": {
                    "balance": 3126951,
                    "percentage_of_total_supply": 0.0003126951,
                    "percentage_of_circulating_supply": 0.0003127001683478323
                }
            },
            "total_supply": 1000000000000,
            "total_circulating_supply": 999983791669,
            "owner": {
                "address": "0xc71b11482210b8c81ce5ac7f6001bd2aaf3c1e07",
                "balance": 989028543581,
                "percentage_of_supply": 98.90758053990379,
                "exceeds_5_percent": true
            },
            "creator": {},
            "holders_exceeding_5_percent": [
                {
                    "address": "0xc71b11482210b8c81ce5ac7f6001bd2aaf3c1e07",
                    "balance": 989028543581,
                    "percentage_of_supply": 98.90445743428347
                }
            ],
            "howmany_holders_exceeding_5_percent": 1,
            "top_10_holders": [
                {
                    "address": "0xc71b11482210b8c81ce5ac7f6001bd2aaf3c1e07",
                    "balance": 989028543581,
                    "percentage_of_total_supply": 98.9028543581,
                    "percentage_of_circulating_supply": 98.90445743428347
                },
                {
                    "address": "0x6ff77df05f4418d1433e9b476a78b9c6c9e7ee63",
                    "balance": 6360558799,
                    "percentage_of_total_supply": 0.6360558799,
                    "percentage_of_circulating_supply": 0.6360661894713369
                },
                {
                    "address": "0x4c377dbd8b58f19f067072b4b6bc8715991b2222",
                    "balance": 3126112836,
                    "percentage_of_total_supply": 0.3126112836,
                    "percentage_of_circulating_supply": 0.3126163505892864
                },
                {
                    "address": "0x0807b0804b643fcf2376d6fe4c7ec5d7440495b0",
                    "balance": 1449241172,
                    "percentage_of_total_supply": 0.1449241172,
                    "percentage_of_circulating_supply": 0.14492646621613509
                },
                {
                    "address": "0x124b1b80370a7d2e5afa587e7e1f02ae325e0bd9",
                    "balance": 3126951,
                    "percentage_of_total_supply": 0.0003126951,
                    "percentage_of_circulating_supply": 0.0003127001683478323
                }
            ],
            "total_top_10_balance": 999967583339,
            "top10_percentage_of_total_supply": 99.9967583339,
            "top10_percentage_of_circulating_supply": 99.99837914072857,
            "top_10_less_than_70_percent_of_total": false,
            "top_10_less_than_70_percent_of_circulating": false
        },
        "liquidity": {
            "price_usd": 323148.6364390312,
            "liquidity_usd": 2.0209399037233297e-06,
            "market_cap_usd": 3.231433987389696e+17,
            "liquidity_to_market_cap_ratio": 6.254003366956645e-24,
            "token_volume": 14775.155067,
            "volume_usd": 4774571213.076293,
            "volume_to_liquidity_ratio": 2362549823614122.0,
            "locked_liquidity_percent": 0.0,
            "locked_95_for_15_days": false,
            "creator_under_5_percent": false,
            "creator_percent_of_lp": 98.906,
            "owner_under_5_percent": true,
            "owner_percent_of_lp": 0.0,
            "total_lp_supply": 4.8369001817e-08,
            "lp_holders_count": 2,
            "lp_holders": [
                {
                    "address": "0x0ed943ce24baebf257488771759f9bf482c39706",
                    "balance": 4.8369000817e-08,
                    "is_locked": false,
                    "percent": 0.9999999793256019,
                    "tag": ""
                },
                {
                    "address": "0x0000000000000000000000000000000000000000",
                    "balance": 1e-15,
                    "is_locked": true,
                    "percent": 2.0674398115e-08,
                    "tag": "Null Address"
                }
            ]
        },
        "security": {
            "warnings": null,
            "homany_warnings": 0,
            "suspicious_urls": null,
            "howmany_suspicious_urls": 0,
            "suspicious_addresses": null,
            "howmany_suspicious_addresses": 0,
            "error": "Security analysis data not available."
        },
        "lifecycle": {
            "token_age_seconds": 82272354.707494,
            "token_creation_date": "2022-12-24T18:01:50",
            "creation_to_first_trade_seconds": 0.0,
            "creation_to_first_trade_blocks": 0,
            "last_tx_hash": "0x37cf68ba7e456070a72056b550d0dbedfad8742bd03c69771421a3cc59104e61",
            "last_active_age": "2025-05-01T14:51:33",
            "inactive_days": 93.35850082309027
        }
    },
    "errors": []
}