{
    "token_address": "0xcdaFD785a6698a4E5932cc11567F747ec4587cD1",
    "chain": "bsc",
    "token_name": "SMS",
    "analyses": {
        "contract": {
            "contract_name": null,
            "compiler_version": null,
            "license_type": null,
            "implementation": null,
            "source_code": null,
            "abi": null,
            "verified": false,
            "owner": "0x6fbe515cf3d13edacecbbd49b7aaf3c38e456066",
            "creator": "0x6fbe515cf3d13edacecbbd49b7aaf3c38e456066",
            "is_hidden_owner": false,
            "is_proxy": null,
            "is_sellable": true,
            "is_hardcoded_owner": null,
            "code_analysis": null
        },
        "holder": {
            "total_holders": 6,
            "holders_list": {
                "0x2fa0c54ecb824cfcd7a712265bd2569dfd9f3d0a": {
                    "balance": 581607421639111296,
                    "percentage_of_total_supply": 58.16074216391113,
                    "percentage_of_circulating_supply": 58.16074216391113
                },
                "0xf0858c046bf6a9fd504ea149352cff0c92a45342": {
                    "balance": 352557819217813,
                    "percentage_of_total_supply": 0.0352557819217813,
                    "percentage_of_circulating_supply": 0.0352557819217813
                },
                "0x05e83e9a2010b0edb0d804339beed9f3f8d59771": {
                    "balance": 160506553141458,
                    "percentage_of_total_supply": 0.0160506553141458,
                    "percentage_of_circulating_supply": 0.0160506553141458
                },
                "0x426603bac5e0ea73fd13aecad7a80c9f963f6eac": {
                    "balance": 3745068659679,
                    "percentage_of_total_supply": 0.0003745068659679,
                    "percentage_of_circulating_supply": 0.0003745068659679
                },
                "0xa08aa383a21bdd5584bfef72e8d1f02c0fff8412": {
                    "balance": 1,
                    "percentage_of_total_supply": 1.0000000000000001e-16,
                    "percentage_of_circulating_supply": 1.0000000000000001e-16
                }
            },
            "total_supply": 1000000000000000000,
            "total_circulating_supply": 1000000000000000003,
            "owner": {
                "address": "0x6fbe515cf3d13edacecbbd49b7aaf3c38e456066",
                "balance": 417875768919869760,
                "percentage_of_supply": 41.78757689198697,
                "exceeds_5_percent": true
            },
            "creator": {},
            "holders_exceeding_5_percent": [
                {
                    "address": "0x2fa0c54ecb824cfcd7a712265bd2569dfd9f3d0a",
                    "balance": 581607421639111296,
                    "percentage_of_supply": 58.16074216391113
                },
                {
                    "address": "0x6fbe515cf3d13edacecbbd49b7aaf3c38e456066",
                    "balance": 417875768919869760,
                    "percentage_of_supply": 41.78757689198698
                }
            ],
            "howmany_holders_exceeding_5_percent": 2,
            "top_10_holders": [
                {
                    "address": "0x2fa0c54ecb824cfcd7a712265bd2569dfd9f3d0a",
                    "balance": 581607421639111296,
                    "percentage_of_total_supply": 58.16074216391113,
                    "percentage_of_circulating_supply": 58.16074216391113
                },
                {
                    "address": "0x6fbe515cf3d13edacecbbd49b7aaf3c38e456066",
                    "balance": 417875768919869760,
                    "percentage_of_total_supply": 41.78757689198698,
                    "percentage_of_circulating_supply": 41.78757689198698
                },
                {
                    "address": "0xf0858c046bf6a9fd504ea149352cff0c92a45342",
                    "balance": 352557819217813,
                    "percentage_of_total_supply": 0.0352557819217813,
                    "percentage_of_circulating_supply": 0.0352557819217813
                },
                {
                    "address": "0x05e83e9a2010b0edb0d804339beed9f3f8d59771",
                    "balance": 160506553141458,
                    "percentage_of_total_supply": 0.0160506553141458,
                    "percentage_of_circulating_supply": 0.0160506553141458
                },
                {
                    "address": "0x426603bac5e0ea73fd13aecad7a80c9f963f6eac",
                    "balance": 3745068659679,
                    "percentage_of_total_supply": 0.0003745068659679,
                    "percentage_of_circulating_supply": 0.0003745068659679
                },
                {
                    "address": "0xa08aa383a21bdd5584bfef72e8d1f02c0fff8412",
                    "balance": 1,
                    "percentage_of_total_supply": 1.0000000000000001e-16,
                    "percentage_of_circulating_supply": 1.0000000000000001e-16
                }
            ],
            "total_top_10_balance": 1000000000000000007,
            "top10_percentage_of_total_supply": 100.0,
            "top10_percentage_of_circulating_supply": 100.0,
            "top_10_less_than_70_percent_of_total": false,
            "top_10_less_than_70_percent_of_circulating": false
        },
        "liquidity": {
            "price_usd": 0.0036765475057181207,
            "liquidity_usd": 1.1802199352072808e-06,
            "market_cap_usd": 3676547505718120.5,
            "liquidity_to_market_cap_ratio": 3.21013106282916e-22,
            "token_volume": 775016883.1660205,
            "volume_usd": 2849386.388693465,
            "volume_to_liquidity_ratio": 2414284239482.051,
            "locked_liquidity_percent": 0.0,
            "locked_95_for_15_days": false,
            "creator_under_5_percent": false,
            "creator_percent_of_lp": 41.7876,
            "owner_under_5_percent": true,
            "owner_percent_of_lp": 0.0,
            "total_lp_supply": 0.000264767623523488,
            "lp_holders_count": 2,
            "lp_holders": [
                {
                    "address": "0x0ed943ce24baebf257488771759f9bf482c39706",
                    "balance": 0.000264767623522488,
                    "is_locked": false,
                    "percent": 0.9999999999962231,
                    "tag": ""
                },
                {
                    "address": "0x0000000000000000000000000000000000000000",
                    "balance": 1e-15,
                    "is_locked": true,
                    "percent": 3.776896e-12,
                    "tag": "Null Address"
                }
            ]
        },
        "security": {
            "warnings": null,
            "homany_warnings": 0,
            "suspicious_urls": null,
            "howmany_suspicious_urls": 0,
            "suspicious_addresses": null,
            "howmany_suspicious_addresses": 0,
            "error": "Security analysis data not available."
        },
        "lifecycle": {
            "token_age_seconds": 65198238.02927,
            "token_creation_date": "2023-07-10T08:48:58",
            "creation_to_first_trade_seconds": 0.0,
            "creation_to_first_trade_blocks": 0,
            "last_tx_hash": "0x5d0a430c19bbf14612114ac60643304a7aab23281fdb048f7c87d9d0dec95cf7",
            "last_active_age": "2023-07-10T20:34:05",
            "inactive_days": 754.1196052408218
        }
    },
    "errors": []
}