{
    "token_address": "0xE6b27C622eDcDeB1101B6959b5C011E3DA1C80bC",
    "chain": "bsc",
    "token_name": "KawaKami",
    "analyses": {
        "contract": {
            "contract_name": null,
            "compiler_version": null,
            "license_type": null,
            "implementation": null,
            "source_code": null,
            "abi": null,
            "verified": false,
            "owner": "0x6fbe515cf3d13edacecbbd49b7aaf3c38e456066",
            "creator": "0x6fbe515cf3d13edacecbbd49b7aaf3c38e456066",
            "is_hidden_owner": false,
            "is_proxy": null,
            "is_sellable": false,
            "is_hardcoded_owner": null,
            "code_analysis": null
        },
        "holder": {
            "total_holders": 2,
            "holders_list": {
                "0x76d8afa393d4fd25824249607b47d7a1953f01aa": {
                    "balance": 2,
                    "percentage_of_total_supply": 2.0000000000000002e-16,
                    "percentage_of_circulating_supply": 2.0000000000000002e-16
                }
            },
            "total_supply": 1000000000000000000,
            "total_circulating_supply": 1000000000000000001,
            "owner": {
                "address": "0x6fbe515cf3d13edacecbbd49b7aaf3c38e456066",
                "balance": 1000000000000000000,
                "percentage_of_supply": 100.0,
                "exceeds_5_percent": true
            },
            "creator": {},
            "holders_exceeding_5_percent": [
                {
                    "address": "0x6fbe515cf3d13edacecbbd49b7aaf3c38e456066",
                    "balance": 1000000000000000000,
                    "percentage_of_supply": 100.0
                }
            ],
            "howmany_holders_exceeding_5_percent": 1,
            "top_10_holders": [
                {
                    "address": "0x6fbe515cf3d13edacecbbd49b7aaf3c38e456066",
                    "balance": 1000000000000000000,
                    "percentage_of_total_supply": 100.0,
                    "percentage_of_circulating_supply": 100.0
                },
                {
                    "address": "0x76d8afa393d4fd25824249607b47d7a1953f01aa",
                    "balance": 2,
                    "percentage_of_total_supply": 2.0000000000000002e-16,
                    "percentage_of_circulating_supply": 2.0000000000000002e-16
                }
            ],
            "total_top_10_balance": 1000000000000000002,
            "top10_percentage_of_total_supply": 100.0,
            "top10_percentage_of_circulating_supply": 100.0,
            "top_10_less_than_70_percent_of_total": false,
            "top_10_less_than_70_percent_of_circulating": false
        },
        "liquidity": {
            "price_usd": null,
            "liquidity_usd": null,
            "market_cap_usd": null,
            "liquidity_to_market_cap_ratio": null,
            "token_volume": null,
            "volume_usd": null,
            "volume_to_liquidity_ratio": null,
            "locked_liquidity_percent": null,
            "locked_95_for_15_days": null,
            "creator_under_5_percent": null,
            "creator_percent_of_lp": null,
            "owner_under_5_percent": null,
            "owner_percent_of_lp": null,
            "total_lp_supply": null,
            "lp_holders_count": null,
            "lp_holders": null,
            "error": "Exception during liquidity analysis in liquidity_analysis: 'NoneType' object is not subscriptable"
        },
        "security": {
            "warnings": null,
            "homany_warnings": 0,
            "suspicious_urls": null,
            "howmany_suspicious_urls": 0,
            "suspicious_addresses": null,
            "howmany_suspicious_addresses": 0,
            "error": "Security analysis data not available."
        },
        "lifecycle": {
            "token_age_seconds": 61402031.011489,
            "token_creation_date": "2023-08-23T07:21:25",
            "creation_to_first_trade_seconds": 0.0,
            "creation_to_first_trade_blocks": 0,
            "last_tx_hash": "0xd2b91afe69c0c5fd4e7afb1d44dee4f7a7107d7aa4ab8ace5049f84fe4844719",
            "last_active_age": "2023-08-23T08:22:26",
            "inactive_days": 710.6293145207292
        }
    },
    "errors": []
}