{
    "token_address": "0x8Bb79eD51db1245941A7248f10b144378982e70b",
    "chain": "bsc",
    "token_name": "HeroesTD",
    "analyses": {
        "contract": {
            "contract_name": null,
            "compiler_version": null,
            "license_type": null,
            "implementation": null,
            "source_code": null,
            "abi": null,
            "verified": false,
            "owner": "0x84bac44fcf938e2b5b8cb411a69ccf4dfa91622a",
            "creator": "0x84bac44fcf938e2b5b8cb411a69ccf4dfa91622a",
            "is_hidden_owner": false,
            "is_proxy": null,
            "is_sellable": true,
            "is_hardcoded_owner": null,
            "code_analysis": null
        },
        "holder": {
            "total_holders": 2,
            "holders_list": {
                "0x72667d79d05af52b0ea76b3c73cb0ea1d70c0a85": {
                    "balance": 23631960,
                    "percentage_of_total_supply": 2.363196e-06,
                    "percentage_of_circulating_supply": 2.3631959720765234e-06
                }
            },
            "total_supply": 1000000000000000,
            "total_circulating_supply": 1000000011815980,
            "owner": {
                "address": "0x84bac44fcf938e2b5b8cb411a69ccf4dfa91622a",
                "balance": 1000000000000000,
                "percentage_of_supply": 95.40183548881822,
                "exceeds_5_percent": true
            },
            "creator": {},
            "holders_exceeding_5_percent": [
                {
                    "address": "0x84bac44fcf938e2b5b8cb411a69ccf4dfa91622a",
                    "balance": 1000000000000000,
                    "percentage_of_supply": 99.99999881840202
                }
            ],
            "howmany_holders_exceeding_5_percent": 1,
            "top_10_holders": [
                {
                    "address": "0x84bac44fcf938e2b5b8cb411a69ccf4dfa91622a",
                    "balance": 1000000000000000,
                    "percentage_of_total_supply": 100.0,
                    "percentage_of_circulating_supply": 99.99999881840202
                },
                {
                    "address": "0x72667d79d05af52b0ea76b3c73cb0ea1d70c0a85",
                    "balance": 23631960,
                    "percentage_of_total_supply": 2.363196e-06,
                    "percentage_of_circulating_supply": 2.3631959720765234e-06
                }
            ],
            "total_top_10_balance": 1000000023631960,
            "top10_percentage_of_total_supply": 100.00000236319599,
            "top10_percentage_of_circulating_supply": 100.00000118159798,
            "top_10_less_than_70_percent_of_total": false,
            "top_10_less_than_70_percent_of_circulating": false
        },
        "liquidity": {
            "price_usd": 408.231616005339,
            "liquidity_usd": 1.9294626440347063e-08,
            "market_cap_usd": 4.082316208289956e+17,
            "liquidity_to_market_cap_ratio": 4.726391944153048e-26,
            "token_volume": 0.0,
            "volume_usd": 0.0,
            "volume_to_liquidity_ratio": 0.0,
            "locked_liquidity_percent": 0.0,
            "locked_95_for_15_days": false,
            "creator_under_5_percent": false,
            "creator_percent_of_lp": 95.4018,
            "owner_under_5_percent": true,
            "owner_percent_of_lp": 0.0,
            "total_lp_supply": 1.3053506953e-08,
            "lp_holders_count": 2,
            "lp_holders": [
                {
                    "address": "0x0ed943ce24baebf257488771759f9bf482c39706",
                    "balance": 1.3053505953e-08,
                    "is_locked": false,
                    "percent": 0.9999999233922344,
                    "tag": ""
                },
                {
                    "address": "0x0000000000000000000000000000000000000000",
                    "balance": 1e-15,
                    "is_locked": true,
                    "percent": 7.660776553e-08,
                    "tag": "Null Address"
                }
            ],
            "error": "Liquidity pool info could not be retrieved."
        },
        "security": {
            "warnings": null,
            "homany_warnings": 0,
            "suspicious_urls": null,
            "howmany_suspicious_urls": 0,
            "suspicious_addresses": null,
            "howmany_suspicious_addresses": 0,
            "error": "Security analysis data not available."
        },
        "lifecycle": {
            "token_age_seconds": 87078192.551217,
            "token_creation_date": "2022-10-31T12:37:00",
            "creation_to_first_trade_seconds": 0.0,
            "creation_to_first_trade_blocks": 0,
            "last_tx_hash": "0xd5ba5a7f484149a0d9543c046458ea9847a270ce59d5db733c63e37b52323f3b",
            "last_active_age": "2024-03-01T12:26:45",
            "inactive_days": 520.8565973152546
        }
    },
    "errors": []
}