{
    "token_address": "0xc222bfEBb374661492206f3b5cfbDFEe5c43C299",
    "chain": "bsc",
    "token_name": "Alpaca",
    "analyses": {
        "contract": {
            "contract_name": null,
            "compiler_version": null,
            "license_type": null,
            "implementation": null,
            "source_code": null,
            "abi": null,
            "verified": false,
            "owner": null,
            "creator": "0x1b892943acd5cab0daa4667a316ab9aa8cd9facf",
            "is_hidden_owner": true,
            "is_proxy": null,
            "is_sellable": true,
            "is_hardcoded_owner": null,
            "code_analysis": null
        },
        "holder": {
            "total_holders": 7,
            "holders_list": {
                "0xbb2b99b37d0169f5f9d12f41007c4e9acdc5c1f4": {
                    "balance": 2362036645187157491712,
                    "percentage_of_total_supply": 2.3620366451871577,
                    "percentage_of_circulating_supply": 2.3620366451871577
                },
                "0xcd88d7573818abe26b02f4bf19c4db44aff3c591": {
                    "balance": 581069642589055877120,
                    "percentage_of_total_supply": 0.5810696425890559,
                    "percentage_of_circulating_supply": 0.5810696425890559
                },
                "0x2be87ad70cf11ea294d7c42044b5b8277a3e4874": {
                    "balance": 564326794852229251072,
                    "percentage_of_total_supply": 0.5643267948522293,
                    "percentage_of_circulating_supply": 0.5643267948522293
                },
                "0x52d96a78e51405e9ef7e3529d949c7d0599f2575": {
                    "balance": 547748839465604743168,
                    "percentage_of_total_supply": 0.5477488394656047,
                    "percentage_of_circulating_supply": 0.5477488394656047
                },
                "0x6f75810d4e90d9eac81640e29103cd0ba774d1ea": {
                    "balance": 531891100737631223808,
                    "percentage_of_total_supply": 0.5318911007376312,
                    "percentage_of_circulating_supply": 0.5318911007376312
                },
                "0xcb692809bf98a8201648b3c81f7231230f5cdfb1": {
                    "balance": 516712447090064687104,
                    "percentage_of_total_supply": 0.5167124470900647,
                    "percentage_of_circulating_supply": 0.5167124470900647
                }
            },
            "total_supply": 100000000000000000000000,
            "total_circulating_supply": 100000000000000001015808,
            "owner": {},
            "creator": {
                "address": "0x1b892943acd5cab0daa4667a316ab9aa8cd9facf",
                "balance": 94896214530078258757632,
                "percentage_of_supply": 94.89621453007825,
                "exceeds_5_percent": true
            },
            "holders_exceeding_5_percent": [
                {
                    "address": "0x1b892943acd5cab0daa4667a316ab9aa8cd9facf",
                    "balance": 94896214530078258757632,
                    "percentage_of_supply": 94.89621453007825
                }
            ],
            "howmany_holders_exceeding_5_percent": 1,
            "top_10_holders": [
                {
                    "address": "0x1b892943acd5cab0daa4667a316ab9aa8cd9facf",
                    "balance": 94896214530078258757632,
                    "percentage_of_total_supply": 94.89621453007825,
                    "percentage_of_circulating_supply": 94.89621453007825
                },
                {
                    "address": "0xbb2b99b37d0169f5f9d12f41007c4e9acdc5c1f4",
                    "balance": 2362036645187157491712,
                    "percentage_of_total_supply": 2.3620366451871577,
                    "percentage_of_circulating_supply": 2.3620366451871577
                },
                {
                    "address": "0xcd88d7573818abe26b02f4bf19c4db44aff3c591",
                    "balance": 581069642589055877120,
                    "percentage_of_total_supply": 0.5810696425890559,
                    "percentage_of_circulating_supply": 0.5810696425890559
                },
                {
                    "address": "0x2be87ad70cf11ea294d7c42044b5b8277a3e4874",
                    "balance": 564326794852229251072,
                    "percentage_of_total_supply": 0.5643267948522293,
                    "percentage_of_circulating_supply": 0.5643267948522293
                },
                {
                    "address": "0x52d96a78e51405e9ef7e3529d949c7d0599f2575",
                    "balance": 547748839465604743168,
                    "percentage_of_total_supply": 0.5477488394656047,
                    "percentage_of_circulating_supply": 0.5477488394656047
                },
                {
                    "address": "0x6f75810d4e90d9eac81640e29103cd0ba774d1ea",
                    "balance": 531891100737631223808,
                    "percentage_of_total_supply": 0.5318911007376312,
                    "percentage_of_circulating_supply": 0.5318911007376312
                },
                {
                    "address": "0xcb692809bf98a8201648b3c81f7231230f5cdfb1",
                    "balance": 516712447090064687104,
                    "percentage_of_total_supply": 0.5167124470900647,
                    "percentage_of_circulating_supply": 0.5167124470900647
                }
            ],
            "total_top_10_balance": 100000000000000002031616,
            "top10_percentage_of_total_supply": 100.0,
            "top10_percentage_of_circulating_supply": 100.0,
            "top_10_less_than_70_percent_of_total": false,
            "top_10_less_than_70_percent_of_circulating": false
        },
        "liquidity": {
            "price_usd": 3.796055426491165e-12,
            "liquidity_usd": 1.7932844049067397e-08,
            "market_cap_usd": 379605542649.1166,
            "liquidity_to_market_cap_ratio": 4.724073290374315e-20,
            "token_volume": 0.0,
            "volume_usd": 0.0,
            "volume_to_liquidity_ratio": 0.0,
            "locked_liquidity_percent": 0.0,
            "locked_95_for_15_days": false,
            "creator_under_5_percent": false,
            "creator_percent_of_lp": 94.8962,
            "owner_under_5_percent": true,
            "owner_percent_of_lp": 0.0,
            "total_lp_supply": 0.12615450414314056,
            "lp_holders_count": 2,
            "lp_holders": [
                {
                    "address": "0x8cc7bc33f5188b1fb683bedc4dbffa77b136833b",
                    "balance": 0.12615450414313956,
                    "is_locked": false,
                    "percent": 0.9999999999999921,
                    "tag": ""
                },
                {
                    "address": "0x0000000000000000000000000000000000000000",
                    "balance": 1e-15,
                    "is_locked": true,
                    "percent": 7.926e-15,
                    "tag": "Null Address"
                }
            ],
            "error": "Liquidity pool info could not be retrieved."
        },
        "security": {
            "warnings": null,
            "homany_warnings": 0,
            "suspicious_urls": null,
            "howmany_suspicious_urls": 0,
            "suspicious_addresses": null,
            "howmany_suspicious_addresses": 0,
            "error": "Security analysis data not available."
        },
        "lifecycle": {
            "token_age_seconds": 125423282.499574,
            "token_creation_date": "2021-08-13T18:23:44",
            "creation_to_first_trade_seconds": 0.0,
            "creation_to_first_trade_blocks": 0,
            "last_tx_hash": "0x6c1a9c076214af48db77f73f9b472592e21d3268e7a944c2d90b18cfc7069e33",
            "last_active_age": "2021-09-17T18:51:58",
            "inactive_days": 1416.6387818360186
        }
    },
    "errors": []
}