{
    "token_address": "0x6582D2d51dc590e42a32C402063730BcBA4148E4",
    "chain": "bsc",
    "token_name": "SafeDoge",
    "analyses": {
        "contract": {
            "contract_name": null,
            "compiler_version": null,
            "license_type": null,
            "implementation": null,
            "source_code": null,
            "abi": null,
            "verified": false,
            "owner": "0xc58d8e1db82145a768b5cd87657aff040e50da0b",
            "creator": "0xc58d8e1db82145a768b5cd87657aff040e50da0b",
            "is_hidden_owner": false,
            "is_proxy": null,
            "is_sellable": true,
            "is_hardcoded_owner": null,
            "code_analysis": null
        },
        "holder": {
            "total_holders": 10,
            "holders_list": {
                "0xcd88d7573818abe26b02f4bf19c4db44aff3c591": {
                    "balance": 1.8419359515864667e+22,
                    "percentage_of_total_supply": 0.1842,
                    "percentage_of_circulating_supply": 0.1842
                },
                "0xcb1ec20858d21ab75541011162b2fafe9dbaa92e": {
                    "balance": 1.1143186857046074e+22,
                    "percentage_of_total_supply": 0.1114,
                    "percentage_of_circulating_supply": 0.1114
                },
                "0x70ab7b06752cd9df944db5ae95dbe72b1c9c3af0": {
                    "balance": 1.239048579289988e+24,
                    "percentage_of_total_supply": 12.3905,
                    "percentage_of_circulating_supply": 12.3905
                },
                "0x2be87ad70cf11ea294d7c42044b5b8277a3e4874": {
                    "balance": 1.8621944813843208e+22,
                    "percentage_of_total_supply": 0.1862,
                    "percentage_of_circulating_supply": 0.1862
                },
                "0x5b83e33c18b3a5e0b9e0536eb1d35ff51adce28f": {
                    "balance": 1.1981043169755954e+22,
                    "percentage_of_total_supply": 0.1198,
                    "percentage_of_circulating_supply": 0.1198
                },
                "0xcb692809bf98a8201648b3c81f7231230f5cdfb1": {
                    "balance": 1.825654950094007e+22,
                    "percentage_of_total_supply": 0.1826,
                    "percentage_of_circulating_supply": 0.1826
                },
                "0x306fd895e9dd57bffcbd9df67f2c62c0397aa6ac": {
                    "balance": 6.57018662589091e+22,
                    "percentage_of_total_supply": 0.657,
                    "percentage_of_circulating_supply": 0.657
                },
                "0xb5651af55a0a7d724ff4499f8f96dcea3cadf55c": {
                    "balance": 6,
                    "percentage_of_total_supply": 0.0,
                    "percentage_of_circulating_supply": 0.0
                },
                "0xd4489dd6fd526298beb070a882d426822c7f9897": {
                    "balance": 1.1288057697865974e+21,
                    "percentage_of_total_supply": 0.0113,
                    "percentage_of_circulating_supply": 0.0113
                }
            },
            "total_supply": 1e+25,
            "total_circulating_supply": 1e+25,
            "owner": {
                "address": "0xc58d8e1db82145a768b5cd87657aff040e50da0b",
                "balance": 8.615698664823866e+24,
                "percentage_of_supply": 86.157,
                "exceeds_5_percent": true
            },
            "creator": {},
            "holders_exceeding_5_percent": [
                {
                    "address": "0x70ab7b06752cd9df944db5ae95dbe72b1c9c3af0",
                    "balance": 1.239048579289988e+24,
                    "percentage_of_supply": 12.3905
                },
                {
                    "address": "0xc58d8e1db82145a768b5cd87657aff040e50da0b",
                    "balance": 8.615698664823866e+24,
                    "percentage_of_supply": 86.157
                }
            ],
            "howmany_holders_exceeding_5_percent": 2,
            "top_10_holders": [
                {
                    "address": "0xc58d8e1db82145a768b5cd87657aff040e50da0b",
                    "balance": 8.615698664823866e+24,
                    "percentage_of_total_supply": 86.157,
                    "percentage_of_circulating_supply": 86.157
                },
                {
                    "address": "0x70ab7b06752cd9df944db5ae95dbe72b1c9c3af0",
                    "balance": 1.239048579289988e+24,
                    "percentage_of_total_supply": 12.3905,
                    "percentage_of_circulating_supply": 12.3905
                },
                {
                    "address": "0x306fd895e9dd57bffcbd9df67f2c62c0397aa6ac",
                    "balance": 6.57018662589091e+22,
                    "percentage_of_total_supply": 0.657,
                    "percentage_of_circulating_supply": 0.657
                },
                {
                    "address": "0x2be87ad70cf11ea294d7c42044b5b8277a3e4874",
                    "balance": 1.8621944813843208e+22,
                    "percentage_of_total_supply": 0.1862,
                    "percentage_of_circulating_supply": 0.1862
                },
                {
                    "address": "0xcd88d7573818abe26b02f4bf19c4db44aff3c591",
                    "balance": 1.8419359515864667e+22,
                    "percentage_of_total_supply": 0.1842,
                    "percentage_of_circulating_supply": 0.1842
                },
                {
                    "address": "0xcb692809bf98a8201648b3c81f7231230f5cdfb1",
                    "balance": 1.825654950094007e+22,
                    "percentage_of_total_supply": 0.1826,
                    "percentage_of_circulating_supply": 0.1826
                },
                {
                    "address": "0x5b83e33c18b3a5e0b9e0536eb1d35ff51adce28f",
                    "balance": 1.1981043169755954e+22,
                    "percentage_of_total_supply": 0.1198,
                    "percentage_of_circulating_supply": 0.1198
                },
                {
                    "address": "0xcb1ec20858d21ab75541011162b2fafe9dbaa92e",
                    "balance": 1.1143186857046074e+22,
                    "percentage_of_total_supply": 0.1114,
                    "percentage_of_circulating_supply": 0.1114
                },
                {
                    "address": "0xd4489dd6fd526298beb070a882d426822c7f9897",
                    "balance": 1.1288057697865974e+21,
                    "percentage_of_total_supply": 0.0113,
                    "percentage_of_circulating_supply": 0.0113
                },
                {
                    "address": "0xb5651af55a0a7d724ff4499f8f96dcea3cadf55c",
                    "balance": 6,
                    "percentage_of_total_supply": 0.0,
                    "percentage_of_circulating_supply": 0.0
                }
            ],
            "total_top_10_balance": 1e+25,
            "top10_percentage_of_total_supply": 100.0,
            "top10_percentage_of_circulating_supply": 100.0,
            "top_10_less_than_70_percent_of_total": false,
            "top_10_less_than_70_percent_of_circulating": false
        },
        "liquidity": {
            "price_usd": 6.92961107361677e-11,
            "liquidity_usd": 1.6604793884524285e-06,
            "market_cap_usd": 692961107361677.0,
            "liquidity_to_market_cap_ratio": 2.396208633951191e-21,
            "token_volume": 0.0,
            "volume_usd": 0.0,
            "volume_to_liquidity_ratio": 0.0,
            "locked_liquidity_percent": 0.0,
            "locked_95_for_15_days": false,
            "creator_under_5_percent": false,
            "creator_percent_of_lp": 86.157,
            "owner_under_5_percent": true,
            "owner_percent_of_lp": 0.0,
            "total_lp_supply": 2.868370898578924,
            "lp_holders_count": 2,