{
    "token_address": "0x5Ef99754B070F7f3e4c6eb637251B81f1C24a8C2",
    "chain": "bsc",
    "token_name": "TRON DOGE",
    "analyses": {
        "contract": {
            "contract_name": null,
            "compiler_version": null,
            "license_type": null,
            "implementation": null,
            "source_code": null,
            "abi": null,
            "verified": false,
            "owner": "0x31b91a6991ea20a8d76ae7853fc39fd43caac15d",
            "creator": "0x31b91a6991ea20a8d76ae7853fc39fd43caac15d",
            "is_hidden_owner": false,
            "is_proxy": null,
            "is_sellable": true,
            "is_hardcoded_owner": null,
            "code_analysis": null
        },
        "holder": {
            "total_holders": 18,
            "holders_list": {
                "0x56f39aa8f34210415fbacb90c3ce5ecd97d56ac4": {
                    "balance": 10000000000000000,
                    "percentage_of_total_supply": 1.0,
                    "percentage_of_circulating_supply": 1.0127436610326075
                },
                "0x8ba10e5ca110277b051df53914bc3b971bbfd475": {
                    "balance": 8406035897606011,
                    "percentage_of_total_supply": 0.8406035897606011,
                    "percentage_of_circulating_supply": 0.8513159569713031
                },
                "0x94ad62d586c75a968c92b051e16ab46bb9736d19": {
                    "balance": 7282398640387609,
                    "percentage_of_total_supply": 0.728239864038761,
                    "percentage_of_circulating_supply": 0.737520306016503
                },
                "0x945c6ace667bd41648ae8eee1c5729539a71e956": {
                    "balance": 3759742035500215,
                    "percentage_of_total_supply": 0.37597420355002154,
                    "percentage_of_circulating_supply": 0.3807654913570675
                },
                "0x37205c5ec441f7259be60db0fcbadff4436effbc": {
                    "balance": 3545105892561466,
                    "percentage_of_total_supply": 0.3545105892561466,
                    "percentage_of_circulating_supply": 0.35902835203809685
                },
                "0xf1c1144a130ca0055e3bd9c0f5c29402c303c410": {
                    "balance": 2000000000000000,
                    "percentage_of_total_supply": 0.2,
                    "percentage_of_circulating_supply": 0.20254873220652148
                },
                "0x7afa433584a97ef832ed37d59f8f9090986f97de": {
                    "balance": 1399388350682729,
                    "percentage_of_total_supply": 0.1399388350682729,
                    "percentage_of_circulating_supply": 0.14172216814768093
                },
                "0xd2b6fcbba9a27fd60cda48e750e01f813b7eed56": {
                    "balance": 706339947392526,
                    "percentage_of_total_supply": 0.07063399473925261,
                    "percentage_of_circulating_supply": 0.07153413042558861
                },
                "0x9b69b82b91d9d610d53b41fc69146d6f96101be8": {
                    "balance": 400000000000000,
                    "percentage_of_total_supply": 0.04,
                    "percentage_of_circulating_supply": 0.0405097464413043
                },
                "0x156d38208bf1ebaf174df646a3c4a357f8ae40f6": {
                    "balance": 186278812053710,
                    "percentage_of_total_supply": 0.018627881205371,
                    "percentage_of_circulating_supply": 0.018865268609207925
                },
                "0xf761e5731eda233823cf41237a843b2a2c337f48": {
                    "balance": 177330209453227,
                    "percentage_of_total_supply": 0.0177330209453227,
                    "percentage_of_circulating_supply": 0.01795900455333402
                },
                "0x0ed943ce24baebf257488771759f9bf482c39706": {
                    "balance": 68222959858741,
                    "percentage_of_total_supply": 0.0068222959858741,
                    "percentage_of_circulating_supply": 0.006909237013382197
                },
                "0xdd9f92f65c520d9c6980baa91927cdd23e583a5d": {
                    "balance": 30000000000000,
                    "percentage_of_total_supply": 0.003,
                    "percentage_of_circulating_supply": 0.003038230983097822
                },
                "0x426603bac5e0ea73fd13aecad7a80c9f963f6eac": {
                    "balance": 200818435327,
                    "percentage_of_total_supply": 2.00818435327e-05,
                    "percentage_of_circulating_supply": 2.0337759739590587e-05
                },
                "0x611c4be332cab0d8d16626ea376f55a0c897f78b": {
                    "balance": 8742058457,
                    "percentage_of_total_supply": 8.742058457e-07,
                    "percentage_of_circulating_supply": 8.853464286703246e-07
                },
                "0x5ec1f99ede954c0c1241e7b991082f76d72ef31a": {
                    "balance": 4864616,
                    "percentage_of_total_supply": 4.864616e-10,
                    "percentage_of_circulating_supply": 4.926609017357799e-10
                },
                "0xea046790029536f455042409a4c5f6d26f909cc1": {
                    "balance": 1,
                    "percentage_of_total_supply": 1.0000000000000001e-16,
                    "percentage_of_circulating_supply": 1.0127436610326075e-16
                }
            },
            "total_supply": 1000000000000000000,
            "total_circulating_supply": 987416696324108533,
            "owner": {
                "address": "0x31b91a6991ea20a8d76ae7853fc39fd43caac15d",
                "balance": 936872340337362432,
                "percentage_of_supply": 94.88115238734474,
                "exceeds_5_percent": true
            },
            "creator": {},
            "holders_exceeding_5_percent": [
                {
                    "address": "0x31b91a6991ea20a8d76ae7853fc39fd43caac15d",
                    "balance": 936872340337362432,
                    "percentage_of_supply": 94.88115238734474
                }
            ],
            "howmany_holders_exceeding_5_percent": 1,
            "top_10_holders": [
                {
                    "address": "0x31b91a6991ea20a8d76ae7853fc39fd43caac15d",
                    "balance": 936872340337362432,
                    "percentage_of_total_supply": 93.68723403373625,
                    "percentage_of_circulating_supply": 94.88115238734474
                },
                {
                    "address": "0x56f39aa8f34210415fbacb90c3ce5ecd97d56ac4",
                    "balance": 10000000000000000,
                    "percentage_of_total_supply": 1.0,
                    "percentage_of_circulating_supply": 1.0127436610326075
                },
                {
                    "address": "0x8ba10e5ca110277b051df53914bc3b971bbfd475",
                    "balance": 8406035897606011,
                    "percentage_of_total_supply": 0.8406035897606011,
                    "percentage_of_circulating_supply": 0.8513159569713031
                },
                {
                    "address": "0x94ad62d586c75a968c92b051e16ab46bb9736d19",
                    "balance": 7282398640387609,
                    "percentage_of_total_supply": 0.728239864038761,
                    "percentage_of_circulating_supply": 0.737520306016503
                },
                {
                    "address": "0x945c6ace667bd41648ae8eee1c5729539a71e956",
                    "balance": 3759742035500215,
                    "percentage_of_total_supply": 0.37597420355002154,
                    "percentage_of_circulating_supply": 0.3807654913570675
                },
                {
                    "address": "0x37205c5ec441f7259be60db0fcbadff4436effbc",
                    "balance": 3545105892561466,
                    "percentage_of_total_supply": 0.3545105892561466,