{
    "token_address": "0xfB1f7335B542Ec8f1Ba766E30F062C2fa1a3Dc03",
    "chain": "bsc",
    "token_name": "NebulaX",
    "analyses": {
        "contract": {
            "contract_name": null,
            "compiler_version": null,
            "license_type": null,
            "implementation": null,
            "source_code": null,
            "abi": null,
            "verified": false,
            "owner": "0x9cb3c616beed4029554dfcf1add6e25dd55147b0",
            "creator": "0x9cb3c616beed4029554dfcf1add6e25dd55147b0",
            "is_hidden_owner": false,
            "is_proxy": null,
            "is_sellable": true,
            "is_hardcoded_owner": null,
            "code_analysis": null
        },
        "holder": {
            "total_holders": 24,
            "holders_list": {
                "0x30c3ac6f51630de9f46d94957107eeaab59b5b67": {
                    "balance": 1.056566841505458e+19,
                    "percentage_of_total_supply": 0.0,
                    "percentage_of_circulating_supply": 0.0
                },
                "0x70a90fd649206295280abfe30ad7f7199d2928b5": {
                    "balance": 2.9052211440412026e+20,
                    "percentage_of_total_supply": 0.0,
                    "percentage_of_circulating_supply": 0.0
                },
                "0xfb1f4234a920df9fe00d8d6745bbff296be86482": {
                    "balance": 8.34416886711141e+23,
                    "percentage_of_total_supply": 0.0834,
                    "percentage_of_circulating_supply": 0.0834
                },
                "0x387bcea79aceadaf95fb6137336d92656966fbc3": {
                    "balance": 1.808258856187416e+21,
                    "percentage_of_total_supply": 0.0002,
                    "percentage_of_circulating_supply": 0.0002
                },
                "0x8865fcf06bff0a09877973983c51c0296957f838": {
                    "balance": 8.72930981527706e+19,
                    "percentage_of_total_supply": 0.0,
                    "percentage_of_circulating_supply": 0.0
                },
                "0x244054e5c8e51b6a85258202024f9067e33a7de6": {
                    "balance": 2.0077963666075862e+21,
                    "percentage_of_total_supply": 0.0002,
                    "percentage_of_circulating_supply": 0.0002
                },
                "0x971a0824ca513b532d23d7ade1f8a86a1ad71d56": {
                    "balance": 1.5748113348320009e+21,
                    "percentage_of_total_supply": 0.0002,
                    "percentage_of_circulating_supply": 0.0002
                },
                "0xf0d7f664e70a4cae148217c6a277aada6e3d0048": {
                    "balance": 1.49615543735766e+20,
                    "percentage_of_total_supply": 0.0,
                    "percentage_of_circulating_supply": 0.0
                },
                "0x787ce17555f8220c448e1376caa3d752a0708458": {
                    "balance": 2.071130975587096e+19,
                    "percentage_of_total_supply": 0.0,
                    "percentage_of_circulating_supply": 0.0
                },
                "0x65c999303127e8d93063a57796e005cca5f9861b": {
                    "balance": 2e+21,
                    "percentage_of_total_supply": 0.0002,
                    "percentage_of_circulating_supply": 0.0002
                },
                "0x2ee9668e880c78117ff42f67577fdc338ae013af": {
                    "balance": 4.4259197726354335e+20,
                    "percentage_of_total_supply": 0.0,
                    "percentage_of_circulating_supply": 0.0
                },
                "0x84bf8bcde152b33bba6852e488d0c884898f17dc": {
                    "balance": 4.233640961621913e+20,
                    "percentage_of_total_supply": 0.0,
                    "percentage_of_circulating_supply": 0.0
                },
                "0x133d56aa97369f5a436570bd25dcfa59b0e828ff": {
                    "balance": 6.96064438031246e+20,
                    "percentage_of_total_supply": 0.0001,
                    "percentage_of_circulating_supply": 0.0001
                },
                "0xa74945fbfaff43e4509db13be6c3479897678d99": {
                    "balance": 45638,
                    "percentage_of_total_supply": 0.0,
                    "percentage_of_circulating_supply": 0.0
                },
                "0x70e8f9af011a4e0aa6feea87c82d040313edd0ce": {
                    "balance": 5.44212630172193e+19,
                    "percentage_of_total_supply": 0.0,
                    "percentage_of_circulating_supply": 0.0
                },
                "0xd45c45219105823b3871c8c6dc97c237015bc4ab": {
                    "balance": 6.26263424762519e+21,
                    "percentage_of_total_supply": 0.0006,
                    "percentage_of_circulating_supply": 0.0006
                },
                "0x36447fd3a514635248a88017713078880dcca110": {
                    "balance": 2.5415190757768384e+20,
                    "percentage_of_total_supply": 0.0,
                    "percentage_of_circulating_supply": 0.0
                },
                "0x484acaf6e3a68c0c394944455b280310d3abf406": {
                    "balance": 3.7288784927414267e+18,
                    "percentage_of_total_supply": 0.0,
                    "percentage_of_circulating_supply": 0.0
                },
                "0x7977e4cb647fd9605461b4cc9b94459b61bcf86d": {
                    "balance": 2.6118656512451464e+21,
                    "percentage_of_total_supply": 0.0003,
                    "percentage_of_circulating_supply": 0.0003
                },
                "0xffe2b779dfe6490ab037279d435fb60b6e16b072": {
                    "balance": 1.035542569996234e+21,
                    "percentage_of_total_supply": 0.0001,
                    "percentage_of_circulating_supply": 0.0001
                },
                "0x967ca7b4b24768947ec0d4930d69439e1b119e21": {
                    "balance": 3.293934331377538e+19,
                    "percentage_of_total_supply": 0.0,
                    "percentage_of_circulating_supply": 0.0
                },
                "0xaa88f801f7a6f43c5d18c37b68bc6e99288e8eea": {
                    "balance": 5.046582683660572e+21,
                    "percentage_of_total_supply": 0.0005,
                    "percentage_of_circulating_supply": 0.0005
                },
                "0x0ed943ce24baebf257488771759f9bf482c39706": {
                    "balance": 1.0622965468642599e+20,
                    "percentage_of_total_supply": 0.0,
                    "percentage_of_circulating_supply": 0.0
                }
            },
            "total_supply": 1e+27,
            "total_circulating_supply": 1e+27,
            "owner": {
                "address": "0x9cb3c616beed4029554dfcf1add6e25dd55147b0",
                "balance": 9.991406634222857e+26,
                "percentage_of_supply": 99.9141,
                "exceeds_5_percent": true
            },
            "creator": {},
            "holders_exceeding_5_percent": [
                {
                    "address": "0x9cb3c616beed4029554dfcf1add6e25dd55147b0",
                    "balance": 9.991406634222857e+26,
                    "percentage_of_supply": 99.9141
                }
            ],
            "howmany_holders_exceeding_5_percent": 1,
            "top_10_holders": [
                {
                    "address": "0x9cb3c616beed4029554dfcf1add6e25dd55147b0",
                    "balance": 9.991406634222857e+26,
                    "percentage_of_total_supply": 99.9141,
                    "percentage_of_circulating_supply": 99.9141
                },
                {
                    "address": "0xfb1f4234a920df9fe00d8d6745bbff296be86482",
                    "balance": 8.34416886711141e+23,
                    "percentage_of_total_supply": 0.0834,