{
    "token_address": "0x4C35755a31eC97847c30b33eD118bDE3F1162496",
    "chain": "bsc",
    "token_name": "DonyLirck",
    "analyses": {
        "contract": {
            "contract_name": null,
            "compiler_version": null,
            "license_type": null,
            "implementation": null,
            "source_code": null,
            "abi": null,
            "verified": false,
            "owner": "0x6c79020b388ca83b0f8a7a93185ff248d54a0456",
            "creator": "0x6c79020b388ca83b0f8a7a93185ff248d54a0456",
            "is_hidden_owner": false,
            "is_proxy": null,
            "is_sellable": true,
            "is_hardcoded_owner": null,
            "code_analysis": null
        },
        "holder": {
            "total_holders": 23,
            "holders_list": {
                "0x0a34ed7693ba43555f35ba0bc5cf6f9414641019": {
                    "balance": 28797873066796692558,
                    "percentage_of_total_supply": 2.8797873066796692e-06,
                    "percentage_of_circulating_supply": 2.8797873066796692e-06
                },
                "0x8a88d899ce56716cfa66b86301bcefe81a9cf941": {
                    "balance": 4233440998367602128391,
                    "percentage_of_total_supply": 0.0004233440998367602,
                    "percentage_of_circulating_supply": 0.0004233440998367602
                },
                "0x72aa6d3379465797bcfa71bb3a70d6c044124184": {
                    "balance": 15760132574959259627333,
                    "percentage_of_total_supply": 0.0015760132574959259,
                    "percentage_of_circulating_supply": 0.0015760132574959259
                },
                "0x82dc03c36ec9a33864907cb3c1e816ca650ad619": {
                    "balance": 555111126477271946784,
                    "percentage_of_total_supply": 5.5511112647727197e-05,
                    "percentage_of_circulating_supply": 5.5511112647727197e-05
                },
                "0x7f5377ccea054ee540f8ffe30a4194c9b113502e": {
                    "balance": 106188939537614047025,
                    "percentage_of_total_supply": 1.0618893953761404e-05,
                    "percentage_of_circulating_supply": 1.0618893953761404e-05
                },
                "0x159b01b49ac976a4fa7321259d1692aaeb4bb79c": {
                    "balance": 101346476942933030577,
                    "percentage_of_total_supply": 1.0134647694293303e-05,
                    "percentage_of_circulating_supply": 1.0134647694293303e-05
                },
                "0x471f1426e7fdc2f05867816d15e7e8f07121995a": {
                    "balance": 99947837447965944188,
                    "percentage_of_total_supply": 9.994783744796594e-06,
                    "percentage_of_circulating_supply": 9.994783744796594e-06
                },
                "0x44a54965e9b7c35321e7b5bcbaafd5057b27958a": {
                    "balance": 1514356927370571070003,
                    "percentage_of_total_supply": 0.0001514356927370571,
                    "percentage_of_circulating_supply": 0.0001514356927370571
                },
                "0xef8a1163408d204a8c9580aa869a0b5c7d907e10": {
                    "balance": 106028990105416780648,
                    "percentage_of_total_supply": 1.0602899010541678e-05,
                    "percentage_of_circulating_supply": 1.0602899010541678e-05
                },
                "0x5be1125b7d7d5e508ba26e6e6e65797c9a896e41": {
                    "balance": 10505139717922178718544,
                    "percentage_of_total_supply": 0.001050513971792218,
                    "percentage_of_circulating_supply": 0.001050513971792218
                },
                "0xfd2f05b58caa4d29a9f981ce85d7c7d84a703f53": {
                    "balance": 68316142581213782930358,
                    "percentage_of_total_supply": 0.006831614258121378,
                    "percentage_of_circulating_supply": 0.006831614258121378
                },
                "0x3e9cb1bed7ded39d52361f807e1e4d43171fe0f7": {
                    "balance": 159015833725058314413,
                    "percentage_of_total_supply": 1.5901583372505833e-05,
                    "percentage_of_circulating_supply": 1.5901583372505833e-05
                },
                "0xe7988320f0b39ff252017a2114b38b884ae058f6": {
                    "balance": 21908760582295611010808,
                    "percentage_of_total_supply": 0.0021908760582295614,
                    "percentage_of_circulating_supply": 0.0021908760582295614
                },
                "0xfd31b3d8798cce407cd30936324fc863fe97a017": {
                    "balance": 653332028580735167970,
                    "percentage_of_total_supply": 6.533320285807353e-05,
                    "percentage_of_circulating_supply": 6.533320285807353e-05
                },
                "0x134c8c5f56e46df2fbb61bac01af0df671ed9ad4": {
                    "balance": 108056,
                    "percentage_of_total_supply": 1.0805600000000001e-20,
                    "percentage_of_circulating_supply": 1.0805600000000001e-20
                },
                "0x04ecb4b779c80658e9d950a9233486592c8c7356": {
                    "balance": 381069147315068599900,
                    "percentage_of_total_supply": 3.810691473150686e-05,
                    "percentage_of_circulating_supply": 3.810691473150686e-05
                },
                "0x8bed4a9791be7dc147d1de82e8e80c90951c2c24": {
                    "balance": 2896134961657716299148,
                    "percentage_of_total_supply": 0.00028961349616577164,
                    "percentage_of_circulating_supply": 0.00028961349616577164
                },
                "0x28760bd9432e2ac52de1503b09d766a5ea4fca29": {
                    "balance": 3662695326648583315296,
                    "percentage_of_total_supply": 0.0003662695326648583,
                    "percentage_of_circulating_supply": 0.0003662695326648583
                },
                "0x816107b1228e94751196af3b0f66fa8bc86df132": {
                    "balance": 18480435067477698926994,
                    "percentage_of_total_supply": 0.00184804350674777,
                    "percentage_of_circulating_supply": 0.00184804350674777
                },
                "0xdd9c35849f7127cfbb1bab8a9f71f71815bc68b9": {
                    "balance": 94488233887005445085,
                    "percentage_of_total_supply": 9.448823388700544e-06,
                    "percentage_of_circulating_supply": 9.448823388700544e-06
                },
                "0xc9a6c7f6afff2dba8a9cec1db0f7e18785a7b654": {
                    "balance": 14781938671702779268753,
                    "percentage_of_total_supply": 0.001478193867170278,
                    "percentage_of_circulating_supply": 0.001478193867170278
                },
                "0x0ed943ce24baebf257488771759f9bf482c39706": {
                    "balance": 58948480063345757699,
                    "percentage_of_total_supply": 5.894848006334576e-06,
                    "percentage_of_circulating_supply": 5.894848006334576e-06
                }
            },
            "total_supply": 1000000000000000000000000000,
            "total_circulating_supply": 1000000000000000000000000000,
            "owner": {
                "address": "0x6c79020b388ca83b0f8a7a93185ff248d54a0456",
                "balance": 999835596547623235004869469,
                "percentage_of_supply": 99.98355965476232,
                "exceeds_5_percent": true
            },
            "creator": {},
            "holders_exceeding_5_percent": [
                {
                    "address": "0x6c79020b388ca83b0f8a7a93185ff248d54a0456",
                    "balance": 999835596547623235004869469,
                    "percentage_of_supply": 99.98355965476232
                }
            ],
            "howmany_holders_exceeding_5_percent": 1,