{
    "token_address": "0x6b5d1D7e03B543c1eA9Be46824a2084f71B329B2",
    "chain": "bsc",
    "token_name": "MEMERISE",
    "analyses": {
        "contract": {
            "contract_name": null,
            "compiler_version": null,
            "license_type": null,
            "implementation": null,
            "source_code": null,
            "abi": null,
            "verified": false,
            "owner": "0x9b74932adc67c0b5a5e82f3662296f58fc751119",
            "creator": "0x9b74932adc67c0b5a5e82f3662296f58fc751119",
            "is_hidden_owner": false,
            "is_proxy": null,
            "is_sellable": true,
            "is_hardcoded_owner": null,
            "code_analysis": null
        },
        "holder": {
            "total_holders": 9,
            "holders_list": {
                "0x6d96254e563907d0b73a5cbaadeea761a20cd8cb": {
                    "balance": 3524989795055971416518728,
                    "percentage_of_total_supply": 0.3524989795055971,
                    "percentage_of_circulating_supply": 0.3524989795055971
                },
                "0xcd88d7573818abe26b02f4bf19c4db44aff3c591": {
                    "balance": 3596656084776562474528953,
                    "percentage_of_total_supply": 0.3596656084776563,
                    "percentage_of_circulating_supply": 0.3596656084776563
                },
                "0x7b8abf2365ceb332c286f1f6aafdca20449b08e2": {
                    "balance": 10526494435311258037327727,
                    "percentage_of_total_supply": 1.0526494435311258,
                    "percentage_of_circulating_supply": 1.0526494435311258
                },
                "0xfcc941e70bc51d03f0007e3ecb30b168872c97ea": {
                    "balance": 1086168668362987222606972,
                    "percentage_of_total_supply": 0.10861686683629872,
                    "percentage_of_circulating_supply": 0.10861686683629872
                },
                "0xdf82180d69858c3c7179b1302bfcf9121f7926dc": {
                    "balance": 308582206808750234798837,
                    "percentage_of_total_supply": 0.030858220680875025,
                    "percentage_of_circulating_supply": 0.030858220680875025
                },
                "0xb01a9a7ef5779fa8680898827cc2b1aed638ee2d": {
                    "balance": 4712692082396047295757,
                    "percentage_of_total_supply": 0.0004712692082396048,
                    "percentage_of_circulating_supply": 0.0004712692082396048
                },
                "0x8661dad6254a3d33763014fa88aa2010c8aa907a": {
                    "balance": 375183371685770720915372,
                    "percentage_of_total_supply": 0.037518337168577075,
                    "percentage_of_circulating_supply": 0.037518337168577075
                },
                "0x2be87ad70cf11ea294d7c42044b5b8277a3e4874": {
                    "balance": 3562343664981625715572440,
                    "percentage_of_total_supply": 0.3562343664981626,
                    "percentage_of_circulating_supply": 0.3562343664981626
                }
            },
            "total_supply": 1000000000000000000000000000,
            "total_circulating_supply": 1000000000000000000000000000,
            "owner": {
                "address": "0x9b74932adc67c0b5a5e82f3662296f58fc751119",
                "balance": 977014869080934678130435214,
                "percentage_of_supply": 97.70148690809347,
                "exceeds_5_percent": true
            },
            "creator": {},
            "holders_exceeding_5_percent": [
                {
                    "address": "0x9b74932adc67c0b5a5e82f3662296f58fc751119",
                    "balance": 977014869080934678130435214,
                    "percentage_of_supply": 97.70148690809347
                }
            ],
            "howmany_holders_exceeding_5_percent": 1,
            "top_10_holders": [
                {
                    "address": "0x9b74932adc67c0b5a5e82f3662296f58fc751119",
                    "balance": 977014869080934678130435214,
                    "percentage_of_total_supply": 97.70148690809347,
                    "percentage_of_circulating_supply": 97.70148690809347
                },
                {
                    "address": "0x7b8abf2365ceb332c286f1f6aafdca20449b08e2",
                    "balance": 10526494435311258037327727,
                    "percentage_of_total_supply": 1.0526494435311258,
                    "percentage_of_circulating_supply": 1.0526494435311258
                },
                {
                    "address": "0xcd88d7573818abe26b02f4bf19c4db44aff3c591",
                    "balance": 3596656084776562474528953,
                    "percentage_of_total_supply": 0.3596656084776563,
                    "percentage_of_circulating_supply": 0.3596656084776563
                },
                {
                    "address": "0x2be87ad70cf11ea294d7c42044b5b8277a3e4874",
                    "balance": 3562343664981625715572440,
                    "percentage_of_total_supply": 0.3562343664981626,
                    "percentage_of_circulating_supply": 0.3562343664981626
                },
                {
                    "address": "0x6d96254e563907d0b73a5cbaadeea761a20cd8cb",
                    "balance": 3524989795055971416518728,
                    "percentage_of_total_supply": 0.3524989795055971,
                    "percentage_of_circulating_supply": 0.3524989795055971
                },
                {
                    "address": "0xfcc941e70bc51d03f0007e3ecb30b168872c97ea",
                    "balance": 1086168668362987222606972,
                    "percentage_of_total_supply": 0.10861686683629872,
                    "percentage_of_circulating_supply": 0.10861686683629872
                },
                {
                    "address": "0x8661dad6254a3d33763014fa88aa2010c8aa907a",
                    "balance": 375183371685770720915372,
                    "percentage_of_total_supply": 0.037518337168577075,
                    "percentage_of_circulating_supply": 0.037518337168577075
                },
                {
                    "address": "0xdf82180d69858c3c7179b1302bfcf9121f7926dc",
                    "balance": 308582206808750234798837,
                    "percentage_of_total_supply": 0.030858220680875025,
                    "percentage_of_circulating_supply": 0.030858220680875025
                },
                {
                    "address": "0xb01a9a7ef5779fa8680898827cc2b1aed638ee2d",
                    "balance": 4712692082396047295757,
                    "percentage_of_total_supply": 0.0004712692082396048,
                    "percentage_of_circulating_supply": 0.0004712692082396048
                }
            ],
            "total_top_10_balance": 1000000000000000000000000000,
            "top10_percentage_of_total_supply": 100.0,
            "top10_percentage_of_circulating_supply": 100.0,
            "top_10_less_than_70_percent_of_total": false,
            "top_10_less_than_70_percent_of_circulating": false
        },
        "liquidity": {
            "price_usd": 6.450170732660867e-13,
            "liquidity_usd": 1.4011946710816335e-06,
            "market_cap_usd": 645017073266086.8,
            "liquidity_to_market_cap_ratio": 2.172337336725974e-21,
            "token_volume": 0.0,
            "volume_usd": 0.0,
            "volume_to_liquidity_ratio": 0.0,
            "locked_liquidity_percent": 0.0,
            "locked_95_for_15_days": false,
            "creator_under_5_percent": false,
            "creator_percent_of_lp": 97.7015,
            "owner_under_5_percent": true,
            "owner_percent_of_lp": 0.0,
            "total_lp_supply": 23.884918688329428,
            "lp_holders_count": 2,
            "lp_holders": [
                {
                    "address": "0x0ed943ce24baebf257488771759f9bf482c39706",
                    "balance": 23.884918688329428,