{
    "token_address": "0x1847c61656C68dcB7404006bac4049a7b49972bF",
    "chain": "bsc",
    "token_name": "ShibaInuNFT",
    "analyses": {
        "contract": {
            "contract_name": null,
            "compiler_version": null,
            "license_type": null,
            "implementation": null,
            "source_code": null,
            "abi": null,
            "verified": false,
            "owner": "0x6c57db80f37d5fd9fe6dc0ef5082daae8c98b217",
            "creator": "0x6c57db80f37d5fd9fe6dc0ef5082daae8c98b217",
            "is_hidden_owner": false,
            "is_proxy": null,
            "is_sellable": true,
            "is_hardcoded_owner": null,
            "code_analysis": null
        },
        "holder": {
            "total_holders": 28,
            "holders_list": {
                "0xf775194cfa920deaf20813455475bd82e0bf8180": {
                    "balance": 445505601983752085438464,
                    "percentage_of_total_supply": 44.55056019837521,
                    "percentage_of_circulating_supply": 46.79251404042874
                },
                "0x90cca1ce1ac43795a68c1336a20d1ee4d7be35d1": {
                    "balance": 320533655104922576748544,
                    "percentage_of_total_supply": 32.05336551049226,
                    "percentage_of_circulating_supply": 33.66641292531725
                },
                "0x483755e2ea2be219d7b0a6e6d0d28e29d95e1f1f": {
                    "balance": 32333167990921398059008,
                    "percentage_of_total_supply": 3.2333167990921394,
                    "percentage_of_circulating_supply": 3.3960296132076677
                },
                "0x5391c70eb278dc9cc73e75f5b75e0ba0097ea399": {
                    "balance": 31280269907950791819264,
                    "percentage_of_total_supply": 3.128026990795079,
                    "percentage_of_circulating_supply": 3.285441220803256
                },
                "0x815eaad5e65cefa4915763eb3f9a8ace4f33a6a4": {
                    "balance": 13715662258513620500480,
                    "percentage_of_total_supply": 1.3715662258513621,
                    "percentage_of_circulating_supply": 1.4405886613939454
                },
                "0x2dcfceff77f9d44fc438c7b0ea8c0b49b7a73fc5": {
                    "balance": 9356727027646353899520,
                    "percentage_of_total_supply": 0.9356727027646354,
                    "percentage_of_circulating_supply": 0.9827593163005139
                },
                "0xf052f355ee2033a59eb0297b004693ac6be30182": {
                    "balance": 8557664237542648578048,
                    "percentage_of_total_supply": 0.8557664237542648,
                    "percentage_of_circulating_supply": 0.8988318490394503
                },
                "0x40610532db0a4c8ecd9ec2f0d8328b7cae9d3c02": {
                    "balance": 6601045838555638661120,
                    "percentage_of_total_supply": 0.6601045838555639,
                    "percentage_of_circulating_supply": 0.693323560257708
                },
                "0xaf32bcaa4726fa04ddf3b2b867ea16eb9c75157a": {
                    "balance": 5444235341692961554432,
                    "percentage_of_total_supply": 0.5444235341692961,
                    "percentage_of_circulating_supply": 0.5718209996265259
                },
                "0x93e7b233ae1bc6e61db838f46831a202624fee32": {
                    "balance": 4995493968819453427712,
                    "percentage_of_total_supply": 0.4995493968819454,
                    "percentage_of_circulating_supply": 0.5246886248657912
                },
                "0x440f3da402f325cd7c4c4bad2d0ced4860752b23": {
                    "balance": 4864062465417887612928,
                    "percentage_of_total_supply": 0.4864062465417888,
                    "percentage_of_circulating_supply": 0.5108840611501216
                },
                "0xa5308879284bca6d6cbb3373cda7522bcaa1af03": {
                    "balance": 4765159203912391065600,
                    "percentage_of_total_supply": 0.4765159203912391,
                    "percentage_of_circulating_supply": 0.5004960161243512
                },
                "0xd87be7916d37a7dd4f78ed68c32d0e2586b5804e": {
                    "balance": 4669933221445177442304,
                    "percentage_of_total_supply": 0.4669933221445178,
                    "percentage_of_circulating_supply": 0.49049420447087355
                },
                "0x2ed7d1bfb354146f67f00321a511087dd5356901": {
                    "balance": 3945536663135741018112,
                    "percentage_of_total_supply": 0.39455366631357414,
                    "percentage_of_circulating_supply": 0.4144091093012537
                },
                "0x4a953511482790e2ccbcfb86ab10c0de67f82034": {
                    "balance": 3343959110309107990528,
                    "percentage_of_total_supply": 0.33439591103091076,
                    "percentage_of_circulating_supply": 0.3512239866861768
                },
                "0x5a67e194ac3b9d5628d08824b397fec4d012b2fc": {
                    "balance": 1472118550009397116928,
                    "percentage_of_total_supply": 0.1472118550009397,
                    "percentage_of_circulating_supply": 0.15462011614166543
                },
                "0x1346065bf032c76db4f4f95f1fdcc0719dd68628": {
                    "balance": 1188788354511898148864,
                    "percentage_of_total_supply": 0.11887883545118982,
                    "percentage_of_circulating_supply": 0.12486127115327478
                },
                "0x02a8bd19f423d40dee6bcaa7812648d511f29b57": {
                    "balance": 810036451640323866624,
                    "percentage_of_total_supply": 0.08100364516403238,
                    "percentage_of_circulating_supply": 0.08508005705845492
                },
                "0x3bc7e5d734834e4de863e3ca1644b5b0f7c8cefe": {
                    "balance": 534635603738298089472,
                    "percentage_of_total_supply": 0.05346356037382981,
                    "percentage_of_circulating_supply": 0.056154050326284774
                },
                "0xa135c38b81ff9ddb8e3611ff03479f767a45ebb5": {
                    "balance": 77677200642197520384,
                    "percentage_of_total_supply": 0.0077677200642197524,
                    "percentage_of_circulating_supply": 0.008158621318085667
                },
                "0x775e7a843938c788c842c2bd607d3841554b65a8": {
                    "balance": 72721689587224813568,
                    "percentage_of_total_supply": 0.0072721689587224815,
                    "percentage_of_circulating_supply": 0.00763813219385291
                },
                "0xb1b9b4bbe8a92d535f5df2368e7fd2ecfb3a1950": {
                    "balance": 40701901306484736000,
                    "percentage_of_total_supply": 0.004070190130648473,
                    "percentage_of_circulating_supply": 0.004275017597703053
                },
                "0x85094fa25d404432155e560f82b8337acb982584": {
                    "balance": 33212021028834672640,
                    "percentage_of_total_supply": 0.003321202102883467,
                    "percentage_of_circulating_supply": 0.003488337640161569
                },
                "0xbeb77f0de9bda09e6a7a6e2a7819ee361f457dd6": {
                    "balance": 22814615563044016128,
                    "percentage_of_total_supply": 0.0022814615563044017,
                    "percentage_of_circulating_supply": 0.0023962733898454
                },
                "0xf6eaad3408af2c129ea45ca713256ef0910cf27a": {
                    "balance": 9795245330376603648,
                    "percentage_of_total_supply": 0.0009795245330376605,
                    "percentage_of_circulating_supply": 0.0010288179376649173
                },