{
    "token_address": "0xc500A1Ac921DE3597156F67BCDe829650806319B",
    "chain": "bsc",
    "token_name": "Reptitle",
    "analyses": {
        "contract": {
            "contract_name": null,
            "compiler_version": null,
            "license_type": null,
            "implementation": null,
            "source_code": null,
            "abi": null,
            "verified": false,
            "owner": "0xdf0ea4ce149a1b04900595a037886a2c48735f00",
            "creator": "0xdf0ea4ce149a1b04900595a037886a2c48735f00",
            "is_hidden_owner": false,
            "is_proxy": null,
            "is_sellable": true,
            "is_hardcoded_owner": null,
            "code_analysis": null
        },
        "holder": {
            "total_holders": 22,
            "holders_list": {
                "0x0fed924c6b22a6ba3fbe2a2ffa7a691c6a00eacd": {
                    "balance": 1.1225410922195213e+20,
                    "percentage_of_total_supply": 0.0,
                    "percentage_of_circulating_supply": 0.0
                },
                "0x861a5d4f0bf2590a48c1f94afe579a7e721827a2": {
                    "balance": 1.1282317350035486e+21,
                    "percentage_of_total_supply": 0.0001,
                    "percentage_of_circulating_supply": 0.0001
                },
                "0xf566903a9a81a73800d7824f069d96d469552eea": {
                    "balance": 7.050502948830428e+19,
                    "percentage_of_total_supply": 0.0,
                    "percentage_of_circulating_supply": 0.0
                },
                "0xf1791de4e6f29a47dccc1eb363aab99bd3af6f61": {
                    "balance": 4.031712825504657e+22,
                    "percentage_of_total_supply": 0.004,
                    "percentage_of_circulating_supply": 0.004
                },
                "0x34eb63ba6a0ce87f1a2c6b2e82224c14f96a729a": {
                    "balance": 1.2770807460399694e+22,
                    "percentage_of_total_supply": 0.0013,
                    "percentage_of_circulating_supply": 0.0013
                },
                "0xa411e806e56fdad7f062cd474b968ff314c261a4": {
                    "balance": 6.552418940956511e+22,
                    "percentage_of_total_supply": 0.0066,
                    "percentage_of_circulating_supply": 0.0066
                },
                "0xafa4078428e44f89739d9702e45c7e20934a6968": {
                    "balance": 1.7281312080979112e+22,
                    "percentage_of_total_supply": 0.0017,
                    "percentage_of_circulating_supply": 0.0017
                },
                "0x6c493eda7827971141e5dc0063da78c09970c040": {
                    "balance": 2.8504681273611082e+20,
                    "percentage_of_total_supply": 0.0,
                    "percentage_of_circulating_supply": 0.0
                },
                "0x4ad58cdf4833b638fe524795e11d8804a9d62f50": {
                    "balance": 1.0025112054614976e+22,
                    "percentage_of_total_supply": 0.001,
                    "percentage_of_circulating_supply": 0.001
                },
                "0xcec66916d5c844aa89cad49af8d12480bc369fc3": {
                    "balance": 3.837385284802026e+21,
                    "percentage_of_total_supply": 0.0004,
                    "percentage_of_circulating_supply": 0.0004
                },
                "0x76701fe1df180a46c254f0d696b24019019d201e": {
                    "balance": 1.6406924626834984e+22,
                    "percentage_of_total_supply": 0.0016,
                    "percentage_of_circulating_supply": 0.0016
                },
                "0x93c435abdc1ce218fb61631240633f26483a91b6": {
                    "balance": 1.3120018078097084e+20,
                    "percentage_of_total_supply": 0.0,
                    "percentage_of_circulating_supply": 0.0
                },
                "0x2da2de437a56b5ba2c16c2be75f3d119bfcecf0a": {
                    "balance": 5.311905670651563e+21,
                    "percentage_of_total_supply": 0.0005,
                    "percentage_of_circulating_supply": 0.0005
                },
                "0x3462b06767e95bdc85057ff2b3cdb7fae099c6ae": {
                    "balance": 1.6458434916010363e+21,
                    "percentage_of_total_supply": 0.0002,
                    "percentage_of_circulating_supply": 0.0002
                },
                "0xa40ff9d9d4d66b2daf79e8c2e437773d0ef8c955": {
                    "balance": 1.40806e+20,
                    "percentage_of_total_supply": 0.0,
                    "percentage_of_circulating_supply": 0.0
                },
                "0x6f549a8222535d707e951777040f3f5c4800b186": {
                    "balance": 5.428396139714415e+19,
                    "percentage_of_total_supply": 0.0,
                    "percentage_of_circulating_supply": 0.0
                },
                "0xd2384eaf586d4bdf31d8abde6110738de76bb1e2": {
                    "balance": 2.761690405934109e+21,
                    "percentage_of_total_supply": 0.0003,
                    "percentage_of_circulating_supply": 0.0003
                },
                "0x5b020f80e056c6f4d46d68ceb15d350e977131b6": {
                    "balance": 1.8009720664629174e+22,
                    "percentage_of_total_supply": 0.0018,
                    "percentage_of_circulating_supply": 0.0018
                },
                "0x9d2aba7c5a30836815ee951f856b01a78a8f1118": {
                    "balance": 103891,
                    "percentage_of_total_supply": 0.0,
                    "percentage_of_circulating_supply": 0.0
                },
                "0x0ed943ce24baebf257488771759f9bf482c39706": {
                    "balance": 6.9165741026335195e+19,
                    "percentage_of_total_supply": 0.0,
                    "percentage_of_circulating_supply": 0.0
                },
                "0xf2f9d1e41400aa0c0b23eaf426482c704789620c": {
                    "balance": 7.292819409677023e+20,
                    "percentage_of_total_supply": 0.0001,
                    "percentage_of_circulating_supply": 0.0001
                }
            },
            "total_supply": 1e+27,
            "total_circulating_supply": 1e+27,
            "owner": {
                "address": "0xdf0ea4ce149a1b04900595a037886a2c48735f00",
                "balance": 9.998033872050843e+26,
                "percentage_of_supply": 99.9803,
                "exceeds_5_percent": true
            },
            "creator": {},
            "holders_exceeding_5_percent": [
                {
                    "address": "0xdf0ea4ce149a1b04900595a037886a2c48735f00",
                    "balance": 9.998033872050843e+26,
                    "percentage_of_supply": 99.9803
                }
            ],
            "howmany_holders_exceeding_5_percent": 1,
            "top_10_holders": [
                {
                    "address": "0xdf0ea4ce149a1b04900595a037886a2c48735f00",
                    "balance": 9.998033872050843e+26,
                    "percentage_of_total_supply": 99.9803,
                    "percentage_of_circulating_supply": 99.9803
                },
                {
                    "address": "0xa411e806e56fdad7f062cd474b968ff314c261a4",
                    "balance": 6.552418940956511e+22,
                    "percentage_of_total_supply": 0.0066,
                    "percentage_of_circulating_supply": 0.0066
                },
                {
                    "address": "0xf1791de4e6f29a47dccc1eb363aab99bd3af6f61",
                    "balance": 4.031712825504657e+22,
                    "percentage_of_total_supply": 0.004,
                    "percentage_of_circulating_supply": 0.004
                },
                {
                    "address": "0x5b020f80e056c6f4d46d68ceb15d350e977131b6",
                    "balance": 1.8009720664629174e+22,
                    "percentage_of_total_supply": 0.0018,