{
    "token_address": "0x0915F195b6782cd84D34aE8f277E23218F0AFcdB",
    "chain": "bsc",
    "token_name": "Storm Empire",
    "analyses": {
        "contract": {
            "contract_name": null,
            "compiler_version": null,
            "license_type": null,
            "implementation": null,
            "source_code": null,
            "abi": null,
            "verified": false,
            "owner": "0xf3daabeb0d68ab9c10358aa8ceaa54c08053739c",
            "creator": "0xf3daabeb0d68ab9c10358aa8ceaa54c08053739c",
            "is_hidden_owner": false,
            "is_proxy": null,
            "is_sellable": true,
            "is_hardcoded_owner": null,
            "code_analysis": null
        },
        "holder": {
            "total_holders": 11,
            "holders_list": {
                "0x0d212f83f923ab4c9a5ad122ece6e52126530d12": {
                    "balance": 2.7882739648249034e+20,
                    "percentage_of_total_supply": 0.0,
                    "percentage_of_circulating_supply": 0.0
                },
                "0x5b26a1c1f4d9538768cee8c9d88a05f3db741730": {
                    "balance": 2.3484748690299614e+20,
                    "percentage_of_total_supply": 0.0,
                    "percentage_of_circulating_supply": 0.0
                },
                "0x56dac8f8ac3fc24cf5189697a8aa56e54aad6394": {
                    "balance": 8.244484920335723e+23,
                    "percentage_of_total_supply": 0.0824,
                    "percentage_of_circulating_supply": 0.0824
                },
                "0x67ad60fd9bf72c46ea93cffe2eceff7810a12b79": {
                    "balance": 5e+19,
                    "percentage_of_total_supply": 0.0,
                    "percentage_of_circulating_supply": 0.0
                },
                "0xa78bd99a8706993e0be3c315904ec3cf373532d1": {
                    "balance": 7.889981089434769e+21,
                    "percentage_of_total_supply": 0.0008,
                    "percentage_of_circulating_supply": 0.0008
                },
                "0x0b03a2a66ea5584e7742de5ed9cc13a59a5daa58": {
                    "balance": 8241695813872872.0,
                    "percentage_of_total_supply": 0.0,
                    "percentage_of_circulating_supply": 0.0
                },
                "0xb2ac684ed68a0a793c4a1f8e09448bb644776395": {
                    "balance": 2.9412357043763565e+19,
                    "percentage_of_total_supply": 0.0,
                    "percentage_of_circulating_supply": 0.0
                },
                "0x0ed943ce24baebf257488771759f9bf482c39706": {
                    "balance": 8.44581199571196e+19,
                    "percentage_of_total_supply": 0.0,
                    "percentage_of_circulating_supply": 0.0
                },
                "0xf39b6f5c606f84ec7ad9acaee0a6349c7d2fd2e9": {
                    "balance": 6.310903139938923e+21,
                    "percentage_of_total_supply": 0.0006,
                    "percentage_of_circulating_supply": 0.0006
                },
                "0x0fbe4b2ba71eb07b52c87643778c258a76fb8e60": {
                    "balance": 9.525038192887547e+19,
                    "percentage_of_total_supply": 0.0,
                    "percentage_of_circulating_supply": 0.0
                }
            },
            "total_supply": 1e+27,
            "total_circulating_supply": 1e+27,
            "owner": {
                "address": "0xf3daabeb0d68ab9c10358aa8ceaa54c08053739c",
                "balance": 9.991605778197531e+26,
                "percentage_of_supply": 99.9161,
                "exceeds_5_percent": true
            },
            "creator": {},
            "holders_exceeding_5_percent": [
                {
                    "address": "0xf3daabeb0d68ab9c10358aa8ceaa54c08053739c",
                    "balance": 9.991605778197531e+26,
                    "percentage_of_supply": 99.9161
                }
            ],
            "howmany_holders_exceeding_5_percent": 1,
            "top_10_holders": [
                {
                    "address": "0xf3daabeb0d68ab9c10358aa8ceaa54c08053739c",
                    "balance": 9.991605778197531e+26,
                    "percentage_of_total_supply": 99.9161,
                    "percentage_of_circulating_supply": 99.9161
                },
                {
                    "address": "0x56dac8f8ac3fc24cf5189697a8aa56e54aad6394",
                    "balance": 8.244484920335723e+23,
                    "percentage_of_total_supply": 0.0824,
                    "percentage_of_circulating_supply": 0.0824
                },
                {
                    "address": "0xa78bd99a8706993e0be3c315904ec3cf373532d1",
                    "balance": 7.889981089434769e+21,
                    "percentage_of_total_supply": 0.0008,
                    "percentage_of_circulating_supply": 0.0008
                },
                {
                    "address": "0xf39b6f5c606f84ec7ad9acaee0a6349c7d2fd2e9",
                    "balance": 6.310903139938923e+21,
                    "percentage_of_total_supply": 0.0006,
                    "percentage_of_circulating_supply": 0.0006
                },
                {
                    "address": "0x0d212f83f923ab4c9a5ad122ece6e52126530d12",
                    "balance": 2.7882739648249034e+20,
                    "percentage_of_total_supply": 0.0,
                    "percentage_of_circulating_supply": 0.0
                },
                {
                    "address": "0x5b26a1c1f4d9538768cee8c9d88a05f3db741730",
                    "balance": 2.3484748690299614e+20,
                    "percentage_of_total_supply": 0.0,
                    "percentage_of_circulating_supply": 0.0
                },
                {
                    "address": "0x0fbe4b2ba71eb07b52c87643778c258a76fb8e60",
                    "balance": 9.525038192887547e+19,
                    "percentage_of_total_supply": 0.0,
                    "percentage_of_circulating_supply": 0.0
                },
                {
                    "address": "0x0ed943ce24baebf257488771759f9bf482c39706",
                    "balance": 8.44581199571196e+19,
                    "percentage_of_total_supply": 0.0,
                    "percentage_of_circulating_supply": 0.0
                },
                {
                    "address": "0x67ad60fd9bf72c46ea93cffe2eceff7810a12b79",
                    "balance": 5e+19,
                    "percentage_of_total_supply": 0.0,
                    "percentage_of_circulating_supply": 0.0
                },
                {
                    "address": "0xb2ac684ed68a0a793c4a1f8e09448bb644776395",
                    "balance": 2.9412357043763565e+19,
                    "percentage_of_total_supply": 0.0,
                    "percentage_of_circulating_supply": 0.0
                }
            ],
            "total_top_10_balance": 9.999999999917583e+26,
            "top10_percentage_of_total_supply": 100.0,
            "top10_percentage_of_circulating_supply": 100.0,
            "top_10_less_than_70_percent_of_total": false,
            "top_10_less_than_70_percent_of_circulating": false
        },
        "liquidity": {
            "price_usd": 8.312271108919313e-07,
            "liquidity_usd": 1.3701442000431342e-08,
            "market_cap_usd": 8.312271108919313e+20,
            "liquidity_to_market_cap_ratio": 1.6483391627745743e-29,
            "token_volume": 0.0,
            "volume_usd": 0.0,
            "volume_to_liquidity_ratio": 0.0,
            "locked_liquidity_percent": 0.0,
            "locked_95_for_15_days": false,
            "creator_under_5_percent": false,
            "creator_percent_of_lp": 99.9161,
            "owner_under_5_percent": true,
            "owner_percent_of_lp": 0.0,
            "total_lp_supply": 0.000216684416693809,
            "lp_holders_count": 2,