{
    "token_address": "0x5Ddb00e006298aF99cABAd736B7C39cB257231a0",
    "chain": "bsc",
    "token_name": "Alien Moon",
    "analyses": {
        "contract": {
            "contract_name": null,
            "compiler_version": null,
            "license_type": null,
            "implementation": null,
            "source_code": null,
            "abi": null,
            "verified": false,
            "owner": "0x037430b12c8c6a91044ac6d2b739d7c425eaebca",
            "creator": "0x037430b12c8c6a91044ac6d2b739d7c425eaebca",
            "is_hidden_owner": false,
            "is_proxy": null,
            "is_sellable": true,
            "is_hardcoded_owner": null,
            "code_analysis": null
        },
        "holder": {
            "total_holders": 35,
            "holders_list": {
                "0xba1548f128b007f426d9eb0740f8d927ac09a27c": {
                    "balance": 1.6742385775097664e+32,
                    "percentage_of_total_supply": 16.7424,
                    "percentage_of_circulating_supply": 16.7424
                },
                "0xe08108f56a284e970c799fe57e94c3f9048a05e9": {
                    "balance": 7.45136598867714e+31,
                    "percentage_of_total_supply": 7.4514,
                    "percentage_of_circulating_supply": 7.4514
                },
                "0x589d68e62dc002545e5ee26ea5fa0847590c7320": {
                    "balance": 7.264245108798695e+31,
                    "percentage_of_total_supply": 7.2642,
                    "percentage_of_circulating_supply": 7.2642
                },
                "0x460e67440ca406f35aadb97d66dbbe9092c4b316": {
                    "balance": 6.900261035286951e+31,
                    "percentage_of_total_supply": 6.9003,
                    "percentage_of_circulating_supply": 6.9003
                },
                "0x55137376ba8756f3ba37fe1e43bc75cd9e6f5460": {
                    "balance": 4.125450930326285e+31,
                    "percentage_of_total_supply": 4.1255,
                    "percentage_of_circulating_supply": 4.1255
                },
                "0xa9bee95bade9928774fb35c9c444e893a74098e4": {
                    "balance": 3.660420669485211e+31,
                    "percentage_of_total_supply": 3.6604,
                    "percentage_of_circulating_supply": 3.6604
                },
                "0x455d473cbfd9d909d5fc0ef9474371bb6156da3c": {
                    "balance": 2.5811329240615175e+31,
                    "percentage_of_total_supply": 2.5811,
                    "percentage_of_circulating_supply": 2.5811
                },
                "0xae940b7552147e848cdaebe40a06a88df5879550": {
                    "balance": 2.471169682956098e+31,
                    "percentage_of_total_supply": 2.4712,
                    "percentage_of_circulating_supply": 2.4712
                },
                "0x117e81a56997009cb9392b638c1178a7c0544b8f": {
                    "balance": 2.432325024091982e+31,
                    "percentage_of_total_supply": 2.4323,
                    "percentage_of_circulating_supply": 2.4323
                },
                "0xdc03157ef3a7f6759270857e2611267c1a196ce5": {
                    "balance": 2.2273212547462388e+31,
                    "percentage_of_total_supply": 2.2273,
                    "percentage_of_circulating_supply": 2.2273
                },
                "0xc5c49ca190a8f69b7816ba3ea3b34ce167cbcaca": {
                    "balance": 1.9832755533277121e+31,
                    "percentage_of_total_supply": 1.9833,
                    "percentage_of_circulating_supply": 1.9833
                },
                "0x3c9b1648ad547b59c9fc584aa9a3a81e83f6641f": {
                    "balance": 1.9708487356346089e+31,
                    "percentage_of_total_supply": 1.9708,
                    "percentage_of_circulating_supply": 1.9708
                },
                "0xcd8c2fc3903e9a516556a110f918aa2a51db07a1": {
                    "balance": 1.9329627436219868e+31,
                    "percentage_of_total_supply": 1.933,
                    "percentage_of_circulating_supply": 1.933
                },
                "0xbf1f7d798b26e74dc36d7ceec2d629d1972666c9": {
                    "balance": 1.828680485800315e+31,
                    "percentage_of_total_supply": 1.8287,
                    "percentage_of_circulating_supply": 1.8287
                },
                "0x8d11df5cf5b9d7b93b68f634d6f0a10a17820bf5": {
                    "balance": 1.3349890357643665e+31,
                    "percentage_of_total_supply": 1.335,
                    "percentage_of_circulating_supply": 1.335
                },
                "0x1ac46ddc26f92006dba489958e35deebb15341ea": {
                    "balance": 1.0253687860563474e+31,
                    "percentage_of_total_supply": 1.0254,
                    "percentage_of_circulating_supply": 1.0254
                },
                "0x60e1eb12cbd9688c21d7d772dfa9c5e2a1cc1a12": {
                    "balance": 1.024088221492908e+31,
                    "percentage_of_total_supply": 1.0241,
                    "percentage_of_circulating_supply": 1.0241
                },
                "0x335e57d42f6cf43988bb1964b30d3742a3e4cdd3": {
                    "balance": 8.244972239402429e+30,
                    "percentage_of_total_supply": 0.8245,
                    "percentage_of_circulating_supply": 0.8245
                },
                "0x403b266ee2fff8d89369e4bc8dab6787abb3b989": {
                    "balance": 7.699120054692527e+30,
                    "percentage_of_total_supply": 0.7699,
                    "percentage_of_circulating_supply": 0.7699
                },
                "0x1e8b4b7470c8184cf82140cd7e1a192509ce8b2d": {
                    "balance": 7.625520067378944e+30,
                    "percentage_of_total_supply": 0.7626,
                    "percentage_of_circulating_supply": 0.7626
                },
                "0xfd0af3427444d557bf8a9bec1174e07497d0e1ba": {
                    "balance": 5.222581447401144e+30,
                    "percentage_of_total_supply": 0.5223,
                    "percentage_of_circulating_supply": 0.5223
                },
                "0xdb28716688b7ffe259dfb83ed118fc592a117491": {
                    "balance": 4.363428733165453e+30,
                    "percentage_of_total_supply": 0.4363,
                    "percentage_of_circulating_supply": 0.4363
                },
                "0x7675482c1bf6a1bc92eb63c892843999db4abcbd": {
                    "balance": 3.8119925800851865e+30,
                    "percentage_of_total_supply": 0.3812,
                    "percentage_of_circulating_supply": 0.3812
                },
                "0x6978e1192dd855a1be624a428a5dd96e8c035f5b": {
                    "balance": 3.7462527834114785e+30,
                    "percentage_of_total_supply": 0.3746,
                    "percentage_of_circulating_supply": 0.3746
                },
                "0x55aede3c1f884676b4b1cbee68f98bb83aa70e85": {
                    "balance": 3.1087432081528784e+30,
                    "percentage_of_total_supply": 0.3109,
                    "percentage_of_circulating_supply": 0.3109
                },
                "0xec0975e3ee68e19145d06407a317bd33f3cb472f": {
                    "balance": 1.6905978482227244e+30,
                    "percentage_of_total_supply": 0.1691,
                    "percentage_of_circulating_supply": 0.1691
                },
                "0x6f4b321ec9c93b1cd2ec31d565620352eac95127": {
                    "balance": 1.6239111274367849e+30,
                    "percentage_of_total_supply": 0.1624,
                    "percentage_of_circulating_supply": 0.1624
                },
                "0x780abe93d43899ddb2f02b800479b68515f0e570": {
                    "balance": 1.071890468254416e+30,
                    "percentage_of_total_supply": 0.1072,