{
    "token_address": "0xdb25bA7cD0e966790fc8A878B49aA4A6c5Cd3b3B",
    "chain": "bsc",
    "token_name": "Cyber Gnosis Token",
    "analyses": {
        "contract": {
            "contract_name": null,
            "compiler_version": null,
            "license_type": null,
            "implementation": null,
            "source_code": null,
            "abi": null,
            "verified": false,
            "owner": "0x70ba4d7a3c78add5f25ed0fd191668f791c0330c",
            "creator": "0x70ba4d7a3c78add5f25ed0fd191668f791c0330c",
            "is_hidden_owner": false,
            "is_proxy": null,
            "is_sellable": true,
            "is_hardcoded_owner": null,
            "code_analysis": null
        },
        "holder": {
            "total_holders": 4,
            "holders_list": {
                "0xdb25ba7cd0e966790fc8a878b49aa4a6c5cd3b3b": {
                    "balance": 5.596846913573495e+18,
                    "percentage_of_total_supply": 55.9685,
                    "percentage_of_circulating_supply": 55.9685
                },
                "0x131324bbfb471ee62a163fc791c966287261b259": {
                    "balance": 3.265669941621205e+18,
                    "percentage_of_total_supply": 32.6567,
                    "percentage_of_circulating_supply": 32.6567
                },
                "0xd216fb3714a4376e253f540402bca99282b65e9f": {
                    "balance": 599755313068486.0,
                    "percentage_of_total_supply": 0.006,
                    "percentage_of_circulating_supply": 0.006
                }
            },
            "total_supply": 1e+19,
            "total_circulating_supply": 1e+19,
            "owner": {
                "address": "0x70ba4d7a3c78add5f25ed0fd191668f791c0330c",
                "balance": 1.1368833894922312e+18,
                "percentage_of_supply": 11.3688,
                "exceeds_5_percent": true
            },
            "creator": {},
            "holders_exceeding_5_percent": [
                {
                    "address": "0xdb25ba7cd0e966790fc8a878b49aa4a6c5cd3b3b",
                    "balance": 5.596846913573495e+18,
                    "percentage_of_supply": 55.9685
                },
                {
                    "address": "0x131324bbfb471ee62a163fc791c966287261b259",
                    "balance": 3.265669941621205e+18,
                    "percentage_of_supply": 32.6567
                },
                {
                    "address": "0x70ba4d7a3c78add5f25ed0fd191668f791c0330c",
                    "balance": 1.1368833894922312e+18,
                    "percentage_of_supply": 11.3688
                }
            ],
            "howmany_holders_exceeding_5_percent": 3,
            "top_10_holders": [
                {
                    "address": "0xdb25ba7cd0e966790fc8a878b49aa4a6c5cd3b3b",
                    "balance": 5.596846913573495e+18,
                    "percentage_of_total_supply": 55.9685,
                    "percentage_of_circulating_supply": 55.9685
                },
                {
                    "address": "0x131324bbfb471ee62a163fc791c966287261b259",
                    "balance": 3.265669941621205e+18,
                    "percentage_of_total_supply": 32.6567,
                    "percentage_of_circulating_supply": 32.6567
                },
                {
                    "address": "0x70ba4d7a3c78add5f25ed0fd191668f791c0330c",
                    "balance": 1.1368833894922312e+18,
                    "percentage_of_total_supply": 11.3688,
                    "percentage_of_circulating_supply": 11.3688
                },
                {
                    "address": "0xd216fb3714a4376e253f540402bca99282b65e9f",
                    "balance": 599755313068486.0,
                    "percentage_of_total_supply": 0.006,
                    "percentage_of_circulating_supply": 0.006
                }
            ],
            "total_top_10_balance": 1e+19,
            "top10_percentage_of_total_supply": 100.0,
            "top10_percentage_of_circulating_supply": 100.0,
            "top_10_less_than_70_percent_of_total": false,
            "top_10_less_than_70_percent_of_circulating": false
        },
        "liquidity": {
            "price_usd": 0.00139404015916955,
            "liquidity_usd": 1.672165984185551e-06,
            "market_cap_usd": 1.39404015916955e+16,
            "liquidity_to_market_cap_ratio": 1.199510626136972e-22,
            "token_volume": 384594695.01290435,
            "volume_usd": 536140.4498515537,
            "volume_to_liquidity_ratio": 320626334300.59125,
            "locked_liquidity_percent": 0.0,
            "locked_95_for_15_days": false,
            "creator_under_5_percent": false,
            "creator_percent_of_lp": 11.3688,
            "owner_under_5_percent": true,
            "owner_percent_of_lp": 0.0,
            "total_lp_supply": 0.000646106056750953,
            "lp_holders_count": 2,
            "lp_holders": [
                {
                    "address": "0x0ed943ce24baebf257488771759f9bf482c39706",
                    "balance": 0.000646106056749953,
                    "is_locked": false,
                    "percent": 0.9999999999984522,
                    "tag": ""
                },
                {
                    "address": "0x0000000000000000000000000000000000000000",
                    "balance": 1e-15,
                    "is_locked": true,
                    "percent": 1.547733e-12,
                    "tag": "Null Address"
                }
            ]
        },
        "security": {
            "warnings": null,
            "homany_warnings": 0,
            "suspicious_urls": null,
            "howmany_suspicious_urls": 0,
            "suspicious_addresses": null,
            "howmany_suspicious_addresses": 0,
            "error": "Security analysis data not available."
        },
        "lifecycle": {
            "token_age_seconds": 69749727.1643,
            "token_creation_date": "2023-05-18T16:30:12",
            "creation_to_first_trade_seconds": 0.0,
            "creation_to_first_trade_blocks": 0,
            "last_tx_hash": "0x151a5b02c24b36d2612f115a588e56f83bde205f6bdf5a940ce63e3ccd3c17b7",
            "last_active_age": "2023-05-20T21:33:17",
            "inactive_days": 805.0781
        }
    },
    "errors": []
}