{
    "token_address": "0xF8Ba0C76302E13B1d7c8791CdF38eCd7D3a8511e",
    "chain": "bsc",
    "token_name": "AiDAO",
    "analyses": {
        "contract": {
            "contract_name": null,
            "compiler_version": null,
            "license_type": null,
            "implementation": null,
            "source_code": null,
            "abi": null,
            "verified": false,
            "owner": "0x131b361aa3486ed30357a48b33340fd4f5f519f2",
            "creator": "0x131b361aa3486ed30357a48b33340fd4f5f519f2",
            "is_hidden_owner": false,
            "is_proxy": null,
            "is_sellable": true,
            "is_hardcoded_owner": null,
            "code_analysis": null
        },
        "holder": {
            "total_holders": 16,
            "holders_list": {
                "0x9f16b8e147574d261f04bdd43174afbff2263d32": {
                    "balance": 3.3621739436212244e+27,
                    "percentage_of_total_supply": 3.3622,
                    "percentage_of_circulating_supply": 3.3622
                },
                "0x0ed943ce24baebf257488771759f9bf482c39706": {
                    "balance": 2.1660705896089373e+27,
                    "percentage_of_total_supply": 2.1661,
                    "percentage_of_circulating_supply": 2.1661
                },
                "0xe6aa0453ffb78a6f97e0fc9b14fb69310d31f9f7": {
                    "balance": 1.2672420707777365e+27,
                    "percentage_of_total_supply": 1.2672,
                    "percentage_of_circulating_supply": 1.2672
                },
                "0x64159ee0ba137665618f2346a0255e717c602bea": {
                    "balance": 1.2066167065652178e+27,
                    "percentage_of_total_supply": 1.2066,
                    "percentage_of_circulating_supply": 1.2066
                },
                "0x5c5abafac38415d9d19922a7fd6f9a062b9a420f": {
                    "balance": 8.413389151238923e+26,
                    "percentage_of_total_supply": 0.8413,
                    "percentage_of_circulating_supply": 0.8413
                },
                "0x1ff8508c535786ffffaffbb55356720e01d6b7c0": {
                    "balance": 8.15894636650726e+26,
                    "percentage_of_total_supply": 0.8159,
                    "percentage_of_circulating_supply": 0.8159
                },
                "0xf0828ef0f699397e264c6eca20610177d5c9ff1c": {
                    "balance": 4.580185710107173e+26,
                    "percentage_of_total_supply": 0.458,
                    "percentage_of_circulating_supply": 0.458
                },
                "0x5a2f044765f7d9fcb9fe6d75b98029ea8e4a8c96": {
                    "balance": 3.758677216117867e+26,
                    "percentage_of_total_supply": 0.3759,
                    "percentage_of_circulating_supply": 0.3759
                },
                "0xc87f054f976b9522bef1fd78895df2d0dfeea0f4": {
                    "balance": 3.088605738454807e+26,
                    "percentage_of_total_supply": 0.3089,
                    "percentage_of_circulating_supply": 0.3089
                },
                "0x49ede2f5874e02e99942675948c6b0fbd3ab9ac3": {
                    "balance": 2.700504488612234e+26,
                    "percentage_of_total_supply": 0.2701,
                    "percentage_of_circulating_supply": 0.2701
                },
                "0x2d61b9f234fc391cacf6909b16068f2f14041208": {
                    "balance": 2.5826589207248354e+26,
                    "percentage_of_total_supply": 0.2583,
                    "percentage_of_circulating_supply": 0.2583
                },
                "0x47a01c0ebffdcacb5ec4b46d704e16d31fddffed": {
                    "balance": 4.079124595366883e+25,
                    "percentage_of_total_supply": 0.0408,
                    "percentage_of_circulating_supply": 0.0408
                },
                "0xf9376eb440c66c17000836d593b33829af30e32a": {
                    "balance": 3.77668264542884e+24,
                    "percentage_of_total_supply": 0.0038,
                    "percentage_of_circulating_supply": 0.0038
                },
                "0xb46ce48eb74ca36a9e33afa6b409bc41cd197cc4": {
                    "balance": 2.518053691391102e+24,
                    "percentage_of_total_supply": 0.0025,
                    "percentage_of_circulating_supply": 0.0025
                },
                "0x7234f1b4a1e6083d975c2f55e246f3ff2a2b5fc9": {
                    "balance": 4.999e+22,
                    "percentage_of_total_supply": 0.0,
                    "percentage_of_circulating_supply": 0.0
                }
            },
            "total_supply": 1e+29,
            "total_circulating_supply": 1.0000000000000001e+29,
            "owner": {
                "address": "0x131b361aa3486ed30357a48b33340fd4f5f519f2",
                "balance": 8.862246395796009e+28,
                "percentage_of_supply": 88.6225,
                "exceeds_5_percent": true
            },
            "creator": {},
            "holders_exceeding_5_percent": [
                {
                    "address": "0x131b361aa3486ed30357a48b33340fd4f5f519f2",
                    "balance": 8.862246395796009e+28,
                    "percentage_of_supply": 88.6225
                }
            ],
            "howmany_holders_exceeding_5_percent": 1,
            "top_10_holders": [
                {
                    "address": "0x131b361aa3486ed30357a48b33340fd4f5f519f2",
                    "balance": 8.862246395796009e+28,
                    "percentage_of_total_supply": 88.6225,
                    "percentage_of_circulating_supply": 88.6225
                },
                {
                    "address": "0x9f16b8e147574d261f04bdd43174afbff2263d32",
                    "balance": 3.3621739436212244e+27,
                    "percentage_of_total_supply": 3.3622,
                    "percentage_of_circulating_supply": 3.3622
                },
                {
                    "address": "0x0ed943ce24baebf257488771759f9bf482c39706",
                    "balance": 2.1660705896089373e+27,
                    "percentage_of_total_supply": 2.1661,
                    "percentage_of_circulating_supply": 2.1661
                },
                {
                    "address": "0xe6aa0453ffb78a6f97e0fc9b14fb69310d31f9f7",
                    "balance": 1.2672420707777365e+27,
                    "percentage_of_total_supply": 1.2672,
                    "percentage_of_circulating_supply": 1.2672
                },
                {
                    "address": "0x64159ee0ba137665618f2346a0255e717c602bea",
                    "balance": 1.2066167065652178e+27,
                    "percentage_of_total_supply": 1.2066,
                    "percentage_of_circulating_supply": 1.2066
                },
                {
                    "address": "0x5c5abafac38415d9d19922a7fd6f9a062b9a420f",
                    "balance": 8.413389151238923e+26,
                    "percentage_of_total_supply": 0.8413,
                    "percentage_of_circulating_supply": 0.8413
                },
                {
                    "address": "0x1ff8508c535786ffffaffbb55356720e01d6b7c0",
                    "balance": 8.15894636650726e+26,
                    "percentage_of_total_supply": 0.8159,
                    "percentage_of_circulating_supply": 0.8159
                },
                {
                    "address": "0xf0828ef0f699397e264c6eca20610177d5c9ff1c",
                    "balance": 4.580185710107173e+26,
                    "percentage_of_total_supply": 0.458,
                    "percentage_of_circulating_supply": 0.458
                },
                {
                    "address": "0x5a2f044765f7d9fcb9fe6d75b98029ea8e4a8c96",
                    "balance": 3.758677216117867e+26,
                    "percentage_of_total_supply": 0.3759,