{
    "token_address": "0x1404fb26a42Ee0eDdEd0257bE997b3E65F1303d2",
    "chain": "bsc",
    "token_name": "Defi Investors",
    "analyses": {
        "contract": {
            "contract_name": null,
            "compiler_version": null,
            "license_type": null,
            "implementation": null,
            "source_code": null,
            "abi": null,
            "verified": false,
            "owner": "0xac48997004a1918d4f4e244b51f74b6f072557a4",
            "creator": "0xac48997004a1918d4f4e244b51f74b6f072557a4",
            "is_hidden_owner": false,
            "is_proxy": null,
            "is_sellable": true,
            "is_hardcoded_owner": null,
            "code_analysis": null
        },
        "holder": {
            "total_holders": 20,
            "holders_list": {
                "0x2d575efd044e7d7d5e3b67685177beb6755c7a60": {
                    "balance": 266935270673918170939001904562176,
                    "percentage_of_total_supply": 26.693527067391816,
                    "percentage_of_circulating_supply": 26.693527067391816
                },
                "0x908bfac42638783e4cb5d68adbb3122071b51560": {
                    "balance": 100160603915117998282193051320320,
                    "percentage_of_total_supply": 10.0160603915118,
                    "percentage_of_circulating_supply": 10.0160603915118
                },
                "0xdd51fa1e5c448c07b58c37ccb5f23d3608a4a585": {
                    "balance": 59872083153726206301104890707968,
                    "percentage_of_total_supply": 5.98720831537262,
                    "percentage_of_circulating_supply": 5.98720831537262
                },
                "0xababb659502bf42665e7bf4c3025a2ffae071005": {
                    "balance": 59582908212069663611807546212352,
                    "percentage_of_total_supply": 5.958290821206966,
                    "percentage_of_circulating_supply": 5.958290821206966
                },
                "0xc87384e2d8fa827963b307405698f4fe11787850": {
                    "balance": 36765693471285298496219604058112,
                    "percentage_of_total_supply": 3.6765693471285297,
                    "percentage_of_circulating_supply": 3.6765693471285297
                },
                "0xcaf58ec64f5e8beb2b65ef5882cca0978b87641f": {
                    "balance": 35456728915744571170318819786752,
                    "percentage_of_total_supply": 3.545672891574457,
                    "percentage_of_circulating_supply": 3.545672891574457
                },
                "0xa236df4d5f5700cd3994927b7fde4346709856ea": {
                    "balance": 14705491148544333853002211262464,
                    "percentage_of_total_supply": 1.4705491148544334,
                    "percentage_of_circulating_supply": 1.4705491148544334
                },
                "0xa37d89d7e80697b91e7716a7719bff165295c9b2": {
                    "balance": 13470879033749271593917215670272,
                    "percentage_of_total_supply": 1.3470879033749272,
                    "percentage_of_circulating_supply": 1.3470879033749272
                },
                "0x91b26c8257171fca46ee19b893f5c682c39aa247": {
                    "balance": 11357117395247530265596443754496,
                    "percentage_of_total_supply": 1.1357117395247531,
                    "percentage_of_circulating_supply": 1.1357117395247531
                },
                "0xa96d9ec59fd878d6a15cdcc23b23668f83fe3066": {
                    "balance": 10016819074017456191430778159104,
                    "percentage_of_total_supply": 1.0016819074017458,
                    "percentage_of_circulating_supply": 1.0016819074017458
                },
                "0x0e36e5185e29cb20bdbb6e46e522943bccfa2089": {
                    "balance": 9224123411043187544191672516608,
                    "percentage_of_total_supply": 0.9224123411043188,
                    "percentage_of_circulating_supply": 0.9224123411043188
                },
                "0xa94cb9205adc553d4d8114624a66c25643fe56a6": {
                    "balance": 7252612231159323154637010239488,
                    "percentage_of_total_supply": 0.7252612231159323,
                    "percentage_of_circulating_supply": 0.7252612231159323
                },
                "0xdf7f6d29fcc7c6538520574a3ec8ad262b9ac9b1": {
                    "balance": 891277778970329623512158830592,
                    "percentage_of_total_supply": 0.08912777789703297,
                    "percentage_of_circulating_supply": 0.08912777789703297
                },
                "0xf07104d38915d3455b9e3b393bd2b3a49bf70ef2": {
                    "balance": 853548063757836547421359833088,
                    "percentage_of_total_supply": 0.08535480637578366,
                    "percentage_of_circulating_supply": 0.08535480637578366
                },
                "0x5b50ce902efeb195c8188830df8222d77ea8390e": {
                    "balance": 303636906863438102221631258624,
                    "percentage_of_total_supply": 0.03036369068634381,
                    "percentage_of_circulating_supply": 0.03036369068634381
                },
                "0xd7f236bea64621615c606a7c2fbe436fe3363f65": {
                    "balance": 127558497348474789424147726336,
                    "percentage_of_total_supply": 0.01275584973484748,
                    "percentage_of_circulating_supply": 0.01275584973484748
                },
                "0x285414353110162bb42cf9db0c83a2742974f4d4": {
                    "balance": 108650085399997246319812935680,
                    "percentage_of_total_supply": 0.010865008539999724,
                    "percentage_of_circulating_supply": 0.010865008539999724
                },
                "0x0ed943ce24baebf257488771759f9bf482c39706": {
                    "balance": 32225276448370878258075402240,
                    "percentage_of_total_supply": 0.003222527644837088,
                    "percentage_of_circulating_supply": 0.003222527644837088
                },
                "0x0f04cb4605fc9c2fd01ebbc7e4e93bcd143e4634": {
                    "balance": 9954356934467488994820096,
                    "percentage_of_total_supply": 9.95435693446749e-07,
                    "percentage_of_circulating_supply": 9.95435693446749e-07
                }
            },
            "total_supply": 1000000000000000000000000000000000,
            "total_circulating_supply": 999999999999999998396774607749120,
            "owner": {
                "address": "0xac48997004a1918d4f4e244b51f74b6f072557a4",
                "balance": 372882762801231603735481886441472,
                "percentage_of_supply": 37.288276280123156,
                "exceeds_5_percent": true
            },
            "creator": {},
            "holders_exceeding_5_percent": [
                {
                    "address": "0xac48997004a1918d4f4e244b51f74b6f072557a4",
                    "balance": 372882762801231603735481886441472,
                    "percentage_of_supply": 37.28827628012316
                },
                {
                    "address": "0x2d575efd044e7d7d5e3b67685177beb6755c7a60",
                    "balance": 266935270673918170939001904562176,
                    "percentage_of_supply": 26.693527067391816
                },
                {
                    "address": "0x908bfac42638783e4cb5d68adbb3122071b51560",
                    "balance": 100160603915117998282193051320320,
                    "percentage_of_supply": 10.0160603915118
                },
                {
                    "address": "0xdd51fa1e5c448c07b58c37ccb5f23d3608a4a585",
                    "balance": 59872083153726206301104890707968,
                    "percentage_of_supply": 5.98720831537262
                },
                {
                    "address": "0xababb659502bf42665e7bf4c3025a2ffae071005",
                    "balance": 59582908212069663611807546212352,