{
    "token_address": "0xECAC04D04fecf3db026100A31093D4d708CBca6F",
    "chain": "bsc",
    "token_name": "Temper Dree",
    "analyses": {
        "contract": {
            "contract_name": null,
            "compiler_version": null,
            "license_type": null,
            "implementation": null,
            "source_code": null,
            "abi": null,
            "verified": false,
            "owner": "0x5bc8f087397bfc7cbbdbd12bd3975271c0e448d3",
            "creator": "0x5bc8f087397bfc7cbbdbd12bd3975271c0e448d3",
            "is_hidden_owner": false,
            "is_proxy": null,
            "is_sellable": true,
            "is_hardcoded_owner": null,
            "code_analysis": null
        },
        "holder": {
            "total_holders": 29,
            "holders_list": {
                "0x83d1480abade0f6c97dc9268dd98012b130680e3": {
                    "balance": 1536855068855248860665,
                    "percentage_of_total_supply": 0.00015368550688552488,
                    "percentage_of_circulating_supply": 0.00015368550688552488
                },
                "0x3ff66467bc0d0ee3914f8702682b6e3d6d6ab2b0": {
                    "balance": 2502502410848958400051,
                    "percentage_of_total_supply": 0.00025025024108489585,
                    "percentage_of_circulating_supply": 0.00025025024108489585
                },
                "0x4feb98cb8d3232e3e6fc591b30ba921bc82fd055": {
                    "balance": 47068015741876592732921,
                    "percentage_of_total_supply": 0.004706801574187659,
                    "percentage_of_circulating_supply": 0.004706801574187659
                },
                "0x27d1609e2f04ea3b2c02d84f5b5ab89034f7bb09": {
                    "balance": 1860276594836555799294,
                    "percentage_of_total_supply": 0.00018602765948365558,
                    "percentage_of_circulating_supply": 0.00018602765948365558
                },
                "0xd3b6d0b591e2a95b110c70d3e2cce85db3272593": {
                    "balance": 5976815544344450971140,
                    "percentage_of_total_supply": 0.000597681554434445,
                    "percentage_of_circulating_supply": 0.000597681554434445
                },
                "0x345408563f7a38398db8afade5af5782f5bbabe2": {
                    "balance": 72076619502933126145,
                    "percentage_of_total_supply": 7.207661950293313e-06,
                    "percentage_of_circulating_supply": 7.207661950293313e-06
                },
                "0x17e91be433aed622a29f7d3cdca12f7c9bba57af": {
                    "balance": 178535902750941989996,
                    "percentage_of_total_supply": 1.78535902750942e-05,
                    "percentage_of_circulating_supply": 1.78535902750942e-05
                },
                "0x08ab04cdff512b8b5bbf77954a0a790d99b9edf9": {
                    "balance": 12615173081013991996266,
                    "percentage_of_total_supply": 0.0012615173081013992,
                    "percentage_of_circulating_supply": 0.0012615173081013992
                },
                "0x75febffccff590b440a67122319bc48db2a36fc4": {
                    "balance": 4909042332222149130834,
                    "percentage_of_total_supply": 0.0004909042332222149,
                    "percentage_of_circulating_supply": 0.0004909042332222149
                },
                "0xf6383b37cf97c82d2404afa09da9cde3bd11f602": {
                    "balance": 15746154698353867422441,
                    "percentage_of_total_supply": 0.0015746154698353867,
                    "percentage_of_circulating_supply": 0.0015746154698353867
                },
                "0x423d16b4323fa9f7f4a79da0be8db7f916a4e47c": {
                    "balance": 1175493282577182348110,
                    "percentage_of_total_supply": 0.00011754932825771824,
                    "percentage_of_circulating_supply": 0.00011754932825771824
                },
                "0xfd75d0de4c1da219356323832430e879ad1014e9": {
                    "balance": 14624399093537049517498,
                    "percentage_of_total_supply": 0.001462439909353705,
                    "percentage_of_circulating_supply": 0.001462439909353705
                },
                "0xf07da705951bb74fad8b57bd4f2af876ad0dc354": {
                    "balance": 106055663830186033415,
                    "percentage_of_total_supply": 1.0605566383018603e-05,
                    "percentage_of_circulating_supply": 1.0605566383018603e-05
                },
                "0xf5fc5ab00c88a488b05c3cf202390ba2d595865c": {
                    "balance": 14579226157014740702167,
                    "percentage_of_total_supply": 0.001457922615701474,
                    "percentage_of_circulating_supply": 0.001457922615701474
                },
                "0xdd643962d951863894ee8e1577bbe8c259b9b104": {
                    "balance": 530680817013672740482,
                    "percentage_of_total_supply": 5.306808170136727e-05,
                    "percentage_of_circulating_supply": 5.306808170136727e-05
                },
                "0x45cd96366b94ebaf0166897b96d1b83766fd8409": {
                    "balance": 5907087448603176927309,
                    "percentage_of_total_supply": 0.0005907087448603177,
                    "percentage_of_circulating_supply": 0.0005907087448603177
                },
                "0x6a68498301cfab6d2a1ca505e5c252e5b9257c15": {
                    "balance": 1407618839999185873854,
                    "percentage_of_total_supply": 0.00014076188399991858,
                    "percentage_of_circulating_supply": 0.00014076188399991858
                },
                "0xd86ea46721d7bd584dabd37ea4f87d581162f990": {
                    "balance": 5302717955669744817179,
                    "percentage_of_total_supply": 0.0005302717955669745,
                    "percentage_of_circulating_supply": 0.0005302717955669745
                },
                "0x2e8e47af2d608d2e6c2c04c50cf977bfb634209e": {
                    "balance": 15600973357651941067616,
                    "percentage_of_total_supply": 0.0015600973357651942,
                    "percentage_of_circulating_supply": 0.0015600973357651942
                },
                "0xb4369738713ba8ccc602be137e33a5d3bb027c56": {
                    "balance": 3387447171988350024,
                    "percentage_of_total_supply": 3.3874471719883504e-07,
                    "percentage_of_circulating_supply": 3.3874471719883504e-07
                },
                "0xabe3101971ecfa09dea1397fe7c7b23fc6fbf9dd": {
                    "balance": 13863371731726303498045,
                    "percentage_of_total_supply": 0.0013863371731726304,
                    "percentage_of_circulating_supply": 0.0013863371731726304
                },
                "0x87c5199efbbbb78a239cfb3ba08f605a1f86d133": {
                    "balance": 4618547629726296337379,
                    "percentage_of_total_supply": 0.00046185476297262967,
                    "percentage_of_circulating_supply": 0.00046185476297262967
                },
                "0xad4e39a53e2d782561fbb1000267b2ea7c4785b8": {
                    "balance": 6115580561646152534367,
                    "percentage_of_total_supply": 0.0006115580561646153,
                    "percentage_of_circulating_supply": 0.0006115580561646153
                },
                "0xaadddbb4d5d5f2b5a11e9cc088f80f354fe9c51c": {
                    "balance": 277543061691620601789,
                    "percentage_of_total_supply": 2.7754306169162057e-05,
                    "percentage_of_circulating_supply": 2.7754306169162057e-05
                },
                "0xc02360deb2102d7226dc751d3fb72993e91272e4": {
                    "balance": 6446946987183188889854,
                    "percentage_of_total_supply": 0.0006446946987183189,