{
    "token_address": "0x20a16ce99d93F690922744f97b555a07Ff23F3A6",
    "chain": "bsc",
    "token_name": "BitCore",
    "analyses": {
        "contract": {
            "contract_name": null,
            "compiler_version": null,
            "license_type": null,
            "implementation": null,
            "source_code": null,
            "abi": null,
            "verified": false,
            "owner": "0xcf9f6c30e502e4b84645dfd692d295dedbb9b5a4",
            "creator": "0xcf9f6c30e502e4b84645dfd692d295dedbb9b5a4",
            "is_hidden_owner": false,
            "is_proxy": null,
            "is_sellable": true,
            "is_hardcoded_owner": null,
            "code_analysis": null
        },
        "holder": {
            "total_holders": 2,
            "holders_list": {
                "0x51f40bca774dc5aa4335b2c74ddfd031046abf3f": {
                    "balance": 5,
                    "percentage_of_total_supply": 5e-13,
                    "percentage_of_circulating_supply": 4.99999999999999e-13
                }
            },
            "total_supply": 1000000000000000,
            "total_circulating_supply": 1000000000000002,
            "owner": {
                "address": "0xcf9f6c30e502e4b84645dfd692d295dedbb9b5a4",
                "balance": 1000000000000000,
                "percentage_of_supply": 96.34394220118561,
                "exceeds_5_percent": true
            },
            "creator": {},
            "holders_exceeding_5_percent": [
                {
                    "address": "0xcf9f6c30e502e4b84645dfd692d295dedbb9b5a4",
                    "balance": 1000000000000000,
                    "percentage_of_supply": 99.9999999999998
                }
            ],
            "howmany_holders_exceeding_5_percent": 1,
            "top_10_holders": [
                {
                    "address": "0xcf9f6c30e502e4b84645dfd692d295dedbb9b5a4",
                    "balance": 1000000000000000,
                    "percentage_of_total_supply": 100.0,
                    "percentage_of_circulating_supply": 99.9999999999998
                },
                {
                    "address": "0x51f40bca774dc5aa4335b2c74ddfd031046abf3f",
                    "balance": 5,
                    "percentage_of_total_supply": 5e-13,
                    "percentage_of_circulating_supply": 4.99999999999999e-13
                }
            ],
            "total_top_10_balance": 1000000000000005,
            "top10_percentage_of_total_supply": 100.00000000000051,
            "top10_percentage_of_circulating_supply": 100.00000000000031,
            "top_10_less_than_70_percent_of_total": false,
            "top_10_less_than_70_percent_of_circulating": false
        },
        "liquidity": {
            "price_usd": 56.30948311781341,
            "liquidity_usd": 5.630948311781341e-16,
            "market_cap_usd": 5.630948311781352e+16,
            "liquidity_to_market_cap_ratio": 9.999999999999981e-33,
            "token_volume": 0.0,
            "volume_usd": 0.0,
            "volume_to_liquidity_ratio": 0.0,
            "locked_liquidity_percent": 100.0,
            "locked_95_for_15_days": false,
            "creator_under_5_percent": false,
            "creator_percent_of_lp": 96.3439,
            "owner_under_5_percent": true,
            "owner_percent_of_lp": 0.0,
            "total_lp_supply": 1e-15,
            "lp_holders_count": 1,
            "lp_holders": [
                {
                    "address": "0x0000000000000000000000000000000000000000",
                    "balance": 1e-15,
                    "is_locked": true,
                    "percent": 1.0,
                    "tag": "Null Address"
                }
            ],
            "error": "Liquidity pool info could not be retrieved."
        },
        "security": {
            "warnings": null,
            "homany_warnings": 0,
            "suspicious_urls": null,
            "howmany_suspicious_urls": 0,
            "suspicious_addresses": null,
            "howmany_suspicious_addresses": 0,
            "error": "Security analysis data not available."
        },
        "lifecycle": {
            "token_age_seconds": 90961971.137406,
            "token_creation_date": "2022-09-16T12:59:11",
            "creation_to_first_trade_seconds": 0.0,
            "creation_to_first_trade_blocks": 0,
            "last_tx_hash": "0x3b1cf096dd4190907158e902c6d9b7231241dc92bc81acb026239af22b4d0168",
            "last_active_age": "2022-09-16T18:16:31",
            "inactive_days": 1052.5802522744098
        }
    },
    "errors": []
}