{
    "token_address": "0xE55Fd505Cd157FE6ff4A86c1aEBc61a3eCa51355",
    "chain": "bsc",
    "token_name": "Elite",
    "analyses": {
        "contract": {
            "contract_name": null,
            "compiler_version": null,
            "license_type": null,
            "implementation": null,
            "source_code": null,
            "abi": null,
            "verified": false,
            "owner": "0x3e27fea456acec9363b3fc92deeed17f45d54056",
            "creator": "0x3e27fea456acec9363b3fc92deeed17f45d54056",
            "is_hidden_owner": false,
            "is_proxy": null,
            "is_sellable": true,
            "is_hardcoded_owner": null,
            "code_analysis": null
        },
        "holder": {
            "total_holders": 29,
            "holders_list": {
                "0x57f1da2e0d6821c9f8c74d8695c49420c2f6d217": {
                    "balance": 44379234626911562891264,
                    "percentage_of_total_supply": 4.437923462691156,
                    "percentage_of_circulating_supply": 4.50454526862709
                },
                "0xdfe4e85fdfe77a9c24f4b6617778c4a1bb7350b5": {
                    "balance": 29079609133624067096576,
                    "percentage_of_total_supply": 2.9079609133624067,
                    "percentage_of_circulating_supply": 2.9516150253064257
                },
                "0x3dbe06cc8af0967001adeca38de1e5f6e21e7754": {
                    "balance": 26413485539914401447936,
                    "percentage_of_total_supply": 2.64134855399144,
                    "percentage_of_circulating_supply": 2.6810002992846016
                },
                "0x8d51931f6ab02a110e64857600ba02f9319a9807": {
                    "balance": 17390097328897204944896,
                    "percentage_of_total_supply": 1.7390097328897205,
                    "percentage_of_circulating_supply": 1.7651156290186778
                },
                "0x922b5732e98bae996595c16487039a3912d88a61": {
                    "balance": 14504288055006949539840,
                    "percentage_of_total_supply": 1.4504288055006949,
                    "percentage_of_circulating_supply": 1.4722025443261406
                },
                "0x1b47762d11efb2efc81dc8cb631bb1c19a2d706e": {
                    "balance": 9245809693772762578944,
                    "percentage_of_total_supply": 0.9245809693772762,
                    "percentage_of_circulating_supply": 0.9384607161623993
                },
                "0x6180540549c35949229374fbfbebfa2bb1606619": {
                    "balance": 7693456578028490457088,
                    "percentage_of_total_supply": 0.769345657802849,
                    "percentage_of_circulating_supply": 0.7808950226223841
                },
                "0x72354cbcbe34b3f7771f881cc34943bccc31a245": {
                    "balance": 6920991362936927682560,
                    "percentage_of_total_supply": 0.6920991362936928,
                    "percentage_of_circulating_supply": 0.7024888815730368
                },
                "0x775e7a843938c788c842c2bd607d3841554b65a8": {
                    "balance": 6020811215343132344320,
                    "percentage_of_total_supply": 0.6020811215343133,
                    "percentage_of_circulating_supply": 0.6111195224832616
                },
                "0xfd439510ced38232abbd6817709e7533044b76fb": {
                    "balance": 5325827297287488929792,
                    "percentage_of_total_supply": 0.5325827297287489,
                    "percentage_of_circulating_supply": 0.5405778255349534
                },
                "0xd4428e8b23e934482e89690f51f22febdcd47c97": {
                    "balance": 4505332624026131496960,
                    "percentage_of_total_supply": 0.4505332624026132,
                    "percentage_of_circulating_supply": 0.4572966371718726
                },
                "0x091a3384323552419a19424d9e2b7be82e884fdc": {
                    "balance": 3663094757516470386688,
                    "percentage_of_total_supply": 0.3663094757516471,
                    "percentage_of_circulating_supply": 0.37180848874977135
                },
                "0x483755e2ea2be219d7b0a6e6d0d28e29d95e1f1f": {
                    "balance": 2880854675945158606848,
                    "percentage_of_total_supply": 0.28808546759451586,
                    "percentage_of_circulating_supply": 0.29241018708920624
                },
                "0x21ce2e1ec06edcf9c99c1958affa8376a30a65b6": {
                    "balance": 2809103759486315134976,
                    "percentage_of_total_supply": 0.28091037594863155,
                    "percentage_of_circulating_supply": 0.28512738345432004
                },
                "0x6fe492ed6644f94eab6d75c3e49d90c96b01a2ed": {
                    "balance": 2596987048645324963840,
                    "percentage_of_total_supply": 0.2596987048645325,
                    "percentage_of_circulating_supply": 0.2635972842029888
                },
                "0xaf32bcaa4726fa04ddf3b2b867ea16eb9c75157a": {
                    "balance": 2532029348836141432832,
                    "percentage_of_total_supply": 0.2532029348836141,
                    "percentage_of_circulating_supply": 0.2570040001638152
                },
                "0x3ca25227da8f8f7140cc413a53a3ff1446271ae3": {
                    "balance": 2399566821905752129536,
                    "percentage_of_total_supply": 0.23995668219057523,
                    "percentage_of_circulating_supply": 0.24355889562402566
                },
                "0xd08d397d37704697da9b6ea375778a85a0b3a7de": {
                    "balance": 1855450304896553189376,
                    "percentage_of_total_supply": 0.18554503048965532,
                    "percentage_of_circulating_supply": 0.1883304198992696
                },
                "0x9770acc5940523a798e210f951272b7a75d0c74d": {
                    "balance": 1800352422020381933568,
                    "percentage_of_total_supply": 0.1800352422020382,
                    "percentage_of_circulating_supply": 0.18273791904368422
                },
                "0xf052f355ee2033a59eb0297b004693ac6be30182": {
                    "balance": 1491415018935488610304,
                    "percentage_of_total_supply": 0.14914150189354886,
                    "percentage_of_circulating_supply": 0.15138040400163533
                },
                "0x7bda274e715e5f0f7a39104cac9a5a7904708328": {
                    "balance": 749986944999341686784,
                    "percentage_of_total_supply": 0.07499869449993417,
                    "percentage_of_circulating_supply": 0.07612456981356408
                },
                "0xf9f7094bab737cbe9e1711a0882bac4d9e757d5f": {
                    "balance": 574526933311108218880,
                    "percentage_of_total_supply": 0.05745269333111082,
                    "percentage_of_circulating_supply": 0.05831516926558331
                },
                "0xa105a9f4838a38987f82d46bfbdbd1112cd27225": {
                    "balance": 568408971840920289280,
                    "percentage_of_total_supply": 0.05684089718409203,
                    "percentage_of_circulating_supply": 0.0576941888763121
                },
                "0x02a8bd19f423d40dee6bcaa7812648d511f29b57": {
                    "balance": 360007200144002908160,
                    "percentage_of_total_supply": 0.03600072001440029,
                    "percentage_of_circulating_supply": 0.036541160380827616
                },
                "0x16c0b7b9052ef6b6a84f9415ded1b8937f0b72a8": {
                    "balance": 272820134232662999040,
                    "percentage_of_total_supply": 0.0272820134232663,
                    "percentage_of_circulating_supply": 0.027691569157858486
                },
                "0x11265520634313f3b7611d5afc81ae0c8c0c6a28": {
                    "balance": 252143774540372082688,