{
    "token_address": "0x2838687C446D6e6A9776561C53967c9E93a031E8",
    "chain": "bsc",
    "token_name": "InnuHunter",
    "analyses": {
        "contract": {
            "contract_name": null,
            "compiler_version": null,
            "license_type": null,
            "implementation": null,
            "source_code": null,
            "abi": null,
            "verified": false,
            "owner": null,
            "creator": "0x401d4008544151c037c3577ccabe1e7b0cb2e6c6",
            "is_hidden_owner": true,
            "is_proxy": null,
            "is_sellable": true,
            "is_hardcoded_owner": null,
            "code_analysis": null
        },
        "holder": {
            "total_holders": 7,
            "holders_list": {
                "0xcd88d7573818abe26b02f4bf19c4db44aff3c591": {
                    "balance": 9.582676218867198e+21,
                    "percentage_of_total_supply": 0.9583,
                    "percentage_of_circulating_supply": 0.9583
                },
                "0x2be87ad70cf11ea294d7c42044b5b8277a3e4874": {
                    "balance": 2.3769385878022405e+21,
                    "percentage_of_total_supply": 0.2377,
                    "percentage_of_circulating_supply": 0.2377
                },
                "0x75ed387e63218f88240f7ca394613d71786e45f7": {
                    "balance": 2.3312833623014095e+21,
                    "percentage_of_total_supply": 0.2331,
                    "percentage_of_circulating_supply": 0.2331
                },
                "0x43d4b4551bc9cd2f1770e5fc59b043043a80d167": {
                    "balance": 2.286931541509021e+21,
                    "percentage_of_total_supply": 0.2287,
                    "percentage_of_circulating_supply": 0.2287
                },
                "0xc7634194a20973ad6ae3c2b744c1a297a7a79c06": {
                    "balance": 2.24383396896334e+21,
                    "percentage_of_total_supply": 0.2244,
                    "percentage_of_circulating_supply": 0.2244
                },
                "0x36ff90b473ababcd654ba4b31da0247b25d73363": {
                    "balance": 2.2250395364368536e+21,
                    "percentage_of_total_supply": 0.2225,
                    "percentage_of_circulating_supply": 0.2225
                }
            },
            "total_supply": 1e+24,
            "total_circulating_supply": 1e+24,
            "owner": {},
            "creator": {
                "address": "0x401d4008544151c037c3577ccabe1e7b0cb2e6c6",
                "balance": 9.7895329678412e+23,
                "percentage_of_supply": 97.8953,
                "exceeds_5_percent": true
            },
            "holders_exceeding_5_percent": [
                {
                    "address": "0x401d4008544151c037c3577ccabe1e7b0cb2e6c6",
                    "balance": 9.7895329678412e+23,
                    "percentage_of_supply": 97.8953
                }
            ],
            "howmany_holders_exceeding_5_percent": 1,
            "top_10_holders": [
                {
                    "address": "0x401d4008544151c037c3577ccabe1e7b0cb2e6c6",
                    "balance": 9.7895329678412e+23,
                    "percentage_of_total_supply": 97.8953,
                    "percentage_of_circulating_supply": 97.8953
                },
                {
                    "address": "0xcd88d7573818abe26b02f4bf19c4db44aff3c591",
                    "balance": 9.582676218867198e+21,
                    "percentage_of_total_supply": 0.9583,
                    "percentage_of_circulating_supply": 0.9583
                },
                {
                    "address": "0x2be87ad70cf11ea294d7c42044b5b8277a3e4874",
                    "balance": 2.3769385878022405e+21,
                    "percentage_of_total_supply": 0.2377,
                    "percentage_of_circulating_supply": 0.2377
                },
                {
                    "address": "0x75ed387e63218f88240f7ca394613d71786e45f7",
                    "balance": 2.3312833623014095e+21,
                    "percentage_of_total_supply": 0.2331,
                    "percentage_of_circulating_supply": 0.2331
                },
                {
                    "address": "0x43d4b4551bc9cd2f1770e5fc59b043043a80d167",
                    "balance": 2.286931541509021e+21,
                    "percentage_of_total_supply": 0.2287,
                    "percentage_of_circulating_supply": 0.2287
                },
                {
                    "address": "0xc7634194a20973ad6ae3c2b744c1a297a7a79c06",
                    "balance": 2.24383396896334e+21,
                    "percentage_of_total_supply": 0.2244,
                    "percentage_of_circulating_supply": 0.2244
                },
                {
                    "address": "0x36ff90b473ababcd654ba4b31da0247b25d73363",
                    "balance": 2.2250395364368536e+21,
                    "percentage_of_total_supply": 0.2225,
                    "percentage_of_circulating_supply": 0.2225
                }
            ],
            "total_top_10_balance": 1e+24,
            "top10_percentage_of_total_supply": 100.0,
            "top10_percentage_of_circulating_supply": 100.0,
            "top_10_less_than_70_percent_of_total": false,
            "top_10_less_than_70_percent_of_circulating": false
        },
        "liquidity": {
            "price_usd": 6.286536823448385e-11,
            "liquidity_usd": 2.797558595887761e-07,
            "market_cap_usd": 62865368234483.84,
            "liquidity_to_market_cap_ratio": 4.4500790728737084e-21,
            "token_volume": 1559822.0143939222,
            "volume_usd": 9.805878531512828e-05,
            "volume_to_liquidity_ratio": 350.51557261130705,
            "locked_liquidity_percent": 0.0,
            "locked_95_for_15_days": false,
            "creator_under_5_percent": false,
            "creator_percent_of_lp": 97.8953,
            "owner_under_5_percent": true,
            "owner_percent_of_lp": 0.0,
            "total_lp_supply": 0.5082305430137994,
            "lp_holders_count": 2,
            "lp_holders": [
                {
                    "address": "0x8cc7bc33f5188b1fb683bedc4dbffa77b136833b",
                    "balance": 0.5082305430137984,
                    "is_locked": false,
                    "percent": 0.999999999999998,
                    "tag": ""
                },
                {
                    "address": "0x0000000000000000000000000000000000000000",
                    "balance": 1e-15,
                    "is_locked": true,
                    "percent": 1.967e-15,
                    "tag": "Null Address"
                }
            ]
        },
        "security": {
            "warnings": null,
            "homany_warnings": 0,
            "suspicious_urls": null,
            "howmany_suspicious_urls": 0,
            "suspicious_addresses": null,
            "howmany_suspicious_addresses": 0,
            "error": "Security analysis data not available."
        },
        "lifecycle": {
            "token_age_seconds": 126373899.9149,
            "token_creation_date": "2021-08-02T18:17:04",
            "creation_to_first_trade_seconds": 0.0,
            "creation_to_first_trade_blocks": 0,
            "last_tx_hash": "0xa711dd39158f3e31e94e0df1fdf8c3bcfa4f2684d1523d17853a8146a73c683a",
            "last_active_age": "2021-08-04T20:59:57",
            "inactive_days": 1460.5478
        }
    },
    "errors": []
}