{
    "token_address": "0xc49b7d1f0f489167a241A64dCABACD963370CB13",
    "chain": "bsc",
    "token_name": "nemoverse",
    "analyses": {
        "contract": {
            "contract_name": null,
            "compiler_version": null,
            "license_type": null,
            "implementation": null,
            "source_code": null,
            "abi": null,
            "verified": false,
            "owner": "0x9fb6706da71ac0c484ec465313c048f45f70fb69",
            "creator": "0x9fb6706da71ac0c484ec465313c048f45f70fb69",
            "is_hidden_owner": false,
            "is_proxy": null,
            "is_sellable": true,
            "is_hardcoded_owner": null,
            "code_analysis": null
        },
        "holder": {
            "total_holders": 33,
            "holders_list": {
                "0x7b77d88c95d4200ffb8c9300aabaef4be9edb243": {
                    "balance": 1.228314599246878e+26,
                    "percentage_of_total_supply": 24.5663,
                    "percentage_of_circulating_supply": 24.5663
                },
                "0xf46c6165d9d32f52208d7426ca005506246174b5": {
                    "balance": 6.424974123297109e+25,
                    "percentage_of_total_supply": 12.8499,
                    "percentage_of_circulating_supply": 12.8499
                },
                "0x029ea6c48c244147c79817e03a8f7bceee0bb8e9": {
                    "balance": 5.701629036867676e+25,
                    "percentage_of_total_supply": 11.4033,
                    "percentage_of_circulating_supply": 11.4033
                },
                "0x08ce3c736c724589a0c5fa5ea547273fefc53726": {
                    "balance": 3.88106844005838e+25,
                    "percentage_of_total_supply": 7.7621,
                    "percentage_of_circulating_supply": 7.7621
                },
                "0xaeebd169a3ac1634c2ad20567cd63dc3620f53fd": {
                    "balance": 2.8671578229352018e+25,
                    "percentage_of_total_supply": 5.7343,
                    "percentage_of_circulating_supply": 5.7343
                },
                "0x8ee0e41256beb54a6749e8fa55cb4c4fa96d697d": {
                    "balance": 2.2930212818277843e+25,
                    "percentage_of_total_supply": 4.586,
                    "percentage_of_circulating_supply": 4.586
                },
                "0x40f0836c951902f07d88aca576c41afa5555b239": {
                    "balance": 1.4574319484902164e+25,
                    "percentage_of_total_supply": 2.9149,
                    "percentage_of_circulating_supply": 2.9149
                },
                "0x6f72fb9d383b0e2cd8c79b72d1503998b5a91965": {
                    "balance": 1.1488877152803141e+25,
                    "percentage_of_total_supply": 2.2978,
                    "percentage_of_circulating_supply": 2.2978
                },
                "0xbb40807d853d35803dff171526f0d272c3dba78f": {
                    "balance": 1.0845409889325695e+25,
                    "percentage_of_total_supply": 2.1691,
                    "percentage_of_circulating_supply": 2.1691
                },
                "0x0ba55b4d2df67e1d851020fe100676ac2f36a73b": {
                    "balance": 6.957350434820851e+24,
                    "percentage_of_total_supply": 1.3915,
                    "percentage_of_circulating_supply": 1.3915
                },
                "0xc9eaec549da817df0ef37387d819b6a9eef75b89": {
                    "balance": 6.582498178249189e+24,
                    "percentage_of_total_supply": 1.3165,
                    "percentage_of_circulating_supply": 1.3165
                },
                "0xcd852bed8699a785919d588e1d7d130f3ab1e92f": {
                    "balance": 6.434555355470586e+24,
                    "percentage_of_total_supply": 1.2869,
                    "percentage_of_circulating_supply": 1.2869
                },
                "0x2ce10b4fafefc0fb2b230889484ec68dde59d1fc": {
                    "balance": 3.2288612407068405e+24,
                    "percentage_of_total_supply": 0.6458,
                    "percentage_of_circulating_supply": 0.6458
                },
                "0x05edda5f02b9e5306220e7fc3cfba70341a6c8e7": {
                    "balance": 1.9219769179995204e+24,
                    "percentage_of_total_supply": 0.3844,
                    "percentage_of_circulating_supply": 0.3844
                },
                "0x3a4c75c5ec4aa19f3253ad6ae8f7f4cd7df437b1": {
                    "balance": 1.1371798787486886e+24,
                    "percentage_of_total_supply": 0.2274,
                    "percentage_of_circulating_supply": 0.2274
                },
                "0x7a42e2f2c397ae25cc708070329b82358851c559": {
                    "balance": 9.706931914022891e+23,
                    "percentage_of_total_supply": 0.1941,
                    "percentage_of_circulating_supply": 0.1941
                },
                "0xa431e10ec20dbc365439b32d1232aff6fb1fb986": {
                    "balance": 5.881882626807093e+23,
                    "percentage_of_total_supply": 0.1176,
                    "percentage_of_circulating_supply": 0.1176
                },
                "0x3fc322d45d903c2b1d010c3832477d99caac2ddd": {
                    "balance": 5.7171917776245746e+23,
                    "percentage_of_total_supply": 0.1143,
                    "percentage_of_circulating_supply": 0.1143
                },
                "0xa57ab49195c50059ff5a9231b41d306962bc4385": {
                    "balance": 2.2817585475203294e+23,
                    "percentage_of_total_supply": 0.0456,
                    "percentage_of_circulating_supply": 0.0456
                },
                "0x6e1c9de9c43ac412e56264e044f6de4c913ca117": {
                    "balance": 1.893179364951534e+23,
                    "percentage_of_total_supply": 0.0379,
                    "percentage_of_circulating_supply": 0.0379
                },
                "0x93942a948c00ec53241824ffdd8215513cb20cf5": {
                    "balance": 1.550324735048192e+23,
                    "percentage_of_total_supply": 0.031,
                    "percentage_of_circulating_supply": 0.031
                },
                "0x0ed943ce24baebf257488771759f9bf482c39706": {
                    "balance": 9.589706583764901e+22,
                    "percentage_of_total_supply": 0.0192,
                    "percentage_of_circulating_supply": 0.0192
                },
                "0xea35b349d854803180c6da732dcc3a8d25ad55c4": {
                    "balance": 9.43077798110884e+22,
                    "percentage_of_total_supply": 0.0189,
                    "percentage_of_circulating_supply": 0.0189
                },
                "0x9803cb0129e49bbe21cf0197a7ec8fb90a143751": {
                    "balance": 8.588654491243595e+22,
                    "percentage_of_total_supply": 0.0172,
                    "percentage_of_circulating_supply": 0.0172
                },
                "0xff93a4d40546801fac8de8d7599f68fc0b592b9d": {
                    "balance": 6.430875774085693e+22,
                    "percentage_of_total_supply": 0.0129,
                    "percentage_of_circulating_supply": 0.0129
                },
                "0xa6600fe26455ebed84f52ba691d9a7bd54fe07c6": {
                    "balance": 5.061058118970178e+22,
                    "percentage_of_total_supply": 0.0101,
                    "percentage_of_circulating_supply": 0.0101
                },
                "0xd00c0777fbfa3872edad0cd0db1ee2c1e752c540": {
                    "balance": 4.567460156707728e+22,
                    "percentage_of_total_supply": 0.0091,
                    "percentage_of_circulating_supply": 0.0091
                },
                "0x89a035f841838807d96f3ce3a63f5f8dab1fca39": {
                    "balance": 4.066617935719865e+22,
                    "percentage_of_total_supply": 0.0081,