{
    "token_address": "0x0f998b8ACE8A7110e5E91FA2b47D11885AB27916",
    "chain": "bsc",
    "token_name": "x42 Protocol",
    "analyses": {
        "contract": {
            "contract_name": null,
            "compiler_version": null,
            "license_type": null,
            "implementation": null,
            "source_code": null,
            "abi": null,
            "verified": false,
            "owner": "0x7c9ffbb8a97c1223c9674ce994bd8d20531eda33",
            "creator": "0x7c9ffbb8a97c1223c9674ce994bd8d20531eda33",
            "is_hidden_owner": false,
            "is_proxy": null,
            "is_sellable": true,
            "is_hardcoded_owner": null,
            "code_analysis": null
        },
        "holder": {
            "total_holders": 29,
            "holders_list": {
                "0x212aa7ceab319ded65baacfef761e0bc9d80c7b1": {
                    "balance": 217560100,
                    "percentage_of_total_supply": 0.02175601,
                    "percentage_of_circulating_supply": 0.02175601
                },
                "0xa3bcf3b9f3f1ca8532de73712330c5fdb29b2e55": {
                    "balance": 282623295,
                    "percentage_of_total_supply": 0.0282623295,
                    "percentage_of_circulating_supply": 0.0282623295
                },
                "0x17a267f120c76361cb656211eeeec355284ebbb7": {
                    "balance": 192832168,
                    "percentage_of_total_supply": 0.0192832168,
                    "percentage_of_circulating_supply": 0.0192832168
                },
                "0x762c764f7348bbd4834f154ad96a3f9ed929f416": {
                    "balance": 2388094209,
                    "percentage_of_total_supply": 0.23880942089999999,
                    "percentage_of_circulating_supply": 0.23880942089999999
                },
                "0xe74a81f14ae0506ef9cfa8ef8bd49f66d86ec9fa": {
                    "balance": 114275185,
                    "percentage_of_total_supply": 0.0114275185,
                    "percentage_of_circulating_supply": 0.0114275185
                },
                "0xfb742cf48999c2daaaaf8a121b0e5b5f55ea7caa": {
                    "balance": 710904094,
                    "percentage_of_total_supply": 0.0710904094,
                    "percentage_of_circulating_supply": 0.0710904094
                },
                "0xf247eecb3c1401838de72848b0dafc19fb22905f": {
                    "balance": 7136079297,
                    "percentage_of_total_supply": 0.7136079297,
                    "percentage_of_circulating_supply": 0.7136079297
                },
                "0x5c1e5061252e239ae626e6e47698e3b8fe999b1b": {
                    "balance": 4160550842,
                    "percentage_of_total_supply": 0.4160550842,
                    "percentage_of_circulating_supply": 0.4160550842
                },
                "0x08456ab3c62d63c4060f756c6c168ce66f234144": {
                    "balance": 76359461,
                    "percentage_of_total_supply": 0.007635946100000001,
                    "percentage_of_circulating_supply": 0.007635946100000001
                },
                "0xb1d3ac4445fd85e08505d43864f2839b567f566f": {
                    "balance": 4327113174,
                    "percentage_of_total_supply": 0.43271131739999996,
                    "percentage_of_circulating_supply": 0.43271131739999996
                },
                "0x9f3f31b0e1d9a9d6acd9c91b904dbe99dedfa69d": {
                    "balance": 258318911,
                    "percentage_of_total_supply": 0.0258318911,
                    "percentage_of_circulating_supply": 0.0258318911
                },
                "0x084840f552258e631d418530adc2290a47c481e8": {
                    "balance": 952304730,
                    "percentage_of_total_supply": 0.095230473,
                    "percentage_of_circulating_supply": 0.095230473
                },
                "0xd529fc251737fac6f5d1c60beb0bf7ff1d1336ff": {
                    "balance": 2827712,
                    "percentage_of_total_supply": 0.0002827712,
                    "percentage_of_circulating_supply": 0.0002827712
                },
                "0x826c6a052ca82e4fea8b1b945894f0da35ac3a72": {
                    "balance": 189180297,
                    "percentage_of_total_supply": 0.018918029700000002,
                    "percentage_of_circulating_supply": 0.018918029700000002
                },
                "0x7cb5794453c68b6668c875995f6b22151737782e": {
                    "balance": 24246206,
                    "percentage_of_total_supply": 0.0024246206,
                    "percentage_of_circulating_supply": 0.0024246206
                },
                "0xd9f49291e79620407b568bebeddf04debe7cd046": {
                    "balance": 292913772,
                    "percentage_of_total_supply": 0.0292913772,
                    "percentage_of_circulating_supply": 0.0292913772
                },
                "0xa882716e63ba659d3eb631fecf6fba8d7871568c": {
                    "balance": 241661413,
                    "percentage_of_total_supply": 0.0241661413,
                    "percentage_of_circulating_supply": 0.0241661413
                },
                "0xf7ff40faa4972d3404ec835f6a8cc11f19f606b4": {
                    "balance": 8118690607,
                    "percentage_of_total_supply": 0.8118690607,
                    "percentage_of_circulating_supply": 0.8118690607
                },
                "0x9bffa6db1e3649d087209409a6fae0723dfa4e2d": {
                    "balance": 6882013133,
                    "percentage_of_total_supply": 0.6882013133,
                    "percentage_of_circulating_supply": 0.6882013133
                },
                "0xf4591ab09a61607de18fb9998d963273949db86d": {
                    "balance": 340990230,
                    "percentage_of_total_supply": 0.034099023,
                    "percentage_of_circulating_supply": 0.034099023
                },
                "0x1f46ce4d81d98b4627c19ed327cff22d0c2637ca": {
                    "balance": 1,
                    "percentage_of_total_supply": 1e-10,
                    "percentage_of_circulating_supply": 1e-10
                },
                "0xc2bc202b62a97700b17b4c163fe88655ea6534bb": {
                    "balance": 627986282,
                    "percentage_of_total_supply": 0.0627986282,
                    "percentage_of_circulating_supply": 0.0627986282
                },
                "0xf1a43bb29799a0bf01301287b76de37962e59a35": {
                    "balance": 84672597,
                    "percentage_of_total_supply": 0.0084672597,
                    "percentage_of_circulating_supply": 0.0084672597
                },
                "0x27443f23673bab967d5af83f7bfb36a627eca42f": {
                    "balance": 4820813394,
                    "percentage_of_total_supply": 0.48208133940000003,
                    "percentage_of_circulating_supply": 0.48208133940000003
                },
                "0xb14fc8e708bcaaee8604f72076a452f42d98469a": {
                    "balance": 650564516,
                    "percentage_of_total_supply": 0.0650564516,
                    "percentage_of_circulating_supply": 0.0650564516
                },
                "0x7019e74e840f943c59176daf739753a01f91d04c": {
                    "balance": 380802789,
                    "percentage_of_total_supply": 0.0380802789,
                    "percentage_of_circulating_supply": 0.0380802789
                },
                "0x0ed943ce24baebf257488771759f9bf482c39706": {
                    "balance": 139321702,
                    "percentage_of_total_supply": 0.0139321702,
                    "percentage_of_circulating_supply": 0.0139321702
                },
                "0x203336f1fb1f1a69d6739fff5dbc7e8ea9758dc6": {
                    "balance": 9133730,
                    "percentage_of_total_supply": 0.0009133730000000001,