{
    "token_address": "0x44B2966F11Fa1D94046633a84BEc2BC5f09913e6",
    "chain": "bsc",
    "token_name": "LerFolton",
    "analyses": {
        "contract": {
            "contract_name": null,
            "compiler_version": null,
            "license_type": null,
            "implementation": null,
            "source_code": null,
            "abi": null,
            "verified": false,
            "owner": "0xc615442219a49812513e4cbbc4da6038125df9a4",
            "creator": "0xc615442219a49812513e4cbbc4da6038125df9a4",
            "is_hidden_owner": false,
            "is_proxy": null,
            "is_sellable": true,
            "is_hardcoded_owner": null,
            "code_analysis": null
        },
        "holder": {
            "total_holders": 18,
            "holders_list": {
                "0x2bcc9a2eea3409f4f7e7287480bf96767ffffd18": {
                    "balance": 955354017570572,
                    "percentage_of_total_supply": 0.000955354017570572,
                    "percentage_of_circulating_supply": 0.000955354017570572
                },
                "0x279913616ead9f1bb3541a7a0802b06582dbd89a": {
                    "balance": 1949321993182,
                    "percentage_of_total_supply": 1.949321993182e-06,
                    "percentage_of_circulating_supply": 1.949321993182e-06
                },
                "0x7aa1b3a42d164e4fe43127f98b499a99e483b89a": {
                    "balance": 845631338996,
                    "percentage_of_total_supply": 8.45631338996e-07,
                    "percentage_of_circulating_supply": 8.45631338996e-07
                },
                "0x3a23ce63d5383240c63a46ca6599c9561237deaf": {
                    "balance": 621969495491,
                    "percentage_of_total_supply": 6.21969495491e-07,
                    "percentage_of_circulating_supply": 6.21969495491e-07
                },
                "0xdf6fbcd0f18dd1ac2726a8aeb031659a9b873048": {
                    "balance": 291621534999,
                    "percentage_of_total_supply": 2.91621534999e-07,
                    "percentage_of_circulating_supply": 2.91621534999e-07
                },
                "0x9c91113c5ef251a06f9f1c369a6151843cb47f8c": {
                    "balance": 233185934348,
                    "percentage_of_total_supply": 2.33185934348e-07,
                    "percentage_of_circulating_supply": 2.33185934348e-07
                },
                "0x5d5f4dd367a42dfdbd99cf5ed81e00c7f98245a4": {
                    "balance": 90998850970,
                    "percentage_of_total_supply": 9.099885097e-08,
                    "percentage_of_circulating_supply": 9.099885097e-08
                },
                "0x75b480d6536cefee09f7543c669914d77eb87060": {
                    "balance": 59064678850,
                    "percentage_of_total_supply": 5.906467885e-08,
                    "percentage_of_circulating_supply": 5.906467885e-08
                },
                "0x0ed943ce24baebf257488771759f9bf482c39706": {
                    "balance": 48659821949,
                    "percentage_of_total_supply": 4.8659821949000004e-08,
                    "percentage_of_circulating_supply": 4.8659821949000004e-08
                },
                "0xcfdca81165411f5ae83aaa746472b53a7ece5a21": {
                    "balance": 34964112716,
                    "percentage_of_total_supply": 3.4964112716000005e-08,
                    "percentage_of_circulating_supply": 3.4964112716000005e-08
                },
                "0x78417dc0101f0a6ddc66933d3e2232a75b5c0a43": {
                    "balance": 25047148972,
                    "percentage_of_total_supply": 2.5047148972000003e-08,
                    "percentage_of_circulating_supply": 2.5047148972000003e-08
                },
                "0xa7d5994b7bab341c9576fe159e5fb9f54db8fe57": {
                    "balance": 11341343615,
                    "percentage_of_total_supply": 1.1341343615e-08,
                    "percentage_of_circulating_supply": 1.1341343615000001e-08
                },
                "0xb8b3c54e90f3e4899632ea99321406dcfcb35037": {
                    "balance": 6904760526,
                    "percentage_of_total_supply": 6.904760526e-09,
                    "percentage_of_circulating_supply": 6.904760526e-09
                },
                "0x81fd122b7586012a795af2c4ecca425eaa02cbfc": {
                    "balance": 3159550499,
                    "percentage_of_total_supply": 3.1595504990000003e-09,
                    "percentage_of_circulating_supply": 3.1595504990000003e-09
                },
                "0xd592772cfaa126918f068459d935c86e5bd49d37": {
                    "balance": 2068570046,
                    "percentage_of_total_supply": 2.068570046e-09,
                    "percentage_of_circulating_supply": 2.068570046e-09
                },
                "0xfeac0734ba0b4f68e57c717013d65dcc2c06636a": {
                    "balance": 2004997654,
                    "percentage_of_total_supply": 2.004997654e-09,
                    "percentage_of_circulating_supply": 2.004997654e-09
                },
                "0xa79f6f5a2dca7ac907e08fc68b78148b9182459f": {
                    "balance": 1,
                    "percentage_of_total_supply": 9.999999999999999e-19,
                    "percentage_of_circulating_supply": 9.999999999999999e-19
                }
            },
            "total_supply": 100000000000000000000,
            "total_circulating_supply": 99999999999999999469,
            "owner": {
                "address": "0xc615442219a49812513e4cbbc4da6038125df9a4",
                "balance": 99999040420038295552,
                "percentage_of_supply": 99.9990404200383,
                "exceeds_5_percent": true
            },
            "creator": {},
            "holders_exceeding_5_percent": [
                {
                    "address": "0xc615442219a49812513e4cbbc4da6038125df9a4",
                    "balance": 99999040420038295552,
                    "percentage_of_supply": 99.9990404200383
                }
            ],
            "howmany_holders_exceeding_5_percent": 1,
            "top_10_holders": [
                {
                    "address": "0xc615442219a49812513e4cbbc4da6038125df9a4",
                    "balance": 99999040420038295552,
                    "percentage_of_total_supply": 99.9990404200383,
                    "percentage_of_circulating_supply": 99.9990404200383
                },
                {
                    "address": "0x2bcc9a2eea3409f4f7e7287480bf96767ffffd18",
                    "balance": 955354017570572,
                    "percentage_of_total_supply": 0.000955354017570572,
                    "percentage_of_circulating_supply": 0.000955354017570572
                },
                {
                    "address": "0x279913616ead9f1bb3541a7a0802b06582dbd89a",
                    "balance": 1949321993182,
                    "percentage_of_total_supply": 1.949321993182e-06,
                    "percentage_of_circulating_supply": 1.949321993182e-06
                },
                {
                    "address": "0x7aa1b3a42d164e4fe43127f98b499a99e483b89a",
                    "balance": 845631338996,
                    "percentage_of_total_supply": 8.45631338996e-07,
                    "percentage_of_circulating_supply": 8.45631338996e-07
                },
                {
                    "address": "0x3a23ce63d5383240c63a46ca6599c9561237deaf",
                    "balance": 621969495491,
                    "percentage_of_total_supply": 6.21969495491e-07,
                    "percentage_of_circulating_supply": 6.21969495491e-07
                },
                {
                    "address": "0xdf6fbcd0f18dd1ac2726a8aeb031659a9b873048",
                    "balance": 291621534999,
                    "percentage_of_total_supply": 2.91621534999e-07,