{
    "token_address": "0x49079dcA24537d269bac9E0d4e7F8334fC380dFA",
    "chain": "bsc",
    "token_name": "Cryptocean",
    "analyses": {
        "contract": {
            "contract_name": null,
            "compiler_version": null,
            "license_type": null,
            "implementation": null,
            "source_code": null,
            "abi": null,
            "verified": false,
            "owner": "0x7c9ffbb8a97c1223c9674ce994bd8d20531eda33",
            "creator": "0x7c9ffbb8a97c1223c9674ce994bd8d20531eda33",
            "is_hidden_owner": false,
            "is_proxy": null,
            "is_sellable": true,
            "is_hardcoded_owner": null,
            "code_analysis": null
        },
        "holder": {
            "total_holders": 17,
            "holders_list": {
                "0x56165c6f467bb3f7be558fd29422fca4aaf561e2": {
                    "balance": 5937136810116,
                    "percentage_of_total_supply": 5.937136810116e-06,
                    "percentage_of_circulating_supply": 5.937136810116e-06
                },
                "0xfb6da95d4581bd91a9d635ebf9836bb247b22a46": {
                    "balance": 1637893180270,
                    "percentage_of_total_supply": 1.6378931802699999e-06,
                    "percentage_of_circulating_supply": 1.6378931802699999e-06
                },
                "0x93e007f98f508d55be7f0b72894725dcb1cb5f71": {
                    "balance": 470054449604,
                    "percentage_of_total_supply": 4.7005444960399997e-07,
                    "percentage_of_circulating_supply": 4.7005444960399997e-07
                },
                "0x586bfbaab5a3bbe455e40713d5c40446e23b6826": {
                    "balance": 40878147194702,
                    "percentage_of_total_supply": 4.0878147194702e-05,
                    "percentage_of_circulating_supply": 4.0878147194702e-05
                },
                "0x826c8f9781d07d4585559e32005ac8a1a91debd1": {
                    "balance": 7243000,
                    "percentage_of_total_supply": 7.243e-12,
                    "percentage_of_circulating_supply": 7.243e-12
                },
                "0xf067bb5da1427f47b06790a262f9ceec21997565": {
                    "balance": 1149522014044,
                    "percentage_of_total_supply": 1.149522014044e-06,
                    "percentage_of_circulating_supply": 1.149522014044e-06
                },
                "0x91ccd673a64a6d3dd9cb053efcf610ac7b571b83": {
                    "balance": 898012192888,
                    "percentage_of_total_supply": 8.980121928879999e-07,
                    "percentage_of_circulating_supply": 8.980121928879999e-07
                },
                "0x6f0f425c5f337892cb06916437bbc196e9e2438d": {
                    "balance": 1254018350865,
                    "percentage_of_total_supply": 1.254018350865e-06,
                    "percentage_of_circulating_supply": 1.254018350865e-06
                },
                "0xa82d8c450e17c1e3c59de5667dee89ac428b686f": {
                    "balance": 1200073511015,
                    "percentage_of_total_supply": 1.200073511015e-06,
                    "percentage_of_circulating_supply": 1.200073511015e-06
                },
                "0xf3859b7efb381b6d1389e2e809e2371a8f4e366b": {
                    "balance": 11,
                    "percentage_of_total_supply": 1.1e-17,
                    "percentage_of_circulating_supply": 1.1e-17
                },
                "0x2d1655109cb8bdd3ed1ba6317211dd7e1ccc6799": {
                    "balance": 1038321687292,
                    "percentage_of_total_supply": 1.038321687292e-06,
                    "percentage_of_circulating_supply": 1.038321687292e-06
                },
                "0x0ed943ce24baebf257488771759f9bf482c39706": {
                    "balance": 1183643107249,
                    "percentage_of_total_supply": 1.1836431072490001e-06,
                    "percentage_of_circulating_supply": 1.1836431072490001e-06
                },
                "0xd6083ed8c2ee667065f15eb934e36d862756b625": {
                    "balance": 62615447486543,
                    "percentage_of_total_supply": 6.2615447486543e-05,
                    "percentage_of_circulating_supply": 6.2615447486543e-05
                },
                "0x87115428d1220f7483bfa36818fbbf2c9c7c474c": {
                    "balance": 1225221525061,
                    "percentage_of_total_supply": 1.2252215250610001e-06,
                    "percentage_of_circulating_supply": 1.2252215250610001e-06
                },
                "0xa2bddfda6fbe082d32c1b6a616fc8f1f1abe8ee7": {
                    "balance": 821355425312,
                    "percentage_of_total_supply": 8.21355425312e-07,
                    "percentage_of_circulating_supply": 8.21355425312e-07
                },
                "0xd72e613f239bb4fc260121befa2366d823259fb8": {
                    "balance": 297290452971,
                    "percentage_of_total_supply": 2.97290452971e-07,
                    "percentage_of_circulating_supply": 2.97290452971e-07
                }
            },
            "total_supply": 100000000000000000000,
            "total_circulating_supply": 100000000000000000000,
            "owner": {
                "address": "0x7c9ffbb8a97c1223c9674ce994bd8d20531eda33",
                "balance": 99999879393855369057,
                "percentage_of_supply": 99.99987939385537,
                "exceeds_5_percent": true
            },
            "creator": {},
            "holders_exceeding_5_percent": [
                {
                    "address": "0x7c9ffbb8a97c1223c9674ce994bd8d20531eda33",
                    "balance": 99999879393855369057,
                    "percentage_of_supply": 99.99987939385537
                }
            ],
            "howmany_holders_exceeding_5_percent": 1,
            "top_10_holders": [
                {
                    "address": "0x7c9ffbb8a97c1223c9674ce994bd8d20531eda33",
                    "balance": 99999879393855369057,
                    "percentage_of_total_supply": 99.99987939385537,
                    "percentage_of_circulating_supply": 99.99987939385537
                },
                {
                    "address": "0xd6083ed8c2ee667065f15eb934e36d862756b625",
                    "balance": 62615447486543,
                    "percentage_of_total_supply": 6.2615447486543e-05,
                    "percentage_of_circulating_supply": 6.2615447486543e-05
                },
                {
                    "address": "0x586bfbaab5a3bbe455e40713d5c40446e23b6826",
                    "balance": 40878147194702,
                    "percentage_of_total_supply": 4.0878147194702e-05,
                    "percentage_of_circulating_supply": 4.0878147194702e-05
                },
                {
                    "address": "0x56165c6f467bb3f7be558fd29422fca4aaf561e2",
                    "balance": 5937136810116,
                    "percentage_of_total_supply": 5.937136810116e-06,
                    "percentage_of_circulating_supply": 5.937136810116e-06
                },
                {
                    "address": "0xfb6da95d4581bd91a9d635ebf9836bb247b22a46",
                    "balance": 1637893180270,
                    "percentage_of_total_supply": 1.6378931802699999e-06,
                    "percentage_of_circulating_supply": 1.6378931802699999e-06
                },
                {
                    "address": "0x6f0f425c5f337892cb06916437bbc196e9e2438d",
                    "balance": 1254018350865,
                    "percentage_of_total_supply": 1.254018350865e-06,
                    "percentage_of_circulating_supply": 1.254018350865e-06
                },
                {
                    "address": "0x87115428d1220f7483bfa36818fbbf2c9c7c474c",
                    "balance": 1225221525061,