{
    "token_address": "0x0B9fb7FeF33610958795AAaa80b5D5927763e51d",
    "chain": "bsc",
    "token_name": "Jigstack",
    "analyses": {
        "contract": {
            "contract_name": null,
            "compiler_version": null,
            "license_type": null,
            "implementation": null,
            "source_code": null,
            "abi": null,
            "verified": false,
            "owner": "0x60c1b89cebe454a8e7086fabb5f5e13482356c5f",
            "creator": "0x60c1b89cebe454a8e7086fabb5f5e13482356c5f",
            "is_hidden_owner": false,
            "is_proxy": null,
            "is_sellable": true,
            "is_hardcoded_owner": null,
            "code_analysis": null
        },
        "holder": {
            "total_holders": 22,
            "holders_list": {
                "0x9179e2110965ac8d2cb4e913515f0e42343d297a": {
                    "balance": 480062256248,
                    "percentage_of_total_supply": 0.048006225624799996,
                    "percentage_of_circulating_supply": 0.048006225624799996
                },
                "0x0f48d33fa61869ad1aa441ca39bf642017915fc5": {
                    "balance": 5306981592,
                    "percentage_of_total_supply": 0.0005306981592,
                    "percentage_of_circulating_supply": 0.0005306981592
                },
                "0x38a255c02bf75ad015170b2f72d713d66ea0fc2a": {
                    "balance": 62414889428,
                    "percentage_of_total_supply": 0.0062414889428,
                    "percentage_of_circulating_supply": 0.0062414889428
                },
                "0xaa949178c7ae4dd8b18761486611b9c35aeeaa76": {
                    "balance": 89054707,
                    "percentage_of_total_supply": 8.905470699999999e-06,
                    "percentage_of_circulating_supply": 8.905470699999999e-06
                },
                "0xe73e04f992f00d04d78aab454be66a3f5d50e9ab": {
                    "balance": 3,
                    "percentage_of_total_supply": 3e-13,
                    "percentage_of_circulating_supply": 3e-13
                },
                "0xe91902a239513fd1c677abdb73a21eac7a6d715a": {
                    "balance": 88385624432,
                    "percentage_of_total_supply": 0.0088385624432,
                    "percentage_of_circulating_supply": 0.0088385624432
                },
                "0x616c139dd3bf09a0045eeae9d23f589b2d8195ee": {
                    "balance": 25835133608,
                    "percentage_of_total_supply": 0.0025835133607999996,
                    "percentage_of_circulating_supply": 0.0025835133607999996
                },
                "0xe5ca0506c5655fc122b6444ad8d147d026811560": {
                    "balance": 26724005809,
                    "percentage_of_total_supply": 0.0026724005809,
                    "percentage_of_circulating_supply": 0.0026724005809
                },
                "0x97fdafa86895e4c5de0769f8c450ed56df47ab04": {
                    "balance": 4242427776,
                    "percentage_of_total_supply": 0.00042424277760000004,
                    "percentage_of_circulating_supply": 0.00042424277760000004
                },
                "0x8cd92337342e1363ce180b66821ea258a819a432": {
                    "balance": 475077549399,
                    "percentage_of_total_supply": 0.0475077549399,
                    "percentage_of_circulating_supply": 0.0475077549399
                },
                "0x3f0cb4a00482ec62f2fd4de95b4d144994751f92": {
                    "balance": 8771420893,
                    "percentage_of_total_supply": 0.0008771420893,
                    "percentage_of_circulating_supply": 0.0008771420893
                },
                "0xe284080147cea63a789373d475011219353ac6bd": {
                    "balance": 931101818966,
                    "percentage_of_total_supply": 0.0931101818966,
                    "percentage_of_circulating_supply": 0.0931101818966
                },
                "0xc3b19f6c31d4dc1eb2886e852b2448ed256b43a5": {
                    "balance": 146960517788,
                    "percentage_of_total_supply": 0.014696051778799998,
                    "percentage_of_circulating_supply": 0.014696051778799998
                },
                "0x977c692287451a25545f8f8c91ab72cb0ca7d8b1": {
                    "balance": 101352295791,
                    "percentage_of_total_supply": 0.0101352295791,
                    "percentage_of_circulating_supply": 0.0101352295791
                },
                "0x984df6817d0e36bf62ccb9f96f73337bf67aa3be": {
                    "balance": 210175597450,
                    "percentage_of_total_supply": 0.021017559745,
                    "percentage_of_circulating_supply": 0.021017559745
                },
                "0xdbf23d38adeb37c9472be6e6f18086b07868048a": {
                    "balance": 2391196595048,
                    "percentage_of_total_supply": 0.2391196595048,
                    "percentage_of_circulating_supply": 0.2391196595048
                },
                "0x23a35493b6f8f6d1cf76bda31105dbf6c04e6531": {
                    "balance": 376653910,
                    "percentage_of_total_supply": 3.7665391e-05,
                    "percentage_of_circulating_supply": 3.7665391e-05
                },
                "0x0ed943ce24baebf257488771759f9bf482c39706": {
                    "balance": 151055298945,
                    "percentage_of_total_supply": 0.0151055298945,
                    "percentage_of_circulating_supply": 0.0151055298945
                },
                "0x609da17168bf640ef244482e32ea87acd99775aa": {
                    "balance": 144390743251,
                    "percentage_of_total_supply": 0.014439074325099999,
                    "percentage_of_circulating_supply": 0.014439074325099999
                },
                "0xf546951f3b11cf0e5612d1d7b66612dc665dd266": {
                    "balance": 529750240285,
                    "percentage_of_total_supply": 0.0529750240285,
                    "percentage_of_circulating_supply": 0.0529750240285
                },
                "0x39611346aa30c53a4bf0db010869fd3996215e0f": {
                    "balance": 179167662215,
                    "percentage_of_total_supply": 0.0179167662215,
                    "percentage_of_circulating_supply": 0.0179167662215
                }
            },
            "total_supply": 1000000000000000,
            "total_circulating_supply": 1000000000000000,
            "owner": {
                "address": "0x60c1b89cebe454a8e7086fabb5f5e13482356c5f",
                "balance": 994037563232456,
                "percentage_of_supply": 99.4037563232456,
                "exceeds_5_percent": true
            },
            "creator": {},
            "holders_exceeding_5_percent": [
                {
                    "address": "0x60c1b89cebe454a8e7086fabb5f5e13482356c5f",
                    "balance": 994037563232456,
                    "percentage_of_supply": 99.4037563232456
                }
            ],
            "howmany_holders_exceeding_5_percent": 1,
            "top_10_holders": [
                {
                    "address": "0x60c1b89cebe454a8e7086fabb5f5e13482356c5f",
                    "balance": 994037563232456,
                    "percentage_of_total_supply": 99.4037563232456,
                    "percentage_of_circulating_supply": 99.4037563232456
                },
                {
                    "address": "0xdbf23d38adeb37c9472be6e6f18086b07868048a",
                    "balance": 2391196595048,
                    "percentage_of_total_supply": 0.2391196595048,
                    "percentage_of_circulating_supply": 0.2391196595048
                },
                {
                    "address": "0xe284080147cea63a789373d475011219353ac6bd",
                    "balance": 931101818966,
                    "percentage_of_total_supply": 0.0931101818966,