{
    "token_address": "0x457e7116A6f7b5224C75349b0942c7C6091Af006",
    "chain": "bsc",
    "token_name": "Vulcan X",
    "analyses": {
        "contract": {
            "contract_name": null,
            "compiler_version": null,
            "license_type": null,
            "implementation": null,
            "source_code": null,
            "abi": null,
            "verified": false,
            "owner": "0x26edead70d4ca5d1b89da311fe16a83e1f6639f6",
            "creator": "0x26edead70d4ca5d1b89da311fe16a83e1f6639f6",
            "is_hidden_owner": false,
            "is_proxy": null,
            "is_sellable": false,
            "is_hardcoded_owner": null,
            "code_analysis": null
        },
        "holder": {
            "total_holders": 20,
            "holders_list": {
                "0x3ba29bb493e3d2ce4b3543e964778289903378d0": {
                    "balance": 277492180979409041821766755811328,
                    "percentage_of_total_supply": 27.749218097940904,
                    "percentage_of_circulating_supply": 27.749218097940904
                },
                "0x870fb3945452dc879e9ec0e1704eb6cb705edcc6": {
                    "balance": 118652689520887197081910693068800,
                    "percentage_of_total_supply": 11.86526895208872,
                    "percentage_of_circulating_supply": 11.86526895208872
                },
                "0xe97930f3dc80750ff5ed8505b764eb5f08191534": {
                    "balance": 111457857748408495667241428189184,
                    "percentage_of_total_supply": 11.14578577484085,
                    "percentage_of_circulating_supply": 11.14578577484085
                },
                "0x70b563e18a1ece64bd24430ed9a2d8ee98999eaa": {
                    "balance": 43108573131689433922597080268800,
                    "percentage_of_total_supply": 4.310857313168944,
                    "percentage_of_circulating_supply": 4.310857313168944
                },
                "0x53af9883f5915d51fdf42559b476bd7d379edab1": {
                    "balance": 41423782562607016697844880900096,
                    "percentage_of_total_supply": 4.142378256260701,
                    "percentage_of_circulating_supply": 4.142378256260701
                },
                "0xb2f6e817402e146ed576c0d1d5ef6563c60a5f23": {
                    "balance": 29918883888808857070447427059712,
                    "percentage_of_total_supply": 2.9918883888808856,
                    "percentage_of_circulating_supply": 2.9918883888808856
                },
                "0x6719a40308f261c114033f24a38933c6e4966b35": {
                    "balance": 27221388111168388256099607773184,
                    "percentage_of_total_supply": 2.7221388111168388,
                    "percentage_of_circulating_supply": 2.7221388111168388
                },
                "0xdc62dfd780184c1611fe78dc58751e08107f67c2": {
                    "balance": 12251203465359033146451968393216,
                    "percentage_of_total_supply": 1.2251203465359033,
                    "percentage_of_circulating_supply": 1.2251203465359033
                },
                "0x2232498934d38cb39def76e8884567d1dae48ec5": {
                    "balance": 11470549613624168441663564283904,
                    "percentage_of_total_supply": 1.1470549613624168,
                    "percentage_of_circulating_supply": 1.1470549613624168
                },
                "0x413c4f47e2f798dbd95d1ab9ad5485f6aa514105": {
                    "balance": 11317130782604902699644366094336,
                    "percentage_of_total_supply": 1.1317130782604903,
                    "percentage_of_circulating_supply": 1.1317130782604903
                },
                "0xc254a69d19410d506168eef26fb1f8caba203ca2": {
                    "balance": 7661452492052741256650696949760,
                    "percentage_of_total_supply": 0.7661452492052742,
                    "percentage_of_circulating_supply": 0.7661452492052742
                },
                "0xd4c62984e267f25f1bdd837cad2b44397cfe4a08": {
                    "balance": 6710982390241951932418604662784,
                    "percentage_of_total_supply": 0.6710982390241952,
                    "percentage_of_circulating_supply": 0.6710982390241952
                },
                "0x96b72c1014e9f2af2efb07442ebce0e355ecc6d3": {
                    "balance": 3286184303893341897027347283968,
                    "percentage_of_total_supply": 0.3286184303893342,
                    "percentage_of_circulating_supply": 0.3286184303893342
                },
                "0x3f48a82b0bd49cfd9fb2fbe323f035e831bf2815": {
                    "balance": 2807890000001000205981373693952,
                    "percentage_of_total_supply": 0.2807890000001,
                    "percentage_of_circulating_supply": 0.2807890000001
                },
                "0xe18ed7ff97a3c56915ffa75c15fb8b03c087fd89": {
                    "balance": 1580830404504031577644321472512,
                    "percentage_of_total_supply": 0.15808304045040314,
                    "percentage_of_circulating_supply": 0.15808304045040314
                },
                "0x0ed943ce24baebf257488771759f9bf482c39706": {
                    "balance": 138952576850830823720140931072,
                    "percentage_of_total_supply": 0.013895257685083082,
                    "percentage_of_circulating_supply": 0.013895257685083082
                },
                "0x4e2ffd25fdc6db3fca6b35bde01d37040430433e": {
                    "balance": 112778111110999993944536776704,
                    "percentage_of_total_supply": 0.0112778111111,
                    "percentage_of_circulating_supply": 0.0112778111111
                },
                "0xc48b610d6a179c8ca69660aaaf9e35cce32f17ad": {
                    "balance": 2978145752618888596662779904,
                    "percentage_of_total_supply": 0.0002978145752618889,
                    "percentage_of_circulating_supply": 0.0002978145752618889
                },
                "0xc1de0dda6bed0f43f499b24bca0c7e71227bd868": {
                    "balance": 11688686861,
                    "percentage_of_total_supply": 1.1688686861e-21,
                    "percentage_of_circulating_supply": 1.1688686861e-21
                }
            },
            "total_supply": 1000000000000000000000000000000000,
            "total_circulating_supply": 999999999999999995259989742164614,
            "owner": {
                "address": "0x26edead70d4ca5d1b89da311fe16a83e1f6639f6",
                "balance": 293383711771025939138316339249152,
                "percentage_of_supply": 29.338371177102594,
                "exceeds_5_percent": true
            },
            "creator": {},
            "holders_exceeding_5_percent": [
                {
                    "address": "0x26edead70d4ca5d1b89da311fe16a83e1f6639f6",
                    "balance": 293383711771025939138316339249152,
                    "percentage_of_supply": 29.338371177102594
                },
                {
                    "address": "0x3ba29bb493e3d2ce4b3543e964778289903378d0",
                    "balance": 277492180979409041821766755811328,
                    "percentage_of_supply": 27.749218097940904
                },
                {
                    "address": "0x870fb3945452dc879e9ec0e1704eb6cb705edcc6",
                    "balance": 118652689520887197081910693068800,
                    "percentage_of_supply": 11.86526895208872
                },
                {
                    "address": "0xe97930f3dc80750ff5ed8505b764eb5f08191534",
                    "balance": 111457857748408495667241428189184,
                    "percentage_of_supply": 11.14578577484085
                }
            ],
            "howmany_holders_exceeding_5_percent": 4,
            "top_10_holders": [
                {
                    "address": "0x26edead70d4ca5d1b89da311fe16a83e1f6639f6",