{
    "token_address": "0x85E84Ec6ca4719bB2Dd0f5bE6bCcdBdbd822Aef7",
    "chain": "bsc",
    "token_name": "Baby Shiba Inu",
    "analyses": {
        "contract": {
            "contract_name": null,
            "compiler_version": null,
            "license_type": null,
            "implementation": null,
            "source_code": null,
            "abi": null,
            "verified": false,
            "owner": "0x3e97fac744ad40157fc8eedb4c789476b9280c07",
            "creator": "0x3e97fac744ad40157fc8eedb4c789476b9280c07",
            "is_hidden_owner": false,
            "is_proxy": null,
            "is_sellable": false,
            "is_hardcoded_owner": null,
            "code_analysis": null
        },
        "holder": {
            "total_holders": 32,
            "holders_list": {
                "0xb721933782678a95a843a8ab6934c53b571a0405": {
                    "balance": 1.1738746690203002e+32,
                    "percentage_of_total_supply": 11.7387,
                    "percentage_of_circulating_supply": 11.7387
                },
                "0x242992c2e14b9066e05fb972961b2f773e6ce95e": {
                    "balance": 1.103033462937029e+32,
                    "percentage_of_total_supply": 11.0303,
                    "percentage_of_circulating_supply": 11.0303
                },
                "0x6e2226f5d5d29d90ce879e772c86ea9f82994aa2": {
                    "balance": 8.22006936108974e+31,
                    "percentage_of_total_supply": 8.2201,
                    "percentage_of_circulating_supply": 8.2201
                },
                "0x7db08dd1827a2192518d7bc4ee46e25dc24e4539": {
                    "balance": 2.6887548462391195e+31,
                    "percentage_of_total_supply": 2.6888,
                    "percentage_of_circulating_supply": 2.6888
                },
                "0xe4e75799f3f583f15793d079499a185c0bde987f": {
                    "balance": 2.4489568003231247e+31,
                    "percentage_of_total_supply": 2.449,
                    "percentage_of_circulating_supply": 2.449
                },
                "0x1858635f0b4c63766f744e66dc5d917f5f60062e": {
                    "balance": 2.346126039447427e+31,
                    "percentage_of_total_supply": 2.3461,
                    "percentage_of_circulating_supply": 2.3461
                },
                "0x9f5768c65021a3d006ac4df703936267a6e400ff": {
                    "balance": 1.8305297334847549e+31,
                    "percentage_of_total_supply": 1.8305,
                    "percentage_of_circulating_supply": 1.8305
                },
                "0xb5ca3973c867b87429dd5faacdc921327ebd4444": {
                    "balance": 1.2912357836651235e+31,
                    "percentage_of_total_supply": 1.2912,
                    "percentage_of_circulating_supply": 1.2912
                },
                "0xf9f00091cd874e50c37607bae5887038d8478e04": {
                    "balance": 1.2575769258383276e+31,
                    "percentage_of_total_supply": 1.2576,
                    "percentage_of_circulating_supply": 1.2576
                },
                "0x6289087b9ac8b22a444401273dc52c49d0489961": {
                    "balance": 1.1670168952865722e+31,
                    "percentage_of_total_supply": 1.167,
                    "percentage_of_circulating_supply": 1.167
                },
                "0x00a0bf8db3ddceba3336251a2134706fc76b0900": {
                    "balance": 7.085900206060017e+30,
                    "percentage_of_total_supply": 0.7086,
                    "percentage_of_circulating_supply": 0.7086
                },
                "0x9e169bd9819aa564c477c527a6009d9b97d2172b": {
                    "balance": 6.326724257263025e+30,
                    "percentage_of_total_supply": 0.6327,
                    "percentage_of_circulating_supply": 0.6327
                },
                "0xa4133c79aad62af73466d37143dd9eef788cb437": {
                    "balance": 6.205213961370603e+30,
                    "percentage_of_total_supply": 0.6205,
                    "percentage_of_circulating_supply": 0.6205
                },
                "0x00f311e557cfa981227fa32cbb7ce9ea98987fd2": {
                    "balance": 5.186448206035417e+30,
                    "percentage_of_total_supply": 0.5186,
                    "percentage_of_circulating_supply": 0.5186
                },
                "0xc87f48f3f228d7de12eaa1f108bfa476b6cf03f3": {
                    "balance": 4.9649734333661887e+30,
                    "percentage_of_total_supply": 0.4965,
                    "percentage_of_circulating_supply": 0.4965
                },
                "0x0b696d30b6a659466fafb009dc3b637524a2b0c9": {
                    "balance": 4.908340000001e+30,
                    "percentage_of_total_supply": 0.4908,
                    "percentage_of_circulating_supply": 0.4908
                },
                "0x29cae646b6eb3377db9829cb05997975d4e5e8f9": {
                    "balance": 4.8526758814312146e+30,
                    "percentage_of_total_supply": 0.4853,
                    "percentage_of_circulating_supply": 0.4853
                },
                "0x977021254d42a63b86f0b83b50d3b6d54b209912": {
                    "balance": 3e+30,
                    "percentage_of_total_supply": 0.3,
                    "percentage_of_circulating_supply": 0.3
                },
                "0x328b61cc3ca234ba2aed0db83aacf2ce7ab710fe": {
                    "balance": 2.56114889359154e+30,
                    "percentage_of_total_supply": 0.2561,
                    "percentage_of_circulating_supply": 0.2561
                },
                "0x8cb7b547f585f3ae7f4a810b88fdd029b93eb8a6": {
                    "balance": 2.48668822137848e+30,
                    "percentage_of_total_supply": 0.2487,
                    "percentage_of_circulating_supply": 0.2487
                },
                "0x4654507bad3e25c8b16f747b12cb4c23477eabe7": {
                    "balance": 1.2805264329794545e+30,
                    "percentage_of_total_supply": 0.1281,
                    "percentage_of_circulating_supply": 0.1281
                },
                "0x1c1a0269e4a14d4fc61ae72fab1dcddc078191c5": {
                    "balance": 1.3196928915802041e+29,
                    "percentage_of_total_supply": 0.0132,
                    "percentage_of_circulating_supply": 0.0132
                },
                "0xd7f236bea64621615c606a7c2fbe436fe3363f65": {
                    "balance": 1.1462949247895639e+29,
                    "percentage_of_total_supply": 0.0115,
                    "percentage_of_circulating_supply": 0.0115
                },
                "0x5b50ce902efeb195c8188830df8222d77ea8390e": {
                    "balance": 1.0200643368228626e+29,
                    "percentage_of_total_supply": 0.0102,
                    "percentage_of_circulating_supply": 0.0102
                },
                "0xdf7f6d29fcc7c6538520574a3ec8ad262b9ac9b1": {
                    "balance": 5.731474492627011e+28,
                    "percentage_of_total_supply": 0.0057,
                    "percentage_of_circulating_supply": 0.0057
                },
                "0x74aaa43ef47a65bd3c9776ba3c661ee850e23bb5": {
                    "balance": 1e+27,
                    "percentage_of_total_supply": 0.0001,
                    "percentage_of_circulating_supply": 0.0001
                },
                "0xb1b9b4bbe8a92d535f5df2368e7fd2ecfb3a1950": {
                    "balance": 4.298460622113669e+25,
                    "percentage_of_total_supply": 0.0,
                    "percentage_of_circulating_supply": 0.0
                },
                "0xdd2ad1379096fd6f9c215716947c486f86bed9ee": {
                    "balance": 6.641322298259775e+24,
                    "percentage_of_total_supply": 0.0,
                    "percentage_of_circulating_supply": 0.0
                },