{
    "token_address": "0x01451cb0590F1B6eb878C3d100CdE29DaE804C5B",
    "chain": "bsc",
    "token_name": "AtromG8",
    "analyses": {
        "contract": {
            "contract_name": null,
            "compiler_version": null,
            "license_type": null,
            "implementation": null,
            "source_code": null,
            "abi": null,
            "verified": false,
            "owner": "0xfa82c50ffe8f8be3794b2eddc6b5786b42106347",
            "creator": "0xfa82c50ffe8f8be3794b2eddc6b5786b42106347",
            "is_hidden_owner": false,
            "is_proxy": null,
            "is_sellable": true,
            "is_hardcoded_owner": null,
            "code_analysis": null
        },
        "holder": {
            "total_holders": 2,
            "holders_list": {
                "0x2e95c37c98bb874efa3544fed01062a9bb6b6675": {
                    "balance": 4,
                    "percentage_of_total_supply": 4e-13,
                    "percentage_of_circulating_supply": 3.9999999999999915e-13
                }
            },
            "total_supply": 1000000000000000,
            "total_circulating_supply": 1000000000000002,
            "owner": {
                "address": "0xfa82c50ffe8f8be3794b2eddc6b5786b42106347",
                "balance": 1000000000000000,
                "percentage_of_supply": 98.8793845116974,
                "exceeds_5_percent": true
            },
            "creator": {},
            "holders_exceeding_5_percent": [
                {
                    "address": "0xfa82c50ffe8f8be3794b2eddc6b5786b42106347",
                    "balance": 1000000000000000,
                    "percentage_of_supply": 99.9999999999998
                }
            ],
            "howmany_holders_exceeding_5_percent": 1,
            "top_10_holders": [
                {
                    "address": "0xfa82c50ffe8f8be3794b2eddc6b5786b42106347",
                    "balance": 1000000000000000,
                    "percentage_of_total_supply": 100.0,
                    "percentage_of_circulating_supply": 99.9999999999998
                },
                {
                    "address": "0x2e95c37c98bb874efa3544fed01062a9bb6b6675",
                    "balance": 4,
                    "percentage_of_total_supply": 4e-13,
                    "percentage_of_circulating_supply": 3.9999999999999915e-13
                }
            ],
            "total_top_10_balance": 1000000000000004,
            "top10_percentage_of_total_supply": 100.0000000000004,
            "top10_percentage_of_circulating_supply": 100.0000000000002,
            "top_10_less_than_70_percent_of_total": false,
            "top_10_less_than_70_percent_of_circulating": false
        },
        "liquidity": {
            "price_usd": 106.9542424315797,
            "liquidity_usd": 8.556339394526377e-16,
            "market_cap_usd": 1.0695424243157992e+17,
            "liquidity_to_market_cap_ratio": 7.999999999999984e-33,
            "token_volume": 0.0,
            "volume_usd": 0.0,
            "volume_to_liquidity_ratio": 0.0,
            "locked_liquidity_percent": 100.0,
            "locked_95_for_15_days": false,
            "creator_under_5_percent": false,
            "creator_percent_of_lp": 98.8794,
            "owner_under_5_percent": true,
            "owner_percent_of_lp": 0.0,
            "total_lp_supply": 1e-15,
            "lp_holders_count": 1,
            "lp_holders": [
                {
                    "address": "0x0000000000000000000000000000000000000000",
                    "balance": 1e-15,
                    "is_locked": true,
                    "percent": 1.0,
                    "tag": "Null Address"
                }
            ],
            "error": "Liquidity pool info could not be retrieved."
        },
        "security": {
            "warnings": null,
            "homany_warnings": 0,
            "suspicious_urls": null,
            "howmany_suspicious_urls": 0,
            "suspicious_addresses": null,
            "howmany_suspicious_addresses": 0,
            "error": "Security analysis data not available."
        },
        "lifecycle": {
            "token_age_seconds": 74252365.807114,
            "token_creation_date": "2023-03-27T14:39:36",
            "creation_to_first_trade_seconds": 0.0,
            "creation_to_first_trade_blocks": 0,
            "last_tx_hash": "0xb2c4b3f5ffeb66eaed7426556ad13bf2e092ab3f0d1bc7f6fe50019e1d49e490",
            "last_active_age": "2023-03-27T16:44:48",
            "inactive_days": 859.3154660003241
        }
    },
    "errors": []
}