{
    "token_address": "0xE29518368cAc993C9b611D8097CB74608d3F297C",
    "chain": "bsc",
    "token_name": "Cellframe",
    "analyses": {
        "contract": {
            "contract_name": null,
            "compiler_version": null,
            "license_type": null,
            "implementation": null,
            "source_code": null,
            "abi": null,
            "verified": false,
            "owner": null,
            "creator": "0xd37ae5903d6cc942834cc5741e3ea36b1cd29955",
            "is_hidden_owner": true,
            "is_proxy": null,
            "is_sellable": true,
            "is_hardcoded_owner": null,
            "code_analysis": null
        },
        "holder": {
            "total_holders": 22,
            "holders_list": {
                "0x06ed54f239b5c9edcbec0bdfbae68bf447bd05ff": {
                    "balance": 52463844093366,
                    "percentage_of_total_supply": 5.2463844093366,
                    "percentage_of_circulating_supply": 5.2463844093366
                },
                "0x8f458d590f42cda641bc7cfcd3844da35e67239f": {
                    "balance": 51568859467836,
                    "percentage_of_total_supply": 5.1568859467836,
                    "percentage_of_circulating_supply": 5.1568859467836
                },
                "0x7395cb62e4405b6c1174c2329f444af6ee7bdfd9": {
                    "balance": 42328168440049,
                    "percentage_of_total_supply": 4.232816844004899,
                    "percentage_of_circulating_supply": 4.232816844004899
                },
                "0x0559098eb61dd08571fa6379d229dd4e522c69fd": {
                    "balance": 25683655736415,
                    "percentage_of_total_supply": 2.5683655736415,
                    "percentage_of_circulating_supply": 2.5683655736415
                },
                "0xa08304b4fa9ebb60f9b0248afaa6872e57efa2a3": {
                    "balance": 24402117972345,
                    "percentage_of_total_supply": 2.4402117972345,
                    "percentage_of_circulating_supply": 2.4402117972345
                },
                "0x47bef26073181d44535eaa45bd0543172cdf405f": {
                    "balance": 6438389044854,
                    "percentage_of_total_supply": 0.6438389044854,
                    "percentage_of_circulating_supply": 0.6438389044854
                },
                "0xbac81c7e9ff93eb3de1e878502fd1782b9eaa5e2": {
                    "balance": 6068127919037,
                    "percentage_of_total_supply": 0.6068127919037,
                    "percentage_of_circulating_supply": 0.6068127919037
                },
                "0xe62a6f381659651649bd9a016fbdc0735013ae31": {
                    "balance": 4292021130659,
                    "percentage_of_total_supply": 0.4292021130659,
                    "percentage_of_circulating_supply": 0.4292021130659
                },
                "0x32f7c0a8fc97d4ae9251a84897e989042d502ac6": {
                    "balance": 2289333930015,
                    "percentage_of_total_supply": 0.2289333930015,
                    "percentage_of_circulating_supply": 0.2289333930015
                },
                "0x4f88497e3cd649048f742750a41803da24d4ec06": {
                    "balance": 1972061286886,
                    "percentage_of_total_supply": 0.1972061286886,
                    "percentage_of_circulating_supply": 0.1972061286886
                },
                "0xedb2d757793f41ccab2188637146ef9b9f153686": {
                    "balance": 1814485088153,
                    "percentage_of_total_supply": 0.1814485088153,
                    "percentage_of_circulating_supply": 0.1814485088153
                },
                "0xa85cf2c0b48830da41a15f0dfea13a5085df17ea": {
                    "balance": 1427705167856,
                    "percentage_of_total_supply": 0.1427705167856,
                    "percentage_of_circulating_supply": 0.1427705167856
                },
                "0xa499a2d3a07f5c941362609e49b457da8a94708d": {
                    "balance": 1199206124874,
                    "percentage_of_total_supply": 0.1199206124874,
                    "percentage_of_circulating_supply": 0.1199206124874
                },
                "0xdb9d0f79cbca6cbbead62054ad5225d4380a0587": {
                    "balance": 250780439132,
                    "percentage_of_total_supply": 0.0250780439132,
                    "percentage_of_circulating_supply": 0.0250780439132
                },
                "0x290d1205388b34556a76cc0260d09449cfacdbe1": {
                    "balance": 238764062824,
                    "percentage_of_total_supply": 0.0238764062824,
                    "percentage_of_circulating_supply": 0.0238764062824
                },
                "0xb7520b57ea2c31a68c77fec73095b8f6918d3e82": {
                    "balance": 182877280003,
                    "percentage_of_total_supply": 0.0182877280003,
                    "percentage_of_circulating_supply": 0.0182877280003
                },
                "0xe29518368cac993c9b611d8097cb74608d3f297c": {
                    "balance": 181109660551,
                    "percentage_of_total_supply": 0.0181109660551,
                    "percentage_of_circulating_supply": 0.0181109660551
                },
                "0xb5a3d662e0f56d807b28e51bf14617d8b7196788": {
                    "balance": 103805389514,
                    "percentage_of_total_supply": 0.0103805389514,
                    "percentage_of_circulating_supply": 0.0103805389514
                },
                "0xac9505b1a5973de5094670b15031fc8c40f7c7d3": {
                    "balance": 4599559156,
                    "percentage_of_total_supply": 0.00045995591559999996,
                    "percentage_of_circulating_supply": 0.00045995591559999996
                },
                "0xb1b9b4bbe8a92d535f5df2368e7fd2ecfb3a1950": {
                    "balance": 2502278728,
                    "percentage_of_total_supply": 0.0002502278728,
                    "percentage_of_circulating_supply": 0.0002502278728
                },
                "0x860d0174990022b963a1e3b797b90567db84f855": {
                    "balance": 1019973,
                    "percentage_of_total_supply": 1.0199730000000001e-07,
                    "percentage_of_circulating_supply": 1.0199730000000001e-07
                }
            },
            "total_supply": 1000000000000000,
            "total_circulating_supply": 1000000000000000,
            "owner": {},
            "creator": {
                "address": "0xd37ae5903d6cc942834cc5741e3ea36b1cd29955",
                "balance": 777087584907774,
                "percentage_of_supply": 77.7087584907774,
                "exceeds_5_percent": true
            },
            "holders_exceeding_5_percent": [
                {
                    "address": "0xd37ae5903d6cc942834cc5741e3ea36b1cd29955",
                    "balance": 777087584907774,
                    "percentage_of_supply": 77.7087584907774
                },
                {
                    "address": "0x06ed54f239b5c9edcbec0bdfbae68bf447bd05ff",
                    "balance": 52463844093366,
                    "percentage_of_supply": 5.2463844093366
                },
                {
                    "address": "0x8f458d590f42cda641bc7cfcd3844da35e67239f",
                    "balance": 51568859467836,
                    "percentage_of_supply": 5.1568859467836
                }
            ],
            "howmany_holders_exceeding_5_percent": 3,
            "top_10_holders": [
                {
                    "address": "0xd37ae5903d6cc942834cc5741e3ea36b1cd29955",
                    "balance": 777087584907774,
                    "percentage_of_total_supply": 77.7087584907774,