{
    "token_address": "0xF70fc5D15795C93dd5d0dc7e71D995Fb9e7cd66C",
    "chain": "bsc",
    "token_name": "BTSTOKEN",
    "analyses": {
        "contract": {
            "contract_name": null,
            "compiler_version": null,
            "license_type": null,
            "implementation": null,
            "source_code": null,
            "abi": null,
            "verified": false,
            "owner": "0x64fd449b7bebeb9ca82acc3f7d4f5b967f3bbd54",
            "creator": "0x64fd449b7bebeb9ca82acc3f7d4f5b967f3bbd54",
            "is_hidden_owner": false,
            "is_proxy": null,
            "is_sellable": false,
            "is_hardcoded_owner": null,
            "code_analysis": null
        },
        "holder": {
            "total_holders": 26,
            "holders_list": {
                "0xf1b0fdca161b9393c8923cfbdfaf7c1d40605913": {
                    "balance": 299199332362964860,
                    "percentage_of_total_supply": 4.274276176613784e-05,
                    "percentage_of_circulating_supply": 4.274276176613784e-05
                },
                "0xb07eca7e517588ee3ab37c56cf7dbfa71e1d5842": {
                    "balance": 5791561996194934805,
                    "percentage_of_total_supply": 0.0008273659994564193,
                    "percentage_of_circulating_supply": 0.0008273659994564193
                },
                "0x8d14190ef8c3e3504912a17a37cdeaa04f6701f2": {
                    "balance": 68212953625748691013,
                    "percentage_of_total_supply": 0.009744707660821241,
                    "percentage_of_circulating_supply": 0.009744707660821241
                },
                "0xe31aca9b21382bb638b385f0675781f11eff2fbe": {
                    "balance": 2265265346560505436199,
                    "percentage_of_total_supply": 0.3236093352229294,
                    "percentage_of_circulating_supply": 0.3236093352229294
                },
                "0xdf82180d69858c3c7179b1302bfcf9121f7926dc": {
                    "balance": 112099324316168138945,
                    "percentage_of_total_supply": 0.016014189188024018,
                    "percentage_of_circulating_supply": 0.016014189188024018
                },
                "0x5f375b9ede91212043a0b48eaa24e3c5a0a23de7": {
                    "balance": 2062137371862660084240,
                    "percentage_of_total_supply": 0.29459105312323713,
                    "percentage_of_circulating_supply": 0.29459105312323713
                },
                "0x2be87ad70cf11ea294d7c42044b5b8277a3e4874": {
                    "balance": 2171820046433998790174,
                    "percentage_of_total_supply": 0.3102600066334284,
                    "percentage_of_circulating_supply": 0.3102600066334284
                },
                "0x83800e55621a3fcf9add4796db22363d5a1cb609": {
                    "balance": 182663651745892418,
                    "percentage_of_total_supply": 2.6094807392270345e-05,
                    "percentage_of_circulating_supply": 2.6094807392270345e-05
                },
                "0x6c2bbaf55f0a3a60eb75627f0a1f88c36e25786d": {
                    "balance": 365182440021240349741,
                    "percentage_of_total_supply": 0.05216892000303434,
                    "percentage_of_circulating_supply": 0.05216892000303434
                },
                "0xec87a0991bb66fa0428ac09a976699f026ba13cf": {
                    "balance": 142,
                    "percentage_of_total_supply": 2.0285714285714286e-20,
                    "percentage_of_circulating_supply": 2.0285714285714286e-20
                },
                "0x597fa8fc25a1d74f50d86c02e86accd225e8908a": {
                    "balance": 1,
                    "percentage_of_total_supply": 1.4285714285714285e-22,
                    "percentage_of_circulating_supply": 1.4285714285714285e-22
                },
                "0x4a789fd1dcaffb38d919cadc1bf90393c672c776": {
                    "balance": 19563149481250838547058,
                    "percentage_of_total_supply": 2.794735640178691,
                    "percentage_of_circulating_supply": 2.794735640178691
                },
                "0xc2662b6fd17a4d30dd6b14176d40c75119d5a7fa": {
                    "balance": 64924310897721507,
                    "percentage_of_total_supply": 9.274901556817358e-06,
                    "percentage_of_circulating_supply": 9.274901556817358e-06
                },
                "0x58000f587d6d32b5ed0fc4a0cc3acedd0834aa1a": {
                    "balance": 2110121529406418410176,
                    "percentage_of_total_supply": 0.3014459327723455,
                    "percentage_of_circulating_supply": 0.3014459327723455
                },
                "0x121de2c3b55fbc73e4e5d16f25309494dac2b3ad": {
                    "balance": 13397385547851093344722,
                    "percentage_of_total_supply": 1.9139122211215849,
                    "percentage_of_circulating_supply": 1.9139122211215849
                },
                "0x910173424918f9339edbccdeee510067b6adbbee": {
                    "balance": 1539688,
                    "percentage_of_total_supply": 2.1995542857142855e-16,
                    "percentage_of_circulating_supply": 2.1995542857142855e-16
                },
                "0x0ed943ce24baebf257488771759f9bf482c39706": {
                    "balance": 4149882318153494055805,
                    "percentage_of_total_supply": 0.5928403311647849,
                    "percentage_of_circulating_supply": 0.5928403311647849
                },
                "0xcd88d7573818abe26b02f4bf19c4db44aff3c591": {
                    "balance": 1402221213760989238320,
                    "percentage_of_total_supply": 0.20031731625156987,
                    "percentage_of_circulating_supply": 0.20031731625156987
                },
                "0x14de4da856460e6857dc5689ab102fffe1ce3ff8": {
                    "balance": 29869771104228800681529,
                    "percentage_of_total_supply": 4.267110157746972,
                    "percentage_of_circulating_supply": 4.267110157746972
                },
                "0xed99c763c941e5a9e6b8d94ceb68be46593a7cbe": {
                    "balance": 2459934682318105879229,
                    "percentage_of_total_supply": 0.35141924033115796,
                    "percentage_of_circulating_supply": 0.35141924033115796
                },
                "0x760bccae4e72580776113950f58638f316e9b657": {
                    "balance": 1583054687172401137993,
                    "percentage_of_total_supply": 0.22615066959605729,
                    "percentage_of_circulating_supply": 0.22615066959605729
                },
                "0xdd6bd4366c5514248f101dfe4ffcd6c41efb1c4a": {
                    "balance": 5088352838490087648035,
                    "percentage_of_total_supply": 0.7269075483557268,
                    "percentage_of_circulating_supply": 0.7269075483557268
                },
                "0x5e3773713f0a20806168d633652b905ee7253f83": {
                    "balance": 4280807061860288401922,
                    "percentage_of_total_supply": 0.6115438659800412,
                    "percentage_of_circulating_supply": 0.6115438659800412
                },
                "0x08a98377775bee43fbbc70f6286bad83e6f89470": {
                    "balance": 6408045746802653539327,
                    "percentage_of_total_supply": 0.9154351066860933,
                    "percentage_of_circulating_supply": 0.9154351066860933
                },
                "0x63020d25038d0886ce406678e3cb954d5590ef74": {
                    "balance": 4727275504079129840962,
                    "percentage_of_total_supply": 0.6753250720113043,
                    "percentage_of_circulating_supply": 0.6753250720113043
                }
            },
            "total_supply": 700000000000000000000000,
            "total_circulating_supply": 700000000000000000000000,