{
    "token_address": "0xE085eBbB3D98f249395B2C105E5D6Fe6230a6EcF",
    "chain": "bsc",
    "token_name": "HighSphere",
    "analyses": {
        "contract": {
            "contract_name": null,
            "compiler_version": null,
            "license_type": null,
            "implementation": null,
            "source_code": null,
            "abi": null,
            "verified": false,
            "owner": "0xc892f3c50da4bdd8190ef9c6b0a98d7dfa2d0677",
            "creator": "0xc892f3c50da4bdd8190ef9c6b0a98d7dfa2d0677",
            "is_hidden_owner": false,
            "is_proxy": null,
            "is_sellable": true,
            "is_hardcoded_owner": null,
            "code_analysis": null
        },
        "holder": {
            "total_holders": 8,
            "holders_list": {
                "0xc39370d6022595a735be1c7934d060266bee11b3": {
                    "balance": 278562137168874024903,
                    "percentage_of_total_supply": 2.78562137168874e-05,
                    "percentage_of_circulating_supply": 2.78562137168874e-05
                },
                "0x87614a1f769ce6de4d2a844de6e414910cf99676": {
                    "balance": 300721321587944662651,
                    "percentage_of_total_supply": 3.0072132158794467e-05,
                    "percentage_of_circulating_supply": 3.0072132158794467e-05
                },
                "0xd34382d74aa1fbca9cf5e3a5f4c394dd04e844de": {
                    "balance": 856255667272317641759,
                    "percentage_of_total_supply": 8.562556672723177e-05,
                    "percentage_of_circulating_supply": 8.562556672723177e-05
                },
                "0xce35b6e93a5be15721dc3f84cc38e2ef8d574d76": {
                    "balance": 352912448069654129546,
                    "percentage_of_total_supply": 3.5291244806965415e-05,
                    "percentage_of_circulating_supply": 3.5291244806965415e-05
                },
                "0x6cf4efd47116dd574f5e7e005f4004781f89fb55": {
                    "balance": 728031946341774772586020,
                    "percentage_of_total_supply": 0.07280319463417748,
                    "percentage_of_circulating_supply": 0.07280319463417748
                },
                "0x0ed943ce24baebf257488771759f9bf482c39706": {
                    "balance": 133644247314155041829,
                    "percentage_of_total_supply": 1.3364424731415504e-05,
                    "percentage_of_circulating_supply": 1.3364424731415504e-05
                },
                "0x71c39fbbbe2765ae1f3e0f8247d227f04bc5cb48": {
                    "balance": 84555,
                    "percentage_of_total_supply": 8.4555e-21,
                    "percentage_of_circulating_supply": 8.4555e-21
                }
            },
            "total_supply": 1000000000000000000000000000,
            "total_circulating_supply": 1000000000000000000000000000,
            "owner": {
                "address": "0xc892f3c50da4bdd8190ef9c6b0a98d7dfa2d0677",
                "balance": 999270045957836812281828737,
                "percentage_of_supply": 99.92700459578369,
                "exceeds_5_percent": true
            },
            "creator": {},
            "holders_exceeding_5_percent": [
                {
                    "address": "0xc892f3c50da4bdd8190ef9c6b0a98d7dfa2d0677",
                    "balance": 999270045957836812281828737,
                    "percentage_of_supply": 99.92700459578369
                }
            ],
            "howmany_holders_exceeding_5_percent": 1,
            "top_10_holders": [
                {
                    "address": "0xc892f3c50da4bdd8190ef9c6b0a98d7dfa2d0677",
                    "balance": 999270045957836812281828737,
                    "percentage_of_total_supply": 99.92700459578369,
                    "percentage_of_circulating_supply": 99.92700459578369
                },
                {
                    "address": "0x6cf4efd47116dd574f5e7e005f4004781f89fb55",
                    "balance": 728031946341774772586020,
                    "percentage_of_total_supply": 0.07280319463417748,
                    "percentage_of_circulating_supply": 0.07280319463417748
                },
                {
                    "address": "0xd34382d74aa1fbca9cf5e3a5f4c394dd04e844de",
                    "balance": 856255667272317641759,
                    "percentage_of_total_supply": 8.562556672723177e-05,
                    "percentage_of_circulating_supply": 8.562556672723177e-05
                },
                {
                    "address": "0xce35b6e93a5be15721dc3f84cc38e2ef8d574d76",
                    "balance": 352912448069654129546,
                    "percentage_of_total_supply": 3.5291244806965415e-05,
                    "percentage_of_circulating_supply": 3.5291244806965415e-05
                },
                {
                    "address": "0x87614a1f769ce6de4d2a844de6e414910cf99676",
                    "balance": 300721321587944662651,
                    "percentage_of_total_supply": 3.0072132158794467e-05,
                    "percentage_of_circulating_supply": 3.0072132158794467e-05
                },
                {
                    "address": "0xc39370d6022595a735be1c7934d060266bee11b3",
                    "balance": 278562137168874024903,
                    "percentage_of_total_supply": 2.78562137168874e-05,
                    "percentage_of_circulating_supply": 2.78562137168874e-05
                },
                {
                    "address": "0x0ed943ce24baebf257488771759f9bf482c39706",
                    "balance": 133644247314155041829,
                    "percentage_of_total_supply": 1.3364424731415504e-05,
                    "percentage_of_circulating_supply": 1.3364424731415504e-05
                },
                {
                    "address": "0x71c39fbbbe2765ae1f3e0f8247d227f04bc5cb48",
                    "balance": 84555,
                    "percentage_of_total_supply": 8.4555e-21,
                    "percentage_of_circulating_supply": 8.4555e-21
                }
            ],
            "total_top_10_balance": 1000000000000000000000000000,
            "top10_percentage_of_total_supply": 100.0,
            "top10_percentage_of_circulating_supply": 100.0,
            "top_10_less_than_70_percent_of_total": false,
            "top_10_less_than_70_percent_of_circulating": false
        },
        "liquidity": {
            "price_usd": 1.909600821693841e-07,
            "liquidity_usd": 3.2293259495664543e-20,
            "market_cap_usd": 1.909600821693841e+20,
            "liquidity_to_market_cap_ratio": 1.6910999999999998e-40,
            "token_volume": 0.0,
            "volume_usd": 0.0,
            "volume_to_liquidity_ratio": 0.0,
            "locked_liquidity_percent": 100.0,
            "locked_95_for_15_days": false,
            "creator_under_5_percent": false,
            "creator_percent_of_lp": 99.927,
            "owner_under_5_percent": true,
            "owner_percent_of_lp": 0.0,
            "total_lp_supply": 1e-15,
            "lp_holders_count": 1,
            "lp_holders": [
                {
                    "address": "0x0000000000000000000000000000000000000000",
                    "balance": 1e-15,
                    "is_locked": true,
                    "percent": 1.0,
                    "tag": "Null Address"
                }
            ],
            "error": "Liquidity pool info could not be retrieved."
        },
        "security": {
            "warnings": null,
            "homany_warnings": 0,
            "suspicious_urls": null,
            "howmany_suspicious_urls": 0,
            "suspicious_addresses": null,
            "howmany_suspicious_addresses": 0,
            "error": "Security analysis data not available."
        },
        "lifecycle": {
            "token_age_seconds": 51811505.116467,
            "token_creation_date": "2023-12-12T14:32:12",