{
    "token_address": "0xB4bE37Ff3B30671b60AFDB0C54893Dd291d396aA",
    "chain": "bsc",
    "token_name": "Plair",
    "analyses": {
        "contract": {
            "contract_name": null,
            "compiler_version": null,
            "license_type": null,
            "implementation": null,
            "source_code": null,
            "abi": null,
            "verified": false,
            "owner": "0x9d36d1c5b5451f8da2502dd63dc289ea1e7eebbf",
            "creator": "0x9d36d1c5b5451f8da2502dd63dc289ea1e7eebbf",
            "is_hidden_owner": false,
            "is_proxy": null,
            "is_sellable": true,
            "is_hardcoded_owner": null,
            "code_analysis": null
        },
        "holder": {
            "total_holders": 2,
            "holders_list": {
                "0x71cefd0dfee269bad92763f08e334afad9f3ceda": {
                    "balance": 4,
                    "percentage_of_total_supply": 4e-13,
                    "percentage_of_circulating_supply": 4.0814786770539056e-13
                }
            },
            "total_supply": 1000000000000000,
            "total_circulating_supply": 980036971034057,
            "owner": {
                "address": "0x9d36d1c5b5451f8da2502dd63dc289ea1e7eebbf",
                "balance": 960073942068111,
                "percentage_of_supply": 97.96303307365206,
                "exceeds_5_percent": true
            },
            "creator": {},
            "holders_exceeding_5_percent": [
                {
                    "address": "0x9d36d1c5b5451f8da2502dd63dc289ea1e7eebbf",
                    "balance": 960073942068111,
                    "percentage_of_supply": 97.96303307365206
                }
            ],
            "howmany_holders_exceeding_5_percent": 1,
            "top_10_holders": [
                {
                    "address": "0x9d36d1c5b5451f8da2502dd63dc289ea1e7eebbf",
                    "balance": 960073942068111,
                    "percentage_of_total_supply": 96.0073942068111,
                    "percentage_of_circulating_supply": 97.96303307365206
                },
                {
                    "address": "0x71cefd0dfee269bad92763f08e334afad9f3ceda",
                    "balance": 4,
                    "percentage_of_total_supply": 4e-13,
                    "percentage_of_circulating_supply": 4.0814786770539056e-13
                }
            ],
            "total_top_10_balance": 960073942068115,
            "top10_percentage_of_total_supply": 96.0073942068115,
            "top10_percentage_of_circulating_supply": 97.96303307365247,
            "top_10_less_than_70_percent_of_total": false,
            "top_10_less_than_70_percent_of_circulating": false
        },
        "liquidity": {
            "price_usd": 104.70292040898352,
            "liquidity_usd": 8.376233632718682e-16,
            "market_cap_usd": 1.0261273297604016e+17,
            "liquidity_to_market_cap_ratio": 8.162957354107812e-33,
            "token_volume": 0.0,
            "volume_usd": 0.0,
            "volume_to_liquidity_ratio": 0.0,
            "locked_liquidity_percent": 100.0,
            "locked_95_for_15_days": false,
            "creator_under_5_percent": false,
            "creator_percent_of_lp": 96.0074,
            "owner_under_5_percent": true,
            "owner_percent_of_lp": 0.0,
            "total_lp_supply": 1e-15,
            "lp_holders_count": 1,
            "lp_holders": [
                {
                    "address": "0x0000000000000000000000000000000000000000",
                    "balance": 1e-15,
                    "is_locked": true,
                    "percent": 1.0,
                    "tag": "Null Address"
                }
            ],
            "error": "Liquidity pool info could not be retrieved."
        },
        "security": {
            "warnings": null,
            "homany_warnings": 0,
            "suspicious_urls": null,
            "howmany_suspicious_urls": 0,
            "suspicious_addresses": null,
            "howmany_suspicious_addresses": 0,
            "error": "Security analysis data not available."
        },
        "lifecycle": {
            "token_age_seconds": 79464926.14356,
            "token_creation_date": "2023-01-27T13:58:49",
            "creation_to_first_trade_seconds": 0.0,
            "creation_to_first_trade_blocks": 0,
            "last_tx_hash": "0xc9d06b62a5e51e1677fba238320566ed38e6ae44155b36c948b437b8f2e172b6",
            "last_active_age": "2023-05-22T21:16:24",
            "inactive_days": 804.4290902300579
        }
    },
    "errors": []
}