{
    "token_address": "0xc5018696eD68fe0FAb1c6E09924E345Bdf623061",
    "chain": "bsc",
    "token_name": "New Cake",
    "analyses": {
        "contract": {
            "contract_name": null,
            "compiler_version": null,
            "license_type": null,
            "implementation": null,
            "source_code": null,
            "abi": null,
            "verified": false,
            "owner": "0x55a49f2bfa51ce1acea2507683d866cceeaa713b",
            "creator": "0x55a49f2bfa51ce1acea2507683d866cceeaa713b",
            "is_hidden_owner": false,
            "is_proxy": null,
            "is_sellable": true,
            "is_hardcoded_owner": null,
            "code_analysis": null
        },
        "holder": {
            "total_holders": 20,
            "holders_list": {
                "0x555f71308ee538d83f6cadd757abb95e445373e6": {
                    "balance": 2617911918487079.0,
                    "percentage_of_total_supply": 0.0,
                    "percentage_of_circulating_supply": 0.0
                },
                "0xe6897f7d4504bae55e7c453f956a35b6498c3c92": {
                    "balance": 3.955661552281544e+30,
                    "percentage_of_total_supply": 0.3956,
                    "percentage_of_circulating_supply": 0.3956
                },
                "0x1b196e33df7a107992105e7890c556d7d187c7e5": {
                    "balance": 1.275940000001e+30,
                    "percentage_of_total_supply": 0.1276,
                    "percentage_of_circulating_supply": 0.1276
                },
                "0x2fef6e277b8a226604221178e5a255058aff3054": {
                    "balance": 1.3682762672369433e+30,
                    "percentage_of_total_supply": 0.1368,
                    "percentage_of_circulating_supply": 0.1368
                },
                "0x18dcdc4ec2be28ddf465525554dde67442fb3101": {
                    "balance": 2.989956741568478e+30,
                    "percentage_of_total_supply": 0.299,
                    "percentage_of_circulating_supply": 0.299
                },
                "0x015d9bbfd301f02cb6d98a2789012caf06f71135": {
                    "balance": 2.2992018606190662e+26,
                    "percentage_of_total_supply": 0.0,
                    "percentage_of_circulating_supply": 0.0
                },
                "0x2be87ad70cf11ea294d7c42044b5b8277a3e4874": {
                    "balance": 2.8338470716913593e+30,
                    "percentage_of_total_supply": 0.2834,
                    "percentage_of_circulating_supply": 0.2834
                },
                "0x6a147f19a2752ca956f3713d7ba84adbc26c3011": {
                    "balance": 3.2759807618728177e+30,
                    "percentage_of_total_supply": 0.3276,
                    "percentage_of_circulating_supply": 0.3276
                },
                "0x8871b6c8d4ce4f70c810e0ebaac7154e58d7e73d": {
                    "balance": 4.700391219627205e+30,
                    "percentage_of_total_supply": 0.47,
                    "percentage_of_circulating_supply": 0.47
                },
                "0x0ceaf12b00fd747884380c4d62fc055bea0103f2": {
                    "balance": 2.7e+28,
                    "percentage_of_total_supply": 0.0027,
                    "percentage_of_circulating_supply": 0.0027
                },
                "0xd1c95dbda2ff679b42e180c1174942de8edd4370": {
                    "balance": 4.004728379447236e+27,
                    "percentage_of_total_supply": 0.0004,
                    "percentage_of_circulating_supply": 0.0004
                },
                "0xf217402efa536ac01b75bac59be0a393c808a932": {
                    "balance": 3.7412556579342394e+30,
                    "percentage_of_total_supply": 0.3741,
                    "percentage_of_circulating_supply": 0.3741
                },
                "0xdf058d78d780fdd2f44e3deb9f71b75fd417a2ad": {
                    "balance": 1.1097588492916353e+30,
                    "percentage_of_total_supply": 0.111,
                    "percentage_of_circulating_supply": 0.111
                },
                "0x6cd7b6cad63280a8141c8eb7a3a140c4d59f6425": {
                    "balance": 1e+18,
                    "percentage_of_total_supply": 0.0,
                    "percentage_of_circulating_supply": 0.0
                },
                "0x43d4b4551bc9cd2f1770e5fc59b043043a80d167": {
                    "balance": 2.801865775200146e+30,
                    "percentage_of_total_supply": 0.2802,
                    "percentage_of_circulating_supply": 0.2802
                },
                "0x000000000000000000000000000000000000dead": {
                    "balance": 2.5e+32,
                    "percentage_of_total_supply": 25.0,
                    "percentage_of_circulating_supply": 25.0
                },
                "0xcb692809bf98a8201648b3c81f7231230f5cdfb1": {
                    "balance": 2.770423047712612e+30,
                    "percentage_of_total_supply": 0.277,
                    "percentage_of_circulating_supply": 0.277
                },
                "0x56a2ab9331bec754b1da886ee3e851e600485409": {
                    "balance": 2.5644323569435385e+30,
                    "percentage_of_total_supply": 0.2564,
                    "percentage_of_circulating_supply": 0.2564
                },
                "0x91836314f3a89032ff74843b87d55034fcb8b0b7": {
                    "balance": 2.8973139866275353e+29,
                    "percentage_of_total_supply": 0.029,
                    "percentage_of_circulating_supply": 0.029
                }
            },
            "total_supply": 1e+33,
            "total_circulating_supply": 1e+33,
            "owner": {
                "address": "0x55a49f2bfa51ce1acea2507683d866cceeaa713b",
                "balance": 7.162912446514093e+32,
                "percentage_of_supply": 71.6291,
                "exceeds_5_percent": true
            },
            "creator": {},
            "holders_exceeding_5_percent": [
                {
                    "address": "0x000000000000000000000000000000000000dead",
                    "balance": 2.5e+32,
                    "percentage_of_supply": 25.0
                },
                {
                    "address": "0x55a49f2bfa51ce1acea2507683d866cceeaa713b",
                    "balance": 7.162912446514093e+32,
                    "percentage_of_supply": 71.6291
                }
            ],
            "howmany_holders_exceeding_5_percent": 2,
            "top_10_holders": [
                {
                    "address": "0x55a49f2bfa51ce1acea2507683d866cceeaa713b",
                    "balance": 7.162912446514093e+32,
                    "percentage_of_total_supply": 71.6291,
                    "percentage_of_circulating_supply": 71.6291
                },
                {
                    "address": "0x000000000000000000000000000000000000dead",
                    "balance": 2.5e+32,
                    "percentage_of_total_supply": 25.0,
                    "percentage_of_circulating_supply": 25.0
                },
                {
                    "address": "0x8871b6c8d4ce4f70c810e0ebaac7154e58d7e73d",
                    "balance": 4.700391219627205e+30,
                    "percentage_of_total_supply": 0.47,
                    "percentage_of_circulating_supply": 0.47
                },
                {
                    "address": "0xe6897f7d4504bae55e7c453f956a35b6498c3c92",
                    "balance": 3.955661552281544e+30,
                    "percentage_of_total_supply": 0.3956,
                    "percentage_of_circulating_supply": 0.3956
                },
                {
                    "address": "0xf217402efa536ac01b75bac59be0a393c808a932",
                    "balance": 3.7412556579342394e+30,
                    "percentage_of_total_supply": 0.3741,