{
    "token_address": "0xD0faA262471836c6b5Dc20aaf2Ec893946F65590",
    "chain": "bsc",
    "token_name": "Rocket Moon",
    "analyses": {
        "contract": {
            "contract_name": null,
            "compiler_version": null,
            "license_type": null,
            "implementation": null,
            "source_code": null,
            "abi": null,
            "verified": false,
            "owner": null,
            "creator": "0x490f0420dc589630a01fb481b2ba6bb8bdd5128e",
            "is_hidden_owner": true,
            "is_proxy": null,
            "is_sellable": true,
            "is_hardcoded_owner": null,
            "code_analysis": null
        },
        "holder": {
            "total_holders": 8,
            "holders_list": {
                "0x2e85550e9de2c8d617c039a42231570fc8e85988": {
                    "balance": 12269091154107,
                    "percentage_of_total_supply": 0.12269091154107001,
                    "percentage_of_circulating_supply": 0.12269091154107001
                },
                "0x6b79a54b6d30e71eab11c1a05f0d5687b384c7ac": {
                    "balance": 11888957394942,
                    "percentage_of_total_supply": 0.11888957394942,
                    "percentage_of_circulating_supply": 0.11888957394942001
                },
                "0x38d6ade31f523b7533f4221b7eb7b864aa39d521": {
                    "balance": 10764638640045,
                    "percentage_of_total_supply": 0.10764638640045,
                    "percentage_of_circulating_supply": 0.10764638640045
                },
                "0x53084d2da0aabf55309dfa67bf3f6123573ccf08": {
                    "balance": 4961858211658,
                    "percentage_of_total_supply": 0.04961858211658,
                    "percentage_of_circulating_supply": 0.04961858211658001
                },
                "0xd0d9de3d6cf76ffb0e4d62f07fd3402a5ce27eb6": {
                    "balance": 2650041902797,
                    "percentage_of_total_supply": 0.02650041902797,
                    "percentage_of_circulating_supply": 0.026500419027970002
                },
                "0xab56a291535a56b3730e49e39e9654c46511e70d": {
                    "balance": 1641955692455,
                    "percentage_of_total_supply": 0.01641955692455,
                    "percentage_of_circulating_supply": 0.01641955692455
                },
                "0x8bc089d3410a2e70f7bfc324a10af641bda8825a": {
                    "balance": 19204119279,
                    "percentage_of_total_supply": 0.00019204119279,
                    "percentage_of_circulating_supply": 0.00019204119279
                }
            },
            "total_supply": 10000000000000000,
            "total_circulating_supply": 9999999999999999,
            "owner": {},
            "creator": {
                "address": "0x490f0420dc589630a01fb481b2ba6bb8bdd5128e",
                "balance": 9955804252884716,
                "percentage_of_supply": 99.55804252884718,
                "exceeds_5_percent": true
            },
            "holders_exceeding_5_percent": [
                {
                    "address": "0x490f0420dc589630a01fb481b2ba6bb8bdd5128e",
                    "balance": 9955804252884716,
                    "percentage_of_supply": 99.55804252884717
                }
            ],
            "howmany_holders_exceeding_5_percent": 1,
            "top_10_holders": [
                {
                    "address": "0x490f0420dc589630a01fb481b2ba6bb8bdd5128e",
                    "balance": 9955804252884716,
                    "percentage_of_total_supply": 99.55804252884715,
                    "percentage_of_circulating_supply": 99.55804252884717
                },
                {
                    "address": "0x2e85550e9de2c8d617c039a42231570fc8e85988",
                    "balance": 12269091154107,
                    "percentage_of_total_supply": 0.12269091154107001,
                    "percentage_of_circulating_supply": 0.12269091154107001
                },
                {
                    "address": "0x6b79a54b6d30e71eab11c1a05f0d5687b384c7ac",
                    "balance": 11888957394942,
                    "percentage_of_total_supply": 0.11888957394942,
                    "percentage_of_circulating_supply": 0.11888957394942001
                },
                {
                    "address": "0x38d6ade31f523b7533f4221b7eb7b864aa39d521",
                    "balance": 10764638640045,
                    "percentage_of_total_supply": 0.10764638640045,
                    "percentage_of_circulating_supply": 0.10764638640045
                },
                {
                    "address": "0x53084d2da0aabf55309dfa67bf3f6123573ccf08",
                    "balance": 4961858211658,
                    "percentage_of_total_supply": 0.04961858211658,
                    "percentage_of_circulating_supply": 0.04961858211658001
                },
                {
                    "address": "0xd0d9de3d6cf76ffb0e4d62f07fd3402a5ce27eb6",
                    "balance": 2650041902797,
                    "percentage_of_total_supply": 0.02650041902797,
                    "percentage_of_circulating_supply": 0.026500419027970002
                },
                {
                    "address": "0xab56a291535a56b3730e49e39e9654c46511e70d",
                    "balance": 1641955692455,
                    "percentage_of_total_supply": 0.01641955692455,
                    "percentage_of_circulating_supply": 0.01641955692455
                },
                {
                    "address": "0x8bc089d3410a2e70f7bfc324a10af641bda8825a",
                    "balance": 19204119279,
                    "percentage_of_total_supply": 0.00019204119279,
                    "percentage_of_circulating_supply": 0.00019204119279
                }
            ],
            "total_top_10_balance": 9999999999999999,
            "top10_percentage_of_total_supply": 99.99999999999999,
            "top10_percentage_of_circulating_supply": 100.0,
            "top_10_less_than_70_percent_of_total": false,
            "top_10_less_than_70_percent_of_circulating": false
        },
        "liquidity": {
            "price_usd": 8.030972094337647,
            "liquidity_usd": 3.0845549205196124e-07,
            "market_cap_usd": 8.030972094337648e+16,
            "liquidity_to_market_cap_ratio": 3.8408238558e-24,
            "token_volume": 1641955692455.0,
            "volume_usd": 13186500346244.953,
            "volume_to_liquidity_ratio": 4.2750090972682715e+19,
            "locked_liquidity_percent": 0.0,
            "locked_95_for_15_days": false,
            "creator_under_5_percent": false,
            "creator_percent_of_lp": 99.558,
            "owner_under_5_percent": true,
            "owner_percent_of_lp": 0.0,
            "total_lp_supply": 1.498052818583e-06,
            "lp_holders_count": 2,
            "lp_holders": [
                {
                    "address": "0x8cc7bc33f5188b1fb683bedc4dbffa77b136833b",
                    "balance": 1.498052817583e-06,
                    "is_locked": false,
                    "percent": 0.9999999993324667,
                    "tag": ""
                },
                {
                    "address": "0x0000000000000000000000000000000000000000",
                    "balance": 1e-15,
                    "is_locked": true,
                    "percent": 6.67533205e-10,
                    "tag": "Null Address"
                }
            ]
        },
        "security": {
            "warnings": null,
            "homany_warnings": 0,
            "suspicious_urls": null,
            "howmany_suspicious_urls": 0,
            "suspicious_addresses": null,
            "howmany_suspicious_addresses": 0,
            "error": "Security analysis data not available."
        },
        "lifecycle": {
            "token_age_seconds": 124194185.357721,