{
    "token_address": "0x5c02d428725D0F08e8381344bDb2Ace326019772",
    "chain": "bsc",
    "token_name": "SparkPulse",
    "analyses": {
        "contract": {
            "contract_name": null,
            "compiler_version": null,
            "license_type": null,
            "implementation": null,
            "source_code": null,
            "abi": null,
            "verified": false,
            "owner": "0x0cfbd2544ca41a4ed9859a39652637d66506ea7c",
            "creator": "0x0cfbd2544ca41a4ed9859a39652637d66506ea7c",
            "is_hidden_owner": false,
            "is_proxy": null,
            "is_sellable": true,
            "is_hardcoded_owner": null,
            "code_analysis": null
        },
        "holder": {
            "total_holders": 28,
            "holders_list": {
                "0xf8f4270995b9f4f0b3f2586677ed60d757a55a31": {
                    "balance": 784418155964603311490,
                    "percentage_of_total_supply": 7.844181559646033e-05,
                    "percentage_of_circulating_supply": 7.844181559646033e-05
                },
                "0x295ad4044037d13d5b71200a55c9e5b4896b503c": {
                    "balance": 331987815699849142481,
                    "percentage_of_total_supply": 3.3198781569984916e-05,
                    "percentage_of_circulating_supply": 3.3198781569984916e-05
                },
                "0x7667b2ac6684ffe00f91d3239f9114efedc5a779": {
                    "balance": 1806909463180920,
                    "percentage_of_total_supply": 1.80690946318092e-10,
                    "percentage_of_circulating_supply": 1.80690946318092e-10
                },
                "0xe0d9640d67148c87c1fd95ff463a0995ba8f2d5d": {
                    "balance": 1697410618970154241510,
                    "percentage_of_total_supply": 0.00016974106189701543,
                    "percentage_of_circulating_supply": 0.00016974106189701543
                },
                "0xbc7d81ef350ecf1b3828ce1796e80f853e737290": {
                    "balance": 1580316437564230730979,
                    "percentage_of_total_supply": 0.00015803164375642308,
                    "percentage_of_circulating_supply": 0.00015803164375642308
                },
                "0x9b909eb502e6b9fca43ba2363323ad1c0c1c4ae2": {
                    "balance": 2277690150804383952059,
                    "percentage_of_total_supply": 0.0002277690150804384,
                    "percentage_of_circulating_supply": 0.0002277690150804384
                },
                "0x1585295d35ce7ec48c002bd3a9f124d87846699a": {
                    "balance": 743192712227738569680669,
                    "percentage_of_total_supply": 0.07431927122277385,
                    "percentage_of_circulating_supply": 0.07431927122277385
                },
                "0x9b5166f1a47d3bbf329b4fbe60925a378102ca40": {
                    "balance": 4793413143792756575318,
                    "percentage_of_total_supply": 0.00047934131437927564,
                    "percentage_of_circulating_supply": 0.00047934131437927564
                },
                "0xd17ead9a845d6b17b84c1b541cf1f0ad58773d7b": {
                    "balance": 348720611792257094280,
                    "percentage_of_total_supply": 3.487206117922571e-05,
                    "percentage_of_circulating_supply": 3.487206117922571e-05
                },
                "0x8671ed58e481d074c32fbaefbd606437bf63fad1": {
                    "balance": 7040188247008126050986,
                    "percentage_of_total_supply": 0.0007040188247008126,
                    "percentage_of_circulating_supply": 0.0007040188247008126
                },
                "0xbcf710a5233e1cbee569507e67217f6cc41c74f5": {
                    "balance": 2302955367778874315420,
                    "percentage_of_total_supply": 0.0002302955367778874,
                    "percentage_of_circulating_supply": 0.0002302955367778874
                },
                "0xc185930c7b9f3196f32a867adc01abc69e0cabc1": {
                    "balance": 102310346507656040384,
                    "percentage_of_total_supply": 1.0231034650765605e-05,
                    "percentage_of_circulating_supply": 1.0231034650765605e-05
                },
                "0x72cd18ea6e32487f1dacc52e3a52f81f0bab5785": {
                    "balance": 6497904983719466606750,
                    "percentage_of_total_supply": 0.0006497904983719466,
                    "percentage_of_circulating_supply": 0.0006497904983719466
                },
                "0xebf2be69a059dd8b471b680c0842976f98eb2b49": {
                    "balance": 213660122365619275647,
                    "percentage_of_total_supply": 2.1366012236561928e-05,
                    "percentage_of_circulating_supply": 2.1366012236561928e-05
                },
                "0xaa7debc3edbfac946fad300f74a7fc6ae8930edf": {
                    "balance": 811686520088763167775,
                    "percentage_of_total_supply": 8.116865200887631e-05,
                    "percentage_of_circulating_supply": 8.116865200887631e-05
                },
                "0xba16770350b7823c2dd4cd4ba300a482a474d118": {
                    "balance": 332613957814235716014,
                    "percentage_of_total_supply": 3.326139578142357e-05,
                    "percentage_of_circulating_supply": 3.326139578142357e-05
                },
                "0x3f436f852dac355a3e1f2861eecdf36f96ef8595": {
                    "balance": 1639035784071167596974,
                    "percentage_of_total_supply": 0.00016390357840711676,
                    "percentage_of_circulating_supply": 0.00016390357840711676
                },
                "0x0ed943ce24baebf257488771759f9bf482c39706": {
                    "balance": 116860298378131191269,
                    "percentage_of_total_supply": 1.168602983781312e-05,
                    "percentage_of_circulating_supply": 1.168602983781312e-05
                },
                "0x597c10334b31ade63edb93d7b04d8aa2f2cb8852": {
                    "balance": 7686744761787460435516,
                    "percentage_of_total_supply": 0.0007686744761787461,
                    "percentage_of_circulating_supply": 0.0007686744761787461
                },
                "0xe75d605e31ce41c7bdbc23eab6a77001afac8289": {
                    "balance": 571865986442040398437,
                    "percentage_of_total_supply": 5.718659864420404e-05,
                    "percentage_of_circulating_supply": 5.718659864420404e-05
                },
                "0xe876c7fb298d0ed7d6182fc3c91e8147acca0d19": {
                    "balance": 13469507139513528116525,
                    "percentage_of_total_supply": 0.0013469507139513527,
                    "percentage_of_circulating_supply": 0.0013469507139513527
                },
                "0x46e8ec137e8531baeef00647151598a4c4f3c201": {
                    "balance": 4606356697921069785567,
                    "percentage_of_total_supply": 0.000460635669792107,
                    "percentage_of_circulating_supply": 0.000460635669792107
                },
                "0x51471a14139122da74e6a6bb18784919721cedbc": {
                    "balance": 63512376249599318745,
                    "percentage_of_total_supply": 6.351237624959932e-06,
                    "percentage_of_circulating_supply": 6.351237624959932e-06
                },
                "0xd34382d74aa1fbca9cf5e3a5f4c394dd04e844de": {
                    "balance": 320193088453516503850,
                    "percentage_of_total_supply": 3.201930884535165e-05,
                    "percentage_of_circulating_supply": 3.201930884535165e-05
                },
                "0xb26ddd907f4acecd4abadc497214f12ad4386746": {
                    "balance": 2353268359114835659835,
                    "percentage_of_total_supply": 0.00023532683591148356,