{
    "token_address": "0x3E9712fb52efeeCB4De757789ff1F608c892eD6F",
    "chain": "bsc",
    "token_name": "Melanoid",
    "analyses": {
        "contract": {
            "contract_name": null,
            "compiler_version": null,
            "license_type": null,
            "implementation": null,
            "source_code": null,
            "abi": null,
            "verified": false,
            "owner": "0xd2f815bb5896221277c02ce2db779f0482636ee1",
            "creator": "0xd2f815bb5896221277c02ce2db779f0482636ee1",
            "is_hidden_owner": false,
            "is_proxy": null,
            "is_sellable": true,
            "is_hardcoded_owner": null,
            "code_analysis": null
        },
        "holder": {
            "total_holders": 18,
            "holders_list": {
                "0x295ad4044037d13d5b71200a55c9e5b4896b503c": {
                    "balance": 2.4641911294250477e+20,
                    "percentage_of_total_supply": 0.0,
                    "percentage_of_circulating_supply": 0.0
                },
                "0x2a2361675e4f071a5dbf4d0f3f034bcb42c4c2c8": {
                    "balance": 2.360531998737445e+21,
                    "percentage_of_total_supply": 0.0002,
                    "percentage_of_circulating_supply": 0.0002
                },
                "0xd59a1381ee8558d84cbb3904ae5af7bf926ed7af": {
                    "balance": 3.953799423283109e+20,
                    "percentage_of_total_supply": 0.0,
                    "percentage_of_circulating_supply": 0.0
                },
                "0xbdc16673f0500378c162fa7197430d1483935c3c": {
                    "balance": 1.9101088674303938e+20,
                    "percentage_of_total_supply": 0.0,
                    "percentage_of_circulating_supply": 0.0
                },
                "0x786520787a50804b722e0b5807d6855935ae5364": {
                    "balance": 1.1785825914456711e+19,
                    "percentage_of_total_supply": 0.0,
                    "percentage_of_circulating_supply": 0.0
                },
                "0xc0bbe244886f40d11de3a7612330cbef420e0849": {
                    "balance": 1.2000000000000002e+19,
                    "percentage_of_total_supply": 0.0,
                    "percentage_of_circulating_supply": 0.0
                },
                "0x44abc97c142d854eda225b1184933452ba7b233e": {
                    "balance": 44090,
                    "percentage_of_total_supply": 0.0,
                    "percentage_of_circulating_supply": 0.0
                },
                "0x8ba616846cc862adca87f257192699496e5ac045": {
                    "balance": 5.793149409501953e+20,
                    "percentage_of_total_supply": 0.0001,
                    "percentage_of_circulating_supply": 0.0001
                },
                "0xe876c7fb298d0ed7d6182fc3c91e8147acca0d19": {
                    "balance": 8e+20,
                    "percentage_of_total_supply": 0.0001,
                    "percentage_of_circulating_supply": 0.0001
                },
                "0xa73566b3082bae402f607a24477dc0f3deeb96e9": {
                    "balance": 3.072816397014511e+21,
                    "percentage_of_total_supply": 0.0003,
                    "percentage_of_circulating_supply": 0.0003
                },
                "0xc713809c5a924c546ffca291ef9210b324941efb": {
                    "balance": 8.263960829789195e+22,
                    "percentage_of_total_supply": 0.0083,
                    "percentage_of_circulating_supply": 0.0083
                },
                "0x8b2b54fbc468766e3c187a2d2dfa30a3f459e615": {
                    "balance": 3.7467501767552155e+21,
                    "percentage_of_total_supply": 0.0004,
                    "percentage_of_circulating_supply": 0.0004
                },
                "0x1869d43f522a5e2e922e4c9a95520948fefb93f0": {
                    "balance": 7.662841363185926e+23,
                    "percentage_of_total_supply": 0.0766,
                    "percentage_of_circulating_supply": 0.0766
                },
                "0x45c9b3f3483dbf50dd4d6a3e5f6033954a5d9be5": {
                    "balance": 1.3904645075433604e+21,
                    "percentage_of_total_supply": 0.0001,
                    "percentage_of_circulating_supply": 0.0001
                },
                "0x0ed943ce24baebf257488771759f9bf482c39706": {
                    "balance": 1.0388497951057528e+20,
                    "percentage_of_total_supply": 0.0,
                    "percentage_of_circulating_supply": 0.0
                },
                "0xe39ab7ec3b233653c9332de1d11e5f2a6f16daf9": {
                    "balance": 1.181142446286546e+20,
                    "percentage_of_total_supply": 0.0,
                    "percentage_of_circulating_supply": 0.0
                },
                "0x228b871409ac7f8ebc24a6cde4c830333e809d9e": {
                    "balance": 2.5031101809886847e+19,
                    "percentage_of_total_supply": 0.0,
                    "percentage_of_circulating_supply": 0.0
                }
            },
            "total_supply": 1e+27,
            "total_circulating_supply": 1e+27,
            "owner": {
                "address": "0xd2f815bb5896221277c02ce2db779f0482636ee1",
                "balance": 9.991380227512686e+26,
                "percentage_of_supply": 99.9138,
                "exceeds_5_percent": true
            },
            "creator": {},
            "holders_exceeding_5_percent": [
                {
                    "address": "0xd2f815bb5896221277c02ce2db779f0482636ee1",
                    "balance": 9.991380227512686e+26,
                    "percentage_of_supply": 99.9138
                }
            ],
            "howmany_holders_exceeding_5_percent": 1,
            "top_10_holders": [
                {
                    "address": "0xd2f815bb5896221277c02ce2db779f0482636ee1",
                    "balance": 9.991380227512686e+26,
                    "percentage_of_total_supply": 99.9138,
                    "percentage_of_circulating_supply": 99.9138
                },
                {
                    "address": "0x1869d43f522a5e2e922e4c9a95520948fefb93f0",
                    "balance": 7.662841363185926e+23,
                    "percentage_of_total_supply": 0.0766,
                    "percentage_of_circulating_supply": 0.0766
                },
                {
                    "address": "0xc713809c5a924c546ffca291ef9210b324941efb",
                    "balance": 8.263960829789195e+22,
                    "percentage_of_total_supply": 0.0083,
                    "percentage_of_circulating_supply": 0.0083
                },
                {
                    "address": "0x8b2b54fbc468766e3c187a2d2dfa30a3f459e615",
                    "balance": 3.7467501767552155e+21,
                    "percentage_of_total_supply": 0.0004,
                    "percentage_of_circulating_supply": 0.0004
                },
                {
                    "address": "0xa73566b3082bae402f607a24477dc0f3deeb96e9",
                    "balance": 3.072816397014511e+21,
                    "percentage_of_total_supply": 0.0003,
                    "percentage_of_circulating_supply": 0.0003
                },
                {
                    "address": "0x2a2361675e4f071a5dbf4d0f3f034bcb42c4c2c8",
                    "balance": 2.360531998737445e+21,
                    "percentage_of_total_supply": 0.0002,
                    "percentage_of_circulating_supply": 0.0002
                },
                {
                    "address": "0x45c9b3f3483dbf50dd4d6a3e5f6033954a5d9be5",
                    "balance": 1.3904645075433604e+21,
                    "percentage_of_total_supply": 0.0001,
                    "percentage_of_circulating_supply": 0.0001
                },
                {
                    "address": "0xe876c7fb298d0ed7d6182fc3c91e8147acca0d19",