{
    "token_address": "0x4985Ff3564f8fa94Fa3462b5DFA590a2644D0646",
    "chain": "bsc",
    "token_name": "Lunar Beacon",
    "analyses": {
        "contract": {
            "contract_name": null,
            "compiler_version": null,
            "license_type": null,
            "implementation": null,
            "source_code": null,
            "abi": null,
            "verified": false,
            "owner": "0xba8843fba481dd9d8e5aec62ce692eb881900954",
            "creator": "0xba8843fba481dd9d8e5aec62ce692eb881900954",
            "is_hidden_owner": false,
            "is_proxy": null,
            "is_sellable": true,
            "is_hardcoded_owner": null,
            "code_analysis": null
        },
        "holder": {
            "total_holders": 40,
            "holders_list": {
                "0xd89cd916fd50c6b782a34d491fccdcfbeec1e44f": {
                    "balance": 8.471346036104495e+20,
                    "percentage_of_total_supply": 0.0001,
                    "percentage_of_circulating_supply": 0.0001
                },
                "0x7aa43488332a65faf0fb4d99032f680255772305": {
                    "balance": 1.0895058963330723e+20,
                    "percentage_of_total_supply": 0.0,
                    "percentage_of_circulating_supply": 0.0
                },
                "0x1e7361807ffc3830ce8ca92cd8e63aa7d1d03658": {
                    "balance": 1.2328383371789274e+21,
                    "percentage_of_total_supply": 0.0001,
                    "percentage_of_circulating_supply": 0.0001
                },
                "0xa6d86e49b2a3f0b6458caf46b1135cafc9a75382": {
                    "balance": 7.163859312256276e+19,
                    "percentage_of_total_supply": 0.0,
                    "percentage_of_circulating_supply": 0.0
                },
                "0x5fb2eb22f913193fd94eb8a34ea2073be3bfb231": {
                    "balance": 9.877344844896402e+20,
                    "percentage_of_total_supply": 0.0001,
                    "percentage_of_circulating_supply": 0.0001
                },
                "0x0a21eeb737749270ffd8cee8015e50a4bef3e148": {
                    "balance": 4.884485790029359e+20,
                    "percentage_of_total_supply": 0.0,
                    "percentage_of_circulating_supply": 0.0
                },
                "0xa91841d28dc91ff1d8dcdd7b98c845c6e827d1e3": {
                    "balance": 1.4212220471581394e+21,
                    "percentage_of_total_supply": 0.0001,
                    "percentage_of_circulating_supply": 0.0001
                },
                "0xcd48b2a1080378d7ebc21edfad0f2dd3e604eea4": {
                    "balance": 7.153584029563351e+19,
                    "percentage_of_total_supply": 0.0,
                    "percentage_of_circulating_supply": 0.0
                },
                "0x561dcc93593dfb2291538552183de28f96d4caed": {
                    "balance": 9.624708438886746e+19,
                    "percentage_of_total_supply": 0.0,
                    "percentage_of_circulating_supply": 0.0
                },
                "0x208a2950ecb6a28641953afe8e0694653a8e37a9": {
                    "balance": 1.613718292115933e+21,
                    "percentage_of_total_supply": 0.0002,
                    "percentage_of_circulating_supply": 0.0002
                },
                "0x0d9ee37e583f592adcb4b99076f4311e0b531533": {
                    "balance": 1.157757979250362e+19,
                    "percentage_of_total_supply": 0.0,
                    "percentage_of_circulating_supply": 0.0
                },
                "0xab00e55721a6e4dd63fe342f1e2f5ae64357445a": {
                    "balance": 1.216691907060023e+21,
                    "percentage_of_total_supply": 0.0001,
                    "percentage_of_circulating_supply": 0.0001
                },
                "0xae38374b7f45a95839eb015a4f63b7e6637adf25": {
                    "balance": 9.02661469031257e+23,
                    "percentage_of_total_supply": 0.0903,
                    "percentage_of_circulating_supply": 0.0903
                },
                "0x2762638e972a7c68927ba931098fdbcda53fb5e6": {
                    "balance": 1.3636880183631615e+21,
                    "percentage_of_total_supply": 0.0001,
                    "percentage_of_circulating_supply": 0.0001
                },
                "0xa2bcbdfc46b9cc510787d0d4fca043a09dc890ac": {
                    "balance": 7.036572798895154e+19,
                    "percentage_of_total_supply": 0.0,
                    "percentage_of_circulating_supply": 0.0
                },
                "0x23bda1e81456d691a6aa466ab3e44512a9c4f185": {
                    "balance": 2.99523323688272e+19,
                    "percentage_of_total_supply": 0.0,
                    "percentage_of_circulating_supply": 0.0
                },
                "0x29d42cfbc831e43a79125dfc8212efaa362537cb": {
                    "balance": 1.5027751717574895e+20,
                    "percentage_of_total_supply": 0.0,
                    "percentage_of_circulating_supply": 0.0
                },
                "0x8b5400cbc9fe6f2b66ede2565619eb3b6ee51207": {
                    "balance": 7.203990862262235e+18,
                    "percentage_of_total_supply": 0.0,
                    "percentage_of_circulating_supply": 0.0
                },
                "0x3c2b5e43a565a4d5d1d0280da3d39fb55327a44e": {
                    "balance": 1.0914406371905338e+20,
                    "percentage_of_total_supply": 0.0,
                    "percentage_of_circulating_supply": 0.0
                },
                "0x5cdc5fce87365bc866c996587d484e7cdc20b047": {
                    "balance": 2.4892095447614206e+19,
                    "percentage_of_total_supply": 0.0,
                    "percentage_of_circulating_supply": 0.0
                },
                "0x5baf157bca1e282dfd4782b710c4bb513260a8e9": {
                    "balance": 2.820413355030983e+19,
                    "percentage_of_total_supply": 0.0,
                    "percentage_of_circulating_supply": 0.0
                },
                "0xf30606cfde01c8e17fefb457f8920f96c9b0cffd": {
                    "balance": 4.102371207435592e+19,
                    "percentage_of_total_supply": 0.0,
                    "percentage_of_circulating_supply": 0.0
                },
                "0xc759e136c08994c780097541a6d384567b522aee": {
                    "balance": 9.42849489391309e+19,
                    "percentage_of_total_supply": 0.0,
                    "percentage_of_circulating_supply": 0.0
                },
                "0xbccb924cf2edac4b6c9fd2d548d3e6dbdfdfb456": {
                    "balance": 1.147584580875043e+20,
                    "percentage_of_total_supply": 0.0,
                    "percentage_of_circulating_supply": 0.0
                },
                "0x89942bb265a7e77dedb3283ba20a45fb54aa648b": {
                    "balance": 6.698480127252922e+18,
                    "percentage_of_total_supply": 0.0,
                    "percentage_of_circulating_supply": 0.0
                },
                "0xc3e36b9b174812cb8063f7169a120fa3d5c1326f": {
                    "balance": 1.401650741719929e+21,
                    "percentage_of_total_supply": 0.0001,
                    "percentage_of_circulating_supply": 0.0001
                },
                "0x5d2cc371eae9b58105b6c6a27e08847b842f377c": {
                    "balance": 1.1071784364554913e+20,
                    "percentage_of_total_supply": 0.0,
                    "percentage_of_circulating_supply": 0.0
                },
                "0x0956261fff1f50d59d01772fa05955554efd05d7": {
                    "balance": 2.8093985971018977e+19,
                    "percentage_of_total_supply": 0.0,
                    "percentage_of_circulating_supply": 0.0
                },