{
    "token_address": "0xAbe1988E539c899A238ae41B23e80008fF1cFcf4",
    "chain": "bsc",
    "token_name": "Alpha Finance Lab",
    "analyses": {
        "contract": {
            "contract_name": null,
            "compiler_version": null,
            "license_type": null,
            "implementation": null,
            "source_code": null,
            "abi": null,
            "verified": false,
            "owner": "0xc18e35d07de7bd927e5137260a920073bc588d88",
            "creator": "0xc18e35d07de7bd927e5137260a920073bc588d88",
            "is_hidden_owner": false,
            "is_proxy": null,
            "is_sellable": true,
            "is_hardcoded_owner": null,
            "code_analysis": null
        },
        "holder": {
            "total_holders": 25,
            "holders_list": {
                "0x7d3ea2ca4ea08a9854dcc41fc430a97847d47959": {
                    "balance": 7188638837,
                    "percentage_of_total_supply": 0.7188638837,
                    "percentage_of_circulating_supply": 0.7188638837
                },
                "0x3880358f01708c87c8d8d57a289ebd194f3d0a2b": {
                    "balance": 4257296119,
                    "percentage_of_total_supply": 0.42572961189999997,
                    "percentage_of_circulating_supply": 0.42572961189999997
                },
                "0x1fdaf119b1d5c2ecf9bba0bda24d38b11c4e96a7": {
                    "balance": 2740236531,
                    "percentage_of_total_supply": 0.2740236531,
                    "percentage_of_circulating_supply": 0.2740236531
                },
                "0x543311586ca2044ba300fe9cbb8c10500bc613d4": {
                    "balance": 2273101565,
                    "percentage_of_total_supply": 0.2273101565,
                    "percentage_of_circulating_supply": 0.2273101565
                },
                "0x117a42df08b6053a8357c6e8c6ecf884ca8f257a": {
                    "balance": 491590492,
                    "percentage_of_total_supply": 0.0491590492,
                    "percentage_of_circulating_supply": 0.0491590492
                },
                "0x15331b1998410224e7bf1f16f717d84f6faa82a7": {
                    "balance": 478093649,
                    "percentage_of_total_supply": 0.0478093649,
                    "percentage_of_circulating_supply": 0.0478093649
                },
                "0x5a39b74eafea796410d9f94fec0c790497825a20": {
                    "balance": 464780365,
                    "percentage_of_total_supply": 0.0464780365,
                    "percentage_of_circulating_supply": 0.0464780365
                },
                "0xd9df682bca7823257be4b106b5a380764ef11643": {
                    "balance": 452365794,
                    "percentage_of_total_supply": 0.045236579400000004,
                    "percentage_of_circulating_supply": 0.045236579400000004
                },
                "0x0c3f8a50fd3977833c1bb90621eee07ed71b85c4": {
                    "balance": 366247545,
                    "percentage_of_total_supply": 0.036624754499999995,
                    "percentage_of_circulating_supply": 0.036624754499999995
                },
                "0x4807d1653ba5d1371dc787518956cee3e4382b5a": {
                    "balance": 361712483,
                    "percentage_of_total_supply": 0.0361712483,
                    "percentage_of_circulating_supply": 0.0361712483
                },
                "0x7259a10c62aaf1b492f5bcd3cebbc67d98b04f09": {
                    "balance": 285707746,
                    "percentage_of_total_supply": 0.0285707746,
                    "percentage_of_circulating_supply": 0.0285707746
                },
                "0x57210792eaa742e3798129d4ca687573ca5c1dd9": {
                    "balance": 80243512,
                    "percentage_of_total_supply": 0.0080243512,
                    "percentage_of_circulating_supply": 0.0080243512
                },
                "0xabe1988e539c899a238ae41b23e80008ff1cfcf4": {
                    "balance": 20000000,
                    "percentage_of_total_supply": 0.002,
                    "percentage_of_circulating_supply": 0.002
                },
                "0x2c592001a8fb908bb54a21a0f8d134a385ed69a7": {
                    "balance": 19752901,
                    "percentage_of_total_supply": 0.0019752901000000002,
                    "percentage_of_circulating_supply": 0.0019752901000000002
                },
                "0x4236b6c6238bddb9133ecd90c00eca10a08e9b09": {
                    "balance": 15971847,
                    "percentage_of_total_supply": 0.0015971847,
                    "percentage_of_circulating_supply": 0.0015971847
                },
                "0xcb3652b0833df6237a53a68fefa7f133a8debf16": {
                    "balance": 13570625,
                    "percentage_of_total_supply": 0.0013570625,
                    "percentage_of_circulating_supply": 0.0013570625
                },
                "0xd0a57eb577a230f20e631b7185a121991693f7b8": {
                    "balance": 10000000,
                    "percentage_of_total_supply": 0.001,
                    "percentage_of_circulating_supply": 0.001
                },
                "0xf467b8075731a577df652f63563c41178b6c0068": {
                    "balance": 7998814,
                    "percentage_of_total_supply": 0.0007998814,
                    "percentage_of_circulating_supply": 0.0007998814
                },
                "0x0ed943ce24baebf257488771759f9bf482c39706": {
                    "balance": 6797142,
                    "percentage_of_total_supply": 0.0006797142000000001,
                    "percentage_of_circulating_supply": 0.0006797142000000001
                },
                "0x8a749ed3d1af2ad6414681d763e035a9d8b62a42": {
                    "balance": 4156857,
                    "percentage_of_total_supply": 0.00041568569999999997,
                    "percentage_of_circulating_supply": 0.00041568569999999997
                },
                "0xde5cca0821ab7aea811c8c2d0a88eb2c191b2042": {
                    "balance": 4000000,
                    "percentage_of_total_supply": 0.00039999999999999996,
                    "percentage_of_circulating_supply": 0.00039999999999999996
                },
                "0x87b68ab2fefc627af5b7ce9aa25c2335e13760fd": {
                    "balance": 2000000,
                    "percentage_of_total_supply": 0.00019999999999999998,
                    "percentage_of_circulating_supply": 0.00019999999999999998
                },
                "0x94d34c41c19ed1b1552572b682bab476758260a0": {
                    "balance": 498527,
                    "percentage_of_total_supply": 4.98527e-05,
                    "percentage_of_circulating_supply": 4.98527e-05
                },
                "0x9de8f75564725791254ec5b2eb152cee57e771c1": {
                    "balance": 1,
                    "percentage_of_total_supply": 1e-10,
                    "percentage_of_circulating_supply": 1e-10
                }
            },
            "total_supply": 1000000000000,
            "total_circulating_supply": 1000000000000,
            "owner": {
                "address": "0xc18e35d07de7bd927e5137260a920073bc588d88",
                "balance": 980455238648,
                "percentage_of_supply": 98.0455238648,
                "exceeds_5_percent": true
            },
            "creator": {},
            "holders_exceeding_5_percent": [
                {
                    "address": "0xc18e35d07de7bd927e5137260a920073bc588d88",
                    "balance": 980455238648,
                    "percentage_of_supply": 98.0455238648
                }
            ],
            "howmany_holders_exceeding_5_percent": 1,
            "top_10_holders": [
                {
                    "address": "0xc18e35d07de7bd927e5137260a920073bc588d88",
                    "balance": 980455238648,