{
    "token_address": "0x7A02C44d0EeF330bf3f2AE4db54FbA5234924972",
    "chain": "bsc",
    "token_name": "Lightstreams",
    "analyses": {
        "contract": {
            "contract_name": null,
            "compiler_version": null,
            "license_type": null,
            "implementation": null,
            "source_code": null,
            "abi": null,
            "verified": false,
            "owner": "0x1aebaf5244e7b989437ae812675cefcc08595cc5",
            "creator": "0x1aebaf5244e7b989437ae812675cefcc08595cc5",
            "is_hidden_owner": false,
            "is_proxy": null,
            "is_sellable": true,
            "is_hardcoded_owner": null,
            "code_analysis": null
        },
        "holder": {
            "total_holders": 2,
            "holders_list": {
                "0x7e24b44783643bb4f0e83e1f865c9c8c228abfa6": {
                    "balance": 4,
                    "percentage_of_total_supply": 4e-13,
                    "percentage_of_circulating_supply": 3.9999999999999915e-13
                }
            },
            "total_supply": 1000000000000000,
            "total_circulating_supply": 1000000000000002,
            "owner": {
                "address": "0x1aebaf5244e7b989437ae812675cefcc08595cc5",
                "balance": 1000000000000000,
                "percentage_of_supply": 95.7969372067583,
                "exceeds_5_percent": true
            },
            "creator": {},
            "holders_exceeding_5_percent": [
                {
                    "address": "0x1aebaf5244e7b989437ae812675cefcc08595cc5",
                    "balance": 1000000000000000,
                    "percentage_of_supply": 99.9999999999998
                }
            ],
            "howmany_holders_exceeding_5_percent": 1,
            "top_10_holders": [
                {
                    "address": "0x1aebaf5244e7b989437ae812675cefcc08595cc5",
                    "balance": 1000000000000000,
                    "percentage_of_total_supply": 100.0,
                    "percentage_of_circulating_supply": 99.9999999999998
                },
                {
                    "address": "0x7e24b44783643bb4f0e83e1f865c9c8c228abfa6",
                    "balance": 4,
                    "percentage_of_total_supply": 4e-13,
                    "percentage_of_circulating_supply": 3.9999999999999915e-13
                }
            ],
            "total_top_10_balance": 1000000000000004,
            "top10_percentage_of_total_supply": 100.0000000000004,
            "top10_percentage_of_circulating_supply": 100.0000000000002,
            "top_10_less_than_70_percent_of_total": false,
            "top_10_less_than_70_percent_of_circulating": false
        },
        "liquidity": {
            "price_usd": 98.76871056781611,
            "liquidity_usd": 7.90149684542529e-16,
            "market_cap_usd": 9.876871056781632e+16,
            "liquidity_to_market_cap_ratio": 7.999999999999984e-33,
            "token_volume": 0.0,
            "volume_usd": 0.0,
            "volume_to_liquidity_ratio": 0.0,
            "locked_liquidity_percent": 100.0,
            "locked_95_for_15_days": false,
            "creator_under_5_percent": false,
            "creator_percent_of_lp": 95.7969,
            "owner_under_5_percent": true,
            "owner_percent_of_lp": 0.0,
            "total_lp_supply": 1e-15,
            "lp_holders_count": 1,
            "lp_holders": [
                {
                    "address": "0x0000000000000000000000000000000000000000",
                    "balance": 1e-15,
                    "is_locked": true,
                    "percent": 1.0,
                    "tag": "Null Address"
                }
            ],
            "error": "Liquidity pool info could not be retrieved."
        },
        "security": {
            "warnings": null,
            "homany_warnings": 0,
            "suspicious_urls": null,
            "howmany_suspicious_urls": 0,
            "suspicious_addresses": null,
            "howmany_suspicious_addresses": 0,
            "error": "Security analysis data not available."
        },
        "lifecycle": {
            "token_age_seconds": 89495356.087767,
            "token_creation_date": "2022-10-03T12:35:44",
            "creation_to_first_trade_seconds": 0.0,
            "creation_to_first_trade_blocks": 0,
            "last_tx_hash": "0x95e5d7f46a3886659647cd47a43242cc6b773f7a89f4db0d43656c47563af1f2",
            "last_active_age": "2023-09-05T15:44:21",
            "inactive_days": 698.6949252869213
        }
    },
    "errors": []
}