{
    "token_address": "0x31BddB77c6CdE5e4d6D4ea227ad04C8839012f8B",
    "chain": "bsc",
    "token_name": "Citadel Prism",
    "analyses": {
        "contract": {
            "contract_name": null,
            "compiler_version": null,
            "license_type": null,
            "implementation": null,
            "source_code": null,
            "abi": null,
            "verified": false,
            "owner": "0xdbe9ac0770b2b72b602c9e0dc08a41038c2a492b",
            "creator": "0xdbe9ac0770b2b72b602c9e0dc08a41038c2a492b",
            "is_hidden_owner": false,
            "is_proxy": null,
            "is_sellable": true,
            "is_hardcoded_owner": null,
            "code_analysis": null
        },
        "holder": {
            "total_holders": 24,
            "holders_list": {
                "0x138dd74b2ce573dd087247cc364317771b14f87d": {
                    "balance": 3.144023059621443e+21,
                    "percentage_of_total_supply": 0.0003,
                    "percentage_of_circulating_supply": 0.0003
                },
                "0x1fde26ec0a6b936999f18e6214d483962f79db2d": {
                    "balance": 1.924313889583468e+21,
                    "percentage_of_total_supply": 0.0002,
                    "percentage_of_circulating_supply": 0.0002
                },
                "0x38944ef977529669fca65bc4fce71270032f782c": {
                    "balance": 46049,
                    "percentage_of_total_supply": 0.0,
                    "percentage_of_circulating_supply": 0.0
                },
                "0x66e4ed2905fd3c46714158d0fd05e15f3f3cde6b": {
                    "balance": 7.539629356137408e+19,
                    "percentage_of_total_supply": 0.0,
                    "percentage_of_circulating_supply": 0.0
                },
                "0x632fae04be9032663c56a9b17ded32d51369b1b8": {
                    "balance": 6.405243371346416e+19,
                    "percentage_of_total_supply": 0.0,
                    "percentage_of_circulating_supply": 0.0
                },
                "0xfae08d993d50138b20757f1bf998e1ae7572f641": {
                    "balance": 1.6986680230577304e+19,
                    "percentage_of_total_supply": 0.0,
                    "percentage_of_circulating_supply": 0.0
                },
                "0xfdbb10cb639911ac2b1554cd425a1482bd7bb54f": {
                    "balance": 3.20685868283022e+20,
                    "percentage_of_total_supply": 0.0,
                    "percentage_of_circulating_supply": 0.0
                },
                "0xc22249dcb71889f1fadc22d19c0c646bae42c537": {
                    "balance": 3.4113908759478623e+21,
                    "percentage_of_total_supply": 0.0003,
                    "percentage_of_circulating_supply": 0.0003
                },
                "0xa4fe9320dc5fa9e58a6416d8370135a79d303058": {
                    "balance": 2.1470858455593763e+20,
                    "percentage_of_total_supply": 0.0,
                    "percentage_of_circulating_supply": 0.0
                },
                "0xa20abbc215143e149ccaa624ce5e61182ce81f35": {
                    "balance": 4.079808123727178e+21,
                    "percentage_of_total_supply": 0.0004,
                    "percentage_of_circulating_supply": 0.0004
                },
                "0x15916f68dff463da25771c6dd18601df098f98f5": {
                    "balance": 2.3763912623530794e+21,
                    "percentage_of_total_supply": 0.0002,
                    "percentage_of_circulating_supply": 0.0002
                },
                "0x4339c16c9a2ea43d4e03d728cfced547432f0732": {
                    "balance": 4.314575991092373e+21,
                    "percentage_of_total_supply": 0.0004,
                    "percentage_of_circulating_supply": 0.0004
                },
                "0xcf851903f7b695804e1c9f76dab84c3b604b86c4": {
                    "balance": 1.3987804616638423e+20,
                    "percentage_of_total_supply": 0.0,
                    "percentage_of_circulating_supply": 0.0
                },
                "0x8f471442e2d1e00db70cb9ff291da2e0019abc4d": {
                    "balance": 2.4302028554186758e+22,
                    "percentage_of_total_supply": 0.0024,
                    "percentage_of_circulating_supply": 0.0024
                },
                "0x66d260f92ec25d05628cb9bd838b31a346748693": {
                    "balance": 1.0000000000000035e+18,
                    "percentage_of_total_supply": 0.0,
                    "percentage_of_circulating_supply": 0.0
                },
                "0xd4495b04393f72e241cabe66bfaf5d9535ee0a5f": {
                    "balance": 1.8280840873985347e+21,
                    "percentage_of_total_supply": 0.0002,
                    "percentage_of_circulating_supply": 0.0002
                },
                "0x6245aa624fb1367a4d65a9427da465da1594189c": {
                    "balance": 1.4670983113914107e+21,
                    "percentage_of_total_supply": 0.0001,
                    "percentage_of_circulating_supply": 0.0001
                },
                "0x8990cfe8292c378d5c9daabcd2f6c1478727d77a": {
                    "balance": 4.081845390327933e+21,
                    "percentage_of_total_supply": 0.0004,
                    "percentage_of_circulating_supply": 0.0004
                },
                "0xf903d49f70a4ed79e3a0b403312c5fce39b6bf19": {
                    "balance": 2.6670100360687722e+19,
                    "percentage_of_total_supply": 0.0,
                    "percentage_of_circulating_supply": 0.0
                },
                "0x780edc5623f292f70027e715a2736136efe47812": {
                    "balance": 2.471226847069158e+21,
                    "percentage_of_total_supply": 0.0002,
                    "percentage_of_circulating_supply": 0.0002
                },
                "0x855942fb8648c5025f11679e44127958503768b7": {
                    "balance": 7.979450454834513e+23,
                    "percentage_of_total_supply": 0.0798,
                    "percentage_of_circulating_supply": 0.0798
                },
                "0x0ed943ce24baebf257488771759f9bf482c39706": {
                    "balance": 1.0776443339595663e+20,
                    "percentage_of_total_supply": 0.0,
                    "percentage_of_circulating_supply": 0.0
                },
                "0x727dc797271905e1f26599bebd9851863c11fb28": {
                    "balance": 6.20545863645809e+20,
                    "percentage_of_total_supply": 0.0001,
                    "percentage_of_circulating_supply": 0.0001
                }
            },
            "total_supply": 1e+27,
            "total_circulating_supply": 1e+27,
            "owner": {
                "address": "0xdbe9ac0770b2b72b602c9e0dc08a41038c2a492b",
                "balance": 9.991470664798199e+26,
                "percentage_of_supply": 99.9147,
                "exceeds_5_percent": true
            },
            "creator": {},
            "holders_exceeding_5_percent": [
                {
                    "address": "0xdbe9ac0770b2b72b602c9e0dc08a41038c2a492b",
                    "balance": 9.991470664798199e+26,
                    "percentage_of_supply": 99.9147
                }
            ],
            "howmany_holders_exceeding_5_percent": 1,
            "top_10_holders": [
                {
                    "address": "0xdbe9ac0770b2b72b602c9e0dc08a41038c2a492b",
                    "balance": 9.991470664798199e+26,
                    "percentage_of_total_supply": 99.9147,
                    "percentage_of_circulating_supply": 99.9147
                },
                {
                    "address": "0x855942fb8648c5025f11679e44127958503768b7",
                    "balance": 7.979450454834513e+23,
                    "percentage_of_total_supply": 0.0798,