{
    "token_address": "0x5bDD043031EB6Db6f02A208F8f7eAAAC5e1A32c6",
    "chain": "bsc",
    "token_name": "Chatlow Defi",
    "analyses": {
        "contract": {
            "contract_name": null,
            "compiler_version": null,
            "license_type": null,
            "implementation": null,
            "source_code": null,
            "abi": null,
            "verified": false,
            "owner": "0x15a5c0f16bcd7837cf0809f45444a85ac0fe74a5",
            "creator": "0x15a5c0f16bcd7837cf0809f45444a85ac0fe74a5",
            "is_hidden_owner": false,
            "is_proxy": null,
            "is_sellable": true,
            "is_hardcoded_owner": null,
            "code_analysis": null
        },
        "holder": {
            "total_holders": 49,
            "holders_list": {
                "0xd86995729f7fb746fda4a25b6ee492846e28eabe": {
                    "balance": 44252136442,
                    "percentage_of_total_supply": 44.252136442,
                    "percentage_of_circulating_supply": 44.252136442
                },
                "0x7fa98eca56b554ecc6abcdeca6dc9d18e9a31b24": {
                    "balance": 10218971128,
                    "percentage_of_total_supply": 10.218971128,
                    "percentage_of_circulating_supply": 10.218971128
                },
                "0x30ed5aac1cec0e55caefba26120a06b81624ffcb": {
                    "balance": 8710498910,
                    "percentage_of_total_supply": 8.71049891,
                    "percentage_of_circulating_supply": 8.71049891
                },
                "0x3c149286dba9d92d76ae73c3d3f5ee6845905df1": {
                    "balance": 3916716471,
                    "percentage_of_total_supply": 3.916716471,
                    "percentage_of_circulating_supply": 3.916716471
                },
                "0x29f64f85febba5be1260ddb67dbc68cbb25551d6": {
                    "balance": 2043942756,
                    "percentage_of_total_supply": 2.043942756,
                    "percentage_of_circulating_supply": 2.043942756
                },
                "0x2c7d8ac6864a7fe96a014f18343f67477eae050a": {
                    "balance": 1888751157,
                    "percentage_of_total_supply": 1.8887511570000002,
                    "percentage_of_circulating_supply": 1.8887511570000002
                },
                "0x3b251e638a82b6cf092edd9160d173d63c1e79ab": {
                    "balance": 1289860778,
                    "percentage_of_total_supply": 1.289860778,
                    "percentage_of_circulating_supply": 1.289860778
                },
                "0x19af7edb87383bd595fb502c73fefb44a143b8de": {
                    "balance": 1225672666,
                    "percentage_of_total_supply": 1.225672666,
                    "percentage_of_circulating_supply": 1.225672666
                },
                "0x6edb7605bfe92313d4e26f641fbec60d6cbe5e57": {
                    "balance": 1088985380,
                    "percentage_of_total_supply": 1.08898538,
                    "percentage_of_circulating_supply": 1.08898538
                },
                "0x7376971176e67c466cf611cbda3755a992a9c544": {
                    "balance": 918742729,
                    "percentage_of_total_supply": 0.918742729,
                    "percentage_of_circulating_supply": 0.918742729
                },
                "0x8623dd3687ac812401013888b40c98feb4a61ea9": {
                    "balance": 855930417,
                    "percentage_of_total_supply": 0.855930417,
                    "percentage_of_circulating_supply": 0.855930417
                },
                "0xbe35baa3d6145f1cb8300455a177ede3452bb9b9": {
                    "balance": 847532669,
                    "percentage_of_total_supply": 0.847532669,
                    "percentage_of_circulating_supply": 0.847532669
                },
                "0xedf7c9a6dd05725d7d80c083b60f1d97061f07e6": {
                    "balance": 828466740,
                    "percentage_of_total_supply": 0.8284667399999999,
                    "percentage_of_circulating_supply": 0.8284667399999999
                },
                "0x99fd301323f6d1680e9e3a1dfac0ee424181ff19": {
                    "balance": 548240041,
                    "percentage_of_total_supply": 0.548240041,
                    "percentage_of_circulating_supply": 0.548240041
                },
                "0x7b507c664a6709e471917aa7b8cf880f294fa473": {
                    "balance": 487587532,
                    "percentage_of_total_supply": 0.48758753199999993,
                    "percentage_of_circulating_supply": 0.48758753199999993
                },
                "0x76b7a9344fb95d0e21ac700a5c7054344d828aac": {
                    "balance": 486325794,
                    "percentage_of_total_supply": 0.486325794,
                    "percentage_of_circulating_supply": 0.486325794
                },
                "0x382e0cd89b4cc9bad98f4e0f3b0ab44e381cab28": {
                    "balance": 390670784,
                    "percentage_of_total_supply": 0.390670784,
                    "percentage_of_circulating_supply": 0.390670784
                },
                "0x3ffde9d192956f85f3b9f8384e8457475b6048b8": {
                    "balance": 365606001,
                    "percentage_of_total_supply": 0.365606001,
                    "percentage_of_circulating_supply": 0.365606001
                },
                "0x07aaebcf1f8060d892450c4ba372c51c466dd364": {
                    "balance": 293503641,
                    "percentage_of_total_supply": 0.293503641,
                    "percentage_of_circulating_supply": 0.293503641
                },
                "0x0b555729d6090c5d15c82bad15494de1c56293fc": {
                    "balance": 262254075,
                    "percentage_of_total_supply": 0.26225407500000003,
                    "percentage_of_circulating_supply": 0.26225407500000003
                },
                "0x71a1586b2a2fef359900739562c1f51a63a2f3c7": {
                    "balance": 229233332,
                    "percentage_of_total_supply": 0.229233332,
                    "percentage_of_circulating_supply": 0.229233332
                },
                "0x28ac4704b92d2e9b10ecde6cbf42f1fb627ae1c2": {
                    "balance": 168464531,
                    "percentage_of_total_supply": 0.168464531,
                    "percentage_of_circulating_supply": 0.168464531
                },
                "0xca41cd1991617bb74398ff870033c4405759843d": {
                    "balance": 161315615,
                    "percentage_of_total_supply": 0.161315615,
                    "percentage_of_circulating_supply": 0.161315615
                },
                "0xb76835998c648ccec4939185e9db6cd543e2f862": {
                    "balance": 157824624,
                    "percentage_of_total_supply": 0.157824624,
                    "percentage_of_circulating_supply": 0.157824624
                },
                "0x5bdd043031eb6db6f02a208f8f7eaaac5e1a32c6": {
                    "balance": 92822055,
                    "percentage_of_total_supply": 0.092822055,
                    "percentage_of_circulating_supply": 0.092822055
                },
                "0xd2dfdbe83ecf1d0aebbc653c791acbeb4205b2b4": {
                    "balance": 87829790,
                    "percentage_of_total_supply": 0.08782978999999999,
                    "percentage_of_circulating_supply": 0.08782978999999999
                },
                "0xa3b1214f5a6bdf53b2578797e6dc22884f8e717d": {
                    "balance": 76280947,
                    "percentage_of_total_supply": 0.076280947,
                    "percentage_of_circulating_supply": 0.076280947
                },
                "0x78432fbb3c04c6946c1c0bb6a18afd70f6710fa4": {
                    "balance": 66892553,
                    "percentage_of_total_supply": 0.066892553,