{
    "token_address": "0xc760D3b6EC993c5d27bBE6C59ebb0ecf82f40fD5",
    "chain": "bsc",
    "token_name": "REDFALCON",
    "analyses": {
        "contract": {
            "contract_name": null,
            "compiler_version": null,
            "license_type": null,
            "implementation": null,
            "source_code": null,
            "abi": null,
            "verified": false,
            "owner": "0x6fbe515cf3d13edacecbbd49b7aaf3c38e456066",
            "creator": "0x6fbe515cf3d13edacecbbd49b7aaf3c38e456066",
            "is_hidden_owner": false,
            "is_proxy": null,
            "is_sellable": true,
            "is_hardcoded_owner": null,
            "code_analysis": null
        },
        "holder": {
            "total_holders": 5,
            "holders_list": {
                "0x5d331c70c6214e07883804f9c23edc7ba61484d8": {
                    "balance": 3.992061774711424e+17,
                    "percentage_of_total_supply": 39.9206,
                    "percentage_of_circulating_supply": 40.0019
                },
                "0xc71b11482210b8c81ce5ac7f6001bd2aaf3c1e07": {
                    "balance": 4.9298215070758584e+16,
                    "percentage_of_total_supply": 4.9298,
                    "percentage_of_circulating_supply": 4.9399
                },
                "0x3b2fcef7671e587842db72518c7a858d35435eb8": {
                    "balance": 254389796017723.0,
                    "percentage_of_total_supply": 0.0254,
                    "percentage_of_circulating_supply": 0.0255
                },
                "0x3b918e64ddccac5a01a7ceee306431237233353c": {
                    "balance": 148685391624013.0,
                    "percentage_of_total_supply": 0.0149,
                    "percentage_of_circulating_supply": 0.0149
                }
            },
            "total_supply": 1e+18,
            "total_circulating_supply": 9.979684370463407e+17,
            "owner": {
                "address": "0x6fbe515cf3d13edacecbbd49b7aaf3c38e456066",
                "balance": 5.470294063631387e+17,
                "percentage_of_supply": 54.8143,
                "exceeds_5_percent": true
            },
            "creator": {},
            "holders_exceeding_5_percent": [
                {
                    "address": "0x6fbe515cf3d13edacecbbd49b7aaf3c38e456066",
                    "balance": 5.470294063631387e+17,
                    "percentage_of_supply": 54.8143
                },
                {
                    "address": "0x5d331c70c6214e07883804f9c23edc7ba61484d8",
                    "balance": 3.992061774711424e+17,
                    "percentage_of_supply": 40.0019
                }
            ],
            "howmany_holders_exceeding_5_percent": 2,
            "top_10_holders": [
                {
                    "address": "0x6fbe515cf3d13edacecbbd49b7aaf3c38e456066",
                    "balance": 5.470294063631387e+17,
                    "percentage_of_total_supply": 54.7029,
                    "percentage_of_circulating_supply": 54.8143
                },
                {
                    "address": "0x5d331c70c6214e07883804f9c23edc7ba61484d8",
                    "balance": 3.992061774711424e+17,
                    "percentage_of_total_supply": 39.9206,
                    "percentage_of_circulating_supply": 40.0019
                },
                {
                    "address": "0xc71b11482210b8c81ce5ac7f6001bd2aaf3c1e07",
                    "balance": 4.9298215070758584e+16,
                    "percentage_of_total_supply": 4.9298,
                    "percentage_of_circulating_supply": 4.9399
                },
                {
                    "address": "0x3b2fcef7671e587842db72518c7a858d35435eb8",
                    "balance": 254389796017723.0,
                    "percentage_of_total_supply": 0.0254,
                    "percentage_of_circulating_supply": 0.0255
                },
                {
                    "address": "0x3b918e64ddccac5a01a7ceee306431237233353c",
                    "balance": 148685391624013.0,
                    "percentage_of_total_supply": 0.0149,
                    "percentage_of_circulating_supply": 0.0149
                }
            ],
            "total_top_10_balance": 9.959368740926815e+17,
            "top10_percentage_of_total_supply": 99.5937,
            "top10_percentage_of_circulating_supply": 99.7964,
            "top_10_less_than_70_percent_of_total": false,
            "top_10_less_than_70_percent_of_circulating": false
        },
        "liquidity": {
            "price_usd": 0.005151422938756465,
            "liquidity_usd": 1.5318826741398578e-06,
            "market_cap_usd": 5140957498755457.0,
            "liquidity_to_market_cap_ratio": 2.979761405362137e-22,
            "token_volume": 654304517.9698855,
            "volume_usd": 3370599.30280206,
            "volume_to_liquidity_ratio": 2200298599691.8003,
            "locked_liquidity_percent": 0.0,
            "locked_95_for_15_days": false,
            "creator_under_5_percent": false,
            "creator_percent_of_lp": 54.7029,
            "owner_under_5_percent": true,
            "owner_percent_of_lp": 0.0,
            "total_lp_supply": 0.000307926306190231,
            "lp_holders_count": 2,
            "lp_holders": [
                {
                    "address": "0x0ed943ce24baebf257488771759f9bf482c39706",
                    "balance": 0.000307926306189231,
                    "is_locked": false,
                    "percent": 0.9999999999967525,
                    "tag": ""
                },
                {
                    "address": "0x0000000000000000000000000000000000000000",
                    "balance": 1e-15,
                    "is_locked": true,
                    "percent": 3.24753e-12,
                    "tag": "Null Address"
                }
            ]
        },
        "security": {
            "warnings": null,
            "homany_warnings": 0,
            "suspicious_urls": null,
            "howmany_suspicious_urls": 0,
            "suspicious_addresses": null,
            "howmany_suspicious_addresses": 0,
            "error": "Security analysis data not available."
        },
        "lifecycle": {
            "token_age_seconds": 73969745.7426,
            "token_creation_date": "2023-03-30T20:20:27",
            "creation_to_first_trade_seconds": 0.0,
            "creation_to_first_trade_blocks": 0,
            "last_tx_hash": "0x7b1d765d2862b7442c2e4dcd4943e8bd93af5a3d27620afb0723a6f1497d71da",
            "last_active_age": "2023-03-30T21:25:10",
            "inactive_days": 856.0864
        }
    },
    "errors": []
}