{
    "token_address": "0x5A85fce8FE6333EF45AB1D32fEA86190A4133Dc3",
    "chain": "bsc",
    "token_name": "Ferrum Network",
    "analyses": {
        "contract": {
            "contract_name": null,
            "compiler_version": null,
            "license_type": null,
            "implementation": null,
            "source_code": null,
            "abi": null,
            "verified": false,
            "owner": "0xf1c16090f11b176a366a47260b5e74c07e7c92b5",
            "creator": "0xf1c16090f11b176a366a47260b5e74c07e7c92b5",
            "is_hidden_owner": false,
            "is_proxy": null,
            "is_sellable": true,
            "is_hardcoded_owner": null,
            "code_analysis": null
        },
        "holder": {
            "total_holders": 2,
            "holders_list": {
                "0xf3ff7a04fbd61ee306fc7104def004701a1ee59d": {
                    "balance": 1,
                    "percentage_of_total_supply": 1e-13,
                    "percentage_of_circulating_supply": 1e-13
                }
            },
            "total_supply": 1000000000000000,
            "total_circulating_supply": 1000000000000000,
            "owner": {
                "address": "0xf1c16090f11b176a366a47260b5e74c07e7c92b5",
                "balance": 1000000000000000,
                "percentage_of_supply": 99.9868130627811,
                "exceeds_5_percent": true
            },
            "creator": {},
            "holders_exceeding_5_percent": [
                {
                    "address": "0xf1c16090f11b176a366a47260b5e74c07e7c92b5",
                    "balance": 1000000000000000,
                    "percentage_of_supply": 100.0
                }
            ],
            "howmany_holders_exceeding_5_percent": 1,
            "top_10_holders": [
                {
                    "address": "0xf1c16090f11b176a366a47260b5e74c07e7c92b5",
                    "balance": 1000000000000000,
                    "percentage_of_total_supply": 100.0,
                    "percentage_of_circulating_supply": 100.0
                },
                {
                    "address": "0xf3ff7a04fbd61ee306fc7104def004701a1ee59d",
                    "balance": 1,
                    "percentage_of_total_supply": 1e-13,
                    "percentage_of_circulating_supply": 1e-13
                }
            ],
            "total_top_10_balance": 1000000000000001,
            "top10_percentage_of_total_supply": 100.00000000000011,
            "top10_percentage_of_circulating_supply": 100.00000000000011,
            "top_10_less_than_70_percent_of_total": false,
            "top_10_less_than_70_percent_of_circulating": false
        },
        "liquidity": {
            "price_usd": 31029.824059838847,
            "liquidity_usd": 6.20596481196777e-14,
            "market_cap_usd": 3.102982405983885e+19,
            "liquidity_to_market_cap_ratio": 2e-33,
            "token_volume": 0.0,
            "volume_usd": 0.0,
            "volume_to_liquidity_ratio": 0.0,
            "locked_liquidity_percent": 100.0,
            "locked_95_for_15_days": false,
            "creator_under_5_percent": false,
            "creator_percent_of_lp": 99.9868,
            "owner_under_5_percent": true,
            "owner_percent_of_lp": 0.0,
            "total_lp_supply": 1e-15,
            "lp_holders_count": 1,
            "lp_holders": [
                {
                    "address": "0x0000000000000000000000000000000000000000",
                    "balance": 1e-15,
                    "is_locked": true,
                    "percent": 1.0,
                    "tag": "Null Address"
                }
            ],
            "error": "Liquidity pool info could not be retrieved."
        },
        "security": {
            "warnings": null,
            "homany_warnings": 0,
            "suspicious_urls": null,
            "howmany_suspicious_urls": 0,
            "suspicious_addresses": null,
            "howmany_suspicious_addresses": 0,
            "error": "Security analysis data not available."
        },
        "lifecycle": {
            "token_age_seconds": 71532642.460399,
            "token_creation_date": "2023-04-29T11:06:38",
            "creation_to_first_trade_seconds": 0.0,
            "creation_to_first_trade_blocks": 0,
            "last_tx_hash": "0xd085e4259356e39c0bdc0860b0d17ad91c8d0beafd15f06917558bbc206018cc",
            "last_active_age": "2023-05-11T22:00:20",
            "inactive_days": 815.470171575706
        }
    },
    "errors": []
}