{
    "token_address": "0x1de2C2d8166304B0E6Ca6a83c592570BE9796F05",
    "chain": "bsc",
    "token_name": "SINOVATE",
    "analyses": {
        "contract": {
            "contract_name": null,
            "compiler_version": null,
            "license_type": null,
            "implementation": null,
            "source_code": null,
            "abi": null,
            "verified": false,
            "owner": "0xa2ce35a5c66b5effe6c1f6bc30dfb6f1f9d71485",
            "creator": "0xa2ce35a5c66b5effe6c1f6bc30dfb6f1f9d71485",
            "is_hidden_owner": false,
            "is_proxy": null,
            "is_sellable": true,
            "is_hardcoded_owner": null,
            "code_analysis": null
        },
        "holder": {
            "total_holders": 18,
            "holders_list": {
                "0xb9f1fb796cf182db3f33f6ee250c2eea09074300": {
                    "balance": 1542018955,
                    "percentage_of_total_supply": 0.0001542018955,
                    "percentage_of_circulating_supply": 0.0001542018955
                },
                "0x2cbae26489845d9d1362f757cba3bfc9d39eeee4": {
                    "balance": 26284365794,
                    "percentage_of_total_supply": 0.0026284365794000003,
                    "percentage_of_circulating_supply": 0.0026284365794000003
                },
                "0xc2e28eccae5bf1410c20bb05b5218c8bd50d9c1e": {
                    "balance": 14188309632,
                    "percentage_of_total_supply": 0.0014188309632,
                    "percentage_of_circulating_supply": 0.0014188309632
                },
                "0xe89370fdac494e78e701c5856b1f9aebbc10ccd5": {
                    "balance": 220283417124,
                    "percentage_of_total_supply": 0.0220283417124,
                    "percentage_of_circulating_supply": 0.0220283417124
                },
                "0x29da15d061f345ebac19a418fd0e376fd9ac39be": {
                    "balance": 194540031260,
                    "percentage_of_total_supply": 0.019454003126,
                    "percentage_of_circulating_supply": 0.019454003126
                },
                "0x9c447a6ff653cede6907b252a286f4e1ced596d4": {
                    "balance": 345222166669,
                    "percentage_of_total_supply": 0.0345222166669,
                    "percentage_of_circulating_supply": 0.0345222166669
                },
                "0x8aed5a5fc647db91f858bea855099a66f735c0d3": {
                    "balance": 463852493517,
                    "percentage_of_total_supply": 0.0463852493517,
                    "percentage_of_circulating_supply": 0.0463852493517
                },
                "0x7900ac2dd1fa439b243c62dbe221f0a4f7b983f8": {
                    "balance": 796260000953,
                    "percentage_of_total_supply": 0.07962600009529999,
                    "percentage_of_circulating_supply": 0.07962600009529999
                },
                "0xc793852850d93ee8d0abd8da6c7d6061c251bbe6": {
                    "balance": 293253864059,
                    "percentage_of_total_supply": 0.029325386405900003,
                    "percentage_of_circulating_supply": 0.029325386405900003
                },
                "0x4857aa74eeddbfaa37bd623294d3c948eb0f3bcb": {
                    "balance": 4,
                    "percentage_of_total_supply": 4e-13,
                    "percentage_of_circulating_supply": 4e-13
                },
                "0x0c5318bdef0ca86aa3901f097b2144963c42b437": {
                    "balance": 7331839886,
                    "percentage_of_total_supply": 0.0007331839886,
                    "percentage_of_circulating_supply": 0.0007331839886
                },
                "0x8604f00bec132854177f990d32b3ffab984313ba": {
                    "balance": 9517340808,
                    "percentage_of_total_supply": 0.0009517340807999999,
                    "percentage_of_circulating_supply": 0.0009517340807999999
                },
                "0x3e142427c09cd84e0b6f3f38196add4fa4a25f7c": {
                    "balance": 4173257732,
                    "percentage_of_total_supply": 0.0004173257732,
                    "percentage_of_circulating_supply": 0.0004173257732
                },
                "0xaab03bc4b0e3314fe005f4f880126f04ce073db7": {
                    "balance": 102372607116,
                    "percentage_of_total_supply": 0.0102372607116,
                    "percentage_of_circulating_supply": 0.0102372607116
                },
                "0x17ef223f0ade0093d7a3aab60f8f5347db3b6a9b": {
                    "balance": 7504551209,
                    "percentage_of_total_supply": 0.0007504551209,
                    "percentage_of_circulating_supply": 0.0007504551209
                },
                "0x0ed943ce24baebf257488771759f9bf482c39706": {
                    "balance": 168352154430,
                    "percentage_of_total_supply": 0.016835215443,
                    "percentage_of_circulating_supply": 0.016835215443
                },
                "0x2e114886fd127365fe9d7dfa2cb56169ba5ffcc9": {
                    "balance": 4889824165,
                    "percentage_of_total_supply": 0.0004889824165,
                    "percentage_of_circulating_supply": 0.0004889824165
                }
            },
            "total_supply": 1000000000000000,
            "total_circulating_supply": 1000000000000000,
            "owner": {
                "address": "0xa2ce35a5c66b5effe6c1f6bc30dfb6f1f9d71485",
                "balance": 997340431756687,
                "percentage_of_supply": 99.7340431756687,
                "exceeds_5_percent": true
            },
            "creator": {},
            "holders_exceeding_5_percent": [
                {
                    "address": "0xa2ce35a5c66b5effe6c1f6bc30dfb6f1f9d71485",
                    "balance": 997340431756687,
                    "percentage_of_supply": 99.7340431756687
                }
            ],
            "howmany_holders_exceeding_5_percent": 1,
            "top_10_holders": [
                {
                    "address": "0xa2ce35a5c66b5effe6c1f6bc30dfb6f1f9d71485",
                    "balance": 997340431756687,
                    "percentage_of_total_supply": 99.7340431756687,
                    "percentage_of_circulating_supply": 99.7340431756687
                },
                {
                    "address": "0x7900ac2dd1fa439b243c62dbe221f0a4f7b983f8",
                    "balance": 796260000953,
                    "percentage_of_total_supply": 0.07962600009529999,
                    "percentage_of_circulating_supply": 0.07962600009529999
                },
                {
                    "address": "0x8aed5a5fc647db91f858bea855099a66f735c0d3",
                    "balance": 463852493517,
                    "percentage_of_total_supply": 0.0463852493517,
                    "percentage_of_circulating_supply": 0.0463852493517
                },
                {
                    "address": "0x9c447a6ff653cede6907b252a286f4e1ced596d4",
                    "balance": 345222166669,
                    "percentage_of_total_supply": 0.0345222166669,
                    "percentage_of_circulating_supply": 0.0345222166669
                },
                {
                    "address": "0xc793852850d93ee8d0abd8da6c7d6061c251bbe6",
                    "balance": 293253864059,
                    "percentage_of_total_supply": 0.029325386405900003,
                    "percentage_of_circulating_supply": 0.029325386405900003
                },
                {
                    "address": "0xe89370fdac494e78e701c5856b1f9aebbc10ccd5",
                    "balance": 220283417124,
                    "percentage_of_total_supply": 0.0220283417124,