{
    "token_address": "0x6FB85bb42fD1a80E67cec4094CACd2CEc5dfB9cD",
    "chain": "bsc",
    "token_name": "AeroNova Token",
    "analyses": {
        "contract": {
            "contract_name": null,
            "compiler_version": null,
            "license_type": null,
            "implementation": null,
            "source_code": null,
            "abi": null,
            "verified": false,
            "owner": "0x69ca0292c6270b0749f2d2260c8a82c1417d0af7",
            "creator": "0x69ca0292c6270b0749f2d2260c8a82c1417d0af7",
            "is_hidden_owner": false,
            "is_proxy": null,
            "is_sellable": true,
            "is_hardcoded_owner": null,
            "code_analysis": null
        },
        "holder": {
            "total_holders": 36,
            "holders_list": {
                "0x0bdeec75d35a440ea5085f9302adc28e108ea847": {
                    "balance": 1230401034939,
                    "percentage_of_total_supply": 1.230401034939e-06,
                    "percentage_of_circulating_supply": 1.230401034939e-06
                },
                "0x950ab3ddb9f588f1d062440e9494f1f9efbe7aa6": {
                    "balance": 949483207422,
                    "percentage_of_total_supply": 9.494832074220001e-07,
                    "percentage_of_circulating_supply": 9.494832074220001e-07
                },
                "0x82d7453a93a5b7d4d236c740bc958daa9800c4a1": {
                    "balance": 617039413110,
                    "percentage_of_total_supply": 6.170394131099999e-07,
                    "percentage_of_circulating_supply": 6.170394131099999e-07
                },
                "0xe9cb7dee5f50592e3be7f6d6d79dca8c29a39bee": {
                    "balance": 9320747110394,
                    "percentage_of_total_supply": 9.320747110394001e-06,
                    "percentage_of_circulating_supply": 9.320747110394001e-06
                },
                "0x8fa18a44617d4b04e856acae3d3cf59bc8660e03": {
                    "balance": 2244685524149,
                    "percentage_of_total_supply": 2.2446855241489997e-06,
                    "percentage_of_circulating_supply": 2.2446855241489997e-06
                },
                "0x0cec534a9a6073bc9d2babf3f2fe7d42c40d1084": {
                    "balance": 235647618881,
                    "percentage_of_total_supply": 2.35647618881e-07,
                    "percentage_of_circulating_supply": 2.35647618881e-07
                },
                "0x416585400014c38c5c983767ef74a4531a645f83": {
                    "balance": 240084161692,
                    "percentage_of_total_supply": 2.40084161692e-07,
                    "percentage_of_circulating_supply": 2.40084161692e-07
                },
                "0x9a0587d4942918ab3c20525bb619336d39d116a1": {
                    "balance": 416764818592,
                    "percentage_of_total_supply": 4.1676481859199994e-07,
                    "percentage_of_circulating_supply": 4.1676481859199994e-07
                },
                "0x77603bbee70d920628fd5a4df0716c461d44e4e8": {
                    "balance": 323683498542,
                    "percentage_of_total_supply": 3.23683498542e-07,
                    "percentage_of_circulating_supply": 3.23683498542e-07
                },
                "0x78aa75b31e7967a0f7b192b00a37a636c39e5d20": {
                    "balance": 6911620363439,
                    "percentage_of_total_supply": 6.911620363439e-06,
                    "percentage_of_circulating_supply": 6.911620363439e-06
                },
                "0x4026edbe8a9370d09d704c7a9ba834f55986d2cb": {
                    "balance": 459154505500,
                    "percentage_of_total_supply": 4.591545055e-07,
                    "percentage_of_circulating_supply": 4.591545055e-07
                },
                "0x224d3dbd8af768f1a113a677097ede45835b510c": {
                    "balance": 258466015126,
                    "percentage_of_total_supply": 2.58466015126e-07,
                    "percentage_of_circulating_supply": 2.58466015126e-07
                },
                "0xb31434eb6975620c9e778ba1250dceec306d2f13": {
                    "balance": 66279655413,
                    "percentage_of_total_supply": 6.627965541299999e-08,
                    "percentage_of_circulating_supply": 6.627965541299999e-08
                },
                "0x21818b5c23757e3878bebb31abbb579056a65abc": {
                    "balance": 1986748356603,
                    "percentage_of_total_supply": 1.986748356603e-06,
                    "percentage_of_circulating_supply": 1.986748356603e-06
                },
                "0x9ece3754fd5c3de5dc50deb7ed72e8764c1d6402": {
                    "balance": 550701911938,
                    "percentage_of_total_supply": 5.50701911938e-07,
                    "percentage_of_circulating_supply": 5.50701911938e-07
                },
                "0x6b1f1c5775df85567920af4d147303b8db085280": {
                    "balance": 9569411408273,
                    "percentage_of_total_supply": 9.569411408273e-06,
                    "percentage_of_circulating_supply": 9.569411408273e-06
                },
                "0xe2813e109c2ff4fb534752a87bc72f2ea7d02a71": {
                    "balance": 288792572114,
                    "percentage_of_total_supply": 2.88792572114e-07,
                    "percentage_of_circulating_supply": 2.88792572114e-07
                },
                "0x25fce7cb7bd618ead9de0c71376fe480b992c09e": {
                    "balance": 68583319575,
                    "percentage_of_total_supply": 6.8583319575e-08,
                    "percentage_of_circulating_supply": 6.8583319575e-08
                },
                "0x3e058b787499ceba1a74f363569779b4f2d4c24a": {
                    "balance": 503284907908,
                    "percentage_of_total_supply": 5.03284907908e-07,
                    "percentage_of_circulating_supply": 5.03284907908e-07
                },
                "0xeef3cb09cbb5ace70a015c32e835380015d17a00": {
                    "balance": 254361553484,
                    "percentage_of_total_supply": 2.54361553484e-07,
                    "percentage_of_circulating_supply": 2.54361553484e-07
                },
                "0x9fff7408c84db7a7aa69522260988d6738ffa335": {
                    "balance": 135868718486,
                    "percentage_of_total_supply": 1.35868718486e-07,
                    "percentage_of_circulating_supply": 1.35868718486e-07
                },
                "0x0d3b0373bbce743fe0dd6b7a20d4b54ef4361815": {
                    "balance": 117537125547,
                    "percentage_of_total_supply": 1.17537125547e-07,
                    "percentage_of_circulating_supply": 1.17537125547e-07
                },
                "0x0ed943ce24baebf257488771759f9bf482c39706": {
                    "balance": 69366038433,
                    "percentage_of_total_supply": 6.936603843299999e-08,
                    "percentage_of_circulating_supply": 6.936603843299999e-08
                },
                "0x8229535ebd02ecc696e216472014a8adecfcf6b4": {
                    "balance": 17556991780241,
                    "percentage_of_total_supply": 1.7556991780241e-05,
                    "percentage_of_circulating_supply": 1.7556991780241e-05
                },
                "0x0ff8c9aaf3ac782e89358d7f9893187f5ed80647": {
                    "balance": 190490250718866,
                    "percentage_of_total_supply": 0.000190490250718866,
                    "percentage_of_circulating_supply": 0.000190490250718866
                },
                "0x1652467518ec5debdf71c14a46720bcb74aaf261": {
                    "balance": 1166516534308,
                    "percentage_of_total_supply": 1.166516534308e-06,
                    "percentage_of_circulating_supply": 1.166516534308e-06
                },