{
    "token_address": "0x61353547E628aA573ea19FB6f27a8a536D121763",
    "chain": "bsc",
    "token_name": "Everlast Shine",
    "analyses": {
        "contract": {
            "contract_name": null,
            "compiler_version": null,
            "license_type": null,
            "implementation": null,
            "source_code": null,
            "abi": null,
            "verified": false,
            "owner": "0x634068a87f8d25041f47d60f7fa7172d44ca3cf4",
            "creator": "0x634068a87f8d25041f47d60f7fa7172d44ca3cf4",
            "is_hidden_owner": false,
            "is_proxy": null,
            "is_sellable": true,
            "is_hardcoded_owner": null,
            "code_analysis": null
        },
        "holder": {
            "total_holders": 30,
            "holders_list": {
                "0x900beb22f17ee089a021cd68686e07b5141cf299": {
                    "balance": 133788690048592841277440,
                    "percentage_of_total_supply": 13.378869004859284,
                    "percentage_of_circulating_supply": 16.3292667634659
                },
                "0xf809f706717dd1624fc6442777ec219b853af718": {
                    "balance": 18980153336173764280320,
                    "percentage_of_total_supply": 1.8980153336173766,
                    "percentage_of_circulating_supply": 2.3165783813661642
                },
                "0xb9669377b1e0616b4cce546fd258144555a450bd": {
                    "balance": 7351118388829882417152,
                    "percentage_of_total_supply": 0.7351118388829883,
                    "percentage_of_circulating_supply": 0.897223622844533
                },
                "0x1bc8453e7537235c570687113230a2375902826b": {
                    "balance": 6015956581532165996544,
                    "percentage_of_total_supply": 0.6015956581532167,
                    "percentage_of_circulating_supply": 0.7342635601080119
                },
                "0xe7bc5da79aaaa67ff61d56fb236fcc6f8649d9d0": {
                    "balance": 5131892178824125743104,
                    "percentage_of_total_supply": 0.5131892178824126,
                    "percentage_of_circulating_supply": 0.6263611397863805
                },
                "0x97b86eaca5103878567c172af5df41d9f480b0f3": {
                    "balance": 4561392086428888858624,
                    "percentage_of_total_supply": 0.4561392086428889,
                    "percentage_of_circulating_supply": 0.5567300805845885
                },
                "0x651679617fea448b994ccbbce0d833193853c7b7": {
                    "balance": 2363595091662535655424,
                    "percentage_of_total_supply": 0.23635950916625356,
                    "percentage_of_circulating_supply": 0.2884830904507546
                },
                "0xf809a4156b5abd7b74a94d8a99c93ccbdadb7d07": {
                    "balance": 1875972839707346731008,
                    "percentage_of_total_supply": 0.18759728397073466,
                    "percentage_of_circulating_supply": 0.2289674929134274
                },
                "0x75ed387e63218f88240f7ca394613d71786e45f7": {
                    "balance": 1862670122963884048384,
                    "percentage_of_total_supply": 0.1862670122963884,
                    "percentage_of_circulating_supply": 0.22734386082386937
                },
                "0x2577b2b2a49e1e7f6975aa131c2a6ad0df442e5c": {
                    "balance": 1455001389865406824448,
                    "percentage_of_total_supply": 0.14550013898654068,
                    "percentage_of_circulating_supply": 0.17758680369541274
                },
                "0x8ee1b1cf3a054fb4f8986cc82812225534513655": {
                    "balance": 1428105086643756859392,
                    "percentage_of_total_supply": 0.1428105086643757,
                    "percentage_of_circulating_supply": 0.1743040380887096
                },
                "0xdba1094fad448382031c165c5b7a97c64bf99348": {
                    "balance": 1371094649928343879680,
                    "percentage_of_total_supply": 0.13710946499283438,
                    "percentage_of_circulating_supply": 0.1673457621007352
                },
                "0x98c1d69ba85d6e74002c6313f786561caf1b2928": {
                    "balance": 1061478826830795374592,
                    "percentage_of_total_supply": 0.10614788268307952,
                    "percentage_of_circulating_supply": 0.1295563243858309
                },
                "0x081d2af8315e5abc83e12cc52c216cb24b775df8": {
                    "balance": 361462727658511007744,
                    "percentage_of_total_supply": 0.036146272765851105,
                    "percentage_of_circulating_supply": 0.04411749081960557
                },
                "0x9725b000a419225d7da743f50f94af47e2a6617a": {
                    "balance": 253059994007042949120,
                    "percentage_of_total_supply": 0.025305999400704295,
                    "percentage_of_circulating_supply": 0.030886647801104984
                },
                "0xd4fbca638443349f15124826aa2d35a4507b4599": {
                    "balance": 244921922684901851136,
                    "percentage_of_total_supply": 0.024492192268490184,
                    "percentage_of_circulating_supply": 0.029893374472013505
                },
                "0x08ddda89057099d7a0e196caad9c35416bf7a1c6": {
                    "balance": 166368282298767179776,
                    "percentage_of_total_supply": 0.016636828229876718,
                    "percentage_of_circulating_supply": 0.02030569296739104
                },
                "0x66f527de81f3a7883e0910d0c85a785cc3fd44b2": {
                    "balance": 30127404200722812928,
                    "percentage_of_total_supply": 0.0030127404200722815,
                    "percentage_of_circulating_supply": 0.003677130106481226
                },
                "0xb145ff1d17c3a3c0251607d780c3cbc891a3445f": {
                    "balance": 30125004217007058944,
                    "percentage_of_total_supply": 0.0030125004217007056,
                    "percentage_of_circulating_supply": 0.003676837182062067
                },
                "0x1149545b8e1ff8fb729c3cb132c80556388dfd05": {
                    "balance": 21221205152467501056,
                    "percentage_of_total_supply": 0.00212212051524675,
                    "percentage_of_circulating_supply": 0.002590104737934263
                },
                "0x91d46eb1e9c65ef939f68e15906e508109b32373": {
                    "balance": 18010530366362218496,
                    "percentage_of_total_supply": 0.001801053036636222,
                    "percentage_of_circulating_supply": 0.0021982333095347108
                },
                "0xd44c9f222b74334aff368b8c24b1c84d5292919c": {
                    "balance": 13198934881766633472,
                    "percentage_of_total_supply": 0.0013198934881766633,
                    "percentage_of_circulating_supply": 0.001610965236296889
                },
                "0x55137376ba8756f3ba37fe1e43bc75cd9e6f5460": {
                    "balance": 6810272149578621952,
                    "percentage_of_total_supply": 0.0006810272149578622,
                    "percentage_of_circulating_supply": 0.0008312118955786225
                },
                "0x0042bbc95de63341111d706623a250e6d833ba09": {
                    "balance": 731340747031235200,
                    "percentage_of_total_supply": 7.313407470312352e-05,
                    "percentage_of_circulating_supply": 8.926209045718268e-05
                },
                "0x2bde868136430996a7355ec07047e8326cd9268d": {
                    "balance": 117308588988834608,
                    "percentage_of_total_supply": 1.173085889888346e-05,
                    "percentage_of_circulating_supply": 1.4317826436216057e-05
                },