{
    "token_address": "0xbd7563B3151453125E0A643D11cE28BC19CE723B",
    "chain": "bsc",
    "token_name": "Republic Of Mooners",
    "analyses": {
        "contract": {
            "contract_name": null,
            "compiler_version": null,
            "license_type": null,
            "implementation": null,
            "source_code": null,
            "abi": null,
            "verified": false,
            "owner": "0x53c1eb19666ae5252e7c3c65185ebd821d368b63",
            "creator": "0x53c1eb19666ae5252e7c3c65185ebd821d368b63",
            "is_hidden_owner": false,
            "is_proxy": null,
            "is_sellable": true,
            "is_hardcoded_owner": null,
            "code_analysis": null
        },
        "holder": {
            "total_holders": 24,
            "holders_list": {
                "0x081d2af8315e5abc83e12cc52c216cb24b775df8": {
                    "balance": 2.0965898549354638e+32,
                    "percentage_of_total_supply": 20.9659,
                    "percentage_of_circulating_supply": 20.9659
                },
                "0xf7b245166e291bfc3f758458ae9a09e670ad56fb": {
                    "balance": 1.622162684706364e+32,
                    "percentage_of_total_supply": 16.2216,
                    "percentage_of_circulating_supply": 16.2216
                },
                "0xcb24d73c8d679baddeb8c10c705aceec39a6e404": {
                    "balance": 5.669554364174403e+31,
                    "percentage_of_total_supply": 5.6696,
                    "percentage_of_circulating_supply": 5.6696
                },
                "0x25cc1997e0527c30a66d804d4ad3cef1b25669df": {
                    "balance": 5.536680835979822e+31,
                    "percentage_of_total_supply": 5.5367,
                    "percentage_of_circulating_supply": 5.5367
                },
                "0x04c8726010247c60e06179c23af294ffb2fe6e16": {
                    "balance": 5.334489240501099e+31,
                    "percentage_of_total_supply": 5.3345,
                    "percentage_of_circulating_supply": 5.3345
                },
                "0x51d5708a3786ad4218b834d8b2a851b8fa0c6a8f": {
                    "balance": 4.976655602594e+31,
                    "percentage_of_total_supply": 4.9767,
                    "percentage_of_circulating_supply": 4.9767
                },
                "0x8dcb9c62466168a8520e9a903760062e62ac113f": {
                    "balance": 3.9327797714331945e+31,
                    "percentage_of_total_supply": 3.9328,
                    "percentage_of_circulating_supply": 3.9328
                },
                "0x8c8bbe7be6670e6ee94bba3c7f0b1a118be75217": {
                    "balance": 3.015053498143506e+31,
                    "percentage_of_total_supply": 3.0151,
                    "percentage_of_circulating_supply": 3.0151
                },
                "0x5e3261df06cd259f49d08bd267600a0408da6821": {
                    "balance": 1.0915824083859833e+31,
                    "percentage_of_total_supply": 1.0916,
                    "percentage_of_circulating_supply": 1.0916
                },
                "0x931cc74db024cf4f903728bb8fedb05f56fcd847": {
                    "balance": 8.62152433661361e+30,
                    "percentage_of_total_supply": 0.8622,
                    "percentage_of_circulating_supply": 0.8622
                },
                "0x77ed260142827d1895e555cb5c4a8c6521ad72ad": {
                    "balance": 5.89742527759776e+30,
                    "percentage_of_total_supply": 0.5897,
                    "percentage_of_circulating_supply": 0.5897
                },
                "0x93fd99ed439ba35f04e444a4b1e240b04d426f5d": {
                    "balance": 4.249684826428486e+30,
                    "percentage_of_total_supply": 0.425,
                    "percentage_of_circulating_supply": 0.425
                },
                "0x40e475a30157803bff6cc34010cf358633071dc5": {
                    "balance": 3.6170434115700554e+30,
                    "percentage_of_total_supply": 0.3617,
                    "percentage_of_circulating_supply": 0.3617
                },
                "0xd7f236bea64621615c606a7c2fbe436fe3363f65": {
                    "balance": 3.2969372630968734e+30,
                    "percentage_of_total_supply": 0.3297,
                    "percentage_of_circulating_supply": 0.3297
                },
                "0x323eba51e7fc066f4966b9f12637c53ce9427836": {
                    "balance": 2.4802822694856092e+30,
                    "percentage_of_total_supply": 0.248,
                    "percentage_of_circulating_supply": 0.248
                },
                "0x21bd69c9a85647b327fc8dacc29d78546478fa58": {
                    "balance": 2.2056821867759616e+30,
                    "percentage_of_total_supply": 0.2206,
                    "percentage_of_circulating_supply": 0.2206
                },
                "0xbdb2a08ee2ce9e1c0e8ff1e3d66f26469b526ad4": {
                    "balance": 1.529785842753569e+30,
                    "percentage_of_total_supply": 0.153,
                    "percentage_of_circulating_supply": 0.153
                },
                "0x8687cd0a232006e691f3f030cba09f2a38dca308": {
                    "balance": 1.2e+30,
                    "percentage_of_total_supply": 0.12,
                    "percentage_of_circulating_supply": 0.12
                },
                "0x403b266ee2fff8d89369e4bc8dab6787abb3b989": {
                    "balance": 7.190574426361232e+29,
                    "percentage_of_total_supply": 0.0719,
                    "percentage_of_circulating_supply": 0.0719
                },
                "0xcdbd00e696b68bc02bbf6a6b6ab775482e8aeea9": {
                    "balance": 3.029814866236475e+29,
                    "percentage_of_total_supply": 0.0303,
                    "percentage_of_circulating_supply": 0.0303
                },
                "0x525fcc6c1d51dce09cc5fdc5455b00ebcfc0c275": {
                    "balance": 1.275147090401831e+29,
                    "percentage_of_total_supply": 0.0128,
                    "percentage_of_circulating_supply": 0.0128
                },
                "0x0ed943ce24baebf257488771759f9bf482c39706": {
                    "balance": 5.521442400926287e+27,
                    "percentage_of_total_supply": 0.0006,
                    "percentage_of_circulating_supply": 0.0006
                },
                "0xce593a8e897046374bcf92195522d5b4a4be3d14": {
                    "balance": 2.119182658518249e+24,
                    "percentage_of_total_supply": 0.0,
                    "percentage_of_circulating_supply": 0.0
                }
            },
            "total_supply": 1e+33,
            "total_circulating_supply": 1e+33,
            "owner": {
                "address": "0x53c1eb19666ae5252e7c3c65185ebd821d368b63",
                "balance": 2.9830334620949168e+32,
                "percentage_of_supply": 29.8303,
                "exceeds_5_percent": true
            },
            "creator": {},
            "holders_exceeding_5_percent": [
                {
                    "address": "0x53c1eb19666ae5252e7c3c65185ebd821d368b63",
                    "balance": 2.9830334620949168e+32,
                    "percentage_of_supply": 29.8303
                },
                {
                    "address": "0x081d2af8315e5abc83e12cc52c216cb24b775df8",
                    "balance": 2.0965898549354638e+32,
                    "percentage_of_supply": 20.9659
                },
                {
                    "address": "0xf7b245166e291bfc3f758458ae9a09e670ad56fb",
                    "balance": 1.622162684706364e+32,
                    "percentage_of_supply": 16.2216
                },
                {
                    "address": "0xcb24d73c8d679baddeb8c10c705aceec39a6e404",
                    "balance": 5.669554364174403e+31,