{
    "token_address": "0x2C6C7984856b9a07aB54f4d41bf8c0251Dad6033",
    "chain": "bsc",
    "token_name": "Klever Club Token",
    "analyses": {
        "contract": {
            "contract_name": null,
            "compiler_version": null,
            "license_type": null,
            "implementation": null,
            "source_code": null,
            "abi": null,
            "verified": false,
            "owner": "0xa45a0224b59623937d5c873e6db933512ba39e6e",
            "creator": "0xa45a0224b59623937d5c873e6db933512ba39e6e",
            "is_hidden_owner": false,
            "is_proxy": null,
            "is_sellable": true,
            "is_hardcoded_owner": null,
            "code_analysis": null
        },
        "holder": {
            "total_holders": 2,
            "holders_list": {
                "0xd3f4eaaec028f647ea6d31dbbd3b3d40155cc7b4": {
                    "balance": 1,
                    "percentage_of_total_supply": 1e-13,
                    "percentage_of_circulating_supply": 1e-13
                }
            },
            "total_supply": 1000000000000000,
            "total_circulating_supply": 1000000000000000,
            "owner": {
                "address": "0xa45a0224b59623937d5c873e6db933512ba39e6e",
                "balance": 1000000000000000,
                "percentage_of_supply": 99.670355615022,
                "exceeds_5_percent": true
            },
            "creator": {},
            "holders_exceeding_5_percent": [
                {
                    "address": "0xa45a0224b59623937d5c873e6db933512ba39e6e",
                    "balance": 1000000000000000,
                    "percentage_of_supply": 100.0
                }
            ],
            "howmany_holders_exceeding_5_percent": 1,
            "top_10_holders": [
                {
                    "address": "0xa45a0224b59623937d5c873e6db933512ba39e6e",
                    "balance": 1000000000000000,
                    "percentage_of_total_supply": 100.0,
                    "percentage_of_circulating_supply": 100.0
                },
                {
                    "address": "0xd3f4eaaec028f647ea6d31dbbd3b3d40155cc7b4",
                    "balance": 1,
                    "percentage_of_total_supply": 1e-13,
                    "percentage_of_circulating_supply": 1e-13
                }
            ],
            "total_top_10_balance": 1000000000000001,
            "top10_percentage_of_total_supply": 100.00000000000011,
            "top10_percentage_of_circulating_supply": 100.00000000000011,
            "top_10_less_than_70_percent_of_total": false,
            "top_10_less_than_70_percent_of_circulating": false
        },
        "liquidity": {
            "price_usd": 4621.551369112638,
            "liquidity_usd": 9.243102738225278e-15,
            "market_cap_usd": 4.621551369112638e+18,
            "liquidity_to_market_cap_ratio": 2e-33,
            "token_volume": 0.0,
            "volume_usd": 0.0,
            "volume_to_liquidity_ratio": 0.0,
            "locked_liquidity_percent": 100.0,
            "locked_95_for_15_days": false,
            "creator_under_5_percent": false,
            "creator_percent_of_lp": 99.6704,
            "owner_under_5_percent": true,
            "owner_percent_of_lp": 0.0,
            "total_lp_supply": 1e-15,
            "lp_holders_count": 1,
            "lp_holders": [
                {
                    "address": "0x0000000000000000000000000000000000000000",
                    "balance": 1e-15,
                    "is_locked": true,
                    "percent": 1.0,
                    "tag": "Null Address"
                }
            ],
            "error": "Liquidity pool info could not be retrieved."
        },
        "security": {
            "warnings": null,
            "homany_warnings": 0,
            "suspicious_urls": null,
            "howmany_suspicious_urls": 0,
            "suspicious_addresses": null,
            "howmany_suspicious_addresses": 0,
            "error": "Security analysis data not available."
        },
        "lifecycle": {
            "token_age_seconds": 67048640.527633,
            "token_creation_date": "2023-06-20T08:44:48",
            "creation_to_first_trade_seconds": 0.0,
            "creation_to_first_trade_blocks": 0,
            "last_tx_hash": "0x4bb391274fc5d789aba6920fca5a43c844608aff9c9a10c25b3eff31b5999d4f",
            "last_active_age": "2023-06-20T17:52:37",
            "inactive_days": 775.6455322210301
        }
    },
    "errors": []
}